year,region_code,region,age_group,item,value,unit,table_id,table_name
2010,32,강원도,60세 이상,15세이상인구,293.3,천명,DT_1DA7015S,행정구역(시도)/연령별 경제활동인구
2011,32,강원도,60세 이상,15세이상인구,299.0,천명,DT_1DA7015S,행정구역(시도)/연령별 경제활동인구
2012,32,강원도,60세 이상,15세이상인구,309.0,천명,DT_1DA7015S,행정구역(시도)/연령별 경제활동인구
2013,32,강원도,60세 이상,15세이상인구,319.1,천명,DT_1DA7015S,행정구역(시도)/연령별 경제활동인구
2014,32,강원도,60세 이상,15세이상인구,330.4,천명,DT_1DA7015S,행정구역(시도)/연령별 경제활동인구
2015,32,강원도,60세 이상,15세이상인구,344.8,천명,DT_1DA7015S,행정구역(시도)/연령별 경제활동인구
2016,32,강원도,60세 이상,15세이상인구,359.7,천명,DT_1DA7015S,행정구역(시도)/연령별 경제활동인구
2017,32,강원도,60세 이상,15세이상인구,376.9,천명,DT_1DA7015S,행정구역(시도)/연령별 경제활동인구
2018,32,강원도,60세 이상,15세이상인구,396.3,천명,DT_1DA7015S,행정구역(시도)/연령별 경제활동인구
2019,32,강원도,60세 이상,15세이상인구,415.2,천명,DT_1DA7015S,행정구역(시도)/연령별 경제활동인구
2020,32,강원도,60세 이상,15세이상인구,437.2,천명,DT_1DA7015S,행정구역(시도)/연령별 경제활동인구
2021,32,강원도,60세 이상,15세이상인구,460.5,천명,DT_1DA7015S,행정구역(시도)/연령별 경제활동인구
2022,32,강원도,60세 이상,15세이상인구,481.5,천명,DT_1DA7015S,행정구역(시도)/연령별 경제활동인구
2023,32,강원도,60세 이상,15세이상인구,499.6,천명,DT_1DA7015S,행정구역(시도)/연령별 경제활동인구
2024,32,강원도,60세 이상,15세이상인구,512.6,천명,DT_1DA7015S,행정구역(시도)/연령별 경제활동인구
2025,32,강원도,60세 이상,15세이상인구,526.2,천명,DT_1DA7015S,행정구역(시도)/연령별 경제활동인구
2010,31,경기도,60세 이상,15세이상인구,1409.5,천명,DT_1DA7015S,행정구역(시도)/연령별 경제활동인구
2011,31,경기도,60세 이상,15세이상인구,1472.3,천명,DT_1DA7015S,행정구역(시도)/연령별 경제활동인구
2012,31,경기도,60세 이상,15세이상인구,1550.8,천명,DT_1DA7015S,행정구역(시도)/연령별 경제활동인구
2013,31,경기도,60세 이상,15세이상인구,1634.6,천명,DT_1DA7015S,행정구역(시도)/연령별 경제활동인구
2014,31,경기도,60세 이상,15세이상인구,1728.6,천명,DT_1DA7015S,행정구역(시도)/연령별 경제활동인구
2015,31,경기도,60세 이상,15세이상인구,1849.5,천명,DT_1DA7015S,행정구역(시도)/연령별 경제활동인구
2016,31,경기도,60세 이상,15세이상인구,1977.9,천명,DT_1DA7015S,행정구역(시도)/연령별 경제활동인구
2017,31,경기도,60세 이상,15세이상인구,2116.0,천명,DT_1DA7015S,행정구역(시도)/연령별 경제활동인구
2018,31,경기도,60세 이상,15세이상인구,2267.9,천명,DT_1DA7015S,행정구역(시도)/연령별 경제활동인구
2019,31,경기도,60세 이상,15세이상인구,2437.6,천명,DT_1DA7015S,행정구역(시도)/연령별 경제활동인구
2020,31,경기도,60세 이상,15세이상인구,2618.6,천명,DT_1DA7015S,행정구역(시도)/연령별 경제활동인구
2021,31,경기도,60세 이상,15세이상인구,2810.3,천명,DT_1DA7015S,행정구역(시도)/연령별 경제활동인구
2022,31,경기도,60세 이상,15세이상인구,2982.4,천명,DT_1DA7015S,행정구역(시도)/연령별 경제활동인구
2023,31,경기도,60세 이상,15세이상인구,3132.9,천명,DT_1DA7015S,행정구역(시도)/연령별 경제활동인구
2024,31,경기도,60세 이상,15세이상인구,3284.6,천명,DT_1DA7015S,행정구역(시도)/연령별 경제활동인구
2025,31,경기도,60세 이상,15세이상인구,3451.2,천명,DT_1DA7015S,행정구역(시도)/연령별 경제활동인구
2010,38,경상남도,60세 이상,15세이상인구,528.0,천명,DT_1DA7015S,행정구역(시도)/연령별 경제활동인구
2011,38,경상남도,60세 이상,15세이상인구,544.0,천명,DT_1DA7015S,행정구역(시도)/연령별 경제활동인구
2012,38,경상남도,60세 이상,15세이상인구,563.0,천명,DT_1DA7015S,행정구역(시도)/연령별 경제활동인구
2013,38,경상남도,60세 이상,15세이상인구,581.5,천명,DT_1DA7015S,행정구역(시도)/연령별 경제활동인구
2014,38,경상남도,60세 이상,15세이상인구,603.3,천명,DT_1DA7015S,행정구역(시도)/연령별 경제활동인구
2015,38,경상남도,60세 이상,15세이상인구,631.3,천명,DT_1DA7015S,행정구역(시도)/연령별 경제활동인구
2016,38,경상남도,60세 이상,15세이상인구,660.7,천명,DT_1DA7015S,행정구역(시도)/연령별 경제활동인구
2017,38,경상남도,60세 이상,15세이상인구,694.7,천명,DT_1DA7015S,행정구역(시도)/연령별 경제활동인구
2018,38,경상남도,60세 이상,15세이상인구,731.8,천명,DT_1DA7015S,행정구역(시도)/연령별 경제활동인구
2019,38,경상남도,60세 이상,15세이상인구,768.7,천명,DT_1DA7015S,행정구역(시도)/연령별 경제활동인구
2020,38,경상남도,60세 이상,15세이상인구,810.8,천명,DT_1DA7015S,행정구역(시도)/연령별 경제활동인구
2021,38,경상남도,60세 이상,15세이상인구,856.5,천명,DT_1DA7015S,행정구역(시도)/연령별 경제활동인구
2022,38,경상남도,60세 이상,15세이상인구,898.0,천명,DT_1DA7015S,행정구역(시도)/연령별 경제활동인구
2023,38,경상남도,60세 이상,15세이상인구,933.7,천명,DT_1DA7015S,행정구역(시도)/연령별 경제활동인구
2024,38,경상남도,60세 이상,15세이상인구,963.0,천명,DT_1DA7015S,행정구역(시도)/연령별 경제활동인구
2025,38,경상남도,60세 이상,15세이상인구,995.8,천명,DT_1DA7015S,행정구역(시도)/연령별 경제활동인구
2010,37,경상북도,60세 이상,15세이상인구,558.7,천명,DT_1DA7015S,행정구역(시도)/연령별 경제활동인구
2011,37,경상북도,60세 이상,15세이상인구,569.4,천명,DT_1DA7015S,행정구역(시도)/연령별 경제활동인구
2012,37,경상북도,60세 이상,15세이상인구,583.3,천명,DT_1DA7015S,행정구역(시도)/연령별 경제활동인구
2013,37,경상북도,60세 이상,15세이상인구,598.0,천명,DT_1DA7015S,행정구역(시도)/연령별 경제활동인구
2014,37,경상북도,60세 이상,15세이상인구,614.2,천명,DT_1DA7015S,행정구역(시도)/연령별 경제활동인구
2015,37,경상북도,60세 이상,15세이상인구,633.7,천명,DT_1DA7015S,행정구역(시도)/연령별 경제활동인구
2016,37,경상북도,60세 이상,15세이상인구,655.8,천명,DT_1DA7015S,행정구역(시도)/연령별 경제활동인구
2017,37,경상북도,60세 이상,15세이상인구,681.4,천명,DT_1DA7015S,행정구역(시도)/연령별 경제활동인구
2018,37,경상북도,60세 이상,15세이상인구,708.2,천명,DT_1DA7015S,행정구역(시도)/연령별 경제활동인구
2019,37,경상북도,60세 이상,15세이상인구,735.5,천명,DT_1DA7015S,행정구역(시도)/연령별 경제활동인구
2020,37,경상북도,60세 이상,15세이상인구,770.1,천명,DT_1DA7015S,행정구역(시도)/연령별 경제활동인구
2021,37,경상북도,60세 이상,15세이상인구,804.2,천명,DT_1DA7015S,행정구역(시도)/연령별 경제활동인구
2022,37,경상북도,60세 이상,15세이상인구,837.1,천명,DT_1DA7015S,행정구역(시도)/연령별 경제활동인구
2023,37,경상북도,60세 이상,15세이상인구,856.0,천명,DT_1DA7015S,행정구역(시도)/연령별 경제활동인구
2024,37,경상북도,60세 이상,15세이상인구,871.8,천명,DT_1DA7015S,행정구역(시도)/연령별 경제활동인구
2025,37,경상북도,60세 이상,15세이상인구,894.1,천명,DT_1DA7015S,행정구역(시도)/연령별 경제활동인구
2010,24,광주광역시,60세 이상,15세이상인구,190.3,천명,DT_1DA7015S,행정구역(시도)/연령별 경제활동인구
2011,24,광주광역시,60세 이상,15세이상인구,197.9,천명,DT_1DA7015S,행정구역(시도)/연령별 경제활동인구
2012,24,광주광역시,60세 이상,15세이상인구,206.1,천명,DT_1DA7015S,행정구역(시도)/연령별 경제활동인구
2013,24,광주광역시,60세 이상,15세이상인구,213.8,천명,DT_1DA7015S,행정구역(시도)/연령별 경제활동인구
2014,24,광주광역시,60세 이상,15세이상인구,222.3,천명,DT_1DA7015S,행정구역(시도)/연령별 경제활동인구
2015,24,광주광역시,60세 이상,15세이상인구,233.7,천명,DT_1DA7015S,행정구역(시도)/연령별 경제활동인구
2016,24,광주광역시,60세 이상,15세이상인구,246.4,천명,DT_1DA7015S,행정구역(시도)/연령별 경제활동인구
2017,24,광주광역시,60세 이상,15세이상인구,258.8,천명,DT_1DA7015S,행정구역(시도)/연령별 경제활동인구
2018,24,광주광역시,60세 이상,15세이상인구,272.4,천명,DT_1DA7015S,행정구역(시도)/연령별 경제활동인구
2019,24,광주광역시,60세 이상,15세이상인구,286.8,천명,DT_1DA7015S,행정구역(시도)/연령별 경제활동인구
2020,24,광주광역시,60세 이상,15세이상인구,303.9,천명,DT_1DA7015S,행정구역(시도)/연령별 경제활동인구
2021,24,광주광역시,60세 이상,15세이상인구,320.1,천명,DT_1DA7015S,행정구역(시도)/연령별 경제활동인구
2022,24,광주광역시,60세 이상,15세이상인구,332.5,천명,DT_1DA7015S,행정구역(시도)/연령별 경제활동인구
2023,24,광주광역시,60세 이상,15세이상인구,345.4,천명,DT_1DA7015S,행정구역(시도)/연령별 경제활동인구
2024,24,광주광역시,60세 이상,15세이상인구,358.9,천명,DT_1DA7015S,행정구역(시도)/연령별 경제활동인구
2025,24,광주광역시,60세 이상,15세이상인구,372.9,천명,DT_1DA7015S,행정구역(시도)/연령별 경제활동인구
2010,22,대구광역시,60세 이상,15세이상인구,359.4,천명,DT_1DA7015S,행정구역(시도)/연령별 경제활동인구
2011,22,대구광역시,60세 이상,15세이상인구,373.8,천명,DT_1DA7015S,행정구역(시도)/연령별 경제활동인구
2012,22,대구광역시,60세 이상,15세이상인구,391.4,천명,DT_1DA7015S,행정구역(시도)/연령별 경제활동인구
2013,22,대구광역시,60세 이상,15세이상인구,409.6,천명,DT_1DA7015S,행정구역(시도)/연령별 경제활동인구
2014,22,대구광역시,60세 이상,15세이상인구,427.6,천명,DT_1DA7015S,행정구역(시도)/연령별 경제활동인구
2015,22,대구광역시,60세 이상,15세이상인구,448.9,천명,DT_1DA7015S,행정구역(시도)/연령별 경제활동인구
2016,22,대구광역시,60세 이상,15세이상인구,471.3,천명,DT_1DA7015S,행정구역(시도)/연령별 경제활동인구
2017,22,대구광역시,60세 이상,15세이상인구,494.8,천명,DT_1DA7015S,행정구역(시도)/연령별 경제활동인구
2018,22,대구광역시,60세 이상,15세이상인구,518.3,천명,DT_1DA7015S,행정구역(시도)/연령별 경제활동인구
2019,22,대구광역시,60세 이상,15세이상인구,543.8,천명,DT_1DA7015S,행정구역(시도)/연령별 경제활동인구
2020,22,대구광역시,60세 이상,15세이상인구,572.0,천명,DT_1DA7015S,행정구역(시도)/연령별 경제활동인구
2021,22,대구광역시,60세 이상,15세이상인구,602.3,천명,DT_1DA7015S,행정구역(시도)/연령별 경제활동인구
2022,22,대구광역시,60세 이상,15세이상인구,625.4,천명,DT_1DA7015S,행정구역(시도)/연령별 경제활동인구
2023,22,대구광역시,60세 이상,15세이상인구,654.0,천명,DT_1DA7015S,행정구역(시도)/연령별 경제활동인구
2024,22,대구광역시,60세 이상,15세이상인구,684.0,천명,DT_1DA7015S,행정구역(시도)/연령별 경제활동인구
2025,22,대구광역시,60세 이상,15세이상인구,708.2,천명,DT_1DA7015S,행정구역(시도)/연령별 경제활동인구
2010,25,대전광역시,60세 이상,15세이상인구,185.9,천명,DT_1DA7015S,행정구역(시도)/연령별 경제활동인구
2011,25,대전광역시,60세 이상,15세이상인구,193.9,천명,DT_1DA7015S,행정구역(시도)/연령별 경제활동인구
2012,25,대전광역시,60세 이상,15세이상인구,203.5,천명,DT_1DA7015S,행정구역(시도)/연령별 경제활동인구
2013,25,대전광역시,60세 이상,15세이상인구,213.1,천명,DT_1DA7015S,행정구역(시도)/연령별 경제활동인구
2014,25,대전광역시,60세 이상,15세이상인구,224.0,천명,DT_1DA7015S,행정구역(시도)/연령별 경제활동인구
2015,25,대전광역시,60세 이상,15세이상인구,237.3,천명,DT_1DA7015S,행정구역(시도)/연령별 경제활동인구
2016,25,대전광역시,60세 이상,15세이상인구,251.0,천명,DT_1DA7015S,행정구역(시도)/연령별 경제활동인구
2017,25,대전광역시,60세 이상,15세이상인구,264.8,천명,DT_1DA7015S,행정구역(시도)/연령별 경제활동인구
2018,25,대전광역시,60세 이상,15세이상인구,279.1,천명,DT_1DA7015S,행정구역(시도)/연령별 경제활동인구
2019,25,대전광역시,60세 이상,15세이상인구,293.9,천명,DT_1DA7015S,행정구역(시도)/연령별 경제활동인구
2020,25,대전광역시,60세 이상,15세이상인구,310.1,천명,DT_1DA7015S,행정구역(시도)/연령별 경제활동인구
2021,25,대전광역시,60세 이상,15세이상인구,327.7,천명,DT_1DA7015S,행정구역(시도)/연령별 경제활동인구
2022,25,대전광역시,60세 이상,15세이상인구,341.7,천명,DT_1DA7015S,행정구역(시도)/연령별 경제활동인구
2023,25,대전광역시,60세 이상,15세이상인구,354.6,천명,DT_1DA7015S,행정구역(시도)/연령별 경제활동인구
2024,25,대전광역시,60세 이상,15세이상인구,366.7,천명,DT_1DA7015S,행정구역(시도)/연령별 경제활동인구
2025,25,대전광역시,60세 이상,15세이상인구,381.0,천명,DT_1DA7015S,행정구역(시도)/연령별 경제활동인구
2010,21,부산광역시,60세 이상,15세이상인구,582.9,천명,DT_1DA7015S,행정구역(시도)/연령별 경제활동인구
2011,21,부산광역시,60세 이상,15세이상인구,606.3,천명,DT_1DA7015S,행정구역(시도)/연령별 경제활동인구
2012,21,부산광역시,60세 이상,15세이상인구,632.7,천명,DT_1DA7015S,행정구역(시도)/연령별 경제활동인구
2013,21,부산광역시,60세 이상,15세이상인구,660.6,천명,DT_1DA7015S,행정구역(시도)/연령별 경제활동인구
2014,21,부산광역시,60세 이상,15세이상인구,690.0,천명,DT_1DA7015S,행정구역(시도)/연령별 경제활동인구
2015,21,부산광역시,60세 이상,15세이상인구,727.7,천명,DT_1DA7015S,행정구역(시도)/연령별 경제활동인구
2016,21,부산광역시,60세 이상,15세이상인구,766.2,천명,DT_1DA7015S,행정구역(시도)/연령별 경제활동인구
2017,21,부산광역시,60세 이상,15세이상인구,802.9,천명,DT_1DA7015S,행정구역(시도)/연령별 경제활동인구
2018,21,부산광역시,60세 이상,15세이상인구,840.1,천명,DT_1DA7015S,행정구역(시도)/연령별 경제활동인구
2019,21,부산광역시,60세 이상,15세이상인구,876.2,천명,DT_1DA7015S,행정구역(시도)/연령별 경제활동인구
2020,21,부산광역시,60세 이상,15세이상인구,917.4,천명,DT_1DA7015S,행정구역(시도)/연령별 경제활동인구
2021,21,부산광역시,60세 이상,15세이상인구,959.6,천명,DT_1DA7015S,행정구역(시도)/연령별 경제활동인구
2022,21,부산광역시,60세 이상,15세이상인구,990.4,천명,DT_1DA7015S,행정구역(시도)/연령별 경제활동인구
2023,21,부산광역시,60세 이상,15세이상인구,1018.5,천명,DT_1DA7015S,행정구역(시도)/연령별 경제활동인구
2024,21,부산광역시,60세 이상,15세이상인구,1043.5,천명,DT_1DA7015S,행정구역(시도)/연령별 경제활동인구
2025,21,부산광역시,60세 이상,15세이상인구,1067.5,천명,DT_1DA7015S,행정구역(시도)/연령별 경제활동인구
2010,11,서울특별시,60세 이상,15세이상인구,1412.7,천명,DT_1DA7015S,행정구역(시도)/연령별 경제활동인구
2011,11,서울특별시,60세 이상,15세이상인구,1467.8,천명,DT_1DA7015S,행정구역(시도)/연령별 경제활동인구
2012,11,서울특별시,60세 이상,15세이상인구,1535.6,천명,DT_1DA7015S,행정구역(시도)/연령별 경제활동인구
2013,11,서울특별시,60세 이상,15세이상인구,1607.5,천명,DT_1DA7015S,행정구역(시도)/연령별 경제활동인구
2014,11,서울특별시,60세 이상,15세이상인구,1685.5,천명,DT_1DA7015S,행정구역(시도)/연령별 경제활동인구
2015,11,서울특별시,60세 이상,15세이상인구,1776.6,천명,DT_1DA7015S,행정구역(시도)/연령별 경제활동인구
2016,11,서울특별시,60세 이상,15세이상인구,1849.3,천명,DT_1DA7015S,행정구역(시도)/연령별 경제활동인구
2017,11,서울특별시,60세 이상,15세이상인구,1927.1,천명,DT_1DA7015S,행정구역(시도)/연령별 경제활동인구
2018,11,서울특별시,60세 이상,15세이상인구,2007.9,천명,DT_1DA7015S,행정구역(시도)/연령별 경제활동인구
2019,11,서울특별시,60세 이상,15세이상인구,2085.9,천명,DT_1DA7015S,행정구역(시도)/연령별 경제활동인구
2020,11,서울특별시,60세 이상,15세이상인구,2184.0,천명,DT_1DA7015S,행정구역(시도)/연령별 경제활동인구
2021,11,서울특별시,60세 이상,15세이상인구,2278.3,천명,DT_1DA7015S,행정구역(시도)/연령별 경제활동인구
2022,11,서울특별시,60세 이상,15세이상인구,2340.3,천명,DT_1DA7015S,행정구역(시도)/연령별 경제활동인구
2023,11,서울특별시,60세 이상,15세이상인구,2407.6,천명,DT_1DA7015S,행정구역(시도)/연령별 경제활동인구
2024,11,서울특별시,60세 이상,15세이상인구,2471.1,천명,DT_1DA7015S,행정구역(시도)/연령별 경제활동인구
2025,11,서울특별시,60세 이상,15세이상인구,2532.5,천명,DT_1DA7015S,행정구역(시도)/연령별 경제활동인구
2017,29,세종특별자치시,60세 이상,15세이상인구,36.0,천명,DT_1DA7015S,행정구역(시도)/연령별 경제활동인구
2018,29,세종특별자치시,60세 이상,15세이상인구,40.6,천명,DT_1DA7015S,행정구역(시도)/연령별 경제활동인구
2019,29,세종특별자치시,60세 이상,15세이상인구,45.4,천명,DT_1DA7015S,행정구역(시도)/연령별 경제활동인구
2020,29,세종특별자치시,60세 이상,15세이상인구,50.1,천명,DT_1DA7015S,행정구역(시도)/연령별 경제활동인구
2021,29,세종특별자치시,60세 이상,15세이상인구,53.9,천명,DT_1DA7015S,행정구역(시도)/연령별 경제활동인구
2022,29,세종특별자치시,60세 이상,15세이상인구,58.2,천명,DT_1DA7015S,행정구역(시도)/연령별 경제활동인구
2023,29,세종특별자치시,60세 이상,15세이상인구,61.8,천명,DT_1DA7015S,행정구역(시도)/연령별 경제활동인구
2024,29,세종특별자치시,60세 이상,15세이상인구,64.0,천명,DT_1DA7015S,행정구역(시도)/연령별 경제활동인구
2025,29,세종특별자치시,60세 이상,15세이상인구,67.0,천명,DT_1DA7015S,행정구역(시도)/연령별 경제활동인구
2010,26,울산광역시,60세 이상,15세이상인구,113.6,천명,DT_1DA7015S,행정구역(시도)/연령별 경제활동인구
2011,26,울산광역시,60세 이상,15세이상인구,120.6,천명,DT_1DA7015S,행정구역(시도)/연령별 경제활동인구
2012,26,울산광역시,60세 이상,15세이상인구,128.8,천명,DT_1DA7015S,행정구역(시도)/연령별 경제활동인구
2013,26,울산광역시,60세 이상,15세이상인구,137.3,천명,DT_1DA7015S,행정구역(시도)/연령별 경제활동인구
2014,26,울산광역시,60세 이상,15세이상인구,146.6,천명,DT_1DA7015S,행정구역(시도)/연령별 경제활동인구
2015,26,울산광역시,60세 이상,15세이상인구,157.8,천명,DT_1DA7015S,행정구역(시도)/연령별 경제활동인구
2016,26,울산광역시,60세 이상,15세이상인구,169.3,천명,DT_1DA7015S,행정구역(시도)/연령별 경제활동인구
2017,26,울산광역시,60세 이상,15세이상인구,181.2,천명,DT_1DA7015S,행정구역(시도)/연령별 경제활동인구
2018,26,울산광역시,60세 이상,15세이상인구,193.9,천명,DT_1DA7015S,행정구역(시도)/연령별 경제활동인구
2019,26,울산광역시,60세 이상,15세이상인구,207.3,천명,DT_1DA7015S,행정구역(시도)/연령별 경제활동인구
2020,26,울산광역시,60세 이상,15세이상인구,222.7,천명,DT_1DA7015S,행정구역(시도)/연령별 경제활동인구
2021,26,울산광역시,60세 이상,15세이상인구,238.9,천명,DT_1DA7015S,행정구역(시도)/연령별 경제활동인구
2022,26,울산광역시,60세 이상,15세이상인구,252.5,천명,DT_1DA7015S,행정구역(시도)/연령별 경제활동인구
2023,26,울산광역시,60세 이상,15세이상인구,266.4,천명,DT_1DA7015S,행정구역(시도)/연령별 경제활동인구
2024,26,울산광역시,60세 이상,15세이상인구,279.5,천명,DT_1DA7015S,행정구역(시도)/연령별 경제활동인구
2025,26,울산광역시,60세 이상,15세이상인구,293.2,천명,DT_1DA7015S,행정구역(시도)/연령별 경제활동인구
2010,23,인천광역시,60세 이상,15세이상인구,334.9,천명,DT_1DA7015S,행정구역(시도)/연령별 경제활동인구
2011,23,인천광역시,60세 이상,15세이상인구,350.2,천명,DT_1DA7015S,행정구역(시도)/연령별 경제활동인구
2012,23,인천광역시,60세 이상,15세이상인구,370.0,천명,DT_1DA7015S,행정구역(시도)/연령별 경제활동인구
2013,23,인천광역시,60세 이상,15세이상인구,391.3,천명,DT_1DA7015S,행정구역(시도)/연령별 경제활동인구
2014,23,인천광역시,60세 이상,15세이상인구,414.9,천명,DT_1DA7015S,행정구역(시도)/연령별 경제활동인구
2015,23,인천광역시,60세 이상,15세이상인구,444.0,천명,DT_1DA7015S,행정구역(시도)/연령별 경제활동인구
2016,23,인천광역시,60세 이상,15세이상인구,473.5,천명,DT_1DA7015S,행정구역(시도)/연령별 경제활동인구
2017,23,인천광역시,60세 이상,15세이상인구,504.9,천명,DT_1DA7015S,행정구역(시도)/연령별 경제활동인구
2018,23,인천광역시,60세 이상,15세이상인구,539.2,천명,DT_1DA7015S,행정구역(시도)/연령별 경제활동인구
2019,23,인천광역시,60세 이상,15세이상인구,575.8,천명,DT_1DA7015S,행정구역(시도)/연령별 경제활동인구
2020,23,인천광역시,60세 이상,15세이상인구,616.3,천명,DT_1DA7015S,행정구역(시도)/연령별 경제활동인구
2021,23,인천광역시,60세 이상,15세이상인구,656.3,천명,DT_1DA7015S,행정구역(시도)/연령별 경제활동인구
2022,23,인천광역시,60세 이상,15세이상인구,695.0,천명,DT_1DA7015S,행정구역(시도)/연령별 경제활동인구
2023,23,인천광역시,60세 이상,15세이상인구,735.1,천명,DT_1DA7015S,행정구역(시도)/연령별 경제활동인구
2024,23,인천광역시,60세 이상,15세이상인구,774.6,천명,DT_1DA7015S,행정구역(시도)/연령별 경제활동인구
2025,23,인천광역시,60세 이상,15세이상인구,814.6,천명,DT_1DA7015S,행정구역(시도)/연령별 경제활동인구
2010,36,전라남도,60세 이상,15세이상인구,453.5,천명,DT_1DA7015S,행정구역(시도)/연령별 경제활동인구
2011,36,전라남도,60세 이상,15세이상인구,457.5,천명,DT_1DA7015S,행정구역(시도)/연령별 경제활동인구
2012,36,전라남도,60세 이상,15세이상인구,462.2,천명,DT_1DA7015S,행정구역(시도)/연령별 경제활동인구
2013,36,전라남도,60세 이상,15세이상인구,465.7,천명,DT_1DA7015S,행정구역(시도)/연령별 경제활동인구
2014,36,전라남도,60세 이상,15세이상인구,470.9,천명,DT_1DA7015S,행정구역(시도)/연령별 경제활동인구
2015,36,전라남도,60세 이상,15세이상인구,478.7,천명,DT_1DA7015S,행정구역(시도)/연령별 경제활동인구
2016,36,전라남도,60세 이상,15세이상인구,487.4,천명,DT_1DA7015S,행정구역(시도)/연령별 경제활동인구
2017,36,전라남도,60세 이상,15세이상인구,499.4,천명,DT_1DA7015S,행정구역(시도)/연령별 경제활동인구
2018,36,전라남도,60세 이상,15세이상인구,513.7,천명,DT_1DA7015S,행정구역(시도)/연령별 경제활동인구
2019,36,전라남도,60세 이상,15세이상인구,528.3,천명,DT_1DA7015S,행정구역(시도)/연령별 경제활동인구
2020,36,전라남도,60세 이상,15세이상인구,546.3,천명,DT_1DA7015S,행정구역(시도)/연령별 경제활동인구
2021,36,전라남도,60세 이상,15세이상인구,565.6,천명,DT_1DA7015S,행정구역(시도)/연령별 경제활동인구
2022,36,전라남도,60세 이상,15세이상인구,583.2,천명,DT_1DA7015S,행정구역(시도)/연령별 경제활동인구
2023,36,전라남도,60세 이상,15세이상인구,597.6,천명,DT_1DA7015S,행정구역(시도)/연령별 경제활동인구
2024,36,전라남도,60세 이상,15세이상인구,609.1,천명,DT_1DA7015S,행정구역(시도)/연령별 경제활동인구
2025,36,전라남도,60세 이상,15세이상인구,620.7,천명,DT_1DA7015S,행정구역(시도)/연령별 경제활동인구
2010,35,전라북도,60세 이상,15세이상인구,381.1,천명,DT_1DA7015S,행정구역(시도)/연령별 경제활동인구
2011,35,전라북도,60세 이상,15세이상인구,388.8,천명,DT_1DA7015S,행정구역(시도)/연령별 경제활동인구
2012,35,전라북도,60세 이상,15세이상인구,396.9,천명,DT_1DA7015S,행정구역(시도)/연령별 경제활동인구
2013,35,전라북도,60세 이상,15세이상인구,404.4,천명,DT_1DA7015S,행정구역(시도)/연령별 경제활동인구
2014,35,전라북도,60세 이상,15세이상인구,414.4,천명,DT_1DA7015S,행정구역(시도)/연령별 경제활동인구
2015,35,전라북도,60세 이상,15세이상인구,427.8,천명,DT_1DA7015S,행정구역(시도)/연령별 경제활동인구
2016,35,전라북도,60세 이상,15세이상인구,441.9,천명,DT_1DA7015S,행정구역(시도)/연령별 경제활동인구
2017,35,전라북도,60세 이상,15세이상인구,456.2,천명,DT_1DA7015S,행정구역(시도)/연령별 경제활동인구
2018,35,전라북도,60세 이상,15세이상인구,471.8,천명,DT_1DA7015S,행정구역(시도)/연령별 경제활동인구
2019,35,전라북도,60세 이상,15세이상인구,487.7,천명,DT_1DA7015S,행정구역(시도)/연령별 경제활동인구
2020,35,전라북도,60세 이상,15세이상인구,507.7,천명,DT_1DA7015S,행정구역(시도)/연령별 경제활동인구
2021,35,전라북도,60세 이상,15세이상인구,528.7,천명,DT_1DA7015S,행정구역(시도)/연령별 경제활동인구
2022,35,전라북도,60세 이상,15세이상인구,545.9,천명,DT_1DA7015S,행정구역(시도)/연령별 경제활동인구
2023,35,전라북도,60세 이상,15세이상인구,560.5,천명,DT_1DA7015S,행정구역(시도)/연령별 경제활동인구
2024,35,전라북도,60세 이상,15세이상인구,572.8,천명,DT_1DA7015S,행정구역(시도)/연령별 경제활동인구
2025,35,전라북도,60세 이상,15세이상인구,586.3,천명,DT_1DA7015S,행정구역(시도)/연령별 경제활동인구
2010,39,제주도,60세 이상,15세이상인구,92.3,천명,DT_1DA7015S,행정구역(시도)/연령별 경제활동인구
2011,39,제주도,60세 이상,15세이상인구,95.2,천명,DT_1DA7015S,행정구역(시도)/연령별 경제활동인구
2012,39,제주도,60세 이상,15세이상인구,98.4,천명,DT_1DA7015S,행정구역(시도)/연령별 경제활동인구
2013,39,제주도,60세 이상,15세이상인구,101.7,천명,DT_1DA7015S,행정구역(시도)/연령별 경제활동인구
2014,39,제주도,60세 이상,15세이상인구,105.8,천명,DT_1DA7015S,행정구역(시도)/연령별 경제활동인구
2015,39,제주도,60세 이상,15세이상인구,111.7,천명,DT_1DA7015S,행정구역(시도)/연령별 경제활동인구
2016,39,제주도,60세 이상,15세이상인구,118.4,천명,DT_1DA7015S,행정구역(시도)/연령별 경제활동인구
2017,39,제주도,60세 이상,15세이상인구,124.9,천명,DT_1DA7015S,행정구역(시도)/연령별 경제활동인구
2018,39,제주도,60세 이상,15세이상인구,131.8,천명,DT_1DA7015S,행정구역(시도)/연령별 경제활동인구
2019,39,제주도,60세 이상,15세이상인구,138.7,천명,DT_1DA7015S,행정구역(시도)/연령별 경제활동인구
2020,39,제주도,60세 이상,15세이상인구,145.7,천명,DT_1DA7015S,행정구역(시도)/연령별 경제활동인구
2021,39,제주도,60세 이상,15세이상인구,152.7,천명,DT_1DA7015S,행정구역(시도)/연령별 경제활동인구
2022,39,제주도,60세 이상,15세이상인구,159.8,천명,DT_1DA7015S,행정구역(시도)/연령별 경제활동인구
2023,39,제주도,60세 이상,15세이상인구,166.9,천명,DT_1DA7015S,행정구역(시도)/연령별 경제활동인구
2024,39,제주도,60세 이상,15세이상인구,173.1,천명,DT_1DA7015S,행정구역(시도)/연령별 경제활동인구
2025,39,제주도,60세 이상,15세이상인구,178.7,천명,DT_1DA7015S,행정구역(시도)/연령별 경제활동인구
2010,34,충청남도,60세 이상,15세이상인구,406.1,천명,DT_1DA7015S,행정구역(시도)/연령별 경제활동인구
2011,34,충청남도,60세 이상,15세이상인구,414.6,천명,DT_1DA7015S,행정구역(시도)/연령별 경제활동인구
2012,34,충청남도,60세 이상,15세이상인구,426.0,천명,DT_1DA7015S,행정구역(시도)/연령별 경제활동인구
2013,34,충청남도,60세 이상,15세이상인구,436.9,천명,DT_1DA7015S,행정구역(시도)/연령별 경제활동인구
2014,34,충청남도,60세 이상,15세이상인구,449.7,천명,DT_1DA7015S,행정구역(시도)/연령별 경제활동인구
2015,34,충청남도,60세 이상,15세이상인구,468.7,천명,DT_1DA7015S,행정구역(시도)/연령별 경제활동인구
2016,34,충청남도,60세 이상,15세이상인구,490.8,천명,DT_1DA7015S,행정구역(시도)/연령별 경제활동인구
2017,34,충청남도,60세 이상,15세이상인구,477.7,천명,DT_1DA7015S,행정구역(시도)/연령별 경제활동인구
2018,34,충청남도,60세 이상,15세이상인구,498.2,천명,DT_1DA7015S,행정구역(시도)/연령별 경제활동인구
2019,34,충청남도,60세 이상,15세이상인구,519.2,천명,DT_1DA7015S,행정구역(시도)/연령별 경제활동인구
2020,34,충청남도,60세 이상,15세이상인구,543.9,천명,DT_1DA7015S,행정구역(시도)/연령별 경제활동인구
2021,34,충청남도,60세 이상,15세이상인구,570.8,천명,DT_1DA7015S,행정구역(시도)/연령별 경제활동인구
2022,34,충청남도,60세 이상,15세이상인구,597.0,천명,DT_1DA7015S,행정구역(시도)/연령별 경제활동인구
2023,34,충청남도,60세 이상,15세이상인구,619.5,천명,DT_1DA7015S,행정구역(시도)/연령별 경제활동인구
2024,34,충청남도,60세 이상,15세이상인구,639.6,천명,DT_1DA7015S,행정구역(시도)/연령별 경제활동인구
2025,34,충청남도,60세 이상,15세이상인구,663.0,천명,DT_1DA7015S,행정구역(시도)/연령별 경제활동인구
2010,33,충청북도,60세 이상,15세이상인구,269.0,천명,DT_1DA7015S,행정구역(시도)/연령별 경제활동인구
2011,33,충청북도,60세 이상,15세이상인구,275.4,천명,DT_1DA7015S,행정구역(시도)/연령별 경제활동인구
2012,33,충청북도,60세 이상,15세이상인구,284.1,천명,DT_1DA7015S,행정구역(시도)/연령별 경제활동인구
2013,33,충청북도,60세 이상,15세이상인구,292.6,천명,DT_1DA7015S,행정구역(시도)/연령별 경제활동인구
2014,33,충청북도,60세 이상,15세이상인구,303.1,천명,DT_1DA7015S,행정구역(시도)/연령별 경제활동인구
2015,33,충청북도,60세 이상,15세이상인구,315.9,천명,DT_1DA7015S,행정구역(시도)/연령별 경제활동인구
2016,33,충청북도,60세 이상,15세이상인구,330.2,천명,DT_1DA7015S,행정구역(시도)/연령별 경제활동인구
2017,33,충청북도,60세 이상,15세이상인구,347.0,천명,DT_1DA7015S,행정구역(시도)/연령별 경제활동인구
2018,33,충청북도,60세 이상,15세이상인구,365.1,천명,DT_1DA7015S,행정구역(시도)/연령별 경제활동인구
2019,33,충청북도,60세 이상,15세이상인구,383.4,천명,DT_1DA7015S,행정구역(시도)/연령별 경제활동인구
2020,33,충청북도,60세 이상,15세이상인구,403.2,천명,DT_1DA7015S,행정구역(시도)/연령별 경제활동인구
2021,33,충청북도,60세 이상,15세이상인구,425.9,천명,DT_1DA7015S,행정구역(시도)/연령별 경제활동인구
2022,33,충청북도,60세 이상,15세이상인구,446.4,천명,DT_1DA7015S,행정구역(시도)/연령별 경제활동인구
2023,33,충청북도,60세 이상,15세이상인구,463.9,천명,DT_1DA7015S,행정구역(시도)/연령별 경제활동인구
2024,33,충청북도,60세 이상,15세이상인구,478.0,천명,DT_1DA7015S,행정구역(시도)/연령별 경제활동인구
2025,33,충청북도,60세 이상,15세이상인구,494.4,천명,DT_1DA7015S,행정구역(시도)/연령별 경제활동인구
2010,32,강원도,60세 이상,경제활동인구,108.2,천명,DT_1DA7015S,행정구역(시도)/연령별 경제활동인구
2011,32,강원도,60세 이상,경제활동인구,112.5,천명,DT_1DA7015S,행정구역(시도)/연령별 경제활동인구
2012,32,강원도,60세 이상,경제활동인구,116.9,천명,DT_1DA7015S,행정구역(시도)/연령별 경제활동인구
2013,32,강원도,60세 이상,경제활동인구,116.1,천명,DT_1DA7015S,행정구역(시도)/연령별 경제활동인구
2014,32,강원도,60세 이상,경제활동인구,130.6,천명,DT_1DA7015S,행정구역(시도)/연령별 경제활동인구
2015,32,강원도,60세 이상,경제활동인구,140.9,천명,DT_1DA7015S,행정구역(시도)/연령별 경제활동인구
2016,32,강원도,60세 이상,경제활동인구,148.9,천명,DT_1DA7015S,행정구역(시도)/연령별 경제활동인구
2017,32,강원도,60세 이상,경제활동인구,174.2,천명,DT_1DA7015S,행정구역(시도)/연령별 경제활동인구
2018,32,강원도,60세 이상,경제활동인구,188.1,천명,DT_1DA7015S,행정구역(시도)/연령별 경제활동인구
2019,32,강원도,60세 이상,경제활동인구,209.8,천명,DT_1DA7015S,행정구역(시도)/연령별 경제활동인구
2020,32,강원도,60세 이상,경제활동인구,219.7,천명,DT_1DA7015S,행정구역(시도)/연령별 경제활동인구
2021,32,강원도,60세 이상,경제활동인구,241.8,천명,DT_1DA7015S,행정구역(시도)/연령별 경제활동인구
2022,32,강원도,60세 이상,경제활동인구,253.8,천명,DT_1DA7015S,행정구역(시도)/연령별 경제활동인구
2023,32,강원도,60세 이상,경제활동인구,267.9,천명,DT_1DA7015S,행정구역(시도)/연령별 경제활동인구
2024,32,강원도,60세 이상,경제활동인구,272.3,천명,DT_1DA7015S,행정구역(시도)/연령별 경제활동인구
2025,32,강원도,60세 이상,경제활동인구,294.6,천명,DT_1DA7015S,행정구역(시도)/연령별 경제활동인구
2010,31,경기도,60세 이상,경제활동인구,444.3,천명,DT_1DA7015S,행정구역(시도)/연령별 경제활동인구
2011,31,경기도,60세 이상,경제활동인구,464.0,천명,DT_1DA7015S,행정구역(시도)/연령별 경제활동인구
2012,31,경기도,60세 이상,경제활동인구,515.0,천명,DT_1DA7015S,행정구역(시도)/연령별 경제활동인구
2013,31,경기도,60세 이상,경제활동인구,574.3,천명,DT_1DA7015S,행정구역(시도)/연령별 경제활동인구
2014,31,경기도,60세 이상,경제활동인구,630.8,천명,DT_1DA7015S,행정구역(시도)/연령별 경제활동인구
2015,31,경기도,60세 이상,경제활동인구,678.0,천명,DT_1DA7015S,행정구역(시도)/연령별 경제활동인구
2016,31,경기도,60세 이상,경제활동인구,730.9,천명,DT_1DA7015S,행정구역(시도)/연령별 경제활동인구
2017,31,경기도,60세 이상,경제활동인구,788.3,천명,DT_1DA7015S,행정구역(시도)/연령별 경제활동인구
2018,31,경기도,60세 이상,경제활동인구,853.7,천명,DT_1DA7015S,행정구역(시도)/연령별 경제활동인구
2019,31,경기도,60세 이상,경제활동인구,980.6,천명,DT_1DA7015S,행정구역(시도)/연령별 경제활동인구
2020,31,경기도,60세 이상,경제활동인구,1076.8,천명,DT_1DA7015S,행정구역(시도)/연령별 경제활동인구
2021,31,경기도,60세 이상,경제활동인구,1184.0,천명,DT_1DA7015S,행정구역(시도)/연령별 경제활동인구
2022,31,경기도,60세 이상,경제활동인구,1331.1,천명,DT_1DA7015S,행정구역(시도)/연령별 경제활동인구
2023,31,경기도,60세 이상,경제활동인구,1411.1,천명,DT_1DA7015S,행정구역(시도)/연령별 경제활동인구
2024,31,경기도,60세 이상,경제활동인구,1493.6,천명,DT_1DA7015S,행정구역(시도)/연령별 경제활동인구
2025,31,경기도,60세 이상,경제활동인구,1586.6,천명,DT_1DA7015S,행정구역(시도)/연령별 경제활동인구
2010,38,경상남도,60세 이상,경제활동인구,220.3,천명,DT_1DA7015S,행정구역(시도)/연령별 경제활동인구
2011,38,경상남도,60세 이상,경제활동인구,230.2,천명,DT_1DA7015S,행정구역(시도)/연령별 경제활동인구
2012,38,경상남도,60세 이상,경제활동인구,237.0,천명,DT_1DA7015S,행정구역(시도)/연령별 경제활동인구
2013,38,경상남도,60세 이상,경제활동인구,237.7,천명,DT_1DA7015S,행정구역(시도)/연령별 경제활동인구
2014,38,경상남도,60세 이상,경제활동인구,240.1,천명,DT_1DA7015S,행정구역(시도)/연령별 경제활동인구
2015,38,경상남도,60세 이상,경제활동인구,258.3,천명,DT_1DA7015S,행정구역(시도)/연령별 경제활동인구
2016,38,경상남도,60세 이상,경제활동인구,285.2,천명,DT_1DA7015S,행정구역(시도)/연령별 경제활동인구
2017,38,경상남도,60세 이상,경제활동인구,300.0,천명,DT_1DA7015S,행정구역(시도)/연령별 경제활동인구
2018,38,경상남도,60세 이상,경제활동인구,325.3,천명,DT_1DA7015S,행정구역(시도)/연령별 경제활동인구
2019,38,경상남도,60세 이상,경제활동인구,344.2,천명,DT_1DA7015S,행정구역(시도)/연령별 경제활동인구
2020,38,경상남도,60세 이상,경제활동인구,388.3,천명,DT_1DA7015S,행정구역(시도)/연령별 경제활동인구
2021,38,경상남도,60세 이상,경제활동인구,427.9,천명,DT_1DA7015S,행정구역(시도)/연령별 경제활동인구
2022,38,경상남도,60세 이상,경제활동인구,453.7,천명,DT_1DA7015S,행정구역(시도)/연령별 경제활동인구
2023,38,경상남도,60세 이상,경제활동인구,460.9,천명,DT_1DA7015S,행정구역(시도)/연령별 경제활동인구
2024,38,경상남도,60세 이상,경제활동인구,483.7,천명,DT_1DA7015S,행정구역(시도)/연령별 경제활동인구
2025,38,경상남도,60세 이상,경제활동인구,508.5,천명,DT_1DA7015S,행정구역(시도)/연령별 경제활동인구
2010,37,경상북도,60세 이상,경제활동인구,282.7,천명,DT_1DA7015S,행정구역(시도)/연령별 경제활동인구
2011,37,경상북도,60세 이상,경제활동인구,289.9,천명,DT_1DA7015S,행정구역(시도)/연령별 경제활동인구
2012,37,경상북도,60세 이상,경제활동인구,290.9,천명,DT_1DA7015S,행정구역(시도)/연령별 경제활동인구
2013,37,경상북도,60세 이상,경제활동인구,298.6,천명,DT_1DA7015S,행정구역(시도)/연령별 경제활동인구
2014,37,경상북도,60세 이상,경제활동인구,310.3,천명,DT_1DA7015S,행정구역(시도)/연령별 경제활동인구
2015,37,경상북도,60세 이상,경제활동인구,314.6,천명,DT_1DA7015S,행정구역(시도)/연령별 경제활동인구
2016,37,경상북도,60세 이상,경제활동인구,327.0,천명,DT_1DA7015S,행정구역(시도)/연령별 경제활동인구
2017,37,경상북도,60세 이상,경제활동인구,337.4,천명,DT_1DA7015S,행정구역(시도)/연령별 경제활동인구
2018,37,경상북도,60세 이상,경제활동인구,352.5,천명,DT_1DA7015S,행정구역(시도)/연령별 경제활동인구
2019,37,경상북도,60세 이상,경제활동인구,372.8,천명,DT_1DA7015S,행정구역(시도)/연령별 경제활동인구
2020,37,경상북도,60세 이상,경제활동인구,404.0,천명,DT_1DA7015S,행정구역(시도)/연령별 경제활동인구
2021,37,경상북도,60세 이상,경제활동인구,434.9,천명,DT_1DA7015S,행정구역(시도)/연령별 경제활동인구
2022,37,경상북도,60세 이상,경제활동인구,457.2,천명,DT_1DA7015S,행정구역(시도)/연령별 경제활동인구
2023,37,경상북도,60세 이상,경제활동인구,484.5,천명,DT_1DA7015S,행정구역(시도)/연령별 경제활동인구
2024,37,경상북도,60세 이상,경제활동인구,498.3,천명,DT_1DA7015S,행정구역(시도)/연령별 경제활동인구
2025,37,경상북도,60세 이상,경제활동인구,518.4,천명,DT_1DA7015S,행정구역(시도)/연령별 경제활동인구
2010,24,광주광역시,60세 이상,경제활동인구,62.6,천명,DT_1DA7015S,행정구역(시도)/연령별 경제활동인구
2011,24,광주광역시,60세 이상,경제활동인구,63.7,천명,DT_1DA7015S,행정구역(시도)/연령별 경제활동인구
2012,24,광주광역시,60세 이상,경제활동인구,66.4,천명,DT_1DA7015S,행정구역(시도)/연령별 경제활동인구
2013,24,광주광역시,60세 이상,경제활동인구,74.0,천명,DT_1DA7015S,행정구역(시도)/연령별 경제활동인구
2014,24,광주광역시,60세 이상,경제활동인구,81.4,천명,DT_1DA7015S,행정구역(시도)/연령별 경제활동인구
2015,24,광주광역시,60세 이상,경제활동인구,85.5,천명,DT_1DA7015S,행정구역(시도)/연령별 경제활동인구
2016,24,광주광역시,60세 이상,경제활동인구,94.1,천명,DT_1DA7015S,행정구역(시도)/연령별 경제활동인구
2017,24,광주광역시,60세 이상,경제활동인구,100.3,천명,DT_1DA7015S,행정구역(시도)/연령별 경제활동인구
2018,24,광주광역시,60세 이상,경제활동인구,104.5,천명,DT_1DA7015S,행정구역(시도)/연령별 경제활동인구
2019,24,광주광역시,60세 이상,경제활동인구,114.0,천명,DT_1DA7015S,행정구역(시도)/연령별 경제활동인구
2020,24,광주광역시,60세 이상,경제활동인구,125.0,천명,DT_1DA7015S,행정구역(시도)/연령별 경제활동인구
2021,24,광주광역시,60세 이상,경제활동인구,131.5,천명,DT_1DA7015S,행정구역(시도)/연령별 경제활동인구
2022,24,광주광역시,60세 이상,경제활동인구,138.1,천명,DT_1DA7015S,행정구역(시도)/연령별 경제활동인구
2023,24,광주광역시,60세 이상,경제활동인구,152.0,천명,DT_1DA7015S,행정구역(시도)/연령별 경제활동인구
2024,24,광주광역시,60세 이상,경제활동인구,165.7,천명,DT_1DA7015S,행정구역(시도)/연령별 경제활동인구
2025,24,광주광역시,60세 이상,경제활동인구,178.6,천명,DT_1DA7015S,행정구역(시도)/연령별 경제활동인구
2010,22,대구광역시,60세 이상,경제활동인구,110.2,천명,DT_1DA7015S,행정구역(시도)/연령별 경제활동인구
2011,22,대구광역시,60세 이상,경제활동인구,125.7,천명,DT_1DA7015S,행정구역(시도)/연령별 경제활동인구
2012,22,대구광역시,60세 이상,경제활동인구,138.7,천명,DT_1DA7015S,행정구역(시도)/연령별 경제활동인구
2013,22,대구광역시,60세 이상,경제활동인구,142.9,천명,DT_1DA7015S,행정구역(시도)/연령별 경제활동인구
2014,22,대구광역시,60세 이상,경제활동인구,153.9,천명,DT_1DA7015S,행정구역(시도)/연령별 경제활동인구
2015,22,대구광역시,60세 이상,경제활동인구,160.8,천명,DT_1DA7015S,행정구역(시도)/연령별 경제활동인구
2016,22,대구광역시,60세 이상,경제활동인구,175.2,천명,DT_1DA7015S,행정구역(시도)/연령별 경제활동인구
2017,22,대구광역시,60세 이상,경제활동인구,188.2,천명,DT_1DA7015S,행정구역(시도)/연령별 경제활동인구
2018,22,대구광역시,60세 이상,경제활동인구,203.2,천명,DT_1DA7015S,행정구역(시도)/연령별 경제활동인구
2019,22,대구광역시,60세 이상,경제활동인구,215.6,천명,DT_1DA7015S,행정구역(시도)/연령별 경제활동인구
2020,22,대구광역시,60세 이상,경제활동인구,227.3,천명,DT_1DA7015S,행정구역(시도)/연령별 경제활동인구
2021,22,대구광역시,60세 이상,경제활동인구,239.2,천명,DT_1DA7015S,행정구역(시도)/연령별 경제활동인구
2022,22,대구광역시,60세 이상,경제활동인구,253.7,천명,DT_1DA7015S,행정구역(시도)/연령별 경제활동인구
2023,22,대구광역시,60세 이상,경제활동인구,278.4,천명,DT_1DA7015S,행정구역(시도)/연령별 경제활동인구
2024,22,대구광역시,60세 이상,경제활동인구,291.2,천명,DT_1DA7015S,행정구역(시도)/연령별 경제활동인구
2025,22,대구광역시,60세 이상,경제활동인구,299.6,천명,DT_1DA7015S,행정구역(시도)/연령별 경제활동인구
2010,25,대전광역시,60세 이상,경제활동인구,56.3,천명,DT_1DA7015S,행정구역(시도)/연령별 경제활동인구
2011,25,대전광역시,60세 이상,경제활동인구,61.1,천명,DT_1DA7015S,행정구역(시도)/연령별 경제활동인구
2012,25,대전광역시,60세 이상,경제활동인구,67.2,천명,DT_1DA7015S,행정구역(시도)/연령별 경제활동인구
2013,25,대전광역시,60세 이상,경제활동인구,69.8,천명,DT_1DA7015S,행정구역(시도)/연령별 경제활동인구
2014,25,대전광역시,60세 이상,경제활동인구,75.3,천명,DT_1DA7015S,행정구역(시도)/연령별 경제활동인구
2015,25,대전광역시,60세 이상,경제활동인구,86.5,천명,DT_1DA7015S,행정구역(시도)/연령별 경제활동인구
2016,25,대전광역시,60세 이상,경제활동인구,95.0,천명,DT_1DA7015S,행정구역(시도)/연령별 경제활동인구
2017,25,대전광역시,60세 이상,경제활동인구,101.2,천명,DT_1DA7015S,행정구역(시도)/연령별 경제활동인구
2018,25,대전광역시,60세 이상,경제활동인구,107.5,천명,DT_1DA7015S,행정구역(시도)/연령별 경제활동인구
2019,25,대전광역시,60세 이상,경제활동인구,121.2,천명,DT_1DA7015S,행정구역(시도)/연령별 경제활동인구
2020,25,대전광역시,60세 이상,경제활동인구,133.8,천명,DT_1DA7015S,행정구역(시도)/연령별 경제활동인구
2021,25,대전광역시,60세 이상,경제활동인구,141.0,천명,DT_1DA7015S,행정구역(시도)/연령별 경제활동인구
2022,25,대전광역시,60세 이상,경제활동인구,147.9,천명,DT_1DA7015S,행정구역(시도)/연령별 경제활동인구
2023,25,대전광역시,60세 이상,경제활동인구,159.6,천명,DT_1DA7015S,행정구역(시도)/연령별 경제활동인구
2024,25,대전광역시,60세 이상,경제활동인구,161.2,천명,DT_1DA7015S,행정구역(시도)/연령별 경제활동인구
2025,25,대전광역시,60세 이상,경제활동인구,178.0,천명,DT_1DA7015S,행정구역(시도)/연령별 경제활동인구
2010,21,부산광역시,60세 이상,경제활동인구,173.1,천명,DT_1DA7015S,행정구역(시도)/연령별 경제활동인구
2011,21,부산광역시,60세 이상,경제활동인구,186.0,천명,DT_1DA7015S,행정구역(시도)/연령별 경제활동인구
2012,21,부산광역시,60세 이상,경제활동인구,203.5,천명,DT_1DA7015S,행정구역(시도)/연령별 경제활동인구
2013,21,부산광역시,60세 이상,경제활동인구,222.5,천명,DT_1DA7015S,행정구역(시도)/연령별 경제활동인구
2014,21,부산광역시,60세 이상,경제활동인구,237.4,천명,DT_1DA7015S,행정구역(시도)/연령별 경제활동인구
2015,21,부산광역시,60세 이상,경제활동인구,258.1,천명,DT_1DA7015S,행정구역(시도)/연령별 경제활동인구
2016,21,부산광역시,60세 이상,경제활동인구,281.8,천명,DT_1DA7015S,행정구역(시도)/연령별 경제활동인구
2017,21,부산광역시,60세 이상,경제활동인구,297.2,천명,DT_1DA7015S,행정구역(시도)/연령별 경제활동인구
2018,21,부산광역시,60세 이상,경제활동인구,310.2,천명,DT_1DA7015S,행정구역(시도)/연령별 경제활동인구
2019,21,부산광역시,60세 이상,경제활동인구,325.1,천명,DT_1DA7015S,행정구역(시도)/연령별 경제활동인구
2020,21,부산광역시,60세 이상,경제활동인구,350.6,천명,DT_1DA7015S,행정구역(시도)/연령별 경제활동인구
2021,21,부산광역시,60세 이상,경제활동인구,375.4,천명,DT_1DA7015S,행정구역(시도)/연령별 경제활동인구
2022,21,부산광역시,60세 이상,경제활동인구,399.2,천명,DT_1DA7015S,행정구역(시도)/연령별 경제활동인구
2023,21,부산광역시,60세 이상,경제활동인구,412.3,천명,DT_1DA7015S,행정구역(시도)/연령별 경제활동인구
2024,21,부산광역시,60세 이상,경제활동인구,420.7,천명,DT_1DA7015S,행정구역(시도)/연령별 경제활동인구
2025,21,부산광역시,60세 이상,경제활동인구,440.3,천명,DT_1DA7015S,행정구역(시도)/연령별 경제활동인구
2010,11,서울특별시,60세 이상,경제활동인구,479.9,천명,DT_1DA7015S,행정구역(시도)/연령별 경제활동인구
2011,11,서울특별시,60세 이상,경제활동인구,510.6,천명,DT_1DA7015S,행정구역(시도)/연령별 경제활동인구
2012,11,서울특별시,60세 이상,경제활동인구,545.9,천명,DT_1DA7015S,행정구역(시도)/연령별 경제활동인구
2013,11,서울특별시,60세 이상,경제활동인구,567.9,천명,DT_1DA7015S,행정구역(시도)/연령별 경제활동인구
2014,11,서울특별시,60세 이상,경제활동인구,623.0,천명,DT_1DA7015S,행정구역(시도)/연령별 경제활동인구
2015,11,서울특별시,60세 이상,경제활동인구,649.9,천명,DT_1DA7015S,행정구역(시도)/연령별 경제활동인구
2016,11,서울특별시,60세 이상,경제활동인구,676.4,천명,DT_1DA7015S,행정구역(시도)/연령별 경제활동인구
2017,11,서울특별시,60세 이상,경제활동인구,726.5,천명,DT_1DA7015S,행정구역(시도)/연령별 경제활동인구
2018,11,서울특별시,60세 이상,경제활동인구,736.6,천명,DT_1DA7015S,행정구역(시도)/연령별 경제활동인구
2019,11,서울특별시,60세 이상,경제활동인구,804.3,천명,DT_1DA7015S,행정구역(시도)/연령별 경제활동인구
2020,11,서울특별시,60세 이상,경제활동인구,845.3,천명,DT_1DA7015S,행정구역(시도)/연령별 경제활동인구
2021,11,서울특별시,60세 이상,경제활동인구,841.7,천명,DT_1DA7015S,행정구역(시도)/연령별 경제활동인구
2022,11,서울특별시,60세 이상,경제활동인구,865.7,천명,DT_1DA7015S,행정구역(시도)/연령별 경제활동인구
2023,11,서울특별시,60세 이상,경제활동인구,920.6,천명,DT_1DA7015S,행정구역(시도)/연령별 경제활동인구
2024,11,서울특별시,60세 이상,경제활동인구,987.9,천명,DT_1DA7015S,행정구역(시도)/연령별 경제활동인구
2025,11,서울특별시,60세 이상,경제활동인구,1044.0,천명,DT_1DA7015S,행정구역(시도)/연령별 경제활동인구
2017,29,세종특별자치시,60세 이상,경제활동인구,15.2,천명,DT_1DA7015S,행정구역(시도)/연령별 경제활동인구
2018,29,세종특별자치시,60세 이상,경제활동인구,16.0,천명,DT_1DA7015S,행정구역(시도)/연령별 경제활동인구
2019,29,세종특별자치시,60세 이상,경제활동인구,18.8,천명,DT_1DA7015S,행정구역(시도)/연령별 경제활동인구
2020,29,세종특별자치시,60세 이상,경제활동인구,20.7,천명,DT_1DA7015S,행정구역(시도)/연령별 경제활동인구
2021,29,세종특별자치시,60세 이상,경제활동인구,23.2,천명,DT_1DA7015S,행정구역(시도)/연령별 경제활동인구
2022,29,세종특별자치시,60세 이상,경제활동인구,27.2,천명,DT_1DA7015S,행정구역(시도)/연령별 경제활동인구
2023,29,세종특별자치시,60세 이상,경제활동인구,31.0,천명,DT_1DA7015S,행정구역(시도)/연령별 경제활동인구
2024,29,세종특별자치시,60세 이상,경제활동인구,30.7,천명,DT_1DA7015S,행정구역(시도)/연령별 경제활동인구
2025,29,세종특별자치시,60세 이상,경제활동인구,33.2,천명,DT_1DA7015S,행정구역(시도)/연령별 경제활동인구
2010,26,울산광역시,60세 이상,경제활동인구,41.0,천명,DT_1DA7015S,행정구역(시도)/연령별 경제활동인구
2011,26,울산광역시,60세 이상,경제활동인구,41.1,천명,DT_1DA7015S,행정구역(시도)/연령별 경제활동인구
2012,26,울산광역시,60세 이상,경제활동인구,47.4,천명,DT_1DA7015S,행정구역(시도)/연령별 경제활동인구
2013,26,울산광역시,60세 이상,경제활동인구,51.7,천명,DT_1DA7015S,행정구역(시도)/연령별 경제활동인구
2014,26,울산광역시,60세 이상,경제활동인구,54.5,천명,DT_1DA7015S,행정구역(시도)/연령별 경제활동인구
2015,26,울산광역시,60세 이상,경제활동인구,59.4,천명,DT_1DA7015S,행정구역(시도)/연령별 경제활동인구
2016,26,울산광역시,60세 이상,경제활동인구,67.5,천명,DT_1DA7015S,행정구역(시도)/연령별 경제활동인구
2017,26,울산광역시,60세 이상,경제활동인구,69.1,천명,DT_1DA7015S,행정구역(시도)/연령별 경제활동인구
2018,26,울산광역시,60세 이상,경제활동인구,72.9,천명,DT_1DA7015S,행정구역(시도)/연령별 경제활동인구
2019,26,울산광역시,60세 이상,경제활동인구,80.2,천명,DT_1DA7015S,행정구역(시도)/연령별 경제활동인구
2020,26,울산광역시,60세 이상,경제활동인구,89.0,천명,DT_1DA7015S,행정구역(시도)/연령별 경제활동인구
2021,26,울산광역시,60세 이상,경제활동인구,93.2,천명,DT_1DA7015S,행정구역(시도)/연령별 경제활동인구
2022,26,울산광역시,60세 이상,경제활동인구,104.8,천명,DT_1DA7015S,행정구역(시도)/연령별 경제활동인구
2023,26,울산광역시,60세 이상,경제활동인구,112.9,천명,DT_1DA7015S,행정구역(시도)/연령별 경제활동인구
2024,26,울산광역시,60세 이상,경제활동인구,119.1,천명,DT_1DA7015S,행정구역(시도)/연령별 경제활동인구
2025,26,울산광역시,60세 이상,경제활동인구,120.8,천명,DT_1DA7015S,행정구역(시도)/연령별 경제활동인구
2010,23,인천광역시,60세 이상,경제활동인구,116.1,천명,DT_1DA7015S,행정구역(시도)/연령별 경제활동인구
2011,23,인천광역시,60세 이상,경제활동인구,121.6,천명,DT_1DA7015S,행정구역(시도)/연령별 경제활동인구
2012,23,인천광역시,60세 이상,경제활동인구,141.9,천명,DT_1DA7015S,행정구역(시도)/연령별 경제활동인구
2013,23,인천광역시,60세 이상,경제활동인구,157.2,천명,DT_1DA7015S,행정구역(시도)/연령별 경제활동인구
2014,23,인천광역시,60세 이상,경제활동인구,168.1,천명,DT_1DA7015S,행정구역(시도)/연령별 경제활동인구
2015,23,인천광역시,60세 이상,경제활동인구,181.9,천명,DT_1DA7015S,행정구역(시도)/연령별 경제활동인구
2016,23,인천광역시,60세 이상,경제활동인구,188.6,천명,DT_1DA7015S,행정구역(시도)/연령별 경제활동인구
2017,23,인천광역시,60세 이상,경제활동인구,200.4,천명,DT_1DA7015S,행정구역(시도)/연령별 경제활동인구
2018,23,인천광역시,60세 이상,경제활동인구,220.9,천명,DT_1DA7015S,행정구역(시도)/연령별 경제활동인구
2019,23,인천광역시,60세 이상,경제활동인구,235.9,천명,DT_1DA7015S,행정구역(시도)/연령별 경제활동인구
2020,23,인천광역시,60세 이상,경제활동인구,263.1,천명,DT_1DA7015S,행정구역(시도)/연령별 경제활동인구
2021,23,인천광역시,60세 이상,경제활동인구,283.0,천명,DT_1DA7015S,행정구역(시도)/연령별 경제활동인구
2022,23,인천광역시,60세 이상,경제활동인구,303.2,천명,DT_1DA7015S,행정구역(시도)/연령별 경제활동인구
2023,23,인천광역시,60세 이상,경제활동인구,333.9,천명,DT_1DA7015S,행정구역(시도)/연령별 경제활동인구
2024,23,인천광역시,60세 이상,경제활동인구,365.5,천명,DT_1DA7015S,행정구역(시도)/연령별 경제활동인구
2025,23,인천광역시,60세 이상,경제활동인구,394.9,천명,DT_1DA7015S,행정구역(시도)/연령별 경제활동인구
2010,36,전라남도,60세 이상,경제활동인구,240.1,천명,DT_1DA7015S,행정구역(시도)/연령별 경제활동인구
2011,36,전라남도,60세 이상,경제활동인구,240.6,천명,DT_1DA7015S,행정구역(시도)/연령별 경제활동인구
2012,36,전라남도,60세 이상,경제활동인구,249.6,천명,DT_1DA7015S,행정구역(시도)/연령별 경제활동인구
2013,36,전라남도,60세 이상,경제활동인구,246.1,천명,DT_1DA7015S,행정구역(시도)/연령별 경제활동인구
2014,36,전라남도,60세 이상,경제활동인구,246.9,천명,DT_1DA7015S,행정구역(시도)/연령별 경제활동인구
2015,36,전라남도,60세 이상,경제활동인구,249.5,천명,DT_1DA7015S,행정구역(시도)/연령별 경제활동인구
2016,36,전라남도,60세 이상,경제활동인구,260.4,천명,DT_1DA7015S,행정구역(시도)/연령별 경제활동인구
2017,36,전라남도,60세 이상,경제활동인구,272.2,천명,DT_1DA7015S,행정구역(시도)/연령별 경제활동인구
2018,36,전라남도,60세 이상,경제활동인구,273.5,천명,DT_1DA7015S,행정구역(시도)/연령별 경제활동인구
2019,36,전라남도,60세 이상,경제활동인구,286.5,천명,DT_1DA7015S,행정구역(시도)/연령별 경제활동인구
2020,36,전라남도,60세 이상,경제활동인구,302.3,천명,DT_1DA7015S,행정구역(시도)/연령별 경제활동인구
2021,36,전라남도,60세 이상,경제활동인구,325.5,천명,DT_1DA7015S,행정구역(시도)/연령별 경제활동인구
2022,36,전라남도,60세 이상,경제활동인구,345.5,천명,DT_1DA7015S,행정구역(시도)/연령별 경제활동인구
2023,36,전라남도,60세 이상,경제활동인구,361.6,천명,DT_1DA7015S,행정구역(시도)/연령별 경제활동인구
2024,36,전라남도,60세 이상,경제활동인구,367.2,천명,DT_1DA7015S,행정구역(시도)/연령별 경제활동인구
2025,36,전라남도,60세 이상,경제활동인구,369.3,천명,DT_1DA7015S,행정구역(시도)/연령별 경제활동인구
2010,35,전라북도,60세 이상,경제활동인구,165.2,천명,DT_1DA7015S,행정구역(시도)/연령별 경제활동인구
2011,35,전라북도,60세 이상,경제활동인구,171.6,천명,DT_1DA7015S,행정구역(시도)/연령별 경제활동인구
2012,35,전라북도,60세 이상,경제활동인구,174.3,천명,DT_1DA7015S,행정구역(시도)/연령별 경제활동인구
2013,35,전라북도,60세 이상,경제활동인구,182.2,천명,DT_1DA7015S,행정구역(시도)/연령별 경제활동인구
2014,35,전라북도,60세 이상,경제활동인구,184.1,천명,DT_1DA7015S,행정구역(시도)/연령별 경제활동인구
2015,35,전라북도,60세 이상,경제활동인구,191.7,천명,DT_1DA7015S,행정구역(시도)/연령별 경제활동인구
2016,35,전라북도,60세 이상,경제활동인구,200.9,천명,DT_1DA7015S,행정구역(시도)/연령별 경제활동인구
2017,35,전라북도,60세 이상,경제활동인구,202.9,천명,DT_1DA7015S,행정구역(시도)/연령별 경제활동인구
2018,35,전라북도,60세 이상,경제활동인구,214.5,천명,DT_1DA7015S,행정구역(시도)/연령별 경제활동인구
2019,35,전라북도,60세 이상,경제활동인구,238.4,천명,DT_1DA7015S,행정구역(시도)/연령별 경제활동인구
2020,35,전라북도,60세 이상,경제활동인구,261.9,천명,DT_1DA7015S,행정구역(시도)/연령별 경제활동인구
2021,35,전라북도,60세 이상,경제활동인구,284.3,천명,DT_1DA7015S,행정구역(시도)/연령별 경제활동인구
2022,35,전라북도,60세 이상,경제활동인구,296.9,천명,DT_1DA7015S,행정구역(시도)/연령별 경제활동인구
2023,35,전라북도,60세 이상,경제활동인구,310.7,천명,DT_1DA7015S,행정구역(시도)/연령별 경제활동인구
2024,35,전라북도,60세 이상,경제활동인구,320.7,천명,DT_1DA7015S,행정구역(시도)/연령별 경제활동인구
2025,35,전라북도,60세 이상,경제활동인구,321.6,천명,DT_1DA7015S,행정구역(시도)/연령별 경제활동인구
2010,39,제주도,60세 이상,경제활동인구,47.0,천명,DT_1DA7015S,행정구역(시도)/연령별 경제활동인구
2011,39,제주도,60세 이상,경제활동인구,46.4,천명,DT_1DA7015S,행정구역(시도)/연령별 경제활동인구
2012,39,제주도,60세 이상,경제활동인구,48.3,천명,DT_1DA7015S,행정구역(시도)/연령별 경제활동인구
2013,39,제주도,60세 이상,경제활동인구,51.8,천명,DT_1DA7015S,행정구역(시도)/연령별 경제활동인구
2014,39,제주도,60세 이상,경제활동인구,53.3,천명,DT_1DA7015S,행정구역(시도)/연령별 경제활동인구
2015,39,제주도,60세 이상,경제활동인구,60.6,천명,DT_1DA7015S,행정구역(시도)/연령별 경제활동인구
2016,39,제주도,60세 이상,경제활동인구,65.9,천명,DT_1DA7015S,행정구역(시도)/연령별 경제활동인구
2017,39,제주도,60세 이상,경제활동인구,68.8,천명,DT_1DA7015S,행정구역(시도)/연령별 경제활동인구
2018,39,제주도,60세 이상,경제활동인구,69.4,천명,DT_1DA7015S,행정구역(시도)/연령별 경제활동인구
2019,39,제주도,60세 이상,경제활동인구,79.8,천명,DT_1DA7015S,행정구역(시도)/연령별 경제활동인구
2020,39,제주도,60세 이상,경제활동인구,85.1,천명,DT_1DA7015S,행정구역(시도)/연령별 경제활동인구
2021,39,제주도,60세 이상,경제활동인구,89.7,천명,DT_1DA7015S,행정구역(시도)/연령별 경제활동인구
2022,39,제주도,60세 이상,경제활동인구,95.3,천명,DT_1DA7015S,행정구역(시도)/연령별 경제활동인구
2023,39,제주도,60세 이상,경제활동인구,93.9,천명,DT_1DA7015S,행정구역(시도)/연령별 경제활동인구
2024,39,제주도,60세 이상,경제활동인구,98.8,천명,DT_1DA7015S,행정구역(시도)/연령별 경제활동인구
2025,39,제주도,60세 이상,경제활동인구,107.5,천명,DT_1DA7015S,행정구역(시도)/연령별 경제활동인구
2010,34,충청남도,60세 이상,경제활동인구,165.9,천명,DT_1DA7015S,행정구역(시도)/연령별 경제활동인구
2011,34,충청남도,60세 이상,경제활동인구,177.9,천명,DT_1DA7015S,행정구역(시도)/연령별 경제활동인구
2012,34,충청남도,60세 이상,경제활동인구,190.2,천명,DT_1DA7015S,행정구역(시도)/연령별 경제활동인구
2013,34,충청남도,60세 이상,경제활동인구,206.3,천명,DT_1DA7015S,행정구역(시도)/연령별 경제활동인구
2014,34,충청남도,60세 이상,경제활동인구,208.5,천명,DT_1DA7015S,행정구역(시도)/연령별 경제활동인구
2015,34,충청남도,60세 이상,경제활동인구,208.1,천명,DT_1DA7015S,행정구역(시도)/연령별 경제활동인구
2016,34,충청남도,60세 이상,경제활동인구,214.9,천명,DT_1DA7015S,행정구역(시도)/연령별 경제활동인구
2017,34,충청남도,60세 이상,경제활동인구,220.9,천명,DT_1DA7015S,행정구역(시도)/연령별 경제활동인구
2018,34,충청남도,60세 이상,경제활동인구,246.3,천명,DT_1DA7015S,행정구역(시도)/연령별 경제활동인구
2019,34,충청남도,60세 이상,경제활동인구,255.5,천명,DT_1DA7015S,행정구역(시도)/연령별 경제활동인구
2020,34,충청남도,60세 이상,경제활동인구,272.9,천명,DT_1DA7015S,행정구역(시도)/연령별 경제활동인구
2021,34,충청남도,60세 이상,경제활동인구,290.8,천명,DT_1DA7015S,행정구역(시도)/연령별 경제활동인구
2022,34,충청남도,60세 이상,경제활동인구,317.2,천명,DT_1DA7015S,행정구역(시도)/연령별 경제활동인구
2023,34,충청남도,60세 이상,경제활동인구,342.0,천명,DT_1DA7015S,행정구역(시도)/연령별 경제활동인구
2024,34,충청남도,60세 이상,경제활동인구,348.0,천명,DT_1DA7015S,행정구역(시도)/연령별 경제활동인구
2025,34,충청남도,60세 이상,경제활동인구,359.8,천명,DT_1DA7015S,행정구역(시도)/연령별 경제활동인구
2010,33,충청북도,60세 이상,경제활동인구,104.9,천명,DT_1DA7015S,행정구역(시도)/연령별 경제활동인구
2011,33,충청북도,60세 이상,경제활동인구,110.0,천명,DT_1DA7015S,행정구역(시도)/연령별 경제활동인구
2012,33,충청북도,60세 이상,경제활동인구,113.5,천명,DT_1DA7015S,행정구역(시도)/연령별 경제활동인구
2013,33,충청북도,60세 이상,경제활동인구,117.6,천명,DT_1DA7015S,행정구역(시도)/연령별 경제활동인구
2014,33,충청북도,60세 이상,경제활동인구,129.9,천명,DT_1DA7015S,행정구역(시도)/연령별 경제활동인구
2015,33,충청북도,60세 이상,경제활동인구,136.2,천명,DT_1DA7015S,행정구역(시도)/연령별 경제활동인구
2016,33,충청북도,60세 이상,경제활동인구,140.4,천명,DT_1DA7015S,행정구역(시도)/연령별 경제활동인구
2017,33,충청북도,60세 이상,경제활동인구,147.3,천명,DT_1DA7015S,행정구역(시도)/연령별 경제활동인구
2018,33,충청북도,60세 이상,경제활동인구,167.8,천명,DT_1DA7015S,행정구역(시도)/연령별 경제활동인구
2019,33,충청북도,60세 이상,경제활동인구,184.4,천명,DT_1DA7015S,행정구역(시도)/연령별 경제활동인구
2020,33,충청북도,60세 이상,경제활동인구,198.3,천명,DT_1DA7015S,행정구역(시도)/연령별 경제활동인구
2021,33,충청북도,60세 이상,경제활동인구,211.3,천명,DT_1DA7015S,행정구역(시도)/연령별 경제활동인구
2022,33,충청북도,60세 이상,경제활동인구,236.7,천명,DT_1DA7015S,행정구역(시도)/연령별 경제활동인구
2023,33,충청북도,60세 이상,경제활동인구,253.5,천명,DT_1DA7015S,행정구역(시도)/연령별 경제활동인구
2024,33,충청북도,60세 이상,경제활동인구,262.0,천명,DT_1DA7015S,행정구역(시도)/연령별 경제활동인구
2025,33,충청북도,60세 이상,경제활동인구,277.2,천명,DT_1DA7015S,행정구역(시도)/연령별 경제활동인구
2010,32,강원도,60세 이상,경제활동참가율,36.9,%,DT_1DA7015S,행정구역(시도)/연령별 경제활동인구
2011,32,강원도,60세 이상,경제활동참가율,37.6,%,DT_1DA7015S,행정구역(시도)/연령별 경제활동인구
2012,32,강원도,60세 이상,경제활동참가율,37.8,%,DT_1DA7015S,행정구역(시도)/연령별 경제활동인구
2013,32,강원도,60세 이상,경제활동참가율,36.4,%,DT_1DA7015S,행정구역(시도)/연령별 경제활동인구
2014,32,강원도,60세 이상,경제활동참가율,39.5,%,DT_1DA7015S,행정구역(시도)/연령별 경제활동인구
2015,32,강원도,60세 이상,경제활동참가율,40.9,%,DT_1DA7015S,행정구역(시도)/연령별 경제활동인구
2016,32,강원도,60세 이상,경제활동참가율,41.4,%,DT_1DA7015S,행정구역(시도)/연령별 경제활동인구
2017,32,강원도,60세 이상,경제활동참가율,46.2,%,DT_1DA7015S,행정구역(시도)/연령별 경제활동인구
2018,32,강원도,60세 이상,경제활동참가율,47.5,%,DT_1DA7015S,행정구역(시도)/연령별 경제활동인구
2019,32,강원도,60세 이상,경제활동참가율,50.5,%,DT_1DA7015S,행정구역(시도)/연령별 경제활동인구
2020,32,강원도,60세 이상,경제활동참가율,50.3,%,DT_1DA7015S,행정구역(시도)/연령별 경제활동인구
2021,32,강원도,60세 이상,경제활동참가율,52.5,%,DT_1DA7015S,행정구역(시도)/연령별 경제활동인구
2022,32,강원도,60세 이상,경제활동참가율,52.7,%,DT_1DA7015S,행정구역(시도)/연령별 경제활동인구
2023,32,강원도,60세 이상,경제활동참가율,53.6,%,DT_1DA7015S,행정구역(시도)/연령별 경제활동인구
2024,32,강원도,60세 이상,경제활동참가율,53.1,%,DT_1DA7015S,행정구역(시도)/연령별 경제활동인구
2025,32,강원도,60세 이상,경제활동참가율,56.0,%,DT_1DA7015S,행정구역(시도)/연령별 경제활동인구
2010,31,경기도,60세 이상,경제활동참가율,31.5,%,DT_1DA7015S,행정구역(시도)/연령별 경제활동인구
2011,31,경기도,60세 이상,경제활동참가율,31.5,%,DT_1DA7015S,행정구역(시도)/연령별 경제활동인구
2012,31,경기도,60세 이상,경제활동참가율,33.2,%,DT_1DA7015S,행정구역(시도)/연령별 경제활동인구
2013,31,경기도,60세 이상,경제활동참가율,35.1,%,DT_1DA7015S,행정구역(시도)/연령별 경제활동인구
2014,31,경기도,60세 이상,경제활동참가율,36.5,%,DT_1DA7015S,행정구역(시도)/연령별 경제활동인구
2015,31,경기도,60세 이상,경제활동참가율,36.7,%,DT_1DA7015S,행정구역(시도)/연령별 경제활동인구
2016,31,경기도,60세 이상,경제활동참가율,37.0,%,DT_1DA7015S,행정구역(시도)/연령별 경제활동인구
2017,31,경기도,60세 이상,경제활동참가율,37.3,%,DT_1DA7015S,행정구역(시도)/연령별 경제활동인구
2018,31,경기도,60세 이상,경제활동참가율,37.6,%,DT_1DA7015S,행정구역(시도)/연령별 경제활동인구
2019,31,경기도,60세 이상,경제활동참가율,40.2,%,DT_1DA7015S,행정구역(시도)/연령별 경제활동인구
2020,31,경기도,60세 이상,경제활동참가율,41.1,%,DT_1DA7015S,행정구역(시도)/연령별 경제활동인구
2021,31,경기도,60세 이상,경제활동참가율,42.1,%,DT_1DA7015S,행정구역(시도)/연령별 경제활동인구
2022,31,경기도,60세 이상,경제활동참가율,44.6,%,DT_1DA7015S,행정구역(시도)/연령별 경제활동인구
2023,31,경기도,60세 이상,경제활동참가율,45.0,%,DT_1DA7015S,행정구역(시도)/연령별 경제활동인구
2024,31,경기도,60세 이상,경제활동참가율,45.5,%,DT_1DA7015S,행정구역(시도)/연령별 경제활동인구
2025,31,경기도,60세 이상,경제활동참가율,46.0,%,DT_1DA7015S,행정구역(시도)/연령별 경제활동인구
2010,38,경상남도,60세 이상,경제활동참가율,41.7,%,DT_1DA7015S,행정구역(시도)/연령별 경제활동인구
2011,38,경상남도,60세 이상,경제활동참가율,42.3,%,DT_1DA7015S,행정구역(시도)/연령별 경제활동인구
2012,38,경상남도,60세 이상,경제활동참가율,42.1,%,DT_1DA7015S,행정구역(시도)/연령별 경제활동인구
2013,38,경상남도,60세 이상,경제활동참가율,40.9,%,DT_1DA7015S,행정구역(시도)/연령별 경제활동인구
2014,38,경상남도,60세 이상,경제활동참가율,39.8,%,DT_1DA7015S,행정구역(시도)/연령별 경제활동인구
2015,38,경상남도,60세 이상,경제활동참가율,40.9,%,DT_1DA7015S,행정구역(시도)/연령별 경제활동인구
2016,38,경상남도,60세 이상,경제활동참가율,43.2,%,DT_1DA7015S,행정구역(시도)/연령별 경제활동인구
2017,38,경상남도,60세 이상,경제활동참가율,43.2,%,DT_1DA7015S,행정구역(시도)/연령별 경제활동인구
2018,38,경상남도,60세 이상,경제활동참가율,44.5,%,DT_1DA7015S,행정구역(시도)/연령별 경제활동인구
2019,38,경상남도,60세 이상,경제활동참가율,44.8,%,DT_1DA7015S,행정구역(시도)/연령별 경제활동인구
2020,38,경상남도,60세 이상,경제활동참가율,47.9,%,DT_1DA7015S,행정구역(시도)/연령별 경제활동인구
2021,38,경상남도,60세 이상,경제활동참가율,50.0,%,DT_1DA7015S,행정구역(시도)/연령별 경제활동인구
2022,38,경상남도,60세 이상,경제활동참가율,50.5,%,DT_1DA7015S,행정구역(시도)/연령별 경제활동인구
2023,38,경상남도,60세 이상,경제활동참가율,49.4,%,DT_1DA7015S,행정구역(시도)/연령별 경제활동인구
2024,38,경상남도,60세 이상,경제활동참가율,50.2,%,DT_1DA7015S,행정구역(시도)/연령별 경제활동인구
2025,38,경상남도,60세 이상,경제활동참가율,51.1,%,DT_1DA7015S,행정구역(시도)/연령별 경제활동인구
2010,37,경상북도,60세 이상,경제활동참가율,50.6,%,DT_1DA7015S,행정구역(시도)/연령별 경제활동인구
2011,37,경상북도,60세 이상,경제활동참가율,50.9,%,DT_1DA7015S,행정구역(시도)/연령별 경제활동인구
2012,37,경상북도,60세 이상,경제활동참가율,49.9,%,DT_1DA7015S,행정구역(시도)/연령별 경제활동인구
2013,37,경상북도,60세 이상,경제활동참가율,49.9,%,DT_1DA7015S,행정구역(시도)/연령별 경제활동인구
2014,37,경상북도,60세 이상,경제활동참가율,50.5,%,DT_1DA7015S,행정구역(시도)/연령별 경제활동인구
2015,37,경상북도,60세 이상,경제활동참가율,49.6,%,DT_1DA7015S,행정구역(시도)/연령별 경제활동인구
2016,37,경상북도,60세 이상,경제활동참가율,49.9,%,DT_1DA7015S,행정구역(시도)/연령별 경제활동인구
2017,37,경상북도,60세 이상,경제활동참가율,49.5,%,DT_1DA7015S,행정구역(시도)/연령별 경제활동인구
2018,37,경상북도,60세 이상,경제활동참가율,49.8,%,DT_1DA7015S,행정구역(시도)/연령별 경제활동인구
2019,37,경상북도,60세 이상,경제활동참가율,50.7,%,DT_1DA7015S,행정구역(시도)/연령별 경제활동인구
2020,37,경상북도,60세 이상,경제활동참가율,52.5,%,DT_1DA7015S,행정구역(시도)/연령별 경제활동인구
2021,37,경상북도,60세 이상,경제활동참가율,54.1,%,DT_1DA7015S,행정구역(시도)/연령별 경제활동인구
2022,37,경상북도,60세 이상,경제활동참가율,54.6,%,DT_1DA7015S,행정구역(시도)/연령별 경제활동인구
2023,37,경상북도,60세 이상,경제활동참가율,56.6,%,DT_1DA7015S,행정구역(시도)/연령별 경제활동인구
2024,37,경상북도,60세 이상,경제활동참가율,57.2,%,DT_1DA7015S,행정구역(시도)/연령별 경제활동인구
2025,37,경상북도,60세 이상,경제활동참가율,58.0,%,DT_1DA7015S,행정구역(시도)/연령별 경제활동인구
2010,24,광주광역시,60세 이상,경제활동참가율,32.9,%,DT_1DA7015S,행정구역(시도)/연령별 경제활동인구
2011,24,광주광역시,60세 이상,경제활동참가율,32.2,%,DT_1DA7015S,행정구역(시도)/연령별 경제활동인구
2012,24,광주광역시,60세 이상,경제활동참가율,32.2,%,DT_1DA7015S,행정구역(시도)/연령별 경제활동인구
2013,24,광주광역시,60세 이상,경제활동참가율,34.6,%,DT_1DA7015S,행정구역(시도)/연령별 경제활동인구
2014,24,광주광역시,60세 이상,경제활동참가율,36.6,%,DT_1DA7015S,행정구역(시도)/연령별 경제활동인구
2015,24,광주광역시,60세 이상,경제활동참가율,36.6,%,DT_1DA7015S,행정구역(시도)/연령별 경제활동인구
2016,24,광주광역시,60세 이상,경제활동참가율,38.2,%,DT_1DA7015S,행정구역(시도)/연령별 경제활동인구
2017,24,광주광역시,60세 이상,경제활동참가율,38.8,%,DT_1DA7015S,행정구역(시도)/연령별 경제활동인구
2018,24,광주광역시,60세 이상,경제활동참가율,38.4,%,DT_1DA7015S,행정구역(시도)/연령별 경제활동인구
2019,24,광주광역시,60세 이상,경제활동참가율,39.7,%,DT_1DA7015S,행정구역(시도)/연령별 경제활동인구
2020,24,광주광역시,60세 이상,경제활동참가율,41.1,%,DT_1DA7015S,행정구역(시도)/연령별 경제활동인구
2021,24,광주광역시,60세 이상,경제활동참가율,41.1,%,DT_1DA7015S,행정구역(시도)/연령별 경제활동인구
2022,24,광주광역시,60세 이상,경제활동참가율,41.5,%,DT_1DA7015S,행정구역(시도)/연령별 경제활동인구
2023,24,광주광역시,60세 이상,경제활동참가율,44.0,%,DT_1DA7015S,행정구역(시도)/연령별 경제활동인구
2024,24,광주광역시,60세 이상,경제활동참가율,46.2,%,DT_1DA7015S,행정구역(시도)/연령별 경제활동인구
2025,24,광주광역시,60세 이상,경제활동참가율,47.9,%,DT_1DA7015S,행정구역(시도)/연령별 경제활동인구
2010,22,대구광역시,60세 이상,경제활동참가율,30.7,%,DT_1DA7015S,행정구역(시도)/연령별 경제활동인구
2011,22,대구광역시,60세 이상,경제활동참가율,33.6,%,DT_1DA7015S,행정구역(시도)/연령별 경제활동인구
2012,22,대구광역시,60세 이상,경제활동참가율,35.4,%,DT_1DA7015S,행정구역(시도)/연령별 경제활동인구
2013,22,대구광역시,60세 이상,경제활동참가율,34.9,%,DT_1DA7015S,행정구역(시도)/연령별 경제활동인구
2014,22,대구광역시,60세 이상,경제활동참가율,36.0,%,DT_1DA7015S,행정구역(시도)/연령별 경제활동인구
2015,22,대구광역시,60세 이상,경제활동참가율,35.8,%,DT_1DA7015S,행정구역(시도)/연령별 경제활동인구
2016,22,대구광역시,60세 이상,경제활동참가율,37.2,%,DT_1DA7015S,행정구역(시도)/연령별 경제활동인구
2017,22,대구광역시,60세 이상,경제활동참가율,38.0,%,DT_1DA7015S,행정구역(시도)/연령별 경제활동인구
2018,22,대구광역시,60세 이상,경제활동참가율,39.2,%,DT_1DA7015S,행정구역(시도)/연령별 경제활동인구
2019,22,대구광역시,60세 이상,경제활동참가율,39.6,%,DT_1DA7015S,행정구역(시도)/연령별 경제활동인구
2020,22,대구광역시,60세 이상,경제활동참가율,39.7,%,DT_1DA7015S,행정구역(시도)/연령별 경제활동인구
2021,22,대구광역시,60세 이상,경제활동참가율,39.7,%,DT_1DA7015S,행정구역(시도)/연령별 경제활동인구
2022,22,대구광역시,60세 이상,경제활동참가율,40.6,%,DT_1DA7015S,행정구역(시도)/연령별 경제활동인구
2023,22,대구광역시,60세 이상,경제활동참가율,42.6,%,DT_1DA7015S,행정구역(시도)/연령별 경제활동인구
2024,22,대구광역시,60세 이상,경제활동참가율,42.6,%,DT_1DA7015S,행정구역(시도)/연령별 경제활동인구
2025,22,대구광역시,60세 이상,경제활동참가율,42.3,%,DT_1DA7015S,행정구역(시도)/연령별 경제활동인구
2010,25,대전광역시,60세 이상,경제활동참가율,30.3,%,DT_1DA7015S,행정구역(시도)/연령별 경제활동인구
2011,25,대전광역시,60세 이상,경제활동참가율,31.5,%,DT_1DA7015S,행정구역(시도)/연령별 경제활동인구
2012,25,대전광역시,60세 이상,경제활동참가율,33.0,%,DT_1DA7015S,행정구역(시도)/연령별 경제활동인구
2013,25,대전광역시,60세 이상,경제활동참가율,32.8,%,DT_1DA7015S,행정구역(시도)/연령별 경제활동인구
2014,25,대전광역시,60세 이상,경제활동참가율,33.6,%,DT_1DA7015S,행정구역(시도)/연령별 경제활동인구
2015,25,대전광역시,60세 이상,경제활동참가율,36.5,%,DT_1DA7015S,행정구역(시도)/연령별 경제활동인구
2016,25,대전광역시,60세 이상,경제활동참가율,37.8,%,DT_1DA7015S,행정구역(시도)/연령별 경제활동인구
2017,25,대전광역시,60세 이상,경제활동참가율,38.2,%,DT_1DA7015S,행정구역(시도)/연령별 경제활동인구
2018,25,대전광역시,60세 이상,경제활동참가율,38.5,%,DT_1DA7015S,행정구역(시도)/연령별 경제활동인구
2019,25,대전광역시,60세 이상,경제활동참가율,41.2,%,DT_1DA7015S,행정구역(시도)/연령별 경제활동인구
2020,25,대전광역시,60세 이상,경제활동참가율,43.1,%,DT_1DA7015S,행정구역(시도)/연령별 경제활동인구
2021,25,대전광역시,60세 이상,경제활동참가율,43.0,%,DT_1DA7015S,행정구역(시도)/연령별 경제활동인구
2022,25,대전광역시,60세 이상,경제활동참가율,43.3,%,DT_1DA7015S,행정구역(시도)/연령별 경제활동인구
2023,25,대전광역시,60세 이상,경제활동참가율,45.0,%,DT_1DA7015S,행정구역(시도)/연령별 경제활동인구
2024,25,대전광역시,60세 이상,경제활동참가율,44.0,%,DT_1DA7015S,행정구역(시도)/연령별 경제활동인구
2025,25,대전광역시,60세 이상,경제활동참가율,46.7,%,DT_1DA7015S,행정구역(시도)/연령별 경제활동인구
2010,21,부산광역시,60세 이상,경제활동참가율,29.7,%,DT_1DA7015S,행정구역(시도)/연령별 경제활동인구
2011,21,부산광역시,60세 이상,경제활동참가율,30.7,%,DT_1DA7015S,행정구역(시도)/연령별 경제활동인구
2012,21,부산광역시,60세 이상,경제활동참가율,32.2,%,DT_1DA7015S,행정구역(시도)/연령별 경제활동인구
2013,21,부산광역시,60세 이상,경제활동참가율,33.7,%,DT_1DA7015S,행정구역(시도)/연령별 경제활동인구
2014,21,부산광역시,60세 이상,경제활동참가율,34.4,%,DT_1DA7015S,행정구역(시도)/연령별 경제활동인구
2015,21,부산광역시,60세 이상,경제활동참가율,35.5,%,DT_1DA7015S,행정구역(시도)/연령별 경제활동인구
2016,21,부산광역시,60세 이상,경제활동참가율,36.8,%,DT_1DA7015S,행정구역(시도)/연령별 경제활동인구
2017,21,부산광역시,60세 이상,경제활동참가율,37.0,%,DT_1DA7015S,행정구역(시도)/연령별 경제활동인구
2018,21,부산광역시,60세 이상,경제활동참가율,36.9,%,DT_1DA7015S,행정구역(시도)/연령별 경제활동인구
2019,21,부산광역시,60세 이상,경제활동참가율,37.1,%,DT_1DA7015S,행정구역(시도)/연령별 경제활동인구
2020,21,부산광역시,60세 이상,경제활동참가율,38.2,%,DT_1DA7015S,행정구역(시도)/연령별 경제활동인구
2021,21,부산광역시,60세 이상,경제활동참가율,39.1,%,DT_1DA7015S,행정구역(시도)/연령별 경제활동인구
2022,21,부산광역시,60세 이상,경제활동참가율,40.3,%,DT_1DA7015S,행정구역(시도)/연령별 경제활동인구
2023,21,부산광역시,60세 이상,경제활동참가율,40.5,%,DT_1DA7015S,행정구역(시도)/연령별 경제활동인구
2024,21,부산광역시,60세 이상,경제활동참가율,40.3,%,DT_1DA7015S,행정구역(시도)/연령별 경제활동인구
2025,21,부산광역시,60세 이상,경제활동참가율,41.2,%,DT_1DA7015S,행정구역(시도)/연령별 경제활동인구
2010,11,서울특별시,60세 이상,경제활동참가율,34.0,%,DT_1DA7015S,행정구역(시도)/연령별 경제활동인구
2011,11,서울특별시,60세 이상,경제활동참가율,34.8,%,DT_1DA7015S,행정구역(시도)/연령별 경제활동인구
2012,11,서울특별시,60세 이상,경제활동참가율,35.5,%,DT_1DA7015S,행정구역(시도)/연령별 경제활동인구
2013,11,서울특별시,60세 이상,경제활동참가율,35.3,%,DT_1DA7015S,행정구역(시도)/연령별 경제활동인구
2014,11,서울특별시,60세 이상,경제활동참가율,37.0,%,DT_1DA7015S,행정구역(시도)/연령별 경제활동인구
2015,11,서울특별시,60세 이상,경제활동참가율,36.6,%,DT_1DA7015S,행정구역(시도)/연령별 경제활동인구
2016,11,서울특별시,60세 이상,경제활동참가율,36.6,%,DT_1DA7015S,행정구역(시도)/연령별 경제활동인구
2017,11,서울특별시,60세 이상,경제활동참가율,37.7,%,DT_1DA7015S,행정구역(시도)/연령별 경제활동인구
2018,11,서울특별시,60세 이상,경제활동참가율,36.7,%,DT_1DA7015S,행정구역(시도)/연령별 경제활동인구
2019,11,서울특별시,60세 이상,경제활동참가율,38.6,%,DT_1DA7015S,행정구역(시도)/연령별 경제활동인구
2020,11,서울특별시,60세 이상,경제활동참가율,38.7,%,DT_1DA7015S,행정구역(시도)/연령별 경제활동인구
2021,11,서울특별시,60세 이상,경제활동참가율,36.9,%,DT_1DA7015S,행정구역(시도)/연령별 경제활동인구
2022,11,서울특별시,60세 이상,경제활동참가율,37.0,%,DT_1DA7015S,행정구역(시도)/연령별 경제활동인구
2023,11,서울특별시,60세 이상,경제활동참가율,38.2,%,DT_1DA7015S,행정구역(시도)/연령별 경제활동인구
2024,11,서울특별시,60세 이상,경제활동참가율,40.0,%,DT_1DA7015S,행정구역(시도)/연령별 경제활동인구
2025,11,서울특별시,60세 이상,경제활동참가율,41.2,%,DT_1DA7015S,행정구역(시도)/연령별 경제활동인구
2017,29,세종특별자치시,60세 이상,경제활동참가율,42.2,%,DT_1DA7015S,행정구역(시도)/연령별 경제활동인구
2018,29,세종특별자치시,60세 이상,경제활동참가율,39.4,%,DT_1DA7015S,행정구역(시도)/연령별 경제활동인구
2019,29,세종특별자치시,60세 이상,경제활동참가율,41.4,%,DT_1DA7015S,행정구역(시도)/연령별 경제활동인구
2020,29,세종특별자치시,60세 이상,경제활동참가율,41.3,%,DT_1DA7015S,행정구역(시도)/연령별 경제활동인구
2021,29,세종특별자치시,60세 이상,경제활동참가율,43.0,%,DT_1DA7015S,행정구역(시도)/연령별 경제활동인구
2022,29,세종특별자치시,60세 이상,경제활동참가율,46.7,%,DT_1DA7015S,행정구역(시도)/연령별 경제활동인구
2023,29,세종특별자치시,60세 이상,경제활동참가율,50.2,%,DT_1DA7015S,행정구역(시도)/연령별 경제활동인구
2024,29,세종특별자치시,60세 이상,경제활동참가율,48.0,%,DT_1DA7015S,행정구역(시도)/연령별 경제활동인구
2025,29,세종특별자치시,60세 이상,경제활동참가율,49.6,%,DT_1DA7015S,행정구역(시도)/연령별 경제활동인구
2010,26,울산광역시,60세 이상,경제활동참가율,36.1,%,DT_1DA7015S,행정구역(시도)/연령별 경제활동인구
2011,26,울산광역시,60세 이상,경제활동참가율,34.1,%,DT_1DA7015S,행정구역(시도)/연령별 경제활동인구
2012,26,울산광역시,60세 이상,경제활동참가율,36.8,%,DT_1DA7015S,행정구역(시도)/연령별 경제활동인구
2013,26,울산광역시,60세 이상,경제활동참가율,37.7,%,DT_1DA7015S,행정구역(시도)/연령별 경제활동인구
2014,26,울산광역시,60세 이상,경제활동참가율,37.2,%,DT_1DA7015S,행정구역(시도)/연령별 경제활동인구
2015,26,울산광역시,60세 이상,경제활동참가율,37.6,%,DT_1DA7015S,행정구역(시도)/연령별 경제활동인구
2016,26,울산광역시,60세 이상,경제활동참가율,39.9,%,DT_1DA7015S,행정구역(시도)/연령별 경제활동인구
2017,26,울산광역시,60세 이상,경제활동참가율,38.1,%,DT_1DA7015S,행정구역(시도)/연령별 경제활동인구
2018,26,울산광역시,60세 이상,경제활동참가율,37.6,%,DT_1DA7015S,행정구역(시도)/연령별 경제활동인구
2019,26,울산광역시,60세 이상,경제활동참가율,38.7,%,DT_1DA7015S,행정구역(시도)/연령별 경제활동인구
2020,26,울산광역시,60세 이상,경제활동참가율,40.0,%,DT_1DA7015S,행정구역(시도)/연령별 경제활동인구
2021,26,울산광역시,60세 이상,경제활동참가율,39.0,%,DT_1DA7015S,행정구역(시도)/연령별 경제활동인구
2022,26,울산광역시,60세 이상,경제활동참가율,41.5,%,DT_1DA7015S,행정구역(시도)/연령별 경제활동인구
2023,26,울산광역시,60세 이상,경제활동참가율,42.4,%,DT_1DA7015S,행정구역(시도)/연령별 경제활동인구
2024,26,울산광역시,60세 이상,경제활동참가율,42.6,%,DT_1DA7015S,행정구역(시도)/연령별 경제활동인구
2025,26,울산광역시,60세 이상,경제활동참가율,41.2,%,DT_1DA7015S,행정구역(시도)/연령별 경제활동인구
2010,23,인천광역시,60세 이상,경제활동참가율,34.7,%,DT_1DA7015S,행정구역(시도)/연령별 경제활동인구
2011,23,인천광역시,60세 이상,경제활동참가율,34.7,%,DT_1DA7015S,행정구역(시도)/연령별 경제활동인구
2012,23,인천광역시,60세 이상,경제활동참가율,38.4,%,DT_1DA7015S,행정구역(시도)/연령별 경제활동인구
2013,23,인천광역시,60세 이상,경제활동참가율,40.2,%,DT_1DA7015S,행정구역(시도)/연령별 경제활동인구
2014,23,인천광역시,60세 이상,경제활동참가율,40.5,%,DT_1DA7015S,행정구역(시도)/연령별 경제활동인구
2015,23,인천광역시,60세 이상,경제활동참가율,41.0,%,DT_1DA7015S,행정구역(시도)/연령별 경제활동인구
2016,23,인천광역시,60세 이상,경제활동참가율,39.8,%,DT_1DA7015S,행정구역(시도)/연령별 경제활동인구
2017,23,인천광역시,60세 이상,경제활동참가율,39.7,%,DT_1DA7015S,행정구역(시도)/연령별 경제활동인구
2018,23,인천광역시,60세 이상,경제활동참가율,41.0,%,DT_1DA7015S,행정구역(시도)/연령별 경제활동인구
2019,23,인천광역시,60세 이상,경제활동참가율,41.0,%,DT_1DA7015S,행정구역(시도)/연령별 경제활동인구
2020,23,인천광역시,60세 이상,경제활동참가율,42.7,%,DT_1DA7015S,행정구역(시도)/연령별 경제활동인구
2021,23,인천광역시,60세 이상,경제활동참가율,43.1,%,DT_1DA7015S,행정구역(시도)/연령별 경제활동인구
2022,23,인천광역시,60세 이상,경제활동참가율,43.6,%,DT_1DA7015S,행정구역(시도)/연령별 경제활동인구
2023,23,인천광역시,60세 이상,경제활동참가율,45.4,%,DT_1DA7015S,행정구역(시도)/연령별 경제활동인구
2024,23,인천광역시,60세 이상,경제활동참가율,47.2,%,DT_1DA7015S,행정구역(시도)/연령별 경제활동인구
2025,23,인천광역시,60세 이상,경제활동참가율,48.5,%,DT_1DA7015S,행정구역(시도)/연령별 경제활동인구
2010,36,전라남도,60세 이상,경제활동참가율,52.9,%,DT_1DA7015S,행정구역(시도)/연령별 경제활동인구
2011,36,전라남도,60세 이상,경제활동참가율,52.6,%,DT_1DA7015S,행정구역(시도)/연령별 경제활동인구
2012,36,전라남도,60세 이상,경제활동참가율,54.0,%,DT_1DA7015S,행정구역(시도)/연령별 경제활동인구
2013,36,전라남도,60세 이상,경제활동참가율,52.8,%,DT_1DA7015S,행정구역(시도)/연령별 경제활동인구
2014,36,전라남도,60세 이상,경제활동참가율,52.4,%,DT_1DA7015S,행정구역(시도)/연령별 경제활동인구
2015,36,전라남도,60세 이상,경제활동참가율,52.1,%,DT_1DA7015S,행정구역(시도)/연령별 경제활동인구
2016,36,전라남도,60세 이상,경제활동참가율,53.4,%,DT_1DA7015S,행정구역(시도)/연령별 경제활동인구
2017,36,전라남도,60세 이상,경제활동참가율,54.5,%,DT_1DA7015S,행정구역(시도)/연령별 경제활동인구
2018,36,전라남도,60세 이상,경제활동참가율,53.2,%,DT_1DA7015S,행정구역(시도)/연령별 경제활동인구
2019,36,전라남도,60세 이상,경제활동참가율,54.2,%,DT_1DA7015S,행정구역(시도)/연령별 경제활동인구
2020,36,전라남도,60세 이상,경제활동참가율,55.3,%,DT_1DA7015S,행정구역(시도)/연령별 경제활동인구
2021,36,전라남도,60세 이상,경제활동참가율,57.5,%,DT_1DA7015S,행정구역(시도)/연령별 경제활동인구
2022,36,전라남도,60세 이상,경제활동참가율,59.2,%,DT_1DA7015S,행정구역(시도)/연령별 경제활동인구
2023,36,전라남도,60세 이상,경제활동참가율,60.5,%,DT_1DA7015S,행정구역(시도)/연령별 경제활동인구
2024,36,전라남도,60세 이상,경제활동참가율,60.3,%,DT_1DA7015S,행정구역(시도)/연령별 경제활동인구
2025,36,전라남도,60세 이상,경제활동참가율,59.5,%,DT_1DA7015S,행정구역(시도)/연령별 경제활동인구
2010,35,전라북도,60세 이상,경제활동참가율,43.3,%,DT_1DA7015S,행정구역(시도)/연령별 경제활동인구
2011,35,전라북도,60세 이상,경제활동참가율,44.1,%,DT_1DA7015S,행정구역(시도)/연령별 경제활동인구
2012,35,전라북도,60세 이상,경제활동참가율,43.9,%,DT_1DA7015S,행정구역(시도)/연령별 경제활동인구
2013,35,전라북도,60세 이상,경제활동참가율,45.1,%,DT_1DA7015S,행정구역(시도)/연령별 경제활동인구
2014,35,전라북도,60세 이상,경제활동참가율,44.4,%,DT_1DA7015S,행정구역(시도)/연령별 경제활동인구
2015,35,전라북도,60세 이상,경제활동참가율,44.8,%,DT_1DA7015S,행정구역(시도)/연령별 경제활동인구
2016,35,전라북도,60세 이상,경제활동참가율,45.5,%,DT_1DA7015S,행정구역(시도)/연령별 경제활동인구
2017,35,전라북도,60세 이상,경제활동참가율,44.5,%,DT_1DA7015S,행정구역(시도)/연령별 경제활동인구
2018,35,전라북도,60세 이상,경제활동참가율,45.5,%,DT_1DA7015S,행정구역(시도)/연령별 경제활동인구
2019,35,전라북도,60세 이상,경제활동참가율,48.9,%,DT_1DA7015S,행정구역(시도)/연령별 경제활동인구
2020,35,전라북도,60세 이상,경제활동참가율,51.6,%,DT_1DA7015S,행정구역(시도)/연령별 경제활동인구
2021,35,전라북도,60세 이상,경제활동참가율,53.8,%,DT_1DA7015S,행정구역(시도)/연령별 경제활동인구
2022,35,전라북도,60세 이상,경제활동참가율,54.4,%,DT_1DA7015S,행정구역(시도)/연령별 경제활동인구
2023,35,전라북도,60세 이상,경제활동참가율,55.4,%,DT_1DA7015S,행정구역(시도)/연령별 경제활동인구
2024,35,전라북도,60세 이상,경제활동참가율,56.0,%,DT_1DA7015S,행정구역(시도)/연령별 경제활동인구
2025,35,전라북도,60세 이상,경제활동참가율,54.9,%,DT_1DA7015S,행정구역(시도)/연령별 경제활동인구
2010,39,제주도,60세 이상,경제활동참가율,50.9,%,DT_1DA7015S,행정구역(시도)/연령별 경제활동인구
2011,39,제주도,60세 이상,경제활동참가율,48.7,%,DT_1DA7015S,행정구역(시도)/연령별 경제활동인구
2012,39,제주도,60세 이상,경제활동참가율,49.1,%,DT_1DA7015S,행정구역(시도)/연령별 경제활동인구
2013,39,제주도,60세 이상,경제활동참가율,50.9,%,DT_1DA7015S,행정구역(시도)/연령별 경제활동인구
2014,39,제주도,60세 이상,경제활동참가율,50.4,%,DT_1DA7015S,행정구역(시도)/연령별 경제활동인구
2015,39,제주도,60세 이상,경제활동참가율,54.3,%,DT_1DA7015S,행정구역(시도)/연령별 경제활동인구
2016,39,제주도,60세 이상,경제활동참가율,55.7,%,DT_1DA7015S,행정구역(시도)/연령별 경제활동인구
2017,39,제주도,60세 이상,경제활동참가율,55.1,%,DT_1DA7015S,행정구역(시도)/연령별 경제활동인구
2018,39,제주도,60세 이상,경제활동참가율,52.7,%,DT_1DA7015S,행정구역(시도)/연령별 경제활동인구
2019,39,제주도,60세 이상,경제활동참가율,57.5,%,DT_1DA7015S,행정구역(시도)/연령별 경제활동인구
2020,39,제주도,60세 이상,경제활동참가율,58.4,%,DT_1DA7015S,행정구역(시도)/연령별 경제활동인구
2021,39,제주도,60세 이상,경제활동참가율,58.7,%,DT_1DA7015S,행정구역(시도)/연령별 경제활동인구
2022,39,제주도,60세 이상,경제활동참가율,59.6,%,DT_1DA7015S,행정구역(시도)/연령별 경제활동인구
2023,39,제주도,60세 이상,경제활동참가율,56.3,%,DT_1DA7015S,행정구역(시도)/연령별 경제활동인구
2024,39,제주도,60세 이상,경제활동참가율,57.1,%,DT_1DA7015S,행정구역(시도)/연령별 경제활동인구
2025,39,제주도,60세 이상,경제활동참가율,60.2,%,DT_1DA7015S,행정구역(시도)/연령별 경제활동인구
2010,34,충청남도,60세 이상,경제활동참가율,40.9,%,DT_1DA7015S,행정구역(시도)/연령별 경제활동인구
2011,34,충청남도,60세 이상,경제활동참가율,42.9,%,DT_1DA7015S,행정구역(시도)/연령별 경제활동인구
2012,34,충청남도,60세 이상,경제활동참가율,44.6,%,DT_1DA7015S,행정구역(시도)/연령별 경제활동인구
2013,34,충청남도,60세 이상,경제활동참가율,47.2,%,DT_1DA7015S,행정구역(시도)/연령별 경제활동인구
2014,34,충청남도,60세 이상,경제활동참가율,46.4,%,DT_1DA7015S,행정구역(시도)/연령별 경제활동인구
2015,34,충청남도,60세 이상,경제활동참가율,44.4,%,DT_1DA7015S,행정구역(시도)/연령별 경제활동인구
2016,34,충청남도,60세 이상,경제활동참가율,43.8,%,DT_1DA7015S,행정구역(시도)/연령별 경제활동인구
2017,34,충청남도,60세 이상,경제활동참가율,46.2,%,DT_1DA7015S,행정구역(시도)/연령별 경제활동인구
2018,34,충청남도,60세 이상,경제활동참가율,49.4,%,DT_1DA7015S,행정구역(시도)/연령별 경제활동인구
2019,34,충청남도,60세 이상,경제활동참가율,49.2,%,DT_1DA7015S,행정구역(시도)/연령별 경제활동인구
2020,34,충청남도,60세 이상,경제활동참가율,50.2,%,DT_1DA7015S,행정구역(시도)/연령별 경제활동인구
2021,34,충청남도,60세 이상,경제활동참가율,50.9,%,DT_1DA7015S,행정구역(시도)/연령별 경제활동인구
2022,34,충청남도,60세 이상,경제활동참가율,53.1,%,DT_1DA7015S,행정구역(시도)/연령별 경제활동인구
2023,34,충청남도,60세 이상,경제활동참가율,55.2,%,DT_1DA7015S,행정구역(시도)/연령별 경제활동인구
2024,34,충청남도,60세 이상,경제활동참가율,54.4,%,DT_1DA7015S,행정구역(시도)/연령별 경제활동인구
2025,34,충청남도,60세 이상,경제활동참가율,54.3,%,DT_1DA7015S,행정구역(시도)/연령별 경제활동인구
2010,33,충청북도,60세 이상,경제활동참가율,39.0,%,DT_1DA7015S,행정구역(시도)/연령별 경제활동인구
2011,33,충청북도,60세 이상,경제활동참가율,39.9,%,DT_1DA7015S,행정구역(시도)/연령별 경제활동인구
2012,33,충청북도,60세 이상,경제활동참가율,40.0,%,DT_1DA7015S,행정구역(시도)/연령별 경제활동인구
2013,33,충청북도,60세 이상,경제활동참가율,40.2,%,DT_1DA7015S,행정구역(시도)/연령별 경제활동인구
2014,33,충청북도,60세 이상,경제활동참가율,42.9,%,DT_1DA7015S,행정구역(시도)/연령별 경제활동인구
2015,33,충청북도,60세 이상,경제활동참가율,43.1,%,DT_1DA7015S,행정구역(시도)/연령별 경제활동인구
2016,33,충청북도,60세 이상,경제활동참가율,42.5,%,DT_1DA7015S,행정구역(시도)/연령별 경제활동인구
2017,33,충청북도,60세 이상,경제활동참가율,42.4,%,DT_1DA7015S,행정구역(시도)/연령별 경제활동인구
2018,33,충청북도,60세 이상,경제활동참가율,46.0,%,DT_1DA7015S,행정구역(시도)/연령별 경제활동인구
2019,33,충청북도,60세 이상,경제활동참가율,48.1,%,DT_1DA7015S,행정구역(시도)/연령별 경제활동인구
2020,33,충청북도,60세 이상,경제활동참가율,49.2,%,DT_1DA7015S,행정구역(시도)/연령별 경제활동인구
2021,33,충청북도,60세 이상,경제활동참가율,49.6,%,DT_1DA7015S,행정구역(시도)/연령별 경제활동인구
2022,33,충청북도,60세 이상,경제활동참가율,53.0,%,DT_1DA7015S,행정구역(시도)/연령별 경제활동인구
2023,33,충청북도,60세 이상,경제활동참가율,54.6,%,DT_1DA7015S,행정구역(시도)/연령별 경제활동인구
2024,33,충청북도,60세 이상,경제활동참가율,54.8,%,DT_1DA7015S,행정구역(시도)/연령별 경제활동인구
2025,33,충청북도,60세 이상,경제활동참가율,56.1,%,DT_1DA7015S,행정구역(시도)/연령별 경제활동인구
2010,32,강원도,60세 이상,고용률,36.1,%,DT_1DA7015S,행정구역(시도)/연령별 경제활동인구
2011,32,강원도,60세 이상,고용률,36.9,%,DT_1DA7015S,행정구역(시도)/연령별 경제활동인구
2012,32,강원도,60세 이상,고용률,37.1,%,DT_1DA7015S,행정구역(시도)/연령별 경제활동인구
2013,32,강원도,60세 이상,고용률,35.6,%,DT_1DA7015S,행정구역(시도)/연령별 경제활동인구
2014,32,강원도,60세 이상,고용률,38.7,%,DT_1DA7015S,행정구역(시도)/연령별 경제활동인구
2015,32,강원도,60세 이상,고용률,39.8,%,DT_1DA7015S,행정구역(시도)/연령별 경제활동인구
2016,32,강원도,60세 이상,고용률,40.6,%,DT_1DA7015S,행정구역(시도)/연령별 경제활동인구
2017,32,강원도,60세 이상,고용률,45.2,%,DT_1DA7015S,행정구역(시도)/연령별 경제활동인구
2018,32,강원도,60세 이상,고용률,45.5,%,DT_1DA7015S,행정구역(시도)/연령별 경제활동인구
2019,32,강원도,60세 이상,고용률,48.1,%,DT_1DA7015S,행정구역(시도)/연령별 경제활동인구
2020,32,강원도,60세 이상,고용률,47.8,%,DT_1DA7015S,행정구역(시도)/연령별 경제활동인구
2021,32,강원도,60세 이상,고용률,50.1,%,DT_1DA7015S,행정구역(시도)/연령별 경제활동인구
2022,32,강원도,60세 이상,고용률,50.6,%,DT_1DA7015S,행정구역(시도)/연령별 경제활동인구
2023,32,강원도,60세 이상,고용률,51.6,%,DT_1DA7015S,행정구역(시도)/연령별 경제활동인구
2024,32,강원도,60세 이상,고용률,51.1,%,DT_1DA7015S,행정구역(시도)/연령별 경제활동인구
2025,32,강원도,60세 이상,고용률,54.0,%,DT_1DA7015S,행정구역(시도)/연령별 경제활동인구
2010,31,경기도,60세 이상,고용률,30.3,%,DT_1DA7015S,행정구역(시도)/연령별 경제활동인구
2011,31,경기도,60세 이상,고용률,30.1,%,DT_1DA7015S,행정구역(시도)/연령별 경제활동인구
2012,31,경기도,60세 이상,고용률,32.1,%,DT_1DA7015S,행정구역(시도)/연령별 경제활동인구
2013,31,경기도,60세 이상,고용률,34.5,%,DT_1DA7015S,행정구역(시도)/연령별 경제활동인구
2014,31,경기도,60세 이상,고용률,35.6,%,DT_1DA7015S,행정구역(시도)/연령별 경제활동인구
2015,31,경기도,60세 이상,고용률,35.5,%,DT_1DA7015S,행정구역(시도)/연령별 경제활동인구
2016,31,경기도,60세 이상,고용률,35.7,%,DT_1DA7015S,행정구역(시도)/연령별 경제활동인구
2017,31,경기도,60세 이상,고용률,35.9,%,DT_1DA7015S,행정구역(시도)/연령별 경제활동인구
2018,31,경기도,60세 이상,고용률,36.3,%,DT_1DA7015S,행정구역(시도)/연령별 경제활동인구
2019,31,경기도,60세 이상,고용률,38.6,%,DT_1DA7015S,행정구역(시도)/연령별 경제활동인구
2020,31,경기도,60세 이상,고용률,39.6,%,DT_1DA7015S,행정구역(시도)/연령별 경제활동인구
2021,31,경기도,60세 이상,고용률,40.3,%,DT_1DA7015S,행정구역(시도)/연령별 경제활동인구
2022,31,경기도,60세 이상,고용률,43.5,%,DT_1DA7015S,행정구역(시도)/연령별 경제활동인구
2023,31,경기도,60세 이상,고용률,43.9,%,DT_1DA7015S,행정구역(시도)/연령별 경제활동인구
2024,31,경기도,60세 이상,고용률,44.2,%,DT_1DA7015S,행정구역(시도)/연령별 경제활동인구
2025,31,경기도,60세 이상,고용률,44.8,%,DT_1DA7015S,행정구역(시도)/연령별 경제활동인구
2010,38,경상남도,60세 이상,고용률,41.2,%,DT_1DA7015S,행정구역(시도)/연령별 경제활동인구
2011,38,경상남도,60세 이상,고용률,42.0,%,DT_1DA7015S,행정구역(시도)/연령별 경제활동인구
2012,38,경상남도,60세 이상,고용률,41.7,%,DT_1DA7015S,행정구역(시도)/연령별 경제활동인구
2013,38,경상남도,60세 이상,고용률,40.5,%,DT_1DA7015S,행정구역(시도)/연령별 경제활동인구
2014,38,경상남도,60세 이상,고용률,39.2,%,DT_1DA7015S,행정구역(시도)/연령별 경제활동인구
2015,38,경상남도,60세 이상,고용률,40.4,%,DT_1DA7015S,행정구역(시도)/연령별 경제활동인구
2016,38,경상남도,60세 이상,고용률,42.5,%,DT_1DA7015S,행정구역(시도)/연령별 경제활동인구
2017,38,경상남도,60세 이상,고용률,42.3,%,DT_1DA7015S,행정구역(시도)/연령별 경제활동인구
2018,38,경상남도,60세 이상,고용률,43.5,%,DT_1DA7015S,행정구역(시도)/연령별 경제활동인구
2019,38,경상남도,60세 이상,고용률,43.6,%,DT_1DA7015S,행정구역(시도)/연령별 경제활동인구
2020,38,경상남도,60세 이상,고용률,46.6,%,DT_1DA7015S,행정구역(시도)/연령별 경제활동인구
2021,38,경상남도,60세 이상,고용률,48.4,%,DT_1DA7015S,행정구역(시도)/연령별 경제활동인구
2022,38,경상남도,60세 이상,고용률,49.0,%,DT_1DA7015S,행정구역(시도)/연령별 경제활동인구
2023,38,경상남도,60세 이상,고용률,48.1,%,DT_1DA7015S,행정구역(시도)/연령별 경제활동인구
2024,38,경상남도,60세 이상,고용률,49.0,%,DT_1DA7015S,행정구역(시도)/연령별 경제활동인구
2025,38,경상남도,60세 이상,고용률,50.1,%,DT_1DA7015S,행정구역(시도)/연령별 경제활동인구
2010,37,경상북도,60세 이상,고용률,49.8,%,DT_1DA7015S,행정구역(시도)/연령별 경제활동인구
2011,37,경상북도,60세 이상,고용률,50.2,%,DT_1DA7015S,행정구역(시도)/연령별 경제활동인구
2012,37,경상북도,60세 이상,고용률,49.1,%,DT_1DA7015S,행정구역(시도)/연령별 경제활동인구
2013,37,경상북도,60세 이상,고용률,49.2,%,DT_1DA7015S,행정구역(시도)/연령별 경제활동인구
2014,37,경상북도,60세 이상,고용률,49.8,%,DT_1DA7015S,행정구역(시도)/연령별 경제활동인구
2015,37,경상북도,60세 이상,고용률,48.9,%,DT_1DA7015S,행정구역(시도)/연령별 경제활동인구
2016,37,경상북도,60세 이상,고용률,49.1,%,DT_1DA7015S,행정구역(시도)/연령별 경제활동인구
2017,37,경상북도,60세 이상,고용률,48.7,%,DT_1DA7015S,행정구역(시도)/연령별 경제활동인구
2018,37,경상북도,60세 이상,고용률,48.3,%,DT_1DA7015S,행정구역(시도)/연령별 경제활동인구
2019,37,경상북도,60세 이상,고용률,49.0,%,DT_1DA7015S,행정구역(시도)/연령별 경제활동인구
2020,37,경상북도,60세 이상,고용률,50.7,%,DT_1DA7015S,행정구역(시도)/연령별 경제활동인구
2021,37,경상북도,60세 이상,고용률,52.7,%,DT_1DA7015S,행정구역(시도)/연령별 경제활동인구
2022,37,경상북도,60세 이상,고용률,53.4,%,DT_1DA7015S,행정구역(시도)/연령별 경제활동인구
2023,37,경상북도,60세 이상,고용률,55.5,%,DT_1DA7015S,행정구역(시도)/연령별 경제활동인구
2024,37,경상북도,60세 이상,고용률,55.8,%,DT_1DA7015S,행정구역(시도)/연령별 경제활동인구
2025,37,경상북도,60세 이상,고용률,56.7,%,DT_1DA7015S,행정구역(시도)/연령별 경제활동인구
2010,24,광주광역시,60세 이상,고용률,31.5,%,DT_1DA7015S,행정구역(시도)/연령별 경제활동인구
2011,24,광주광역시,60세 이상,고용률,31.5,%,DT_1DA7015S,행정구역(시도)/연령별 경제활동인구
2012,24,광주광역시,60세 이상,고용률,31.4,%,DT_1DA7015S,행정구역(시도)/연령별 경제활동인구
2013,24,광주광역시,60세 이상,고용률,33.8,%,DT_1DA7015S,행정구역(시도)/연령별 경제활동인구
2014,24,광주광역시,60세 이상,고용률,35.4,%,DT_1DA7015S,행정구역(시도)/연령별 경제활동인구
2015,24,광주광역시,60세 이상,고용률,35.9,%,DT_1DA7015S,행정구역(시도)/연령별 경제활동인구
2016,24,광주광역시,60세 이상,고용률,37.1,%,DT_1DA7015S,행정구역(시도)/연령별 경제활동인구
2017,24,광주광역시,60세 이상,고용률,37.9,%,DT_1DA7015S,행정구역(시도)/연령별 경제활동인구
2018,24,광주광역시,60세 이상,고용률,37.2,%,DT_1DA7015S,행정구역(시도)/연령별 경제활동인구
2019,24,광주광역시,60세 이상,고용률,38.6,%,DT_1DA7015S,행정구역(시도)/연령별 경제활동인구
2020,24,광주광역시,60세 이상,고용률,39.8,%,DT_1DA7015S,행정구역(시도)/연령별 경제활동인구
2021,24,광주광역시,60세 이상,고용률,39.4,%,DT_1DA7015S,행정구역(시도)/연령별 경제활동인구
2022,24,광주광역시,60세 이상,고용률,40.3,%,DT_1DA7015S,행정구역(시도)/연령별 경제활동인구
2023,24,광주광역시,60세 이상,고용률,42.5,%,DT_1DA7015S,행정구역(시도)/연령별 경제활동인구
2024,24,광주광역시,60세 이상,고용률,44.4,%,DT_1DA7015S,행정구역(시도)/연령별 경제활동인구
2025,24,광주광역시,60세 이상,고용률,46.4,%,DT_1DA7015S,행정구역(시도)/연령별 경제활동인구
2010,22,대구광역시,60세 이상,고용률,29.4,%,DT_1DA7015S,행정구역(시도)/연령별 경제활동인구
2011,22,대구광역시,60세 이상,고용률,32.9,%,DT_1DA7015S,행정구역(시도)/연령별 경제활동인구
2012,22,대구광역시,60세 이상,고용률,34.6,%,DT_1DA7015S,행정구역(시도)/연령별 경제활동인구
2013,22,대구광역시,60세 이상,고용률,34.1,%,DT_1DA7015S,행정구역(시도)/연령별 경제활동인구
2014,22,대구광역시,60세 이상,고용률,35.2,%,DT_1DA7015S,행정구역(시도)/연령별 경제활동인구
2015,22,대구광역시,60세 이상,고용률,34.9,%,DT_1DA7015S,행정구역(시도)/연령별 경제활동인구
2016,22,대구광역시,60세 이상,고용률,35.8,%,DT_1DA7015S,행정구역(시도)/연령별 경제활동인구
2017,22,대구광역시,60세 이상,고용률,36.7,%,DT_1DA7015S,행정구역(시도)/연령별 경제활동인구
2018,22,대구광역시,60세 이상,고용률,37.8,%,DT_1DA7015S,행정구역(시도)/연령별 경제활동인구
2019,22,대구광역시,60세 이상,고용률,38.4,%,DT_1DA7015S,행정구역(시도)/연령별 경제활동인구
2020,22,대구광역시,60세 이상,고용률,38.5,%,DT_1DA7015S,행정구역(시도)/연령별 경제활동인구
2021,22,대구광역시,60세 이상,고용률,37.9,%,DT_1DA7015S,행정구역(시도)/연령별 경제활동인구
2022,22,대구광역시,60세 이상,고용률,39.4,%,DT_1DA7015S,행정구역(시도)/연령별 경제활동인구
2023,22,대구광역시,60세 이상,고용률,40.9,%,DT_1DA7015S,행정구역(시도)/연령별 경제활동인구
2024,22,대구광역시,60세 이상,고용률,41.2,%,DT_1DA7015S,행정구역(시도)/연령별 경제활동인구
2025,22,대구광역시,60세 이상,고용률,41.0,%,DT_1DA7015S,행정구역(시도)/연령별 경제활동인구
2010,25,대전광역시,60세 이상,고용률,29.1,%,DT_1DA7015S,행정구역(시도)/연령별 경제활동인구
2011,25,대전광역시,60세 이상,고용률,30.5,%,DT_1DA7015S,행정구역(시도)/연령별 경제활동인구
2012,25,대전광역시,60세 이상,고용률,32.2,%,DT_1DA7015S,행정구역(시도)/연령별 경제활동인구
2013,25,대전광역시,60세 이상,고용률,31.9,%,DT_1DA7015S,행정구역(시도)/연령별 경제활동인구
2014,25,대전광역시,60세 이상,고용률,32.3,%,DT_1DA7015S,행정구역(시도)/연령별 경제활동인구
2015,25,대전광역시,60세 이상,고용률,35.4,%,DT_1DA7015S,행정구역(시도)/연령별 경제활동인구
2016,25,대전광역시,60세 이상,고용률,36.9,%,DT_1DA7015S,행정구역(시도)/연령별 경제활동인구
2017,25,대전광역시,60세 이상,고용률,36.9,%,DT_1DA7015S,행정구역(시도)/연령별 경제활동인구
2018,25,대전광역시,60세 이상,고용률,37.2,%,DT_1DA7015S,행정구역(시도)/연령별 경제활동인구
2019,25,대전광역시,60세 이상,고용률,39.5,%,DT_1DA7015S,행정구역(시도)/연령별 경제활동인구
2020,25,대전광역시,60세 이상,고용률,41.3,%,DT_1DA7015S,행정구역(시도)/연령별 경제활동인구
2021,25,대전광역시,60세 이상,고용률,41.4,%,DT_1DA7015S,행정구역(시도)/연령별 경제활동인구
2022,25,대전광역시,60세 이상,고용률,42.1,%,DT_1DA7015S,행정구역(시도)/연령별 경제활동인구
2023,25,대전광역시,60세 이상,고용률,43.5,%,DT_1DA7015S,행정구역(시도)/연령별 경제활동인구
2024,25,대전광역시,60세 이상,고용률,42.4,%,DT_1DA7015S,행정구역(시도)/연령별 경제활동인구
2025,25,대전광역시,60세 이상,고용률,45.3,%,DT_1DA7015S,행정구역(시도)/연령별 경제활동인구
2010,21,부산광역시,60세 이상,고용률,28.8,%,DT_1DA7015S,행정구역(시도)/연령별 경제활동인구
2011,21,부산광역시,60세 이상,고용률,29.8,%,DT_1DA7015S,행정구역(시도)/연령별 경제활동인구
2012,21,부산광역시,60세 이상,고용률,31.2,%,DT_1DA7015S,행정구역(시도)/연령별 경제활동인구
2013,21,부산광역시,60세 이상,고용률,32.8,%,DT_1DA7015S,행정구역(시도)/연령별 경제활동인구
2014,21,부산광역시,60세 이상,고용률,33.6,%,DT_1DA7015S,행정구역(시도)/연령별 경제활동인구
2015,21,부산광역시,60세 이상,고용률,34.5,%,DT_1DA7015S,행정구역(시도)/연령별 경제활동인구
2016,21,부산광역시,60세 이상,고용률,35.7,%,DT_1DA7015S,행정구역(시도)/연령별 경제활동인구
2017,21,부산광역시,60세 이상,고용률,35.7,%,DT_1DA7015S,행정구역(시도)/연령별 경제활동인구
2018,21,부산광역시,60세 이상,고용률,35.9,%,DT_1DA7015S,행정구역(시도)/연령별 경제활동인구
2019,21,부산광역시,60세 이상,고용률,35.6,%,DT_1DA7015S,행정구역(시도)/연령별 경제활동인구
2020,21,부산광역시,60세 이상,고용률,36.8,%,DT_1DA7015S,행정구역(시도)/연령별 경제활동인구
2021,21,부산광역시,60세 이상,고용률,37.8,%,DT_1DA7015S,행정구역(시도)/연령별 경제활동인구
2022,21,부산광역시,60세 이상,고용률,39.2,%,DT_1DA7015S,행정구역(시도)/연령별 경제활동인구
2023,21,부산광역시,60세 이상,고용률,39.5,%,DT_1DA7015S,행정구역(시도)/연령별 경제활동인구
2024,21,부산광역시,60세 이상,고용률,39.0,%,DT_1DA7015S,행정구역(시도)/연령별 경제활동인구
2025,21,부산광역시,60세 이상,고용률,39.9,%,DT_1DA7015S,행정구역(시도)/연령별 경제활동인구
2010,11,서울특별시,60세 이상,고용률,32.5,%,DT_1DA7015S,행정구역(시도)/연령별 경제활동인구
2011,11,서울특별시,60세 이상,고용률,33.4,%,DT_1DA7015S,행정구역(시도)/연령별 경제활동인구
2012,11,서울특별시,60세 이상,고용률,34.2,%,DT_1DA7015S,행정구역(시도)/연령별 경제활동인구
2013,11,서울특별시,60세 이상,고용률,34.5,%,DT_1DA7015S,행정구역(시도)/연령별 경제활동인구
2014,11,서울특별시,60세 이상,고용률,35.9,%,DT_1DA7015S,행정구역(시도)/연령별 경제활동인구
2015,11,서울특별시,60세 이상,고용률,35.4,%,DT_1DA7015S,행정구역(시도)/연령별 경제활동인구
2016,11,서울특별시,60세 이상,고용률,35.5,%,DT_1DA7015S,행정구역(시도)/연령별 경제활동인구
2017,11,서울특별시,60세 이상,고용률,36.4,%,DT_1DA7015S,행정구역(시도)/연령별 경제활동인구
2018,11,서울특별시,60세 이상,고용률,35.2,%,DT_1DA7015S,행정구역(시도)/연령별 경제활동인구
2019,11,서울특별시,60세 이상,고용률,36.9,%,DT_1DA7015S,행정구역(시도)/연령별 경제활동인구
2020,11,서울특별시,60세 이상,고용률,36.9,%,DT_1DA7015S,행정구역(시도)/연령별 경제활동인구
2021,11,서울특별시,60세 이상,고용률,35.1,%,DT_1DA7015S,행정구역(시도)/연령별 경제활동인구
2022,11,서울특별시,60세 이상,고용률,35.7,%,DT_1DA7015S,행정구역(시도)/연령별 경제활동인구
2023,11,서울특별시,60세 이상,고용률,37.2,%,DT_1DA7015S,행정구역(시도)/연령별 경제활동인구
2024,11,서울특별시,60세 이상,고용률,38.7,%,DT_1DA7015S,행정구역(시도)/연령별 경제활동인구
2025,11,서울특별시,60세 이상,고용률,40.0,%,DT_1DA7015S,행정구역(시도)/연령별 경제활동인구
2017,29,세종특별자치시,60세 이상,고용률,41.7,%,DT_1DA7015S,행정구역(시도)/연령별 경제활동인구
2018,29,세종특별자치시,60세 이상,고용률,38.4,%,DT_1DA7015S,행정구역(시도)/연령별 경제활동인구
2019,29,세종특별자치시,60세 이상,고용률,40.5,%,DT_1DA7015S,행정구역(시도)/연령별 경제활동인구
2020,29,세종특별자치시,60세 이상,고용률,39.9,%,DT_1DA7015S,행정구역(시도)/연령별 경제활동인구
2021,29,세종특별자치시,60세 이상,고용률,41.9,%,DT_1DA7015S,행정구역(시도)/연령별 경제활동인구
2022,29,세종특별자치시,60세 이상,고용률,45.5,%,DT_1DA7015S,행정구역(시도)/연령별 경제활동인구
2023,29,세종특별자치시,60세 이상,고용률,49.2,%,DT_1DA7015S,행정구역(시도)/연령별 경제활동인구
2024,29,세종특별자치시,60세 이상,고용률,46.7,%,DT_1DA7015S,행정구역(시도)/연령별 경제활동인구
2025,29,세종특별자치시,60세 이상,고용률,47.6,%,DT_1DA7015S,행정구역(시도)/연령별 경제활동인구
2010,26,울산광역시,60세 이상,고용률,34.0,%,DT_1DA7015S,행정구역(시도)/연령별 경제활동인구
2011,26,울산광역시,60세 이상,고용률,32.7,%,DT_1DA7015S,행정구역(시도)/연령별 경제활동인구
2012,26,울산광역시,60세 이상,고용률,35.5,%,DT_1DA7015S,행정구역(시도)/연령별 경제활동인구
2013,26,울산광역시,60세 이상,고용률,37.1,%,DT_1DA7015S,행정구역(시도)/연령별 경제활동인구
2014,26,울산광역시,60세 이상,고용률,36.2,%,DT_1DA7015S,행정구역(시도)/연령별 경제활동인구
2015,26,울산광역시,60세 이상,고용률,36.4,%,DT_1DA7015S,행정구역(시도)/연령별 경제활동인구
2016,26,울산광역시,60세 이상,고용률,38.6,%,DT_1DA7015S,행정구역(시도)/연령별 경제활동인구
2017,26,울산광역시,60세 이상,고용률,36.8,%,DT_1DA7015S,행정구역(시도)/연령별 경제활동인구
2018,26,울산광역시,60세 이상,고용률,35.4,%,DT_1DA7015S,행정구역(시도)/연령별 경제활동인구
2019,26,울산광역시,60세 이상,고용률,36.6,%,DT_1DA7015S,행정구역(시도)/연령별 경제활동인구
2020,26,울산광역시,60세 이상,고용률,38.2,%,DT_1DA7015S,행정구역(시도)/연령별 경제활동인구
2021,26,울산광역시,60세 이상,고용률,36.9,%,DT_1DA7015S,행정구역(시도)/연령별 경제활동인구
2022,26,울산광역시,60세 이상,고용률,39.8,%,DT_1DA7015S,행정구역(시도)/연령별 경제활동인구
2023,26,울산광역시,60세 이상,고용률,40.5,%,DT_1DA7015S,행정구역(시도)/연령별 경제활동인구
2024,26,울산광역시,60세 이상,고용률,40.8,%,DT_1DA7015S,행정구역(시도)/연령별 경제활동인구
2025,26,울산광역시,60세 이상,고용률,39.8,%,DT_1DA7015S,행정구역(시도)/연령별 경제활동인구
2010,23,인천광역시,60세 이상,고용률,33.0,%,DT_1DA7015S,행정구역(시도)/연령별 경제활동인구
2011,23,인천광역시,60세 이상,고용률,33.2,%,DT_1DA7015S,행정구역(시도)/연령별 경제활동인구
2012,23,인천광역시,60세 이상,고용률,36.7,%,DT_1DA7015S,행정구역(시도)/연령별 경제활동인구
2013,23,인천광역시,60세 이상,고용률,38.9,%,DT_1DA7015S,행정구역(시도)/연령별 경제활동인구
2014,23,인천광역시,60세 이상,고용률,38.9,%,DT_1DA7015S,행정구역(시도)/연령별 경제활동인구
2015,23,인천광역시,60세 이상,고용률,38.9,%,DT_1DA7015S,행정구역(시도)/연령별 경제활동인구
2016,23,인천광역시,60세 이상,고용률,37.4,%,DT_1DA7015S,행정구역(시도)/연령별 경제활동인구
2017,23,인천광역시,60세 이상,고용률,37.8,%,DT_1DA7015S,행정구역(시도)/연령별 경제활동인구
2018,23,인천광역시,60세 이상,고용률,38.8,%,DT_1DA7015S,행정구역(시도)/연령별 경제활동인구
2019,23,인천광역시,60세 이상,고용률,38.9,%,DT_1DA7015S,행정구역(시도)/연령별 경제활동인구
2020,23,인천광역시,60세 이상,고용률,40.5,%,DT_1DA7015S,행정구역(시도)/연령별 경제활동인구
2021,23,인천광역시,60세 이상,고용률,40.9,%,DT_1DA7015S,행정구역(시도)/연령별 경제활동인구
2022,23,인천광역시,60세 이상,고용률,41.9,%,DT_1DA7015S,행정구역(시도)/연령별 경제활동인구
2023,23,인천광역시,60세 이상,고용률,44.1,%,DT_1DA7015S,행정구역(시도)/연령별 경제활동인구
2024,23,인천광역시,60세 이상,고용률,45.7,%,DT_1DA7015S,행정구역(시도)/연령별 경제활동인구
2025,23,인천광역시,60세 이상,고용률,46.6,%,DT_1DA7015S,행정구역(시도)/연령별 경제활동인구
2010,36,전라남도,60세 이상,고용률,52.4,%,DT_1DA7015S,행정구역(시도)/연령별 경제활동인구
2011,36,전라남도,60세 이상,고용률,51.9,%,DT_1DA7015S,행정구역(시도)/연령별 경제활동인구
2012,36,전라남도,60세 이상,고용률,53.5,%,DT_1DA7015S,행정구역(시도)/연령별 경제활동인구
2013,36,전라남도,60세 이상,고용률,52.3,%,DT_1DA7015S,행정구역(시도)/연령별 경제활동인구
2014,36,전라남도,60세 이상,고용률,51.5,%,DT_1DA7015S,행정구역(시도)/연령별 경제활동인구
2015,36,전라남도,60세 이상,고용률,51.2,%,DT_1DA7015S,행정구역(시도)/연령별 경제활동인구
2016,36,전라남도,60세 이상,고용률,52.3,%,DT_1DA7015S,행정구역(시도)/연령별 경제활동인구
2017,36,전라남도,60세 이상,고용률,53.3,%,DT_1DA7015S,행정구역(시도)/연령별 경제활동인구
2018,36,전라남도,60세 이상,고용률,52.5,%,DT_1DA7015S,행정구역(시도)/연령별 경제활동인구
2019,36,전라남도,60세 이상,고용률,53.4,%,DT_1DA7015S,행정구역(시도)/연령별 경제활동인구
2020,36,전라남도,60세 이상,고용률,54.1,%,DT_1DA7015S,행정구역(시도)/연령별 경제활동인구
2021,36,전라남도,60세 이상,고용률,56.1,%,DT_1DA7015S,행정구역(시도)/연령별 경제활동인구
2022,36,전라남도,60세 이상,고용률,58.1,%,DT_1DA7015S,행정구역(시도)/연령별 경제활동인구
2023,36,전라남도,60세 이상,고용률,59.4,%,DT_1DA7015S,행정구역(시도)/연령별 경제활동인구
2024,36,전라남도,60세 이상,고용률,58.3,%,DT_1DA7015S,행정구역(시도)/연령별 경제활동인구
2025,36,전라남도,60세 이상,고용률,57.4,%,DT_1DA7015S,행정구역(시도)/연령별 경제활동인구
2010,35,전라북도,60세 이상,고용률,42.8,%,DT_1DA7015S,행정구역(시도)/연령별 경제활동인구
2011,35,전라북도,60세 이상,고용률,43.8,%,DT_1DA7015S,행정구역(시도)/연령별 경제활동인구
2012,35,전라북도,60세 이상,고용률,43.6,%,DT_1DA7015S,행정구역(시도)/연령별 경제활동인구
2013,35,전라북도,60세 이상,고용률,44.6,%,DT_1DA7015S,행정구역(시도)/연령별 경제활동인구
2014,35,전라북도,60세 이상,고용률,43.8,%,DT_1DA7015S,행정구역(시도)/연령별 경제활동인구
2015,35,전라북도,60세 이상,고용률,44.2,%,DT_1DA7015S,행정구역(시도)/연령별 경제활동인구
2016,35,전라북도,60세 이상,고용률,45.1,%,DT_1DA7015S,행정구역(시도)/연령별 경제활동인구
2017,35,전라북도,60세 이상,고용률,44.1,%,DT_1DA7015S,행정구역(시도)/연령별 경제활동인구
2018,35,전라북도,60세 이상,고용률,45.1,%,DT_1DA7015S,행정구역(시도)/연령별 경제활동인구
2019,35,전라북도,60세 이상,고용률,48.4,%,DT_1DA7015S,행정구역(시도)/연령별 경제활동인구
2020,35,전라북도,60세 이상,고용률,50.9,%,DT_1DA7015S,행정구역(시도)/연령별 경제활동인구
2021,35,전라북도,60세 이상,고용률,52.6,%,DT_1DA7015S,행정구역(시도)/연령별 경제활동인구
2022,35,전라북도,60세 이상,고용률,53.2,%,DT_1DA7015S,행정구역(시도)/연령별 경제활동인구
2023,35,전라북도,60세 이상,고용률,54.4,%,DT_1DA7015S,행정구역(시도)/연령별 경제활동인구
2024,35,전라북도,60세 이상,고용률,54.7,%,DT_1DA7015S,행정구역(시도)/연령별 경제활동인구
2025,35,전라북도,60세 이상,고용률,53.3,%,DT_1DA7015S,행정구역(시도)/연령별 경제활동인구
2010,39,제주도,60세 이상,고용률,50.3,%,DT_1DA7015S,행정구역(시도)/연령별 경제활동인구
2011,39,제주도,60세 이상,고용률,48.3,%,DT_1DA7015S,행정구역(시도)/연령별 경제활동인구
2012,39,제주도,60세 이상,고용률,48.8,%,DT_1DA7015S,행정구역(시도)/연령별 경제활동인구
2013,39,제주도,60세 이상,고용률,50.7,%,DT_1DA7015S,행정구역(시도)/연령별 경제활동인구
2014,39,제주도,60세 이상,고용률,50.0,%,DT_1DA7015S,행정구역(시도)/연령별 경제활동인구
2015,39,제주도,60세 이상,고용률,53.1,%,DT_1DA7015S,행정구역(시도)/연령별 경제활동인구
2016,39,제주도,60세 이상,고용률,54.7,%,DT_1DA7015S,행정구역(시도)/연령별 경제활동인구
2017,39,제주도,60세 이상,고용률,54.1,%,DT_1DA7015S,행정구역(시도)/연령별 경제활동인구
2018,39,제주도,60세 이상,고용률,51.5,%,DT_1DA7015S,행정구역(시도)/연령별 경제활동인구
2019,39,제주도,60세 이상,고용률,56.3,%,DT_1DA7015S,행정구역(시도)/연령별 경제활동인구
2020,39,제주도,60세 이상,고용률,57.1,%,DT_1DA7015S,행정구역(시도)/연령별 경제활동인구
2021,39,제주도,60세 이상,고용률,56.8,%,DT_1DA7015S,행정구역(시도)/연령별 경제활동인구
2022,39,제주도,60세 이상,고용률,58.5,%,DT_1DA7015S,행정구역(시도)/연령별 경제활동인구
2023,39,제주도,60세 이상,고용률,55.3,%,DT_1DA7015S,행정구역(시도)/연령별 경제활동인구
2024,39,제주도,60세 이상,고용률,56.0,%,DT_1DA7015S,행정구역(시도)/연령별 경제활동인구
2025,39,제주도,60세 이상,고용률,58.6,%,DT_1DA7015S,행정구역(시도)/연령별 경제활동인구
2010,34,충청남도,60세 이상,고용률,40.2,%,DT_1DA7015S,행정구역(시도)/연령별 경제활동인구
2011,34,충청남도,60세 이상,고용률,42.5,%,DT_1DA7015S,행정구역(시도)/연령별 경제활동인구
2012,34,충청남도,60세 이상,고용률,44.0,%,DT_1DA7015S,행정구역(시도)/연령별 경제활동인구
2013,34,충청남도,60세 이상,고용률,46.5,%,DT_1DA7015S,행정구역(시도)/연령별 경제활동인구
2014,34,충청남도,60세 이상,고용률,45.4,%,DT_1DA7015S,행정구역(시도)/연령별 경제활동인구
2015,34,충청남도,60세 이상,고용률,43.4,%,DT_1DA7015S,행정구역(시도)/연령별 경제활동인구
2016,34,충청남도,60세 이상,고용률,42.7,%,DT_1DA7015S,행정구역(시도)/연령별 경제활동인구
2017,34,충청남도,60세 이상,고용률,45.6,%,DT_1DA7015S,행정구역(시도)/연령별 경제활동인구
2018,34,충청남도,60세 이상,고용률,48.4,%,DT_1DA7015S,행정구역(시도)/연령별 경제활동인구
2019,34,충청남도,60세 이상,고용률,48.6,%,DT_1DA7015S,행정구역(시도)/연령별 경제활동인구
2020,34,충청남도,60세 이상,고용률,49.0,%,DT_1DA7015S,행정구역(시도)/연령별 경제활동인구
2021,34,충청남도,60세 이상,고용률,50.2,%,DT_1DA7015S,행정구역(시도)/연령별 경제활동인구
2022,34,충청남도,60세 이상,고용률,52.1,%,DT_1DA7015S,행정구역(시도)/연령별 경제활동인구
2023,34,충청남도,60세 이상,고용률,54.2,%,DT_1DA7015S,행정구역(시도)/연령별 경제활동인구
2024,34,충청남도,60세 이상,고용률,52.9,%,DT_1DA7015S,행정구역(시도)/연령별 경제활동인구
2025,34,충청남도,60세 이상,고용률,52.9,%,DT_1DA7015S,행정구역(시도)/연령별 경제활동인구
2010,33,충청북도,60세 이상,고용률,38.4,%,DT_1DA7015S,행정구역(시도)/연령별 경제활동인구
2011,33,충청북도,60세 이상,고용률,39.4,%,DT_1DA7015S,행정구역(시도)/연령별 경제활동인구
2012,33,충청북도,60세 이상,고용률,39.4,%,DT_1DA7015S,행정구역(시도)/연령별 경제활동인구
2013,33,충청북도,60세 이상,고용률,39.7,%,DT_1DA7015S,행정구역(시도)/연령별 경제활동인구
2014,33,충청북도,60세 이상,고용률,42.0,%,DT_1DA7015S,행정구역(시도)/연령별 경제활동인구
2015,33,충청북도,60세 이상,고용률,42.1,%,DT_1DA7015S,행정구역(시도)/연령별 경제활동인구
2016,33,충청북도,60세 이상,고용률,41.8,%,DT_1DA7015S,행정구역(시도)/연령별 경제활동인구
2017,33,충청북도,60세 이상,고용률,41.8,%,DT_1DA7015S,행정구역(시도)/연령별 경제활동인구
2018,33,충청북도,60세 이상,고용률,45.2,%,DT_1DA7015S,행정구역(시도)/연령별 경제활동인구
2019,33,충청북도,60세 이상,고용률,46.9,%,DT_1DA7015S,행정구역(시도)/연령별 경제활동인구
2020,33,충청북도,60세 이상,고용률,47.6,%,DT_1DA7015S,행정구역(시도)/연령별 경제활동인구
2021,33,충청북도,60세 이상,고용률,48.2,%,DT_1DA7015S,행정구역(시도)/연령별 경제활동인구
2022,33,충청북도,60세 이상,고용률,51.8,%,DT_1DA7015S,행정구역(시도)/연령별 경제활동인구
2023,33,충청북도,60세 이상,고용률,53.2,%,DT_1DA7015S,행정구역(시도)/연령별 경제활동인구
2024,33,충청북도,60세 이상,고용률,53.6,%,DT_1DA7015S,행정구역(시도)/연령별 경제활동인구
2025,33,충청북도,60세 이상,고용률,54.6,%,DT_1DA7015S,행정구역(시도)/연령별 경제활동인구
2010,32,강원도,60세 이상,비경제활동인구,185.0,천명,DT_1DA7015S,행정구역(시도)/연령별 경제활동인구
2011,32,강원도,60세 이상,비경제활동인구,186.5,천명,DT_1DA7015S,행정구역(시도)/연령별 경제활동인구
2012,32,강원도,60세 이상,비경제활동인구,192.1,천명,DT_1DA7015S,행정구역(시도)/연령별 경제활동인구
2013,32,강원도,60세 이상,비경제활동인구,203.0,천명,DT_1DA7015S,행정구역(시도)/연령별 경제활동인구
2014,32,강원도,60세 이상,비경제활동인구,199.9,천명,DT_1DA7015S,행정구역(시도)/연령별 경제활동인구
2015,32,강원도,60세 이상,비경제활동인구,203.9,천명,DT_1DA7015S,행정구역(시도)/연령별 경제활동인구
2016,32,강원도,60세 이상,비경제활동인구,210.8,천명,DT_1DA7015S,행정구역(시도)/연령별 경제활동인구
2017,32,강원도,60세 이상,비경제활동인구,202.7,천명,DT_1DA7015S,행정구역(시도)/연령별 경제활동인구
2018,32,강원도,60세 이상,비경제활동인구,208.2,천명,DT_1DA7015S,행정구역(시도)/연령별 경제활동인구
2019,32,강원도,60세 이상,비경제활동인구,205.4,천명,DT_1DA7015S,행정구역(시도)/연령별 경제활동인구
2020,32,강원도,60세 이상,비경제활동인구,217.5,천명,DT_1DA7015S,행정구역(시도)/연령별 경제활동인구
2021,32,강원도,60세 이상,비경제활동인구,218.7,천명,DT_1DA7015S,행정구역(시도)/연령별 경제활동인구
2022,32,강원도,60세 이상,비경제활동인구,227.8,천명,DT_1DA7015S,행정구역(시도)/연령별 경제활동인구
2023,32,강원도,60세 이상,비경제활동인구,231.7,천명,DT_1DA7015S,행정구역(시도)/연령별 경제활동인구
2024,32,강원도,60세 이상,비경제활동인구,240.3,천명,DT_1DA7015S,행정구역(시도)/연령별 경제활동인구
2025,32,강원도,60세 이상,비경제활동인구,231.6,천명,DT_1DA7015S,행정구역(시도)/연령별 경제활동인구
2010,31,경기도,60세 이상,비경제활동인구,965.1,천명,DT_1DA7015S,행정구역(시도)/연령별 경제활동인구
2011,31,경기도,60세 이상,비경제활동인구,1008.3,천명,DT_1DA7015S,행정구역(시도)/연령별 경제활동인구
2012,31,경기도,60세 이상,비경제활동인구,1035.7,천명,DT_1DA7015S,행정구역(시도)/연령별 경제활동인구
2013,31,경기도,60세 이상,비경제활동인구,1060.3,천명,DT_1DA7015S,행정구역(시도)/연령별 경제활동인구
2014,31,경기도,60세 이상,비경제활동인구,1097.8,천명,DT_1DA7015S,행정구역(시도)/연령별 경제활동인구
2015,31,경기도,60세 이상,비경제활동인구,1171.5,천명,DT_1DA7015S,행정구역(시도)/연령별 경제활동인구
2016,31,경기도,60세 이상,비경제활동인구,1247.0,천명,DT_1DA7015S,행정구역(시도)/연령별 경제활동인구
2017,31,경기도,60세 이상,비경제활동인구,1327.7,천명,DT_1DA7015S,행정구역(시도)/연령별 경제활동인구
2018,31,경기도,60세 이상,비경제활동인구,1414.2,천명,DT_1DA7015S,행정구역(시도)/연령별 경제활동인구
2019,31,경기도,60세 이상,비경제활동인구,1456.9,천명,DT_1DA7015S,행정구역(시도)/연령별 경제활동인구
2020,31,경기도,60세 이상,비경제활동인구,1541.8,천명,DT_1DA7015S,행정구역(시도)/연령별 경제활동인구
2021,31,경기도,60세 이상,비경제활동인구,1626.3,천명,DT_1DA7015S,행정구역(시도)/연령별 경제활동인구
2022,31,경기도,60세 이상,비경제활동인구,1651.3,천명,DT_1DA7015S,행정구역(시도)/연령별 경제활동인구
2023,31,경기도,60세 이상,비경제활동인구,1721.8,천명,DT_1DA7015S,행정구역(시도)/연령별 경제활동인구
2024,31,경기도,60세 이상,비경제활동인구,1791.1,천명,DT_1DA7015S,행정구역(시도)/연령별 경제활동인구
2025,31,경기도,60세 이상,비경제활동인구,1864.7,천명,DT_1DA7015S,행정구역(시도)/연령별 경제활동인구
2010,38,경상남도,60세 이상,비경제활동인구,307.8,천명,DT_1DA7015S,행정구역(시도)/연령별 경제활동인구
2011,38,경상남도,60세 이상,비경제활동인구,313.8,천명,DT_1DA7015S,행정구역(시도)/연령별 경제활동인구
2012,38,경상남도,60세 이상,비경제활동인구,326.1,천명,DT_1DA7015S,행정구역(시도)/연령별 경제활동인구
2013,38,경상남도,60세 이상,비경제활동인구,343.8,천명,DT_1DA7015S,행정구역(시도)/연령별 경제활동인구
2014,38,경상남도,60세 이상,비경제활동인구,363.2,천명,DT_1DA7015S,행정구역(시도)/연령별 경제활동인구
2015,38,경상남도,60세 이상,비경제활동인구,373.0,천명,DT_1DA7015S,행정구역(시도)/연령별 경제활동인구
2016,38,경상남도,60세 이상,비경제활동인구,375.5,천명,DT_1DA7015S,행정구역(시도)/연령별 경제활동인구
2017,38,경상남도,60세 이상,비경제활동인구,394.8,천명,DT_1DA7015S,행정구역(시도)/연령별 경제활동인구
2018,38,경상남도,60세 이상,비경제활동인구,406.5,천명,DT_1DA7015S,행정구역(시도)/연령별 경제활동인구
2019,38,경상남도,60세 이상,비경제활동인구,424.4,천명,DT_1DA7015S,행정구역(시도)/연령별 경제활동인구
2020,38,경상남도,60세 이상,비경제활동인구,422.5,천명,DT_1DA7015S,행정구역(시도)/연령별 경제활동인구
2021,38,경상남도,60세 이상,비경제활동인구,428.7,천명,DT_1DA7015S,행정구역(시도)/연령별 경제활동인구
2022,38,경상남도,60세 이상,비경제활동인구,444.3,천명,DT_1DA7015S,행정구역(시도)/연령별 경제활동인구
2023,38,경상남도,60세 이상,비경제활동인구,472.8,천명,DT_1DA7015S,행정구역(시도)/연령별 경제활동인구
2024,38,경상남도,60세 이상,비경제활동인구,479.3,천명,DT_1DA7015S,행정구역(시도)/연령별 경제활동인구
2025,38,경상남도,60세 이상,비경제활동인구,487.3,천명,DT_1DA7015S,행정구역(시도)/연령별 경제활동인구
2010,37,경상북도,60세 이상,비경제활동인구,276.0,천명,DT_1DA7015S,행정구역(시도)/연령별 경제활동인구
2011,37,경상북도,60세 이상,비경제활동인구,279.5,천명,DT_1DA7015S,행정구역(시도)/연령별 경제활동인구
2012,37,경상북도,60세 이상,비경제활동인구,292.4,천명,DT_1DA7015S,행정구역(시도)/연령별 경제활동인구
2013,37,경상북도,60세 이상,비경제활동인구,299.4,천명,DT_1DA7015S,행정구역(시도)/연령별 경제활동인구
2014,37,경상북도,60세 이상,비경제활동인구,303.9,천명,DT_1DA7015S,행정구역(시도)/연령별 경제활동인구
2015,37,경상북도,60세 이상,비경제활동인구,319.1,천명,DT_1DA7015S,행정구역(시도)/연령별 경제활동인구
2016,37,경상북도,60세 이상,비경제활동인구,328.8,천명,DT_1DA7015S,행정구역(시도)/연령별 경제활동인구
2017,37,경상북도,60세 이상,비경제활동인구,344.0,천명,DT_1DA7015S,행정구역(시도)/연령별 경제활동인구
2018,37,경상북도,60세 이상,비경제활동인구,355.7,천명,DT_1DA7015S,행정구역(시도)/연령별 경제활동인구
2019,37,경상북도,60세 이상,비경제활동인구,362.7,천명,DT_1DA7015S,행정구역(시도)/연령별 경제활동인구
2020,37,경상북도,60세 이상,비경제활동인구,366.1,천명,DT_1DA7015S,행정구역(시도)/연령별 경제활동인구
2021,37,경상북도,60세 이상,비경제활동인구,369.4,천명,DT_1DA7015S,행정구역(시도)/연령별 경제활동인구
2022,37,경상북도,60세 이상,비경제활동인구,379.9,천명,DT_1DA7015S,행정구역(시도)/연령별 경제활동인구
2023,37,경상북도,60세 이상,비경제활동인구,371.5,천명,DT_1DA7015S,행정구역(시도)/연령별 경제활동인구
2024,37,경상북도,60세 이상,비경제활동인구,373.5,천명,DT_1DA7015S,행정구역(시도)/연령별 경제활동인구
2025,37,경상북도,60세 이상,비경제활동인구,375.7,천명,DT_1DA7015S,행정구역(시도)/연령별 경제활동인구
2010,24,광주광역시,60세 이상,비경제활동인구,127.7,천명,DT_1DA7015S,행정구역(시도)/연령별 경제활동인구
2011,24,광주광역시,60세 이상,비경제활동인구,134.2,천명,DT_1DA7015S,행정구역(시도)/연령별 경제활동인구
2012,24,광주광역시,60세 이상,비경제활동인구,139.7,천명,DT_1DA7015S,행정구역(시도)/연령별 경제활동인구
2013,24,광주광역시,60세 이상,비경제활동인구,139.8,천명,DT_1DA7015S,행정구역(시도)/연령별 경제활동인구
2014,24,광주광역시,60세 이상,비경제활동인구,140.9,천명,DT_1DA7015S,행정구역(시도)/연령별 경제활동인구
2015,24,광주광역시,60세 이상,비경제활동인구,148.1,천명,DT_1DA7015S,행정구역(시도)/연령별 경제활동인구
2016,24,광주광역시,60세 이상,비경제활동인구,152.3,천명,DT_1DA7015S,행정구역(시도)/연령별 경제활동인구
2017,24,광주광역시,60세 이상,비경제활동인구,158.5,천명,DT_1DA7015S,행정구역(시도)/연령별 경제활동인구
2018,24,광주광역시,60세 이상,비경제활동인구,167.9,천명,DT_1DA7015S,행정구역(시도)/연령별 경제활동인구
2019,24,광주광역시,60세 이상,비경제활동인구,172.8,천명,DT_1DA7015S,행정구역(시도)/연령별 경제활동인구
2020,24,광주광역시,60세 이상,비경제활동인구,178.8,천명,DT_1DA7015S,행정구역(시도)/연령별 경제활동인구
2021,24,광주광역시,60세 이상,비경제활동인구,188.6,천명,DT_1DA7015S,행정구역(시도)/연령별 경제활동인구
2022,24,광주광역시,60세 이상,비경제활동인구,194.4,천명,DT_1DA7015S,행정구역(시도)/연령별 경제활동인구
2023,24,광주광역시,60세 이상,비경제활동인구,193.4,천명,DT_1DA7015S,행정구역(시도)/연령별 경제활동인구
2024,24,광주광역시,60세 이상,비경제활동인구,193.2,천명,DT_1DA7015S,행정구역(시도)/연령별 경제활동인구
2025,24,광주광역시,60세 이상,비경제활동인구,194.3,천명,DT_1DA7015S,행정구역(시도)/연령별 경제활동인구
2010,22,대구광역시,60세 이상,비경제활동인구,249.2,천명,DT_1DA7015S,행정구역(시도)/연령별 경제활동인구
2011,22,대구광역시,60세 이상,비경제활동인구,248.1,천명,DT_1DA7015S,행정구역(시도)/연령별 경제활동인구
2012,22,대구광역시,60세 이상,비경제활동인구,252.7,천명,DT_1DA7015S,행정구역(시도)/연령별 경제활동인구
2013,22,대구광역시,60세 이상,비경제활동인구,266.7,천명,DT_1DA7015S,행정구역(시도)/연령별 경제활동인구
2014,22,대구광역시,60세 이상,비경제활동인구,273.7,천명,DT_1DA7015S,행정구역(시도)/연령별 경제활동인구
2015,22,대구광역시,60세 이상,비경제활동인구,288.0,천명,DT_1DA7015S,행정구역(시도)/연령별 경제활동인구
2016,22,대구광역시,60세 이상,비경제활동인구,296.1,천명,DT_1DA7015S,행정구역(시도)/연령별 경제활동인구
2017,22,대구광역시,60세 이상,비경제활동인구,306.6,천명,DT_1DA7015S,행정구역(시도)/연령별 경제활동인구
2018,22,대구광역시,60세 이상,비경제활동인구,315.0,천명,DT_1DA7015S,행정구역(시도)/연령별 경제활동인구
2019,22,대구광역시,60세 이상,비경제활동인구,328.2,천명,DT_1DA7015S,행정구역(시도)/연령별 경제활동인구
2020,22,대구광역시,60세 이상,비경제활동인구,344.7,천명,DT_1DA7015S,행정구역(시도)/연령별 경제활동인구
2021,22,대구광역시,60세 이상,비경제활동인구,363.1,천명,DT_1DA7015S,행정구역(시도)/연령별 경제활동인구
2022,22,대구광역시,60세 이상,비경제활동인구,371.7,천명,DT_1DA7015S,행정구역(시도)/연령별 경제활동인구
2023,22,대구광역시,60세 이상,비경제활동인구,375.5,천명,DT_1DA7015S,행정구역(시도)/연령별 경제활동인구
2024,22,대구광역시,60세 이상,비경제활동인구,392.8,천명,DT_1DA7015S,행정구역(시도)/연령별 경제활동인구
2025,22,대구광역시,60세 이상,비경제활동인구,408.6,천명,DT_1DA7015S,행정구역(시도)/연령별 경제활동인구
2010,25,대전광역시,60세 이상,비경제활동인구,129.6,천명,DT_1DA7015S,행정구역(시도)/연령별 경제활동인구
2011,25,대전광역시,60세 이상,비경제활동인구,132.8,천명,DT_1DA7015S,행정구역(시도)/연령별 경제활동인구
2012,25,대전광역시,60세 이상,비경제활동인구,136.3,천명,DT_1DA7015S,행정구역(시도)/연령별 경제활동인구
2013,25,대전광역시,60세 이상,비경제활동인구,143.4,천명,DT_1DA7015S,행정구역(시도)/연령별 경제활동인구
2014,25,대전광역시,60세 이상,비경제활동인구,148.7,천명,DT_1DA7015S,행정구역(시도)/연령별 경제활동인구
2015,25,대전광역시,60세 이상,비경제활동인구,150.8,천명,DT_1DA7015S,행정구역(시도)/연령별 경제활동인구
2016,25,대전광역시,60세 이상,비경제활동인구,156.0,천명,DT_1DA7015S,행정구역(시도)/연령별 경제활동인구
2017,25,대전광역시,60세 이상,비경제활동인구,163.6,천명,DT_1DA7015S,행정구역(시도)/연령별 경제활동인구
2018,25,대전광역시,60세 이상,비경제활동인구,171.6,천명,DT_1DA7015S,행정구역(시도)/연령별 경제활동인구
2019,25,대전광역시,60세 이상,비경제활동인구,172.6,천명,DT_1DA7015S,행정구역(시도)/연령별 경제활동인구
2020,25,대전광역시,60세 이상,비경제활동인구,176.4,천명,DT_1DA7015S,행정구역(시도)/연령별 경제활동인구
2021,25,대전광역시,60세 이상,비경제활동인구,186.7,천명,DT_1DA7015S,행정구역(시도)/연령별 경제활동인구
2022,25,대전광역시,60세 이상,비경제활동인구,193.8,천명,DT_1DA7015S,행정구역(시도)/연령별 경제활동인구
2023,25,대전광역시,60세 이상,비경제활동인구,195.0,천명,DT_1DA7015S,행정구역(시도)/연령별 경제활동인구
2024,25,대전광역시,60세 이상,비경제활동인구,205.5,천명,DT_1DA7015S,행정구역(시도)/연령별 경제활동인구
2025,25,대전광역시,60세 이상,비경제활동인구,203.1,천명,DT_1DA7015S,행정구역(시도)/연령별 경제활동인구
2010,21,부산광역시,60세 이상,비경제활동인구,409.8,천명,DT_1DA7015S,행정구역(시도)/연령별 경제활동인구
2011,21,부산광역시,60세 이상,비경제활동인구,420.3,천명,DT_1DA7015S,행정구역(시도)/연령별 경제활동인구
2012,21,부산광역시,60세 이상,비경제활동인구,429.3,천명,DT_1DA7015S,행정구역(시도)/연령별 경제활동인구
2013,21,부산광역시,60세 이상,비경제활동인구,438.1,천명,DT_1DA7015S,행정구역(시도)/연령별 경제활동인구
2014,21,부산광역시,60세 이상,비경제활동인구,452.6,천명,DT_1DA7015S,행정구역(시도)/연령별 경제활동인구
2015,21,부산광역시,60세 이상,비경제활동인구,469.6,천명,DT_1DA7015S,행정구역(시도)/연령별 경제활동인구
2016,21,부산광역시,60세 이상,비경제활동인구,484.3,천명,DT_1DA7015S,행정구역(시도)/연령별 경제활동인구
2017,21,부산광역시,60세 이상,비경제활동인구,505.7,천명,DT_1DA7015S,행정구역(시도)/연령별 경제활동인구
2018,21,부산광역시,60세 이상,비경제활동인구,530.0,천명,DT_1DA7015S,행정구역(시도)/연령별 경제활동인구
2019,21,부산광역시,60세 이상,비경제활동인구,551.1,천명,DT_1DA7015S,행정구역(시도)/연령별 경제활동인구
2020,21,부산광역시,60세 이상,비경제활동인구,566.8,천명,DT_1DA7015S,행정구역(시도)/연령별 경제활동인구
2021,21,부산광역시,60세 이상,비경제활동인구,584.2,천명,DT_1DA7015S,행정구역(시도)/연령별 경제활동인구
2022,21,부산광역시,60세 이상,비경제활동인구,591.1,천명,DT_1DA7015S,행정구역(시도)/연령별 경제활동인구
2023,21,부산광역시,60세 이상,비경제활동인구,606.2,천명,DT_1DA7015S,행정구역(시도)/연령별 경제활동인구
2024,21,부산광역시,60세 이상,비경제활동인구,622.8,천명,DT_1DA7015S,행정구역(시도)/연령별 경제활동인구
2025,21,부산광역시,60세 이상,비경제활동인구,627.2,천명,DT_1DA7015S,행정구역(시도)/연령별 경제활동인구
2010,11,서울특별시,60세 이상,비경제활동인구,932.9,천명,DT_1DA7015S,행정구역(시도)/연령별 경제활동인구
2011,11,서울특별시,60세 이상,비경제활동인구,957.2,천명,DT_1DA7015S,행정구역(시도)/연령별 경제활동인구
2012,11,서울특별시,60세 이상,비경제활동인구,989.7,천명,DT_1DA7015S,행정구역(시도)/연령별 경제활동인구
2013,11,서울특별시,60세 이상,비경제활동인구,1039.6,천명,DT_1DA7015S,행정구역(시도)/연령별 경제활동인구
2014,11,서울특별시,60세 이상,비경제활동인구,1062.4,천명,DT_1DA7015S,행정구역(시도)/연령별 경제활동인구
2015,11,서울특별시,60세 이상,비경제활동인구,1126.7,천명,DT_1DA7015S,행정구역(시도)/연령별 경제활동인구
2016,11,서울특별시,60세 이상,비경제활동인구,1172.9,천명,DT_1DA7015S,행정구역(시도)/연령별 경제활동인구
2017,11,서울특별시,60세 이상,비경제활동인구,1200.6,천명,DT_1DA7015S,행정구역(시도)/연령별 경제활동인구
2018,11,서울특별시,60세 이상,비경제활동인구,1271.3,천명,DT_1DA7015S,행정구역(시도)/연령별 경제활동인구
2019,11,서울특별시,60세 이상,비경제활동인구,1281.5,천명,DT_1DA7015S,행정구역(시도)/연령별 경제활동인구
2020,11,서울특별시,60세 이상,비경제활동인구,1338.7,천명,DT_1DA7015S,행정구역(시도)/연령별 경제활동인구
2021,11,서울특별시,60세 이상,비경제활동인구,1436.6,천명,DT_1DA7015S,행정구역(시도)/연령별 경제활동인구
2022,11,서울특별시,60세 이상,비경제활동인구,1474.6,천명,DT_1DA7015S,행정구역(시도)/연령별 경제활동인구
2023,11,서울특별시,60세 이상,비경제활동인구,1486.9,천명,DT_1DA7015S,행정구역(시도)/연령별 경제활동인구
2024,11,서울특별시,60세 이상,비경제활동인구,1483.2,천명,DT_1DA7015S,행정구역(시도)/연령별 경제활동인구
2025,11,서울특별시,60세 이상,비경제활동인구,1488.5,천명,DT_1DA7015S,행정구역(시도)/연령별 경제활동인구
2017,29,세종특별자치시,60세 이상,비경제활동인구,20.8,천명,DT_1DA7015S,행정구역(시도)/연령별 경제활동인구
2018,29,세종특별자치시,60세 이상,비경제활동인구,24.6,천명,DT_1DA7015S,행정구역(시도)/연령별 경제활동인구
2019,29,세종특별자치시,60세 이상,비경제활동인구,26.5,천명,DT_1DA7015S,행정구역(시도)/연령별 경제활동인구
2020,29,세종특별자치시,60세 이상,비경제활동인구,29.3,천명,DT_1DA7015S,행정구역(시도)/연령별 경제활동인구
2021,29,세종특별자치시,60세 이상,비경제활동인구,30.7,천명,DT_1DA7015S,행정구역(시도)/연령별 경제활동인구
2022,29,세종특별자치시,60세 이상,비경제활동인구,31.0,천명,DT_1DA7015S,행정구역(시도)/연령별 경제활동인구
2023,29,세종특별자치시,60세 이상,비경제활동인구,30.8,천명,DT_1DA7015S,행정구역(시도)/연령별 경제활동인구
2024,29,세종특별자치시,60세 이상,비경제활동인구,33.3,천명,DT_1DA7015S,행정구역(시도)/연령별 경제활동인구
2025,29,세종특별자치시,60세 이상,비경제활동인구,33.8,천명,DT_1DA7015S,행정구역(시도)/연령별 경제활동인구
2010,26,울산광역시,60세 이상,비경제활동인구,72.6,천명,DT_1DA7015S,행정구역(시도)/연령별 경제활동인구
2011,26,울산광역시,60세 이상,비경제활동인구,79.6,천명,DT_1DA7015S,행정구역(시도)/연령별 경제활동인구
2012,26,울산광역시,60세 이상,비경제활동인구,81.4,천명,DT_1DA7015S,행정구역(시도)/연령별 경제활동인구
2013,26,울산광역시,60세 이상,비경제활동인구,85.6,천명,DT_1DA7015S,행정구역(시도)/연령별 경제활동인구
2014,26,울산광역시,60세 이상,비경제활동인구,92.1,천명,DT_1DA7015S,행정구역(시도)/연령별 경제활동인구
2015,26,울산광역시,60세 이상,비경제활동인구,98.4,천명,DT_1DA7015S,행정구역(시도)/연령별 경제활동인구
2016,26,울산광역시,60세 이상,비경제활동인구,101.8,천명,DT_1DA7015S,행정구역(시도)/연령별 경제활동인구
2017,26,울산광역시,60세 이상,비경제활동인구,112.1,천명,DT_1DA7015S,행정구역(시도)/연령별 경제활동인구
2018,26,울산광역시,60세 이상,비경제활동인구,121.1,천명,DT_1DA7015S,행정구역(시도)/연령별 경제활동인구
2019,26,울산광역시,60세 이상,비경제활동인구,127.1,천명,DT_1DA7015S,행정구역(시도)/연령별 경제활동인구
2020,26,울산광역시,60세 이상,비경제활동인구,133.8,천명,DT_1DA7015S,행정구역(시도)/연령별 경제활동인구
2021,26,울산광역시,60세 이상,비경제활동인구,145.8,천명,DT_1DA7015S,행정구역(시도)/연령별 경제활동인구
2022,26,울산광역시,60세 이상,비경제활동인구,147.8,천명,DT_1DA7015S,행정구역(시도)/연령별 경제활동인구
2023,26,울산광역시,60세 이상,비경제활동인구,153.5,천명,DT_1DA7015S,행정구역(시도)/연령별 경제활동인구
2024,26,울산광역시,60세 이상,비경제활동인구,160.4,천명,DT_1DA7015S,행정구역(시도)/연령별 경제활동인구
2025,26,울산광역시,60세 이상,비경제활동인구,172.4,천명,DT_1DA7015S,행정구역(시도)/연령별 경제활동인구
2010,23,인천광역시,60세 이상,비경제활동인구,218.8,천명,DT_1DA7015S,행정구역(시도)/연령별 경제활동인구
2011,23,인천광역시,60세 이상,비경제활동인구,228.6,천명,DT_1DA7015S,행정구역(시도)/연령별 경제활동인구
2012,23,인천광역시,60세 이상,비경제활동인구,228.1,천명,DT_1DA7015S,행정구역(시도)/연령별 경제활동인구
2013,23,인천광역시,60세 이상,비경제활동인구,234.1,천명,DT_1DA7015S,행정구역(시도)/연령별 경제활동인구
2014,23,인천광역시,60세 이상,비경제활동인구,246.8,천명,DT_1DA7015S,행정구역(시도)/연령별 경제활동인구
2015,23,인천광역시,60세 이상,비경제활동인구,262.1,천명,DT_1DA7015S,행정구역(시도)/연령별 경제활동인구
2016,23,인천광역시,60세 이상,비경제활동인구,284.9,천명,DT_1DA7015S,행정구역(시도)/연령별 경제활동인구
2017,23,인천광역시,60세 이상,비경제활동인구,304.5,천명,DT_1DA7015S,행정구역(시도)/연령별 경제활동인구
2018,23,인천광역시,60세 이상,비경제활동인구,318.2,천명,DT_1DA7015S,행정구역(시도)/연령별 경제활동인구
2019,23,인천광역시,60세 이상,비경제활동인구,339.9,천명,DT_1DA7015S,행정구역(시도)/연령별 경제활동인구
2020,23,인천광역시,60세 이상,비경제활동인구,353.2,천명,DT_1DA7015S,행정구역(시도)/연령별 경제활동인구
2021,23,인천광역시,60세 이상,비경제활동인구,373.3,천명,DT_1DA7015S,행정구역(시도)/연령별 경제활동인구
2022,23,인천광역시,60세 이상,비경제활동인구,391.8,천명,DT_1DA7015S,행정구역(시도)/연령별 경제활동인구
2023,23,인천광역시,60세 이상,비경제활동인구,401.2,천명,DT_1DA7015S,행정구역(시도)/연령별 경제활동인구
2024,23,인천광역시,60세 이상,비경제활동인구,409.1,천명,DT_1DA7015S,행정구역(시도)/연령별 경제활동인구
2025,23,인천광역시,60세 이상,비경제활동인구,419.8,천명,DT_1DA7015S,행정구역(시도)/연령별 경제활동인구
2010,36,전라남도,60세 이상,비경제활동인구,213.4,천명,DT_1DA7015S,행정구역(시도)/연령별 경제활동인구
2011,36,전라남도,60세 이상,비경제활동인구,216.8,천명,DT_1DA7015S,행정구역(시도)/연령별 경제활동인구
2012,36,전라남도,60세 이상,비경제활동인구,212.7,천명,DT_1DA7015S,행정구역(시도)/연령별 경제활동인구
2013,36,전라남도,60세 이상,비경제활동인구,219.6,천명,DT_1DA7015S,행정구역(시도)/연령별 경제활동인구
2014,36,전라남도,60세 이상,비경제활동인구,224.0,천명,DT_1DA7015S,행정구역(시도)/연령별 경제활동인구
2015,36,전라남도,60세 이상,비경제활동인구,229.2,천명,DT_1DA7015S,행정구역(시도)/연령별 경제활동인구
2016,36,전라남도,60세 이상,비경제활동인구,227.0,천명,DT_1DA7015S,행정구역(시도)/연령별 경제활동인구
2017,36,전라남도,60세 이상,비경제활동인구,227.2,천명,DT_1DA7015S,행정구역(시도)/연령별 경제활동인구
2018,36,전라남도,60세 이상,비경제활동인구,240.2,천명,DT_1DA7015S,행정구역(시도)/연령별 경제활동인구
2019,36,전라남도,60세 이상,비경제활동인구,241.8,천명,DT_1DA7015S,행정구역(시도)/연령별 경제활동인구
2020,36,전라남도,60세 이상,비경제활동인구,244.1,천명,DT_1DA7015S,행정구역(시도)/연령별 경제활동인구
2021,36,전라남도,60세 이상,비경제활동인구,240.1,천명,DT_1DA7015S,행정구역(시도)/연령별 경제활동인구
2022,36,전라남도,60세 이상,비경제활동인구,237.7,천명,DT_1DA7015S,행정구역(시도)/연령별 경제활동인구
2023,36,전라남도,60세 이상,비경제활동인구,236.0,천명,DT_1DA7015S,행정구역(시도)/연령별 경제활동인구
2024,36,전라남도,60세 이상,비경제활동인구,241.9,천명,DT_1DA7015S,행정구역(시도)/연령별 경제활동인구
2025,36,전라남도,60세 이상,비경제활동인구,251.4,천명,DT_1DA7015S,행정구역(시도)/연령별 경제활동인구
2010,35,전라북도,60세 이상,비경제활동인구,215.9,천명,DT_1DA7015S,행정구역(시도)/연령별 경제활동인구
2011,35,전라북도,60세 이상,비경제활동인구,217.2,천명,DT_1DA7015S,행정구역(시도)/연령별 경제활동인구
2012,35,전라북도,60세 이상,비경제활동인구,222.6,천명,DT_1DA7015S,행정구역(시도)/연령별 경제활동인구
2013,35,전라북도,60세 이상,비경제활동인구,222.2,천명,DT_1DA7015S,행정구역(시도)/연령별 경제활동인구
2014,35,전라북도,60세 이상,비경제활동인구,230.4,천명,DT_1DA7015S,행정구역(시도)/연령별 경제활동인구
2015,35,전라북도,60세 이상,비경제활동인구,236.0,천명,DT_1DA7015S,행정구역(시도)/연령별 경제활동인구
2016,35,전라북도,60세 이상,비경제활동인구,241.0,천명,DT_1DA7015S,행정구역(시도)/연령별 경제활동인구
2017,35,전라북도,60세 이상,비경제활동인구,253.3,천명,DT_1DA7015S,행정구역(시도)/연령별 경제활동인구
2018,35,전라북도,60세 이상,비경제활동인구,257.3,천명,DT_1DA7015S,행정구역(시도)/연령별 경제활동인구
2019,35,전라북도,60세 이상,비경제활동인구,249.4,천명,DT_1DA7015S,행정구역(시도)/연령별 경제활동인구
2020,35,전라북도,60세 이상,비경제활동인구,245.9,천명,DT_1DA7015S,행정구역(시도)/연령별 경제활동인구
2021,35,전라북도,60세 이상,비경제활동인구,244.4,천명,DT_1DA7015S,행정구역(시도)/연령별 경제활동인구
2022,35,전라북도,60세 이상,비경제활동인구,249.0,천명,DT_1DA7015S,행정구역(시도)/연령별 경제활동인구
2023,35,전라북도,60세 이상,비경제활동인구,249.9,천명,DT_1DA7015S,행정구역(시도)/연령별 경제활동인구
2024,35,전라북도,60세 이상,비경제활동인구,252.2,천명,DT_1DA7015S,행정구역(시도)/연령별 경제활동인구
2025,35,전라북도,60세 이상,비경제활동인구,264.7,천명,DT_1DA7015S,행정구역(시도)/연령별 경제활동인구
2010,39,제주도,60세 이상,비경제활동인구,45.3,천명,DT_1DA7015S,행정구역(시도)/연령별 경제활동인구
2011,39,제주도,60세 이상,비경제활동인구,48.9,천명,DT_1DA7015S,행정구역(시도)/연령별 경제활동인구
2012,39,제주도,60세 이상,비경제활동인구,50.1,천명,DT_1DA7015S,행정구역(시도)/연령별 경제활동인구
2013,39,제주도,60세 이상,비경제활동인구,49.9,천명,DT_1DA7015S,행정구역(시도)/연령별 경제활동인구
2014,39,제주도,60세 이상,비경제활동인구,52.4,천명,DT_1DA7015S,행정구역(시도)/연령별 경제활동인구
2015,39,제주도,60세 이상,비경제활동인구,51.1,천명,DT_1DA7015S,행정구역(시도)/연령별 경제활동인구
2016,39,제주도,60세 이상,비경제활동인구,52.6,천명,DT_1DA7015S,행정구역(시도)/연령별 경제활동인구
2017,39,제주도,60세 이상,비경제활동인구,56.0,천명,DT_1DA7015S,행정구역(시도)/연령별 경제활동인구
2018,39,제주도,60세 이상,비경제활동인구,62.4,천명,DT_1DA7015S,행정구역(시도)/연령별 경제활동인구
2019,39,제주도,60세 이상,비경제활동인구,58.9,천명,DT_1DA7015S,행정구역(시도)/연령별 경제활동인구
2020,39,제주도,60세 이상,비경제활동인구,60.6,천명,DT_1DA7015S,행정구역(시도)/연령별 경제활동인구
2021,39,제주도,60세 이상,비경제활동인구,63.0,천명,DT_1DA7015S,행정구역(시도)/연령별 경제활동인구
2022,39,제주도,60세 이상,비경제활동인구,64.6,천명,DT_1DA7015S,행정구역(시도)/연령별 경제활동인구
2023,39,제주도,60세 이상,비경제활동인구,73.0,천명,DT_1DA7015S,행정구역(시도)/연령별 경제활동인구
2024,39,제주도,60세 이상,비경제활동인구,74.2,천명,DT_1DA7015S,행정구역(시도)/연령별 경제활동인구
2025,39,제주도,60세 이상,비경제활동인구,71.2,천명,DT_1DA7015S,행정구역(시도)/연령별 경제활동인구
2010,34,충청남도,60세 이상,비경제활동인구,240.3,천명,DT_1DA7015S,행정구역(시도)/연령별 경제활동인구
2011,34,충청남도,60세 이상,비경제활동인구,236.7,천명,DT_1DA7015S,행정구역(시도)/연령별 경제활동인구
2012,34,충청남도,60세 이상,비경제활동인구,235.8,천명,DT_1DA7015S,행정구역(시도)/연령별 경제활동인구
2013,34,충청남도,60세 이상,비경제활동인구,230.6,천명,DT_1DA7015S,행정구역(시도)/연령별 경제활동인구
2014,34,충청남도,60세 이상,비경제활동인구,241.2,천명,DT_1DA7015S,행정구역(시도)/연령별 경제활동인구
2015,34,충청남도,60세 이상,비경제활동인구,260.6,천명,DT_1DA7015S,행정구역(시도)/연령별 경제활동인구
2016,34,충청남도,60세 이상,비경제활동인구,276.0,천명,DT_1DA7015S,행정구역(시도)/연령별 경제활동인구
2017,34,충청남도,60세 이상,비경제활동인구,256.8,천명,DT_1DA7015S,행정구역(시도)/연령별 경제활동인구
2018,34,충청남도,60세 이상,비경제활동인구,251.9,천명,DT_1DA7015S,행정구역(시도)/연령별 경제활동인구
2019,34,충청남도,60세 이상,비경제활동인구,263.7,천명,DT_1DA7015S,행정구역(시도)/연령별 경제활동인구
2020,34,충청남도,60세 이상,비경제활동인구,271.0,천명,DT_1DA7015S,행정구역(시도)/연령별 경제활동인구
2021,34,충청남도,60세 이상,비경제활동인구,280.0,천명,DT_1DA7015S,행정구역(시도)/연령별 경제활동인구
2022,34,충청남도,60세 이상,비경제활동인구,279.8,천명,DT_1DA7015S,행정구역(시도)/연령별 경제활동인구
2023,34,충청남도,60세 이상,비경제활동인구,277.5,천명,DT_1DA7015S,행정구역(시도)/연령별 경제활동인구
2024,34,충청남도,60세 이상,비경제활동인구,291.6,천명,DT_1DA7015S,행정구역(시도)/연령별 경제활동인구
2025,34,충청남도,60세 이상,비경제활동인구,303.3,천명,DT_1DA7015S,행정구역(시도)/연령별 경제활동인구
2010,33,충청북도,60세 이상,비경제활동인구,164.1,천명,DT_1DA7015S,행정구역(시도)/연령별 경제활동인구
2011,33,충청북도,60세 이상,비경제활동인구,165.4,천명,DT_1DA7015S,행정구역(시도)/연령별 경제활동인구
2012,33,충청북도,60세 이상,비경제활동인구,170.7,천명,DT_1DA7015S,행정구역(시도)/연령별 경제활동인구
2013,33,충청북도,60세 이상,비경제활동인구,174.9,천명,DT_1DA7015S,행정구역(시도)/연령별 경제활동인구
2014,33,충청북도,60세 이상,비경제활동인구,173.2,천명,DT_1DA7015S,행정구역(시도)/연령별 경제활동인구
2015,33,충청북도,60세 이상,비경제활동인구,179.8,천명,DT_1DA7015S,행정구역(시도)/연령별 경제활동인구
2016,33,충청북도,60세 이상,비경제활동인구,189.8,천명,DT_1DA7015S,행정구역(시도)/연령별 경제활동인구
2017,33,충청북도,60세 이상,비경제활동인구,199.7,천명,DT_1DA7015S,행정구역(시도)/연령별 경제활동인구
2018,33,충청북도,60세 이상,비경제활동인구,197.3,천명,DT_1DA7015S,행정구역(시도)/연령별 경제활동인구
2019,33,충청북도,60세 이상,비경제활동인구,199.0,천명,DT_1DA7015S,행정구역(시도)/연령별 경제활동인구
2020,33,충청북도,60세 이상,비경제활동인구,204.9,천명,DT_1DA7015S,행정구역(시도)/연령별 경제활동인구
2021,33,충청북도,60세 이상,비경제활동인구,214.6,천명,DT_1DA7015S,행정구역(시도)/연령별 경제활동인구
2022,33,충청북도,60세 이상,비경제활동인구,209.7,천명,DT_1DA7015S,행정구역(시도)/연령별 경제활동인구
2023,33,충청북도,60세 이상,비경제활동인구,210.3,천명,DT_1DA7015S,행정구역(시도)/연령별 경제활동인구
2024,33,충청북도,60세 이상,비경제활동인구,216.1,천명,DT_1DA7015S,행정구역(시도)/연령별 경제활동인구
2025,33,충청북도,60세 이상,비경제활동인구,217.1,천명,DT_1DA7015S,행정구역(시도)/연령별 경제활동인구
2010,32,강원도,60세 이상,실업자,2.4,천명,DT_1DA7095S,행정구역(시도)/연령별 실업자
2011,32,강원도,60세 이상,실업자,2.3,천명,DT_1DA7095S,행정구역(시도)/연령별 실업자
2012,32,강원도,60세 이상,실업자,2.4,천명,DT_1DA7095S,행정구역(시도)/연령별 실업자
2013,32,강원도,60세 이상,실업자,2.5,천명,DT_1DA7095S,행정구역(시도)/연령별 실업자
2014,32,강원도,60세 이상,실업자,2.6,천명,DT_1DA7095S,행정구역(시도)/연령별 실업자
2015,32,강원도,60세 이상,실업자,3.5,천명,DT_1DA7095S,행정구역(시도)/연령별 실업자
2016,32,강원도,60세 이상,실업자,2.9,천명,DT_1DA7095S,행정구역(시도)/연령별 실업자
2017,32,강원도,60세 이상,실업자,3.7,천명,DT_1DA7095S,행정구역(시도)/연령별 실업자
2018,32,강원도,60세 이상,실업자,7.6,천명,DT_1DA7095S,행정구역(시도)/연령별 실업자
2019,32,강원도,60세 이상,실업자,10.2,천명,DT_1DA7095S,행정구역(시도)/연령별 실업자
2020,32,강원도,60세 이상,실업자,10.9,천명,DT_1DA7095S,행정구역(시도)/연령별 실업자
2021,32,강원도,60세 이상,실업자,10.9,천명,DT_1DA7095S,행정구역(시도)/연령별 실업자
2022,32,강원도,60세 이상,실업자,10.3,천명,DT_1DA7095S,행정구역(시도)/연령별 실업자
2023,32,강원도,60세 이상,실업자,9.9,천명,DT_1DA7095S,행정구역(시도)/연령별 실업자
2024,32,강원도,60세 이상,실업자,10.4,천명,DT_1DA7095S,행정구역(시도)/연령별 실업자
2025,32,강원도,60세 이상,실업자,10.1,천명,DT_1DA7095S,행정구역(시도)/연령별 실업자
2010,31,경기도,60세 이상,실업자,17.4,천명,DT_1DA7095S,행정구역(시도)/연령별 실업자
2011,31,경기도,60세 이상,실업자,20.2,천명,DT_1DA7095S,행정구역(시도)/연령별 실업자
2012,31,경기도,60세 이상,실업자,17.7,천명,DT_1DA7095S,행정구역(시도)/연령별 실업자
2013,31,경기도,60세 이상,실업자,11.1,천명,DT_1DA7095S,행정구역(시도)/연령별 실업자
2014,31,경기도,60세 이상,실업자,15.4,천명,DT_1DA7095S,행정구역(시도)/연령별 실업자
2015,31,경기도,60세 이상,실업자,20.9,천명,DT_1DA7095S,행정구역(시도)/연령별 실업자
2016,31,경기도,60세 이상,실업자,24.2,천명,DT_1DA7095S,행정구역(시도)/연령별 실업자
2017,31,경기도,60세 이상,실업자,29.0,천명,DT_1DA7095S,행정구역(시도)/연령별 실업자
2018,31,경기도,60세 이상,실업자,29.4,천명,DT_1DA7095S,행정구역(시도)/연령별 실업자
2019,31,경기도,60세 이상,실업자,38.7,천명,DT_1DA7095S,행정구역(시도)/연령별 실업자
2020,31,경기도,60세 이상,실업자,39.9,천명,DT_1DA7095S,행정구역(시도)/연령별 실업자
2021,31,경기도,60세 이상,실업자,52.2,천명,DT_1DA7095S,행정구역(시도)/연령별 실업자
2022,31,경기도,60세 이상,실업자,34.0,천명,DT_1DA7095S,행정구역(시도)/연령별 실업자
2023,31,경기도,60세 이상,실업자,35.0,천명,DT_1DA7095S,행정구역(시도)/연령별 실업자
2024,31,경기도,60세 이상,실업자,41.1,천명,DT_1DA7095S,행정구역(시도)/연령별 실업자
2025,31,경기도,60세 이상,실업자,41.5,천명,DT_1DA7095S,행정구역(시도)/연령별 실업자
2010,38,경상남도,60세 이상,실업자,2.7,천명,DT_1DA7095S,행정구역(시도)/연령별 실업자
2011,38,경상남도,60세 이상,실업자,1.8,천명,DT_1DA7095S,행정구역(시도)/연령별 실업자
2012,38,경상남도,60세 이상,실업자,2.0,천명,DT_1DA7095S,행정구역(시도)/연령별 실업자
2013,38,경상남도,60세 이상,실업자,2.2,천명,DT_1DA7095S,행정구역(시도)/연령별 실업자
2014,38,경상남도,60세 이상,실업자,3.4,천명,DT_1DA7095S,행정구역(시도)/연령별 실업자
2015,38,경상남도,60세 이상,실업자,3.0,천명,DT_1DA7095S,행정구역(시도)/연령별 실업자
2016,38,경상남도,60세 이상,실업자,4.7,천명,DT_1DA7095S,행정구역(시도)/연령별 실업자
2017,38,경상남도,60세 이상,실업자,6.2,천명,DT_1DA7095S,행정구역(시도)/연령별 실업자
2018,38,경상남도,60세 이상,실업자,6.6,천명,DT_1DA7095S,행정구역(시도)/연령별 실업자
2019,38,경상남도,60세 이상,실업자,9.5,천명,DT_1DA7095S,행정구역(시도)/연령별 실업자
2020,38,경상남도,60세 이상,실업자,10.7,천명,DT_1DA7095S,행정구역(시도)/연령별 실업자
2021,38,경상남도,60세 이상,실업자,13.5,천명,DT_1DA7095S,행정구역(시도)/연령별 실업자
2022,38,경상남도,60세 이상,실업자,13.7,천명,DT_1DA7095S,행정구역(시도)/연령별 실업자
2023,38,경상남도,60세 이상,실업자,11.4,천명,DT_1DA7095S,행정구역(시도)/연령별 실업자
2024,38,경상남도,60세 이상,실업자,12.1,천명,DT_1DA7095S,행정구역(시도)/연령별 실업자
2025,38,경상남도,60세 이상,실업자,9.1,천명,DT_1DA7095S,행정구역(시도)/연령별 실업자
2010,37,경상북도,60세 이상,실업자,4.3,천명,DT_1DA7095S,행정구역(시도)/연령별 실업자
2011,37,경상북도,60세 이상,실업자,4.1,천명,DT_1DA7095S,행정구역(시도)/연령별 실업자
2012,37,경상북도,60세 이상,실업자,4.6,천명,DT_1DA7095S,행정구역(시도)/연령별 실업자
2013,37,경상북도,60세 이상,실업자,4.1,천명,DT_1DA7095S,행정구역(시도)/연령별 실업자
2014,37,경상북도,60세 이상,실업자,4.7,천명,DT_1DA7095S,행정구역(시도)/연령별 실업자
2015,37,경상북도,60세 이상,실업자,4.6,천명,DT_1DA7095S,행정구역(시도)/연령별 실업자
2016,37,경상북도,60세 이상,실업자,5.0,천명,DT_1DA7095S,행정구역(시도)/연령별 실업자
2017,37,경상북도,60세 이상,실업자,5.8,천명,DT_1DA7095S,행정구역(시도)/연령별 실업자
2018,37,경상북도,60세 이상,실업자,10.5,천명,DT_1DA7095S,행정구역(시도)/연령별 실업자
2019,37,경상북도,60세 이상,실업자,12.4,천명,DT_1DA7095S,행정구역(시도)/연령별 실업자
2020,37,경상북도,60세 이상,실업자,13.2,천명,DT_1DA7095S,행정구역(시도)/연령별 실업자
2021,37,경상북도,60세 이상,실업자,10.9,천명,DT_1DA7095S,행정구역(시도)/연령별 실업자
2022,37,경상북도,60세 이상,실업자,10.2,천명,DT_1DA7095S,행정구역(시도)/연령별 실업자
2023,37,경상북도,60세 이상,실업자,9.3,천명,DT_1DA7095S,행정구역(시도)/연령별 실업자
2024,37,경상북도,60세 이상,실업자,11.8,천명,DT_1DA7095S,행정구역(시도)/연령별 실업자
2025,37,경상북도,60세 이상,실업자,11.7,천명,DT_1DA7095S,행정구역(시도)/연령별 실업자
2010,24,광주광역시,60세 이상,실업자,2.5,천명,DT_1DA7095S,행정구역(시도)/연령별 실업자
2011,24,광주광역시,60세 이상,실업자,1.3,천명,DT_1DA7095S,행정구역(시도)/연령별 실업자
2012,24,광주광역시,60세 이상,실업자,1.6,천명,DT_1DA7095S,행정구역(시도)/연령별 실업자
2013,24,광주광역시,60세 이상,실업자,1.9,천명,DT_1DA7095S,행정구역(시도)/연령별 실업자
2014,24,광주광역시,60세 이상,실업자,2.6,천명,DT_1DA7095S,행정구역(시도)/연령별 실업자
2015,24,광주광역시,60세 이상,실업자,1.6,천명,DT_1DA7095S,행정구역(시도)/연령별 실업자
2016,24,광주광역시,60세 이상,실업자,2.7,천명,DT_1DA7095S,행정구역(시도)/연령별 실업자
2017,24,광주광역시,60세 이상,실업자,2.2,천명,DT_1DA7095S,행정구역(시도)/연령별 실업자
2018,24,광주광역시,60세 이상,실업자,3.1,천명,DT_1DA7095S,행정구역(시도)/연령별 실업자
2019,24,광주광역시,60세 이상,실업자,3.3,천명,DT_1DA7095S,행정구역(시도)/연령별 실업자
2020,24,광주광역시,60세 이상,실업자,4.1,천명,DT_1DA7095S,행정구역(시도)/연령별 실업자
2021,24,광주광역시,60세 이상,실업자,5.5,천명,DT_1DA7095S,행정구역(시도)/연령별 실업자
2022,24,광주광역시,60세 이상,실업자,4.1,천명,DT_1DA7095S,행정구역(시도)/연령별 실업자
2023,24,광주광역시,60세 이상,실업자,5.2,천명,DT_1DA7095S,행정구역(시도)/연령별 실업자
2024,24,광주광역시,60세 이상,실업자,6.5,천명,DT_1DA7095S,행정구역(시도)/연령별 실업자
2025,24,광주광역시,60세 이상,실업자,5.6,천명,DT_1DA7095S,행정구역(시도)/연령별 실업자
2010,22,대구광역시,60세 이상,실업자,4.5,천명,DT_1DA7095S,행정구역(시도)/연령별 실업자
2011,22,대구광역시,60세 이상,실업자,2.8,천명,DT_1DA7095S,행정구역(시도)/연령별 실업자
2012,22,대구광역시,60세 이상,실업자,3.4,천명,DT_1DA7095S,행정구역(시도)/연령별 실업자
2013,22,대구광역시,60세 이상,실업자,3.2,천명,DT_1DA7095S,행정구역(시도)/연령별 실업자
2014,22,대구광역시,60세 이상,실업자,3.2,천명,DT_1DA7095S,행정구역(시도)/연령별 실업자
2015,22,대구광역시,60세 이상,실업자,4.1,천명,DT_1DA7095S,행정구역(시도)/연령별 실업자
2016,22,대구광역시,60세 이상,실업자,6.6,천명,DT_1DA7095S,행정구역(시도)/연령별 실업자
2017,22,대구광역시,60세 이상,실업자,6.4,천명,DT_1DA7095S,행정구역(시도)/연령별 실업자
2018,22,대구광역시,60세 이상,실업자,7.5,천명,DT_1DA7095S,행정구역(시도)/연령별 실업자
2019,22,대구광역시,60세 이상,실업자,6.6,천명,DT_1DA7095S,행정구역(시도)/연령별 실업자
2020,22,대구광역시,60세 이상,실업자,7.3,천명,DT_1DA7095S,행정구역(시도)/연령별 실업자
2021,22,대구광역시,60세 이상,실업자,10.9,천명,DT_1DA7095S,행정구역(시도)/연령별 실업자
2022,22,대구광역시,60세 이상,실업자,7.4,천명,DT_1DA7095S,행정구역(시도)/연령별 실업자
2023,22,대구광역시,60세 이상,실업자,10.6,천명,DT_1DA7095S,행정구역(시도)/연령별 실업자
2024,22,대구광역시,60세 이상,실업자,9.8,천명,DT_1DA7095S,행정구역(시도)/연령별 실업자
2025,22,대구광역시,60세 이상,실업자,9.2,천명,DT_1DA7095S,행정구역(시도)/연령별 실업자
2010,25,대전광역시,60세 이상,실업자,2.2,천명,DT_1DA7095S,행정구역(시도)/연령별 실업자
2011,25,대전광역시,60세 이상,실업자,1.9,천명,DT_1DA7095S,행정구역(시도)/연령별 실업자
2012,25,대전광역시,60세 이상,실업자,1.7,천명,DT_1DA7095S,행정구역(시도)/연령별 실업자
2013,25,대전광역시,60세 이상,실업자,1.8,천명,DT_1DA7095S,행정구역(시도)/연령별 실업자
2014,25,대전광역시,60세 이상,실업자,3.0,천명,DT_1DA7095S,행정구역(시도)/연령별 실업자
2015,25,대전광역시,60세 이상,실업자,2.4,천명,DT_1DA7095S,행정구역(시도)/연령별 실업자
2016,25,대전광역시,60세 이상,실업자,2.3,천명,DT_1DA7095S,행정구역(시도)/연령별 실업자
2017,25,대전광역시,60세 이상,실업자,3.5,천명,DT_1DA7095S,행정구역(시도)/연령별 실업자
2018,25,대전광역시,60세 이상,실업자,3.6,천명,DT_1DA7095S,행정구역(시도)/연령별 실업자
2019,25,대전광역시,60세 이상,실업자,5.1,천명,DT_1DA7095S,행정구역(시도)/연령별 실업자
2020,25,대전광역시,60세 이상,실업자,5.7,천명,DT_1DA7095S,행정구역(시도)/연령별 실업자
2021,25,대전광역시,60세 이상,실업자,5.1,천명,DT_1DA7095S,행정구역(시도)/연령별 실업자
2022,25,대전광역시,60세 이상,실업자,4.3,천명,DT_1DA7095S,행정구역(시도)/연령별 실업자
2023,25,대전광역시,60세 이상,실업자,5.2,천명,DT_1DA7095S,행정구역(시도)/연령별 실업자
2024,25,대전광역시,60세 이상,실업자,5.6,천명,DT_1DA7095S,행정구역(시도)/연령별 실업자
2025,25,대전광역시,60세 이상,실업자,5.3,천명,DT_1DA7095S,행정구역(시도)/연령별 실업자
2010,21,부산광역시,60세 이상,실업자,5.5,천명,DT_1DA7095S,행정구역(시도)/연령별 실업자
2011,21,부산광역시,60세 이상,실업자,5.5,천명,DT_1DA7095S,행정구역(시도)/연령별 실업자
2012,21,부산광역시,60세 이상,실업자,6.1,천명,DT_1DA7095S,행정구역(시도)/연령별 실업자
2013,21,부산광역시,60세 이상,실업자,5.7,천명,DT_1DA7095S,행정구역(시도)/연령별 실업자
2014,21,부산광역시,60세 이상,실업자,5.6,천명,DT_1DA7095S,행정구역(시도)/연령별 실업자
2015,21,부산광역시,60세 이상,실업자,6.8,천명,DT_1DA7095S,행정구역(시도)/연령별 실업자
2016,21,부산광역시,60세 이상,실업자,8.0,천명,DT_1DA7095S,행정구역(시도)/연령별 실업자
2017,21,부산광역시,60세 이상,실업자,10.8,천명,DT_1DA7095S,행정구역(시도)/연령별 실업자
2018,21,부산광역시,60세 이상,실업자,9.0,천명,DT_1DA7095S,행정구역(시도)/연령별 실업자
2019,21,부산광역시,60세 이상,실업자,12.8,천명,DT_1DA7095S,행정구역(시도)/연령별 실업자
2020,21,부산광역시,60세 이상,실업자,13.0,천명,DT_1DA7095S,행정구역(시도)/연령별 실업자
2021,21,부산광역시,60세 이상,실업자,12.4,천명,DT_1DA7095S,행정구역(시도)/연령별 실업자
2022,21,부산광역시,60세 이상,실업자,11.1,천명,DT_1DA7095S,행정구역(시도)/연령별 실업자
2023,21,부산광역시,60세 이상,실업자,10.5,천명,DT_1DA7095S,행정구역(시도)/연령별 실업자
2024,21,부산광역시,60세 이상,실업자,14.3,천명,DT_1DA7095S,행정구역(시도)/연령별 실업자
2025,21,부산광역시,60세 이상,실업자,14.3,천명,DT_1DA7095S,행정구역(시도)/연령별 실업자
2010,11,서울특별시,60세 이상,실업자,20.6,천명,DT_1DA7095S,행정구역(시도)/연령별 실업자
2011,11,서울특별시,60세 이상,실업자,20.9,천명,DT_1DA7095S,행정구역(시도)/연령별 실업자
2012,11,서울특별시,60세 이상,실업자,20.2,천명,DT_1DA7095S,행정구역(시도)/연령별 실업자
2013,11,서울특별시,60세 이상,실업자,14.0,천명,DT_1DA7095S,행정구역(시도)/연령별 실업자
2014,11,서울특별시,60세 이상,실업자,17.6,천명,DT_1DA7095S,행정구역(시도)/연령별 실업자
2015,11,서울특별시,60세 이상,실업자,20.5,천명,DT_1DA7095S,행정구역(시도)/연령별 실업자
2016,11,서울특별시,60세 이상,실업자,19.1,천명,DT_1DA7095S,행정구역(시도)/연령별 실업자
2017,11,서울특별시,60세 이상,실업자,25.8,천명,DT_1DA7095S,행정구역(시도)/연령별 실업자
2018,11,서울특별시,60세 이상,실업자,29.7,천명,DT_1DA7095S,행정구역(시도)/연령별 실업자
2019,11,서울특별시,60세 이상,실업자,34.8,천명,DT_1DA7095S,행정구역(시도)/연령별 실업자
2020,11,서울특별시,60세 이상,실업자,39.9,천명,DT_1DA7095S,행정구역(시도)/연령별 실업자
2021,11,서울특별시,60세 이상,실업자,42.8,천명,DT_1DA7095S,행정구역(시도)/연령별 실업자
2022,11,서울특별시,60세 이상,실업자,31.2,천명,DT_1DA7095S,행정구역(시도)/연령별 실업자
2023,11,서울특별시,60세 이상,실업자,23.9,천명,DT_1DA7095S,행정구역(시도)/연령별 실업자
2024,11,서울특별시,60세 이상,실업자,31.8,천명,DT_1DA7095S,행정구역(시도)/연령별 실업자
2025,11,서울특별시,60세 이상,실업자,29.9,천명,DT_1DA7095S,행정구역(시도)/연령별 실업자
2017,29,세종특별자치시,60세 이상,실업자,0.2,천명,DT_1DA7095S,행정구역(시도)/연령별 실업자
2018,29,세종특별자치시,60세 이상,실업자,0.4,천명,DT_1DA7095S,행정구역(시도)/연령별 실업자
2019,29,세종특별자치시,60세 이상,실업자,0.5,천명,DT_1DA7095S,행정구역(시도)/연령별 실업자
2020,29,세종특별자치시,60세 이상,실업자,0.7,천명,DT_1DA7095S,행정구역(시도)/연령별 실업자
2021,29,세종특별자치시,60세 이상,실업자,0.6,천명,DT_1DA7095S,행정구역(시도)/연령별 실업자
2022,29,세종특별자치시,60세 이상,실업자,0.7,천명,DT_1DA7095S,행정구역(시도)/연령별 실업자
2023,29,세종특별자치시,60세 이상,실업자,0.6,천명,DT_1DA7095S,행정구역(시도)/연령별 실업자
2024,29,세종특별자치시,60세 이상,실업자,0.8,천명,DT_1DA7095S,행정구역(시도)/연령별 실업자
2025,29,세종특별자치시,60세 이상,실업자,1.2,천명,DT_1DA7095S,행정구역(시도)/연령별 실업자
2010,26,울산광역시,60세 이상,실업자,2.4,천명,DT_1DA7095S,행정구역(시도)/연령별 실업자
2011,26,울산광역시,60세 이상,실업자,1.6,천명,DT_1DA7095S,행정구역(시도)/연령별 실업자
2012,26,울산광역시,60세 이상,실업자,1.7,천명,DT_1DA7095S,행정구역(시도)/연령별 실업자
2013,26,울산광역시,60세 이상,실업자,0.8,천명,DT_1DA7095S,행정구역(시도)/연령별 실업자
2014,26,울산광역시,60세 이상,실업자,1.4,천명,DT_1DA7095S,행정구역(시도)/연령별 실업자
2015,26,울산광역시,60세 이상,실업자,1.9,천명,DT_1DA7095S,행정구역(시도)/연령별 실업자
2016,26,울산광역시,60세 이상,실업자,2.2,천명,DT_1DA7095S,행정구역(시도)/연령별 실업자
2017,26,울산광역시,60세 이상,실업자,2.5,천명,DT_1DA7095S,행정구역(시도)/연령별 실업자
2018,26,울산광역시,60세 이상,실업자,4.3,천명,DT_1DA7095S,행정구역(시도)/연령별 실업자
2019,26,울산광역시,60세 이상,실업자,4.3,천명,DT_1DA7095S,행정구역(시도)/연령별 실업자
2020,26,울산광역시,60세 이상,실업자,4.0,천명,DT_1DA7095S,행정구역(시도)/연령별 실업자
2021,26,울산광역시,60세 이상,실업자,4.9,천명,DT_1DA7095S,행정구역(시도)/연령별 실업자
2022,26,울산광역시,60세 이상,실업자,4.2,천명,DT_1DA7095S,행정구역(시도)/연령별 실업자
2023,26,울산광역시,60세 이상,실업자,5.1,천명,DT_1DA7095S,행정구역(시도)/연령별 실업자
2024,26,울산광역시,60세 이상,실업자,5.0,천명,DT_1DA7095S,행정구역(시도)/연령별 실업자
2025,26,울산광역시,60세 이상,실업자,4.3,천명,DT_1DA7095S,행정구역(시도)/연령별 실업자
2010,23,인천광역시,60세 이상,실업자,5.5,천명,DT_1DA7095S,행정구역(시도)/연령별 실업자
2011,23,인천광역시,60세 이상,실업자,5.5,천명,DT_1DA7095S,행정구역(시도)/연령별 실업자
2012,23,인천광역시,60세 이상,실업자,6.2,천명,DT_1DA7095S,행정구역(시도)/연령별 실업자
2013,23,인천광역시,60세 이상,실업자,4.8,천명,DT_1DA7095S,행정구역(시도)/연령별 실업자
2014,23,인천광역시,60세 이상,실업자,6.5,천명,DT_1DA7095S,행정구역(시도)/연령별 실업자
2015,23,인천광역시,60세 이상,실업자,9.4,천명,DT_1DA7095S,행정구역(시도)/연령별 실업자
2016,23,인천광역시,60세 이상,실업자,11.6,천명,DT_1DA7095S,행정구역(시도)/연령별 실업자
2017,23,인천광역시,60세 이상,실업자,9.7,천명,DT_1DA7095S,행정구역(시도)/연령별 실업자
2018,23,인천광역시,60세 이상,실업자,11.7,천명,DT_1DA7095S,행정구역(시도)/연령별 실업자
2019,23,인천광역시,60세 이상,실업자,11.8,천명,DT_1DA7095S,행정구역(시도)/연령별 실업자
2020,23,인천광역시,60세 이상,실업자,13.6,천명,DT_1DA7095S,행정구역(시도)/연령별 실업자
2021,23,인천광역시,60세 이상,실업자,14.8,천명,DT_1DA7095S,행정구역(시도)/연령별 실업자
2022,23,인천광역시,60세 이상,실업자,11.8,천명,DT_1DA7095S,행정구역(시도)/연령별 실업자
2023,23,인천광역시,60세 이상,실업자,9.5,천명,DT_1DA7095S,행정구역(시도)/연령별 실업자
2024,23,인천광역시,60세 이상,실업자,11.1,천명,DT_1DA7095S,행정구역(시도)/연령별 실업자
2025,23,인천광역시,60세 이상,실업자,15.2,천명,DT_1DA7095S,행정구역(시도)/연령별 실업자
2010,36,전라남도,60세 이상,실업자,2.5,천명,DT_1DA7095S,행정구역(시도)/연령별 실업자
2011,36,전라남도,60세 이상,실업자,3.1,천명,DT_1DA7095S,행정구역(시도)/연령별 실업자
2012,36,전라남도,60세 이상,실업자,2.1,천명,DT_1DA7095S,행정구역(시도)/연령별 실업자
2013,36,전라남도,60세 이상,실업자,2.4,천명,DT_1DA7095S,행정구역(시도)/연령별 실업자
2014,36,전라남도,60세 이상,실업자,4.2,천명,DT_1DA7095S,행정구역(시도)/연령별 실업자
2015,36,전라남도,60세 이상,실업자,4.3,천명,DT_1DA7095S,행정구역(시도)/연령별 실업자
2016,36,전라남도,60세 이상,실업자,5.7,천명,DT_1DA7095S,행정구역(시도)/연령별 실업자
2017,36,전라남도,60세 이상,실업자,5.9,천명,DT_1DA7095S,행정구역(시도)/연령별 실업자
2018,36,전라남도,60세 이상,실업자,3.8,천명,DT_1DA7095S,행정구역(시도)/연령별 실업자
2019,36,전라남도,60세 이상,실업자,4.6,천명,DT_1DA7095S,행정구역(시도)/연령별 실업자
2020,36,전라남도,60세 이상,실업자,6.7,천명,DT_1DA7095S,행정구역(시도)/연령별 실업자
2021,36,전라남도,60세 이상,실업자,8.3,천명,DT_1DA7095S,행정구역(시도)/연령별 실업자
2022,36,전라남도,60세 이상,실업자,6.6,천명,DT_1DA7095S,행정구역(시도)/연령별 실업자
2023,36,전라남도,60세 이상,실업자,6.8,천명,DT_1DA7095S,행정구역(시도)/연령별 실업자
2024,36,전라남도,60세 이상,실업자,12.0,천명,DT_1DA7095S,행정구역(시도)/연령별 실업자
2025,36,전라남도,60세 이상,실업자,12.8,천명,DT_1DA7095S,행정구역(시도)/연령별 실업자
2010,35,전라북도,60세 이상,실업자,2.0,천명,DT_1DA7095S,행정구역(시도)/연령별 실업자
2011,35,전라북도,60세 이상,실업자,1.2,천명,DT_1DA7095S,행정구역(시도)/연령별 실업자
2012,35,전라북도,60세 이상,실업자,1.2,천명,DT_1DA7095S,행정구역(시도)/연령별 실업자
2013,35,전라북도,60세 이상,실업자,1.8,천명,DT_1DA7095S,행정구역(시도)/연령별 실업자
2014,35,전라북도,60세 이상,실업자,2.6,천명,DT_1DA7095S,행정구역(시도)/연령별 실업자
2015,35,전라북도,60세 이상,실업자,2.7,천명,DT_1DA7095S,행정구역(시도)/연령별 실업자
2016,35,전라북도,60세 이상,실업자,1.5,천명,DT_1DA7095S,행정구역(시도)/연령별 실업자
2017,35,전라북도,60세 이상,실업자,1.6,천명,DT_1DA7095S,행정구역(시도)/연령별 실업자
2018,35,전라북도,60세 이상,실업자,1.9,천명,DT_1DA7095S,행정구역(시도)/연령별 실업자
2019,35,전라북도,60세 이상,실업자,2.5,천명,DT_1DA7095S,행정구역(시도)/연령별 실업자
2020,35,전라북도,60세 이상,실업자,3.5,천명,DT_1DA7095S,행정구역(시도)/연령별 실업자
2021,35,전라북도,60세 이상,실업자,6.2,천명,DT_1DA7095S,행정구역(시도)/연령별 실업자
2022,35,전라북도,60세 이상,실업자,6.3,천명,DT_1DA7095S,행정구역(시도)/연령별 실업자
2023,35,전라북도,60세 이상,실업자,5.9,천명,DT_1DA7095S,행정구역(시도)/연령별 실업자
2024,35,전라북도,60세 이상,실업자,7.6,천명,DT_1DA7095S,행정구역(시도)/연령별 실업자
2025,35,전라북도,60세 이상,실업자,9.3,천명,DT_1DA7095S,행정구역(시도)/연령별 실업자
2010,39,제주도,60세 이상,실업자,0.6,천명,DT_1DA7095S,행정구역(시도)/연령별 실업자
2011,39,제주도,60세 이상,실업자,0.3,천명,DT_1DA7095S,행정구역(시도)/연령별 실업자
2012,39,제주도,60세 이상,실업자,0.3,천명,DT_1DA7095S,행정구역(시도)/연령별 실업자
2013,39,제주도,60세 이상,실업자,0.2,천명,DT_1DA7095S,행정구역(시도)/연령별 실업자
2014,39,제주도,60세 이상,실업자,0.5,천명,DT_1DA7095S,행정구역(시도)/연령별 실업자
2015,39,제주도,60세 이상,실업자,1.3,천명,DT_1DA7095S,행정구역(시도)/연령별 실업자
2016,39,제주도,60세 이상,실업자,1.1,천명,DT_1DA7095S,행정구역(시도)/연령별 실업자
2017,39,제주도,60세 이상,실업자,1.2,천명,DT_1DA7095S,행정구역(시도)/연령별 실업자
2018,39,제주도,60세 이상,실업자,1.5,천명,DT_1DA7095S,행정구역(시도)/연령별 실업자
2019,39,제주도,60세 이상,실업자,1.7,천명,DT_1DA7095S,행정구역(시도)/연령별 실업자
2020,39,제주도,60세 이상,실업자,1.9,천명,DT_1DA7095S,행정구역(시도)/연령별 실업자
2021,39,제주도,60세 이상,실업자,2.9,천명,DT_1DA7095S,행정구역(시도)/연령별 실업자
2022,39,제주도,60세 이상,실업자,1.8,천명,DT_1DA7095S,행정구역(시도)/연령별 실업자
2023,39,제주도,60세 이상,실업자,1.7,천명,DT_1DA7095S,행정구역(시도)/연령별 실업자
2024,39,제주도,60세 이상,실업자,1.8,천명,DT_1DA7095S,행정구역(시도)/연령별 실업자
2025,39,제주도,60세 이상,실업자,2.8,천명,DT_1DA7095S,행정구역(시도)/연령별 실업자
2010,34,충청남도,60세 이상,실업자,2.6,천명,DT_1DA7095S,행정구역(시도)/연령별 실업자
2011,34,충청남도,60세 이상,실업자,1.9,천명,DT_1DA7095S,행정구역(시도)/연령별 실업자
2012,34,충청남도,60세 이상,실업자,2.9,천명,DT_1DA7095S,행정구역(시도)/연령별 실업자
2013,34,충청남도,60세 이상,실업자,3.3,천명,DT_1DA7095S,행정구역(시도)/연령별 실업자
2014,34,충청남도,60세 이상,실업자,4.4,천명,DT_1DA7095S,행정구역(시도)/연령별 실업자
2015,34,충청남도,60세 이상,실업자,4.6,천명,DT_1DA7095S,행정구역(시도)/연령별 실업자
2016,34,충청남도,60세 이상,실업자,5.0,천명,DT_1DA7095S,행정구역(시도)/연령별 실업자
2017,34,충청남도,60세 이상,실업자,3.0,천명,DT_1DA7095S,행정구역(시도)/연령별 실업자
2018,34,충청남도,60세 이상,실업자,5.4,천명,DT_1DA7095S,행정구역(시도)/연령별 실업자
2019,34,충청남도,60세 이상,실업자,3.2,천명,DT_1DA7095S,행정구역(시도)/연령별 실업자
2020,34,충청남도,60세 이상,실업자,6.5,천명,DT_1DA7095S,행정구역(시도)/연령별 실업자
2021,34,충청남도,60세 이상,실업자,4.4,천명,DT_1DA7095S,행정구역(시도)/연령별 실업자
2022,34,충청남도,60세 이상,실업자,6.4,천명,DT_1DA7095S,행정구역(시도)/연령별 실업자
2023,34,충청남도,60세 이상,실업자,6.4,천명,DT_1DA7095S,행정구역(시도)/연령별 실업자
2024,34,충청남도,60세 이상,실업자,9.7,천명,DT_1DA7095S,행정구역(시도)/연령별 실업자
2025,34,충청남도,60세 이상,실업자,9.2,천명,DT_1DA7095S,행정구역(시도)/연령별 실업자
2010,33,충청북도,60세 이상,실업자,1.4,천명,DT_1DA7095S,행정구역(시도)/연령별 실업자
2011,33,충청북도,60세 이상,실업자,1.5,천명,DT_1DA7095S,행정구역(시도)/연령별 실업자
2012,33,충청북도,60세 이상,실업자,1.6,천명,DT_1DA7095S,행정구역(시도)/연령별 실업자
2013,33,충청북도,60세 이상,실업자,1.5,천명,DT_1DA7095S,행정구역(시도)/연령별 실업자
2014,33,충청북도,60세 이상,실업자,2.7,천명,DT_1DA7095S,행정구역(시도)/연령별 실업자
2015,33,충청북도,60세 이상,실업자,3.1,천명,DT_1DA7095S,행정구역(시도)/연령별 실업자
2016,33,충청북도,60세 이상,실업자,2.5,천명,DT_1DA7095S,행정구역(시도)/연령별 실업자
2017,33,충청북도,60세 이상,실업자,2.5,천명,DT_1DA7095S,행정구역(시도)/연령별 실업자
2018,33,충청북도,60세 이상,실업자,2.7,천명,DT_1DA7095S,행정구역(시도)/연령별 실업자
2019,33,충청북도,60세 이상,실업자,4.6,천명,DT_1DA7095S,행정구역(시도)/연령별 실업자
2020,33,충청북도,60세 이상,실업자,6.5,천명,DT_1DA7095S,행정구역(시도)/연령별 실업자
2021,33,충청북도,60세 이상,실업자,5.9,천명,DT_1DA7095S,행정구역(시도)/연령별 실업자
2022,33,충청북도,60세 이상,실업자,5.4,천명,DT_1DA7095S,행정구역(시도)/연령별 실업자
2023,33,충청북도,60세 이상,실업자,6.7,천명,DT_1DA7095S,행정구역(시도)/연령별 실업자
2024,33,충청북도,60세 이상,실업자,5.8,천명,DT_1DA7095S,행정구역(시도)/연령별 실업자
2025,33,충청북도,60세 이상,실업자,7.2,천명,DT_1DA7095S,행정구역(시도)/연령별 실업자
2010,32,강원도,60세 이상,취업자,105.8,천명,DT_1DA7031S,행정구역(시도)/연령별 취업자
2011,32,강원도,60세 이상,취업자,110.2,천명,DT_1DA7031S,행정구역(시도)/연령별 취업자
2012,32,강원도,60세 이상,취업자,114.5,천명,DT_1DA7031S,행정구역(시도)/연령별 취업자
2013,32,강원도,60세 이상,취업자,113.6,천명,DT_1DA7031S,행정구역(시도)/연령별 취업자
2014,32,강원도,60세 이상,취업자,128.0,천명,DT_1DA7031S,행정구역(시도)/연령별 취업자
2015,32,강원도,60세 이상,취업자,137.4,천명,DT_1DA7031S,행정구역(시도)/연령별 취업자
2016,32,강원도,60세 이상,취업자,145.9,천명,DT_1DA7031S,행정구역(시도)/연령별 취업자
2017,32,강원도,60세 이상,취업자,170.5,천명,DT_1DA7031S,행정구역(시도)/연령별 취업자
2018,32,강원도,60세 이상,취업자,180.5,천명,DT_1DA7031S,행정구역(시도)/연령별 취업자
2019,32,강원도,60세 이상,취업자,199.7,천명,DT_1DA7031S,행정구역(시도)/연령별 취업자
2020,32,강원도,60세 이상,취업자,208.8,천명,DT_1DA7031S,행정구역(시도)/연령별 취업자
2021,32,강원도,60세 이상,취업자,230.9,천명,DT_1DA7031S,행정구역(시도)/연령별 취업자
2022,32,강원도,60세 이상,취업자,243.5,천명,DT_1DA7031S,행정구역(시도)/연령별 취업자
2023,32,강원도,60세 이상,취업자,258.0,천명,DT_1DA7031S,행정구역(시도)/연령별 취업자
2024,32,강원도,60세 이상,취업자,261.9,천명,DT_1DA7031S,행정구역(시도)/연령별 취업자
2025,32,강원도,60세 이상,취업자,284.4,천명,DT_1DA7031S,행정구역(시도)/연령별 취업자
2010,31,경기도,60세 이상,취업자,427.0,천명,DT_1DA7031S,행정구역(시도)/연령별 취업자
2011,31,경기도,60세 이상,취업자,443.8,천명,DT_1DA7031S,행정구역(시도)/연령별 취업자
2012,31,경기도,60세 이상,취업자,497.4,천명,DT_1DA7031S,행정구역(시도)/연령별 취업자
2013,31,경기도,60세 이상,취업자,563.2,천명,DT_1DA7031S,행정구역(시도)/연령별 취업자
2014,31,경기도,60세 이상,취업자,615.4,천명,DT_1DA7031S,행정구역(시도)/연령별 취업자
2015,31,경기도,60세 이상,취업자,657.1,천명,DT_1DA7031S,행정구역(시도)/연령별 취업자
2016,31,경기도,60세 이상,취업자,706.7,천명,DT_1DA7031S,행정구역(시도)/연령별 취업자
2017,31,경기도,60세 이상,취업자,759.3,천명,DT_1DA7031S,행정구역(시도)/연령별 취업자
2018,31,경기도,60세 이상,취업자,824.3,천명,DT_1DA7031S,행정구역(시도)/연령별 취업자
2019,31,경기도,60세 이상,취업자,941.9,천명,DT_1DA7031S,행정구역(시도)/연령별 취업자
2020,31,경기도,60세 이상,취업자,1036.9,천명,DT_1DA7031S,행정구역(시도)/연령별 취업자
2021,31,경기도,60세 이상,취업자,1131.8,천명,DT_1DA7031S,행정구역(시도)/연령별 취업자
2022,31,경기도,60세 이상,취업자,1297.2,천명,DT_1DA7031S,행정구역(시도)/연령별 취업자
2023,31,경기도,60세 이상,취업자,1376.1,천명,DT_1DA7031S,행정구역(시도)/연령별 취업자
2024,31,경기도,60세 이상,취업자,1452.5,천명,DT_1DA7031S,행정구역(시도)/연령별 취업자
2025,31,경기도,60세 이상,취업자,1545.1,천명,DT_1DA7031S,행정구역(시도)/연령별 취업자
2010,38,경상남도,60세 이상,취업자,217.5,천명,DT_1DA7031S,행정구역(시도)/연령별 취업자
2011,38,경상남도,60세 이상,취업자,228.4,천명,DT_1DA7031S,행정구역(시도)/연령별 취업자
2012,38,경상남도,60세 이상,취업자,234.9,천명,DT_1DA7031S,행정구역(시도)/연령별 취업자
2013,38,경상남도,60세 이상,취업자,235.5,천명,DT_1DA7031S,행정구역(시도)/연령별 취업자
2014,38,경상남도,60세 이상,취업자,236.7,천명,DT_1DA7031S,행정구역(시도)/연령별 취업자
2015,38,경상남도,60세 이상,취업자,255.3,천명,DT_1DA7031S,행정구역(시도)/연령별 취업자
2016,38,경상남도,60세 이상,취업자,280.5,천명,DT_1DA7031S,행정구역(시도)/연령별 취업자
2017,38,경상남도,60세 이상,취업자,293.8,천명,DT_1DA7031S,행정구역(시도)/연령별 취업자
2018,38,경상남도,60세 이상,취업자,318.6,천명,DT_1DA7031S,행정구역(시도)/연령별 취업자
2019,38,경상남도,60세 이상,취업자,334.8,천명,DT_1DA7031S,행정구역(시도)/연령별 취업자
2020,38,경상남도,60세 이상,취업자,377.6,천명,DT_1DA7031S,행정구역(시도)/연령별 취업자
2021,38,경상남도,60세 이상,취업자,414.4,천명,DT_1DA7031S,행정구역(시도)/연령별 취업자
2022,38,경상남도,60세 이상,취업자,440.0,천명,DT_1DA7031S,행정구역(시도)/연령별 취업자
2023,38,경상남도,60세 이상,취업자,449.5,천명,DT_1DA7031S,행정구역(시도)/연령별 취업자
2024,38,경상남도,60세 이상,취업자,471.6,천명,DT_1DA7031S,행정구역(시도)/연령별 취업자
2025,38,경상남도,60세 이상,취업자,499.3,천명,DT_1DA7031S,행정구역(시도)/연령별 취업자
2010,37,경상북도,60세 이상,취업자,278.4,천명,DT_1DA7031S,행정구역(시도)/연령별 취업자
2011,37,경상북도,60세 이상,취업자,285.8,천명,DT_1DA7031S,행정구역(시도)/연령별 취업자
2012,37,경상북도,60세 이상,취업자,286.2,천명,DT_1DA7031S,행정구역(시도)/연령별 취업자
2013,37,경상북도,60세 이상,취업자,294.5,천명,DT_1DA7031S,행정구역(시도)/연령별 취업자
2014,37,경상북도,60세 이상,취업자,305.6,천명,DT_1DA7031S,행정구역(시도)/연령별 취업자
2015,37,경상북도,60세 이상,취업자,310.1,천명,DT_1DA7031S,행정구역(시도)/연령별 취업자
2016,37,경상북도,60세 이상,취업자,322.0,천명,DT_1DA7031S,행정구역(시도)/연령별 취업자
2017,37,경상북도,60세 이상,취업자,331.6,천명,DT_1DA7031S,행정구역(시도)/연령별 취업자
2018,37,경상북도,60세 이상,취업자,342.0,천명,DT_1DA7031S,행정구역(시도)/연령별 취업자
2019,37,경상북도,60세 이상,취업자,360.3,천명,DT_1DA7031S,행정구역(시도)/연령별 취업자
2020,37,경상북도,60세 이상,취업자,390.8,천명,DT_1DA7031S,행정구역(시도)/연령별 취업자
2021,37,경상북도,60세 이상,취업자,423.9,천명,DT_1DA7031S,행정구역(시도)/연령별 취업자
2022,37,경상북도,60세 이상,취업자,447.0,천명,DT_1DA7031S,행정구역(시도)/연령별 취업자
2023,37,경상북도,60세 이상,취업자,475.2,천명,DT_1DA7031S,행정구역(시도)/연령별 취업자
2024,37,경상북도,60세 이상,취업자,486.5,천명,DT_1DA7031S,행정구역(시도)/연령별 취업자
2025,37,경상북도,60세 이상,취업자,506.7,천명,DT_1DA7031S,행정구역(시도)/연령별 취업자
2010,24,광주광역시,60세 이상,취업자,60.0,천명,DT_1DA7031S,행정구역(시도)/연령별 취업자
2011,24,광주광역시,60세 이상,취업자,62.4,천명,DT_1DA7031S,행정구역(시도)/연령별 취업자
2012,24,광주광역시,60세 이상,취업자,64.8,천명,DT_1DA7031S,행정구역(시도)/연령별 취업자
2013,24,광주광역시,60세 이상,취업자,72.2,천명,DT_1DA7031S,행정구역(시도)/연령별 취업자
2014,24,광주광역시,60세 이상,취업자,78.8,천명,DT_1DA7031S,행정구역(시도)/연령별 취업자
2015,24,광주광역시,60세 이상,취업자,83.9,천명,DT_1DA7031S,행정구역(시도)/연령별 취업자
2016,24,광주광역시,60세 이상,취업자,91.5,천명,DT_1DA7031S,행정구역(시도)/연령별 취업자
2017,24,광주광역시,60세 이상,취업자,98.1,천명,DT_1DA7031S,행정구역(시도)/연령별 취업자
2018,24,광주광역시,60세 이상,취업자,101.4,천명,DT_1DA7031S,행정구역(시도)/연령별 취업자
2019,24,광주광역시,60세 이상,취업자,110.7,천명,DT_1DA7031S,행정구역(시도)/연령별 취업자
2020,24,광주광역시,60세 이상,취업자,120.9,천명,DT_1DA7031S,행정구역(시도)/연령별 취업자
2021,24,광주광역시,60세 이상,취업자,126.0,천명,DT_1DA7031S,행정구역(시도)/연령별 취업자
2022,24,광주광역시,60세 이상,취업자,134.0,천명,DT_1DA7031S,행정구역(시도)/연령별 취업자
2023,24,광주광역시,60세 이상,취업자,146.7,천명,DT_1DA7031S,행정구역(시도)/연령별 취업자
2024,24,광주광역시,60세 이상,취업자,159.2,천명,DT_1DA7031S,행정구역(시도)/연령별 취업자
2025,24,광주광역시,60세 이상,취업자,173.0,천명,DT_1DA7031S,행정구역(시도)/연령별 취업자
2010,22,대구광역시,60세 이상,취업자,105.7,천명,DT_1DA7031S,행정구역(시도)/연령별 취업자
2011,22,대구광역시,60세 이상,취업자,122.9,천명,DT_1DA7031S,행정구역(시도)/연령별 취업자
2012,22,대구광역시,60세 이상,취업자,135.3,천명,DT_1DA7031S,행정구역(시도)/연령별 취업자
2013,22,대구광역시,60세 이상,취업자,139.8,천명,DT_1DA7031S,행정구역(시도)/연령별 취업자
2014,22,대구광역시,60세 이상,취업자,150.7,천명,DT_1DA7031S,행정구역(시도)/연령별 취업자
2015,22,대구광역시,60세 이상,취업자,156.7,천명,DT_1DA7031S,행정구역(시도)/연령별 취업자
2016,22,대구광역시,60세 이상,취업자,168.6,천명,DT_1DA7031S,행정구역(시도)/연령별 취업자
2017,22,대구광역시,60세 이상,취업자,181.8,천명,DT_1DA7031S,행정구역(시도)/연령별 취업자
2018,22,대구광역시,60세 이상,취업자,195.7,천명,DT_1DA7031S,행정구역(시도)/연령별 취업자
2019,22,대구광역시,60세 이상,취업자,209.0,천명,DT_1DA7031S,행정구역(시도)/연령별 취업자
2020,22,대구광역시,60세 이상,취업자,220.0,천명,DT_1DA7031S,행정구역(시도)/연령별 취업자
2021,22,대구광역시,60세 이상,취업자,228.3,천명,DT_1DA7031S,행정구역(시도)/연령별 취업자
2022,22,대구광역시,60세 이상,취업자,246.2,천명,DT_1DA7031S,행정구역(시도)/연령별 취업자
2023,22,대구광역시,60세 이상,취업자,267.8,천명,DT_1DA7031S,행정구역(시도)/연령별 취업자
2024,22,대구광역시,60세 이상,취업자,281.5,천명,DT_1DA7031S,행정구역(시도)/연령별 취업자
2025,22,대구광역시,60세 이상,취업자,290.3,천명,DT_1DA7031S,행정구역(시도)/연령별 취업자
2010,25,대전광역시,60세 이상,취업자,54.1,천명,DT_1DA7031S,행정구역(시도)/연령별 취업자
2011,25,대전광역시,60세 이상,취업자,59.1,천명,DT_1DA7031S,행정구역(시도)/연령별 취업자
2012,25,대전광역시,60세 이상,취업자,65.5,천명,DT_1DA7031S,행정구역(시도)/연령별 취업자
2013,25,대전광역시,60세 이상,취업자,68.0,천명,DT_1DA7031S,행정구역(시도)/연령별 취업자
2014,25,대전광역시,60세 이상,취업자,72.4,천명,DT_1DA7031S,행정구역(시도)/연령별 취업자
2015,25,대전광역시,60세 이상,취업자,84.1,천명,DT_1DA7031S,행정구역(시도)/연령별 취업자
2016,25,대전광역시,60세 이상,취업자,92.7,천명,DT_1DA7031S,행정구역(시도)/연령별 취업자
2017,25,대전광역시,60세 이상,취업자,97.7,천명,DT_1DA7031S,행정구역(시도)/연령별 취업자
2018,25,대전광역시,60세 이상,취업자,103.8,천명,DT_1DA7031S,행정구역(시도)/연령별 취업자
2019,25,대전광역시,60세 이상,취업자,116.2,천명,DT_1DA7031S,행정구역(시도)/연령별 취업자
2020,25,대전광역시,60세 이상,취업자,128.1,천명,DT_1DA7031S,행정구역(시도)/연령별 취업자
2021,25,대전광역시,60세 이상,취업자,135.8,천명,DT_1DA7031S,행정구역(시도)/연령별 취업자
2022,25,대전광역시,60세 이상,취업자,143.7,천명,DT_1DA7031S,행정구역(시도)/연령별 취업자
2023,25,대전광역시,60세 이상,취업자,154.4,천명,DT_1DA7031S,행정구역(시도)/연령별 취업자
2024,25,대전광역시,60세 이상,취업자,155.6,천명,DT_1DA7031S,행정구역(시도)/연령별 취업자
2025,25,대전광역시,60세 이상,취업자,172.7,천명,DT_1DA7031S,행정구역(시도)/연령별 취업자
2010,21,부산광역시,60세 이상,취업자,167.6,천명,DT_1DA7031S,행정구역(시도)/연령별 취업자
2011,21,부산광역시,60세 이상,취업자,180.5,천명,DT_1DA7031S,행정구역(시도)/연령별 취업자
2012,21,부산광역시,60세 이상,취업자,197.3,천명,DT_1DA7031S,행정구역(시도)/연령별 취업자
2013,21,부산광역시,60세 이상,취업자,216.9,천명,DT_1DA7031S,행정구역(시도)/연령별 취업자
2014,21,부산광역시,60세 이상,취업자,231.7,천명,DT_1DA7031S,행정구역(시도)/연령별 취업자
2015,21,부산광역시,60세 이상,취업자,251.3,천명,DT_1DA7031S,행정구역(시도)/연령별 취업자
2016,21,부산광역시,60세 이상,취업자,273.9,천명,DT_1DA7031S,행정구역(시도)/연령별 취업자
2017,21,부산광역시,60세 이상,취업자,286.3,천명,DT_1DA7031S,행정구역(시도)/연령별 취업자
2018,21,부산광역시,60세 이상,취업자,301.2,천명,DT_1DA7031S,행정구역(시도)/연령별 취업자
2019,21,부산광역시,60세 이상,취업자,312.2,천명,DT_1DA7031S,행정구역(시도)/연령별 취업자
2020,21,부산광역시,60세 이상,취업자,337.6,천명,DT_1DA7031S,행정구역(시도)/연령별 취업자
2021,21,부산광역시,60세 이상,취업자,363.0,천명,DT_1DA7031S,행정구역(시도)/연령별 취업자
2022,21,부산광역시,60세 이상,취업자,388.1,천명,DT_1DA7031S,행정구역(시도)/연령별 취업자
2023,21,부산광역시,60세 이상,취업자,401.8,천명,DT_1DA7031S,행정구역(시도)/연령별 취업자
2024,21,부산광역시,60세 이상,취업자,406.5,천명,DT_1DA7031S,행정구역(시도)/연령별 취업자
2025,21,부산광역시,60세 이상,취업자,426.0,천명,DT_1DA7031S,행정구역(시도)/연령별 취업자
2010,11,서울특별시,60세 이상,취업자,459.3,천명,DT_1DA7031S,행정구역(시도)/연령별 취업자
2011,11,서울특별시,60세 이상,취업자,489.7,천명,DT_1DA7031S,행정구역(시도)/연령별 취업자
2012,11,서울특별시,60세 이상,취업자,525.6,천명,DT_1DA7031S,행정구역(시도)/연령별 취업자
2013,11,서울특별시,60세 이상,취업자,553.9,천명,DT_1DA7031S,행정구역(시도)/연령별 취업자
2014,11,서울특별시,60세 이상,취업자,605.4,천명,DT_1DA7031S,행정구역(시도)/연령별 취업자
2015,11,서울특별시,60세 이상,취업자,629.4,천명,DT_1DA7031S,행정구역(시도)/연령별 취업자
2016,11,서울특별시,60세 이상,취업자,657.3,천명,DT_1DA7031S,행정구역(시도)/연령별 취업자
2017,11,서울특별시,60세 이상,취업자,700.7,천명,DT_1DA7031S,행정구역(시도)/연령별 취업자
2018,11,서울특별시,60세 이상,취업자,706.9,천명,DT_1DA7031S,행정구역(시도)/연령별 취업자
2019,11,서울특별시,60세 이상,취업자,769.5,천명,DT_1DA7031S,행정구역(시도)/연령별 취업자
2020,11,서울특별시,60세 이상,취업자,805.4,천명,DT_1DA7031S,행정구역(시도)/연령별 취업자
2021,11,서울특별시,60세 이상,취업자,798.9,천명,DT_1DA7031S,행정구역(시도)/연령별 취업자
2022,11,서울특별시,60세 이상,취업자,834.5,천명,DT_1DA7031S,행정구역(시도)/연령별 취업자
2023,11,서울특별시,60세 이상,취업자,896.7,천명,DT_1DA7031S,행정구역(시도)/연령별 취업자
2024,11,서울특별시,60세 이상,취업자,956.0,천명,DT_1DA7031S,행정구역(시도)/연령별 취업자
2025,11,서울특별시,60세 이상,취업자,1014.1,천명,DT_1DA7031S,행정구역(시도)/연령별 취업자
2017,29,세종특별자치시,60세 이상,취업자,15.0,천명,DT_1DA7031S,행정구역(시도)/연령별 취업자
2018,29,세종특별자치시,60세 이상,취업자,15.6,천명,DT_1DA7031S,행정구역(시도)/연령별 취업자
2019,29,세종특별자치시,60세 이상,취업자,18.4,천명,DT_1DA7031S,행정구역(시도)/연령별 취업자
2020,29,세종특별자치시,60세 이상,취업자,20.0,천명,DT_1DA7031S,행정구역(시도)/연령별 취업자
2021,29,세종특별자치시,60세 이상,취업자,22.6,천명,DT_1DA7031S,행정구역(시도)/연령별 취업자
2022,29,세종특별자치시,60세 이상,취업자,26.5,천명,DT_1DA7031S,행정구역(시도)/연령별 취업자
2023,29,세종특별자치시,60세 이상,취업자,30.4,천명,DT_1DA7031S,행정구역(시도)/연령별 취업자
2024,29,세종특별자치시,60세 이상,취업자,29.9,천명,DT_1DA7031S,행정구역(시도)/연령별 취업자
2025,29,세종특별자치시,60세 이상,취업자,31.9,천명,DT_1DA7031S,행정구역(시도)/연령별 취업자
2010,26,울산광역시,60세 이상,취업자,38.6,천명,DT_1DA7031S,행정구역(시도)/연령별 취업자
2011,26,울산광역시,60세 이상,취업자,39.4,천명,DT_1DA7031S,행정구역(시도)/연령별 취업자
2012,26,울산광역시,60세 이상,취업자,45.7,천명,DT_1DA7031S,행정구역(시도)/연령별 취업자
2013,26,울산광역시,60세 이상,취업자,50.9,천명,DT_1DA7031S,행정구역(시도)/연령별 취업자
2014,26,울산광역시,60세 이상,취업자,53.1,천명,DT_1DA7031S,행정구역(시도)/연령별 취업자
2015,26,울산광역시,60세 이상,취업자,57.5,천명,DT_1DA7031S,행정구역(시도)/연령별 취업자
2016,26,울산광역시,60세 이상,취업자,65.3,천명,DT_1DA7031S,행정구역(시도)/연령별 취업자
2017,26,울산광역시,60세 이상,취업자,66.6,천명,DT_1DA7031S,행정구역(시도)/연령별 취업자
2018,26,울산광역시,60세 이상,취업자,68.6,천명,DT_1DA7031S,행정구역(시도)/연령별 취업자
2019,26,울산광역시,60세 이상,취업자,75.9,천명,DT_1DA7031S,행정구역(시도)/연령별 취업자
2020,26,울산광역시,60세 이상,취업자,85.0,천명,DT_1DA7031S,행정구역(시도)/연령별 취업자
2021,26,울산광역시,60세 이상,취업자,88.2,천명,DT_1DA7031S,행정구역(시도)/연령별 취업자
2022,26,울산광역시,60세 이상,취업자,100.5,천명,DT_1DA7031S,행정구역(시도)/연령별 취업자
2023,26,울산광역시,60세 이상,취업자,107.9,천명,DT_1DA7031S,행정구역(시도)/연령별 취업자
2024,26,울산광역시,60세 이상,취업자,114.1,천명,DT_1DA7031S,행정구역(시도)/연령별 취업자
2025,26,울산광역시,60세 이상,취업자,116.6,천명,DT_1DA7031S,행정구역(시도)/연령별 취업자
2010,23,인천광역시,60세 이상,취업자,110.6,천명,DT_1DA7031S,행정구역(시도)/연령별 취업자
2011,23,인천광역시,60세 이상,취업자,116.1,천명,DT_1DA7031S,행정구역(시도)/연령별 취업자
2012,23,인천광역시,60세 이상,취업자,135.7,천명,DT_1DA7031S,행정구역(시도)/연령별 취업자
2013,23,인천광역시,60세 이상,취업자,152.4,천명,DT_1DA7031S,행정구역(시도)/연령별 취업자
2014,23,인천광역시,60세 이상,취업자,161.6,천명,DT_1DA7031S,행정구역(시도)/연령별 취업자
2015,23,인천광역시,60세 이상,취업자,172.5,천명,DT_1DA7031S,행정구역(시도)/연령별 취업자
2016,23,인천광역시,60세 이상,취업자,177.0,천명,DT_1DA7031S,행정구역(시도)/연령별 취업자
2017,23,인천광역시,60세 이상,취업자,190.7,천명,DT_1DA7031S,행정구역(시도)/연령별 취업자
2018,23,인천광역시,60세 이상,취업자,209.2,천명,DT_1DA7031S,행정구역(시도)/연령별 취업자
2019,23,인천광역시,60세 이상,취업자,224.0,천명,DT_1DA7031S,행정구역(시도)/연령별 취업자
2020,23,인천광역시,60세 이상,취업자,249.5,천명,DT_1DA7031S,행정구역(시도)/연령별 취업자
2021,23,인천광역시,60세 이상,취업자,268.2,천명,DT_1DA7031S,행정구역(시도)/연령별 취업자
2022,23,인천광역시,60세 이상,취업자,291.4,천명,DT_1DA7031S,행정구역(시도)/연령별 취업자
2023,23,인천광역시,60세 이상,취업자,324.5,천명,DT_1DA7031S,행정구역(시도)/연령별 취업자
2024,23,인천광역시,60세 이상,취업자,354.3,천명,DT_1DA7031S,행정구역(시도)/연령별 취업자
2025,23,인천광역시,60세 이상,취업자,379.7,천명,DT_1DA7031S,행정구역(시도)/연령별 취업자
2010,36,전라남도,60세 이상,취업자,237.6,천명,DT_1DA7031S,행정구역(시도)/연령별 취업자
2011,36,전라남도,60세 이상,취업자,237.6,천명,DT_1DA7031S,행정구역(시도)/연령별 취업자
2012,36,전라남도,60세 이상,취업자,247.5,천명,DT_1DA7031S,행정구역(시도)/연령별 취업자
2013,36,전라남도,60세 이상,취업자,243.7,천명,DT_1DA7031S,행정구역(시도)/연령별 취업자
2014,36,전라남도,60세 이상,취업자,242.7,천명,DT_1DA7031S,행정구역(시도)/연령별 취업자
2015,36,전라남도,60세 이상,취업자,245.2,천명,DT_1DA7031S,행정구역(시도)/연령별 취업자
2016,36,전라남도,60세 이상,취업자,254.7,천명,DT_1DA7031S,행정구역(시도)/연령별 취업자
2017,36,전라남도,60세 이상,취업자,266.4,천명,DT_1DA7031S,행정구역(시도)/연령별 취업자
2018,36,전라남도,60세 이상,취업자,269.7,천명,DT_1DA7031S,행정구역(시도)/연령별 취업자
2019,36,전라남도,60세 이상,취업자,281.9,천명,DT_1DA7031S,행정구역(시도)/연령별 취업자
2020,36,전라남도,60세 이상,취업자,295.6,천명,DT_1DA7031S,행정구역(시도)/연령별 취업자
2021,36,전라남도,60세 이상,취업자,317.2,천명,DT_1DA7031S,행정구역(시도)/연령별 취업자
2022,36,전라남도,60세 이상,취업자,338.9,천명,DT_1DA7031S,행정구역(시도)/연령별 취업자
2023,36,전라남도,60세 이상,취업자,354.9,천명,DT_1DA7031S,행정구역(시도)/연령별 취업자
2024,36,전라남도,60세 이상,취업자,355.2,천명,DT_1DA7031S,행정구역(시도)/연령별 취업자
2025,36,전라남도,60세 이상,취업자,356.5,천명,DT_1DA7031S,행정구역(시도)/연령별 취업자
2010,35,전라북도,60세 이상,취업자,163.3,천명,DT_1DA7031S,행정구역(시도)/연령별 취업자
2011,35,전라북도,60세 이상,취업자,170.4,천명,DT_1DA7031S,행정구역(시도)/연령별 취업자
2012,35,전라북도,60세 이상,취업자,173.2,천명,DT_1DA7031S,행정구역(시도)/연령별 취업자
2013,35,전라북도,60세 이상,취업자,180.4,천명,DT_1DA7031S,행정구역(시도)/연령별 취업자
2014,35,전라북도,60세 이상,취업자,181.4,천명,DT_1DA7031S,행정구역(시도)/연령별 취업자
2015,35,전라북도,60세 이상,취업자,189.0,천명,DT_1DA7031S,행정구역(시도)/연령별 취업자
2016,35,전라북도,60세 이상,취업자,199.4,천명,DT_1DA7031S,행정구역(시도)/연령별 취업자
2017,35,전라북도,60세 이상,취업자,201.3,천명,DT_1DA7031S,행정구역(시도)/연령별 취업자
2018,35,전라북도,60세 이상,취업자,212.6,천명,DT_1DA7031S,행정구역(시도)/연령별 취업자
2019,35,전라북도,60세 이상,취업자,235.9,천명,DT_1DA7031S,행정구역(시도)/연령별 취업자
2020,35,전라북도,60세 이상,취업자,258.4,천명,DT_1DA7031S,행정구역(시도)/연령별 취업자
2021,35,전라북도,60세 이상,취업자,278.1,천명,DT_1DA7031S,행정구역(시도)/연령별 취업자
2022,35,전라북도,60세 이상,취업자,290.6,천명,DT_1DA7031S,행정구역(시도)/연령별 취업자
2023,35,전라북도,60세 이상,취업자,304.7,천명,DT_1DA7031S,행정구역(시도)/연령별 취업자
2024,35,전라북도,60세 이상,취업자,313.1,천명,DT_1DA7031S,행정구역(시도)/연령별 취업자
2025,35,전라북도,60세 이상,취업자,312.3,천명,DT_1DA7031S,행정구역(시도)/연령별 취업자
2010,39,제주도,60세 이상,취업자,46.4,천명,DT_1DA7031S,행정구역(시도)/연령별 취업자
2011,39,제주도,60세 이상,취업자,46.0,천명,DT_1DA7031S,행정구역(시도)/연령별 취업자
2012,39,제주도,60세 이상,취업자,48.0,천명,DT_1DA7031S,행정구역(시도)/연령별 취업자
2013,39,제주도,60세 이상,취업자,51.6,천명,DT_1DA7031S,행정구역(시도)/연령별 취업자
2014,39,제주도,60세 이상,취업자,52.9,천명,DT_1DA7031S,행정구역(시도)/연령별 취업자
2015,39,제주도,60세 이상,취업자,59.3,천명,DT_1DA7031S,행정구역(시도)/연령별 취업자
2016,39,제주도,60세 이상,취업자,64.8,천명,DT_1DA7031S,행정구역(시도)/연령별 취업자
2017,39,제주도,60세 이상,취업자,67.6,천명,DT_1DA7031S,행정구역(시도)/연령별 취업자
2018,39,제주도,60세 이상,취업자,67.9,천명,DT_1DA7031S,행정구역(시도)/연령별 취업자
2019,39,제주도,60세 이상,취업자,78.1,천명,DT_1DA7031S,행정구역(시도)/연령별 취업자
2020,39,제주도,60세 이상,취업자,83.2,천명,DT_1DA7031S,행정구역(시도)/연령별 취업자
2021,39,제주도,60세 이상,취업자,86.8,천명,DT_1DA7031S,행정구역(시도)/연령별 취업자
2022,39,제주도,60세 이상,취업자,93.5,천명,DT_1DA7031S,행정구역(시도)/연령별 취업자
2023,39,제주도,60세 이상,취업자,92.3,천명,DT_1DA7031S,행정구역(시도)/연령별 취업자
2024,39,제주도,60세 이상,취업자,97.0,천명,DT_1DA7031S,행정구역(시도)/연령별 취업자
2025,39,제주도,60세 이상,취업자,104.7,천명,DT_1DA7031S,행정구역(시도)/연령별 취업자
2010,34,충청남도,60세 이상,취업자,163.3,천명,DT_1DA7031S,행정구역(시도)/연령별 취업자
2011,34,충청남도,60세 이상,취업자,176.0,천명,DT_1DA7031S,행정구역(시도)/연령별 취업자
2012,34,충청남도,60세 이상,취업자,187.3,천명,DT_1DA7031S,행정구역(시도)/연령별 취업자
2013,34,충청남도,60세 이상,취업자,203.0,천명,DT_1DA7031S,행정구역(시도)/연령별 취업자
2014,34,충청남도,60세 이상,취업자,204.0,천명,DT_1DA7031S,행정구역(시도)/연령별 취업자
2015,34,충청남도,60세 이상,취업자,203.5,천명,DT_1DA7031S,행정구역(시도)/연령별 취업자
2016,34,충청남도,60세 이상,취업자,209.8,천명,DT_1DA7031S,행정구역(시도)/연령별 취업자
2017,34,충청남도,60세 이상,취업자,217.9,천명,DT_1DA7031S,행정구역(시도)/연령별 취업자
2018,34,충청남도,60세 이상,취업자,240.9,천명,DT_1DA7031S,행정구역(시도)/연령별 취업자
2019,34,충청남도,60세 이상,취업자,252.3,천명,DT_1DA7031S,행정구역(시도)/연령별 취업자
2020,34,충청남도,60세 이상,취업자,266.4,천명,DT_1DA7031S,행정구역(시도)/연령별 취업자
2021,34,충청남도,60세 이상,취업자,286.4,천명,DT_1DA7031S,행정구역(시도)/연령별 취업자
2022,34,충청남도,60세 이상,취업자,310.8,천명,DT_1DA7031S,행정구역(시도)/연령별 취업자
2023,34,충청남도,60세 이상,취업자,335.6,천명,DT_1DA7031S,행정구역(시도)/연령별 취업자
2024,34,충청남도,60세 이상,취업자,338.3,천명,DT_1DA7031S,행정구역(시도)/연령별 취업자
2025,34,충청남도,60세 이상,취업자,350.5,천명,DT_1DA7031S,행정구역(시도)/연령별 취업자
2010,33,충청북도,60세 이상,취업자,103.4,천명,DT_1DA7031S,행정구역(시도)/연령별 취업자
2011,33,충청북도,60세 이상,취업자,108.5,천명,DT_1DA7031S,행정구역(시도)/연령별 취업자
2012,33,충청북도,60세 이상,취업자,111.8,천명,DT_1DA7031S,행정구역(시도)/연령별 취업자
2013,33,충청북도,60세 이상,취업자,116.2,천명,DT_1DA7031S,행정구역(시도)/연령별 취업자
2014,33,충청북도,60세 이상,취업자,127.2,천명,DT_1DA7031S,행정구역(시도)/연령별 취업자
2015,33,충청북도,60세 이상,취업자,133.1,천명,DT_1DA7031S,행정구역(시도)/연령별 취업자
2016,33,충청북도,60세 이상,취업자,137.9,천명,DT_1DA7031S,행정구역(시도)/연령별 취업자
2017,33,충청북도,60세 이상,취업자,144.9,천명,DT_1DA7031S,행정구역(시도)/연령별 취업자
2018,33,충청북도,60세 이상,취업자,165.1,천명,DT_1DA7031S,행정구역(시도)/연령별 취업자
2019,33,충청북도,60세 이상,취업자,179.8,천명,DT_1DA7031S,행정구역(시도)/연령별 취업자
2020,33,충청북도,60세 이상,취업자,191.8,천명,DT_1DA7031S,행정구역(시도)/연령별 취업자
2021,33,충청북도,60세 이상,취업자,205.4,천명,DT_1DA7031S,행정구역(시도)/연령별 취업자
2022,33,충청북도,60세 이상,취업자,231.3,천명,DT_1DA7031S,행정구역(시도)/연령별 취업자
2023,33,충청북도,60세 이상,취업자,246.8,천명,DT_1DA7031S,행정구역(시도)/연령별 취업자
2024,33,충청북도,60세 이상,취업자,256.2,천명,DT_1DA7031S,행정구역(시도)/연령별 취업자
2025,33,충청북도,60세 이상,취업자,270.1,천명,DT_1DA7031S,행정구역(시도)/연령별 취업자
