year,C1,C1_NM,C1_NM_ENG,total_population,child_population,working_age_population,older_population,older_share,working_age_share,child_share
2008,11110,종로구,Jongno-gu,170705,22816,127968,19921,11.67,74.96,13.37
2009,11110,종로구,Jongno-gu,168603,21413,126645,20545,12.19,75.11,12.7
2010,11110,종로구,Jongno-gu,170578,20178,128089,22311,13.08,75.09,11.83
2011,11110,종로구,Jongno-gu,168382,19227,126355,22800,13.54,75.04,11.42
2012,11110,종로구,Jongno-gu,165207,18110,123367,23730,14.36,74.67,10.96
2013,11110,종로구,Jongno-gu,160070,16985,119232,23853,14.9,74.49,10.61
2014,11110,종로구,Jongno-gu,156993,15953,116664,24376,15.53,74.31,10.16
2015,11110,종로구,Jongno-gu,154986,15168,115066,24752,15.97,74.24,9.79
2016,11110,종로구,Jongno-gu,152737,14494,113293,24950,16.34,74.18,9.49
2017,11110,종로구,Jongno-gu,154770,14416,114324,26030,16.82,73.87,9.31
2018,11110,종로구,Jongno-gu,153065,13904,112589,26572,17.36,73.56,9.08
2019,11110,종로구,Jongno-gu,151290,13364,110608,27318,18.06,73.11,8.83
2020,11110,종로구,Jongno-gu,149384,12679,108394,28311,18.95,72.56,8.49
2021,11110,종로구,Jongno-gu,144683,11918,105156,27609,19.08,72.68,8.24
2022,11110,종로구,Jongno-gu,141379,11121,102554,27704,19.6,72.54,7.87
2023,11110,종로구,Jongno-gu,139417,10459,100458,28500,20.44,72.06,7.5
2024,11110,종로구,Jongno-gu,138336,9931,98831,29574,21.38,71.44,7.18
2008,11140,중구,Jung-gu,130362,16839,98396,15127,11.6,75.48,12.92
2009,11140,중구,Jung-gu,129465,15817,97888,15760,12.17,75.61,12.22
2010,11140,중구,Jung-gu,132822,15235,100272,17315,13.04,75.49,11.47
2011,11140,중구,Jung-gu,133193,14715,100550,17928,13.46,75.49,11.05
2012,11140,중구,Jung-gu,133360,14344,100326,18690,14.01,75.23,10.76
2013,11140,중구,Jung-gu,130465,13430,97883,19152,14.68,75.03,10.29
2014,11140,중구,Jung-gu,128065,12604,95721,19740,15.41,74.74,9.84
2015,11140,중구,Jung-gu,125733,11817,93835,20081,15.97,74.63,9.4
2016,11140,중구,Jung-gu,125249,11527,93334,20388,16.28,74.52,9.2
2017,11140,중구,Jung-gu,125709,11306,93255,21148,16.82,74.18,8.99
2018,11140,중구,Jung-gu,125725,10879,93096,21750,17.3,74.05,8.65
2019,11140,중구,Jung-gu,126171,10543,92654,22974,18.21,73.44,8.36
2020,11140,중구,Jung-gu,125240,9928,91138,24174,19.3,72.77,7.93
2021,11140,중구,Jung-gu,122499,9352,89110,24037,19.62,72.74,7.63
2022,11140,중구,Jung-gu,120437,8901,86876,24660,20.48,72.13,7.39
2023,11140,중구,Jung-gu,121312,8528,87259,25525,21.04,71.93,7.03
2024,11140,중구,Jung-gu,120544,8119,86017,26408,21.91,71.36,6.74
2008,11170,용산구,Yongsan-gu,238224,33041,178333,26850,11.27,74.86,13.87
2009,11170,용산구,Yongsan-gu,238708,31855,178965,27888,11.68,74.97,13.34
2010,11170,용산구,Yongsan-gu,244853,30685,183398,30770,12.57,74.9,12.53
2011,11170,용산구,Yongsan-gu,246501,30428,184450,31623,12.83,74.83,12.34
2012,11170,용산구,Yongsan-gu,243232,29337,181109,32786,13.48,74.46,12.06
2013,11170,용산구,Yongsan-gu,239740,28179,177786,33775,14.09,74.16,11.75
2014,11170,용산구,Yongsan-gu,235951,26599,174781,34571,14.65,74.08,11.27
2015,11170,용산구,Yongsan-gu,233342,25515,172475,35352,15.15,73.92,10.93
2016,11170,용산구,Yongsan-gu,230241,24369,170325,35547,15.44,73.98,10.58
2017,11170,용산구,Yongsan-gu,229161,23174,169499,36488,15.92,73.97,10.11
2018,11170,용산구,Yongsan-gu,228999,22238,169549,37212,16.25,74.04,9.71
2019,11170,용산구,Yongsan-gu,228670,21439,168885,38346,16.77,73.86,9.38
2020,11170,용산구,Yongsan-gu,230040,20688,169573,39779,17.29,73.71,8.99
2021,11170,용산구,Yongsan-gu,222953,19604,164797,38552,17.29,73.92,8.79
2022,11170,용산구,Yongsan-gu,218650,18677,161495,38478,17.6,73.86,8.54
2023,11170,용산구,Yongsan-gu,213151,17483,156429,39239,18.41,73.39,8.2
2024,11170,용산구,Yongsan-gu,203854,16404,148556,38894,19.08,72.87,8.05
2008,11200,성동구,Seongdong-gu,314212,47339,237591,29282,9.32,75.61,15.07
2009,11200,성동구,Seongdong-gu,308058,44436,233489,30133,9.78,75.79,14.42
2010,11200,성동구,Seongdong-gu,309093,42063,235041,31989,10.35,76.04,13.61
2011,11200,성동구,Seongdong-gu,300711,39327,228725,32659,10.86,76.06,13.08
2012,11200,성동구,Seongdong-gu,299604,37996,227552,34056,11.37,75.95,12.68
2013,11200,성동구,Seongdong-gu,299337,36902,227139,35296,11.79,75.88,12.33
2014,11200,성동구,Seongdong-gu,296086,35256,224266,36564,12.35,75.74,11.91
2015,11200,성동구,Seongdong-gu,297003,34327,224651,38025,12.8,75.64,11.56
2016,11200,성동구,Seongdong-gu,299259,33892,226227,39140,13.08,75.6,11.33
2017,11200,성동구,Seongdong-gu,304808,33732,229924,41152,13.5,75.43,11.07
2018,11200,성동구,Seongdong-gu,308221,33238,232354,42629,13.83,75.39,10.78
2019,11200,성동구,Seongdong-gu,300889,31559,225534,43796,14.56,74.96,10.49
2020,11200,성동구,Seongdong-gu,293556,29566,218555,45435,15.48,74.45,10.07
2021,11200,성동구,Seongdong-gu,285990,28220,211569,46201,16.15,73.98,9.87
2022,11200,성동구,Seongdong-gu,281000,26903,206567,47530,16.91,73.51,9.57
2023,11200,성동구,Seongdong-gu,277361,25233,202868,49260,17.76,73.14,9.1
2024,11200,성동구,Seongdong-gu,273669,24211,198428,51030,18.65,72.51,8.85
2008,11215,광진구,Gwangjin-gu,375482,56241,290881,28360,7.55,77.47,14.98
2009,11215,광진구,Gwangjin-gu,373998,53115,290904,29979,8.02,77.78,14.2
2010,11215,광진구,Gwangjin-gu,375463,50148,293281,32034,8.53,78.11,13.36
2011,11215,광진구,Gwangjin-gu,371936,47706,290812,33418,8.98,78.19,12.83
2012,11215,광진구,Gwangjin-gu,371313,46055,289719,35539,9.57,78.03,12.4
2013,11215,광진구,Gwangjin-gu,368927,43980,287534,37413,10.14,77.94,11.92
2014,11215,광진구,Gwangjin-gu,363354,41863,282683,38808,10.68,77.8,11.52
2015,11215,광진구,Gwangjin-gu,360369,39956,280208,40205,11.16,77.76,11.09
2016,11215,광진구,Gwangjin-gu,357215,38537,277386,41292,11.56,77.65,10.79
2017,11215,광진구,Gwangjin-gu,357703,37469,276444,43790,12.24,77.28,10.47
2018,11215,광진구,Gwangjin-gu,355559,36007,274120,45432,12.78,77.1,10.13
2019,11215,광진구,Gwangjin-gu,351350,33983,269686,47681,13.57,76.76,9.67
2020,11215,광진구,Gwangjin-gu,346682,31809,264562,50311,14.51,76.31,9.18
2021,11215,광진구,Gwangjin-gu,339996,29611,258935,51450,15.13,76.16,8.71
2022,11215,광진구,Gwangjin-gu,337416,27958,255721,53737,15.93,75.79,8.29
2023,11215,광진구,Gwangjin-gu,335554,26461,252632,56461,16.83,75.29,7.89
2024,11215,광진구,Gwangjin-gu,331963,25013,247616,59334,17.87,74.59,7.53
2008,11230,동대문구,Dongdaemun-gu,370250,51811,280167,38272,10.34,75.67,13.99
2009,11230,동대문구,Dongdaemun-gu,362146,48616,274064,39466,10.9,75.68,13.42
2010,11230,동대문구,Dongdaemun-gu,366786,46546,277716,42524,11.59,75.72,12.69
2011,11230,동대문구,Dongdaemun-gu,365486,45042,276215,44229,12.1,75.57,12.32
2012,11230,동대문구,Dongdaemun-gu,363258,43450,273183,46625,12.84,75.2,11.96
2013,11230,동대문구,Dongdaemun-gu,364273,42323,273039,48911,13.43,74.95,11.62
2014,11230,동대문구,Dongdaemun-gu,363687,41201,271730,50756,13.96,74.72,11.33
2015,11230,동대문구,Dongdaemun-gu,360153,39121,268701,52331,14.53,74.61,10.86
2016,11230,동대문구,Dongdaemun-gu,355069,37304,264464,53301,15.01,74.48,10.51
2017,11230,동대문구,Dongdaemun-gu,350647,35637,259463,55547,15.84,74.0,10.16
2018,11230,동대문구,Dongdaemun-gu,348052,34439,256622,56991,16.37,73.73,9.89
2019,11230,동대문구,Dongdaemun-gu,346194,33326,253698,59170,17.09,73.28,9.63
2020,11230,동대문구,Dongdaemun-gu,342837,31846,249379,61612,17.97,72.74,9.29
2021,11230,동대문구,Dongdaemun-gu,337400,30495,244896,62009,18.38,72.58,9.04
2022,11230,동대문구,Dongdaemun-gu,336644,29476,242913,64255,19.09,72.16,8.76
2023,11230,동대문구,Dongdaemun-gu,341149,29103,245256,66790,19.58,71.89,8.53
2024,11230,동대문구,Dongdaemun-gu,338735,27853,241568,69314,20.46,71.31,8.22
2008,11260,중랑구,Jungnang-gu,427871,62912,327927,37032,8.65,76.64,14.7
2009,11260,중랑구,Jungnang-gu,424761,59205,326503,39053,9.19,76.87,13.94
2010,11260,중랑구,Jungnang-gu,427455,56113,329539,41803,9.78,77.09,13.13
2011,11260,중랑구,Jungnang-gu,423706,53222,326808,43676,10.31,77.13,12.56
2012,11260,중랑구,Jungnang-gu,419295,50427,322466,46402,11.07,76.91,12.03
2013,11260,중랑구,Jungnang-gu,416798,48381,319480,48937,11.74,76.65,11.61
2014,11260,중랑구,Jungnang-gu,418836,47297,319620,51919,12.4,76.31,11.29
2015,11260,중랑구,Jungnang-gu,413909,44902,314986,54021,13.05,76.1,10.85
2016,11260,중랑구,Jungnang-gu,411005,43137,312026,55842,13.59,75.92,10.5
2017,11260,중랑구,Jungnang-gu,408226,41660,307377,59189,14.5,75.3,10.21
2018,11260,중랑구,Jungnang-gu,403209,39355,302106,61748,15.31,74.93,9.76
2019,11260,중랑구,Jungnang-gu,397015,37243,294707,65065,16.39,74.23,9.38
2020,11260,중랑구,Jungnang-gu,394702,35444,289917,69341,17.57,73.45,8.98
2021,11260,중랑구,Jungnang-gu,387350,33325,282465,71560,18.47,72.92,8.6
2022,11260,중랑구,Jungnang-gu,385318,32188,278340,74790,19.41,72.24,8.35
2023,11260,중랑구,Jungnang-gu,382155,30655,272709,78791,20.62,71.36,8.02
2024,11260,중랑구,Jungnang-gu,379274,29052,266923,83299,21.96,70.38,7.66
2008,11290,성북구,Seongbuk-gu,473357,72326,353972,47059,9.94,74.78,15.28
2009,11290,성북구,Seongbuk-gu,476028,70588,356201,49239,10.34,74.83,14.83
2010,11290,성북구,Seongbuk-gu,488932,69804,366015,53113,10.86,74.86,14.28
2011,11290,성북구,Seongbuk-gu,485171,67662,362426,55083,11.35,74.7,13.95
2012,11290,성북구,Seongbuk-gu,481857,65327,358530,58000,12.04,74.41,13.56
2013,11290,성북구,Seongbuk-gu,476589,62968,353268,60353,12.66,74.12,13.21
2014,11290,성북구,Seongbuk-gu,466706,59662,345115,61929,13.27,73.95,12.78
2015,11290,성북구,Seongbuk-gu,459275,57147,338996,63132,13.75,73.81,12.44
2016,11290,성북구,Seongbuk-gu,450355,54378,332099,63878,14.18,73.74,12.07
2017,11290,성북구,Seongbuk-gu,444055,52354,325580,66121,14.89,73.32,11.79
2018,11290,성북구,Seongbuk-gu,435868,49379,318843,67646,15.52,73.15,11.33
2019,11290,성북구,Seongbuk-gu,442650,48562,323389,70699,15.97,73.06,10.97
2020,11290,성북구,Seongbuk-gu,437153,46162,317378,73613,16.84,72.6,10.56
2021,11290,성북구,Seongbuk-gu,430528,44582,311401,74545,17.31,72.33,10.36
2022,11290,성북구,Seongbuk-gu,430397,42920,310184,77293,17.96,72.07,9.97
2023,11290,성북구,Seongbuk-gu,425602,40594,304776,80232,18.85,71.61,9.54
2024,11290,성북구,Seongbuk-gu,421560,38623,299584,83353,19.77,71.07,9.16
2008,11305,강북구,Gangbuk-gu,342274,48700,257041,36533,10.67,75.1,14.23
2009,11305,강북구,Gangbuk-gu,340367,46178,255528,38661,11.36,75.07,13.57
2010,11305,강북구,Gangbuk-gu,346520,44640,260239,41641,12.02,75.1,12.88
2011,11305,강북구,Gangbuk-gu,345054,43005,258596,43453,12.59,74.94,12.46
2012,11305,강북구,Gangbuk-gu,343157,41533,255477,46147,13.45,74.45,12.1
2013,11305,강북구,Gangbuk-gu,338707,39460,250782,48465,14.31,74.04,11.65
2014,11305,강북구,Gangbuk-gu,335025,37464,246806,50755,15.15,73.67,11.18
2015,11305,강북구,Gangbuk-gu,330873,35134,243236,52503,15.87,73.51,10.62
2016,11305,강북구,Gangbuk-gu,327195,33278,239953,53964,16.49,73.34,10.17
2017,11305,강북구,Gangbuk-gu,324479,31728,236314,56437,17.39,72.83,9.78
2018,11305,강북구,Gangbuk-gu,319164,29644,231417,58103,18.2,72.51,9.29
2019,11305,강북구,Gangbuk-gu,313954,27714,225766,60474,19.26,71.91,8.83
2020,11305,강북구,Gangbuk-gu,308055,25762,218980,63313,20.55,71.08,8.36
2021,11305,강북구,Gangbuk-gu,299182,23870,211094,64218,21.46,70.56,7.98
2022,11305,강북구,Gangbuk-gu,293660,22123,205367,66170,22.53,69.93,7.53
2023,11305,강북구,Gangbuk-gu,288113,20587,199053,68473,23.77,69.09,7.15
2024,11305,강북구,Gangbuk-gu,283597,19127,193243,71227,25.12,68.14,6.74
2008,11320,도봉구,Dobong-gu,373936,58270,280992,34674,9.27,75.14,15.58
2009,11320,도봉구,Dobong-gu,369733,55147,278402,36184,9.79,75.3,14.92
2010,11320,도봉구,Dobong-gu,368298,52062,278051,38185,10.37,75.5,14.14
2011,11320,도봉구,Dobong-gu,365573,49709,276083,39781,10.88,75.52,13.6
2012,11320,도봉구,Dobong-gu,362270,47265,272775,42230,11.66,75.3,13.05
2013,11320,도봉구,Dobong-gu,358582,44915,269233,44434,12.39,75.08,12.53
2014,11320,도봉구,Dobong-gu,353709,42590,264681,46438,13.13,74.83,12.04
2015,11320,도봉구,Dobong-gu,351242,40601,262088,48553,13.82,74.62,11.56
2016,11320,도봉구,Dobong-gu,348220,38795,258959,50466,14.49,74.37,11.14
2017,11320,도봉구,Dobong-gu,344166,36873,253848,53445,15.53,73.76,10.71
2018,11320,도봉구,Dobong-gu,339413,34863,248624,55926,16.48,73.25,10.27
2019,11320,도봉구,Dobong-gu,333362,32614,242084,58664,17.6,72.62,9.78
2020,11320,도봉구,Dobong-gu,325257,30478,232770,62009,19.06,71.56,9.37
2021,11320,도봉구,Dobong-gu,317366,28488,224764,64114,20.2,70.82,8.98
2022,11320,도봉구,Dobong-gu,311694,26616,218136,66942,21.48,69.98,8.54
2023,11320,도봉구,Dobong-gu,306948,24811,211763,70374,22.93,68.99,8.08
2024,11320,도봉구,Dobong-gu,303228,23215,205864,74149,24.45,67.89,7.66
2008,11350,노원구,Nowon-gu,615981,107886,455275,52820,8.57,73.91,17.51
2009,11350,노원구,Nowon-gu,610616,102717,453252,54647,8.95,74.23,16.82
2010,11350,노원구,Nowon-gu,611230,97860,456393,56977,9.32,74.67,16.01
2011,11350,노원구,Nowon-gu,603930,92975,452371,58584,9.7,74.9,15.39
2012,11350,노원구,Nowon-gu,597189,88741,447298,61150,10.24,74.9,14.86
2013,11350,노원구,Nowon-gu,590479,84290,442458,63731,10.79,74.93,14.27
2014,11350,노원구,Nowon-gu,582552,80147,435994,66411,11.4,74.84,13.76
2015,11350,노원구,Nowon-gu,574583,75672,430068,68843,11.98,74.85,13.17
2016,11350,노원구,Nowon-gu,567581,72159,424603,70819,12.48,74.81,12.71
2017,11350,노원구,Nowon-gu,554403,68323,411902,74178,13.38,74.3,12.32
2018,11350,노원구,Nowon-gu,543752,64067,402653,77032,14.17,74.05,11.78
2019,11350,노원구,Nowon-gu,532905,60377,391674,80854,15.17,73.5,11.33
2020,11350,노원구,Nowon-gu,523037,57456,380161,85420,16.33,72.68,10.99
2021,11350,노원구,Nowon-gu,510956,54122,368563,88271,17.28,72.13,10.59
2022,11350,노원구,Nowon-gu,503734,50770,361018,91946,18.25,71.67,10.08
2023,11350,노원구,Nowon-gu,498213,47852,354052,96309,19.33,71.06,9.6
2024,11350,노원구,Nowon-gu,491247,45350,345430,100467,20.45,70.32,9.23
2008,11380,은평구,Eunpyeong-gu,458401,70740,341825,45836,10.0,74.57,15.43
2009,11380,은평구,Eunpyeong-gu,465895,69267,347809,48819,10.48,74.65,14.87
2010,11380,은평구,Eunpyeong-gu,488109,69906,364553,53650,10.99,74.69,14.32
2011,11380,은평구,Eunpyeong-gu,493634,68737,368412,56485,11.44,74.63,13.92
2012,11380,은평구,Eunpyeong-gu,501480,68445,372386,60649,12.09,74.26,13.65
2013,11380,은평구,Eunpyeong-gu,503660,66613,372859,64188,12.74,74.03,13.23
2014,11380,은평구,Eunpyeong-gu,498644,63250,368530,66864,13.41,73.91,12.68
2015,11380,은평구,Eunpyeong-gu,497920,60490,367820,69610,13.98,73.87,12.15
2016,11380,은평구,Eunpyeong-gu,491476,57647,362525,71304,14.51,73.76,11.73
2017,11380,은평구,Eunpyeong-gu,486794,55045,357349,74400,15.28,73.41,11.31
2018,11380,은평구,Eunpyeong-gu,483197,52187,353747,77263,15.99,73.21,10.8
2019,11380,은평구,Eunpyeong-gu,480032,49813,349652,80567,16.78,72.84,10.38
2020,11380,은평구,Eunpyeong-gu,479835,47781,347044,85010,17.72,72.33,9.96
2021,11380,은평구,Eunpyeong-gu,473307,45280,340989,87038,18.39,72.04,9.57
2022,11380,은평구,Eunpyeong-gu,466746,42981,334343,89422,19.16,71.63,9.21
2023,11380,은평구,Eunpyeong-gu,466770,41081,332124,93565,20.05,71.15,8.8
2024,11380,은평구,Eunpyeong-gu,460919,38324,324807,97788,21.22,70.47,8.31
2008,11410,서대문구,Seodaemun-gu,331688,48585,247061,36042,10.87,74.49,14.65
2009,11410,서대문구,Seodaemun-gu,327451,45775,244416,37260,11.38,74.64,13.98
2010,11410,서대문구,Seodaemun-gu,324541,42811,242509,39221,12.09,74.72,13.19
2011,11410,서대문구,Seodaemun-gu,314852,39735,235377,39740,12.62,74.76,12.62
2012,11410,서대문구,Seodaemun-gu,315113,38603,234754,41756,13.25,74.5,12.25
2013,11410,서대문구,Seodaemun-gu,314110,37251,233330,43529,13.86,74.28,11.86
2014,11410,서대문구,Seodaemun-gu,310376,35283,230111,44982,14.49,74.14,11.37
2015,11410,서대문구,Seodaemun-gu,312141,34819,230905,46417,14.87,73.97,11.15
2016,11410,서대문구,Seodaemun-gu,314194,34288,232603,47303,15.06,74.03,10.91
2017,11410,서대문구,Seodaemun-gu,312800,33339,230563,48898,15.63,73.71,10.66
2018,11410,서대문구,Seodaemun-gu,310313,32236,228032,50045,16.13,73.48,10.39
2019,11410,서대문구,Seodaemun-gu,309397,31201,226551,51645,16.69,73.22,10.08
2020,11410,서대문구,Seodaemun-gu,312173,31090,227327,53756,17.22,72.82,9.96
2021,11410,서대문구,Seodaemun-gu,304819,29460,221537,53822,17.66,72.68,9.66
2022,11410,서대문구,Seodaemun-gu,306337,29142,221693,55502,18.12,72.37,9.51
2023,11410,서대문구,Seodaemun-gu,306231,28212,220431,57588,18.81,71.98,9.21
2024,11410,서대문구,Seodaemun-gu,302853,27021,216147,59685,19.71,71.37,8.92
2008,11440,마포구,Mapo-gu,385119,57761,290863,36495,9.48,75.53,15.0
2009,11440,마포구,Mapo-gu,384013,55703,290284,38026,9.9,75.59,14.51
2010,11440,마포구,Mapo-gu,391865,54779,295849,41237,10.52,75.5,13.98
2011,11440,마포구,Mapo-gu,389493,52922,294175,42396,10.88,75.53,13.59
2012,11440,마포구,Mapo-gu,384644,50964,289653,44027,11.45,75.3,13.25
2013,11440,마포구,Mapo-gu,381856,49179,287169,45508,11.92,75.2,12.88
2014,11440,마포구,Mapo-gu,385439,48239,290104,47096,12.22,75.27,12.52
2015,11440,마포구,Mapo-gu,387643,47015,292280,48348,12.47,75.4,12.13
2016,11440,마포구,Mapo-gu,379892,45241,286591,48060,12.65,75.44,11.91
2017,11440,마포구,Mapo-gu,374915,43580,281979,49356,13.16,75.21,11.62
2018,11440,마포구,Mapo-gu,375077,42132,282401,50544,13.48,75.29,11.23
2019,11440,마포구,Mapo-gu,374035,40457,281474,52104,13.93,75.25,10.82
2020,11440,마포구,Mapo-gu,371890,38669,279219,54002,14.52,75.08,10.4
2021,11440,마포구,Mapo-gu,368905,37283,277391,54231,14.7,75.19,10.11
2022,11440,마포구,Mapo-gu,364638,35004,274101,55533,15.23,75.17,9.6
2023,11440,마포구,Mapo-gu,363697,33305,272888,57504,15.81,75.03,9.16
2024,11440,마포구,Mapo-gu,361417,31919,269886,59612,16.49,74.67,8.83
2008,11470,양천구,Yangcheon-gu,502343,87812,379156,35375,7.04,75.48,17.48
2009,11470,양천구,Yangcheon-gu,501395,84450,379979,36966,7.37,75.78,16.84
2010,11470,양천구,Yangcheon-gu,500001,80191,380845,38965,7.79,76.17,16.04
2011,11470,양천구,Yangcheon-gu,500210,77763,381443,41004,8.2,76.26,15.55
2012,11470,양천구,Yangcheon-gu,495911,74235,378284,43392,8.75,76.28,14.97
2013,11470,양천구,Yangcheon-gu,492528,71168,375464,45896,9.32,76.23,14.45
2014,11470,양천구,Yangcheon-gu,486221,67902,370251,48068,9.89,76.15,13.97
2015,11470,양천구,Yangcheon-gu,484532,66122,368128,50282,10.38,75.98,13.65
2016,11470,양천구,Yangcheon-gu,477739,64064,361718,51957,10.88,75.71,13.41
2017,11470,양천구,Yangcheon-gu,471154,62121,353897,55136,11.7,75.11,13.18
2018,11470,양천구,Yangcheon-gu,464185,59776,346468,57941,12.48,74.64,12.88
2019,11470,양천구,Yangcheon-gu,458165,57546,339472,61147,13.35,74.09,12.56
2020,11470,양천구,Yangcheon-gu,454251,56367,332343,65541,14.43,73.16,12.41
2021,11470,양천구,Yangcheon-gu,447302,54121,324698,68483,15.31,72.59,12.1
2022,11470,양천구,Yangcheon-gu,440881,51078,317568,72235,16.38,72.03,11.59
2023,11470,양천구,Yangcheon-gu,436028,48793,311109,76126,17.46,71.35,11.19
2024,11470,양천구,Yangcheon-gu,430976,47206,303596,80174,18.6,70.44,10.95
2008,11500,강서구,Gangseo-gu,576848,91665,439723,45460,7.88,76.23,15.89
2009,11500,강서구,Gangseo-gu,572836,87905,437510,47421,8.28,76.38,15.35
2010,11500,강서구,Gangseo-gu,574127,83659,440279,50189,8.74,76.69,14.57
2011,11500,강서구,Gangseo-gu,569072,79825,437095,52152,9.16,76.81,14.03
2012,11500,강서구,Gangseo-gu,567431,77315,434475,55641,9.81,76.57,13.63
2013,11500,강서구,Gangseo-gu,569070,75292,434448,59330,10.43,76.34,13.23
2014,11500,강서구,Gangseo-gu,585160,76639,444404,64117,10.96,75.95,13.1
2015,11500,강서구,Gangseo-gu,589074,74581,446701,67792,11.51,75.83,12.66
2016,11500,강서구,Gangseo-gu,595485,73801,450795,70889,11.9,75.7,12.39
2017,11500,강서구,Gangseo-gu,601691,72181,453665,75845,12.61,75.4,12.0
2018,11500,강서구,Gangseo-gu,596949,69057,448447,79445,13.31,75.12,11.57
2019,11500,강서구,Gangseo-gu,591796,65584,442373,83839,14.17,74.75,11.08
2020,11500,강서구,Gangseo-gu,580185,60762,430690,88733,15.29,74.23,10.47
2021,11500,강서구,Gangseo-gu,574315,57891,424088,92336,16.08,73.84,10.08
2022,11500,강서구,Gangseo-gu,569166,54744,417542,96880,17.02,73.36,9.62
2023,11500,강서구,Gangseo-gu,563058,51673,409577,101808,18.08,72.74,9.18
2024,11500,강서구,Gangseo-gu,556171,49043,399882,107246,19.28,71.9,8.82
2008,11530,구로구,Guro-gu,420795,65496,320977,34322,8.16,76.28,15.56
2009,11530,구로구,Guro-gu,421967,63412,322080,36475,8.64,76.33,15.03
2010,11530,구로구,Guro-gu,423736,61073,323834,38829,9.16,76.42,14.41
2011,11530,구로구,Guro-gu,427468,60645,325373,41450,9.7,76.12,14.19
2012,11530,구로구,Guro-gu,427520,59296,323645,44579,10.43,75.7,13.87
2013,11530,구로구,Guro-gu,424964,57456,320141,47367,11.15,75.33,13.52
2014,11530,구로구,Guro-gu,425831,56171,319045,50615,11.89,74.92,13.19
2015,11530,구로구,Guro-gu,422092,54209,314737,53146,12.59,74.57,12.84
2016,11530,구로구,Guro-gu,417551,51760,310632,55159,13.21,74.39,12.4
2017,11530,구로구,Guro-gu,410742,49240,303289,58213,14.17,73.84,11.99
2018,11530,구로구,Guro-gu,404497,46263,297129,61105,15.11,73.46,11.44
2019,11530,구로구,Guro-gu,406664,45177,296555,64932,15.97,72.92,11.11
2020,11530,구로구,Guro-gu,404408,42885,292322,69201,17.11,72.28,10.6
2021,11530,구로구,Guro-gu,396754,40460,284849,71445,18.01,71.79,10.2
2022,11530,구로구,Guro-gu,395315,38592,282232,74491,18.84,71.39,9.76
2023,11530,구로구,Guro-gu,392405,36428,277600,78377,19.97,70.74,9.28
2024,11530,구로구,Guro-gu,388169,34657,271485,82027,21.13,69.94,8.93
2008,11545,금천구,Geumcheon-gu,247320,36849,189494,20977,8.48,76.62,14.9
2009,11545,금천구,Geumcheon-gu,244835,34346,188348,22141,9.04,76.93,14.03
2010,11545,금천구,Geumcheon-gu,245195,31862,189658,23675,9.66,77.35,12.99
2011,11545,금천구,Geumcheon-gu,243438,30019,188658,24761,10.17,77.5,12.33
2012,11545,금천구,Geumcheon-gu,243288,28816,187996,26476,10.88,77.27,11.84
2013,11545,금천구,Geumcheon-gu,241020,27205,185867,27948,11.6,77.12,11.29
2014,11545,금천구,Geumcheon-gu,238463,25865,183355,29243,12.26,76.89,10.85
2015,11545,금천구,Geumcheon-gu,236284,24752,180787,30745,13.01,76.51,10.48
2016,11545,금천구,Geumcheon-gu,235386,23817,179593,31976,13.58,76.3,10.12
2017,11545,금천구,Geumcheon-gu,235154,23079,178233,33842,14.39,75.79,9.81
2018,11545,금천구,Geumcheon-gu,233917,21842,176721,35354,15.11,75.55,9.34
2019,11545,금천구,Geumcheon-gu,232810,20600,175014,37196,15.98,75.17,8.85
2020,11545,금천구,Geumcheon-gu,231733,19233,173186,39314,16.97,74.74,8.3
2021,11545,금천구,Geumcheon-gu,230811,18186,172183,40442,17.52,74.6,7.88
2022,11545,금천구,Geumcheon-gu,229642,17065,170351,42226,18.39,74.18,7.43
2023,11545,금천구,Geumcheon-gu,227481,15969,166981,44531,19.58,73.4,7.02
2024,11545,금천구,Geumcheon-gu,225159,14911,163211,47037,20.89,72.49,6.62
2008,11560,영등포구,Yeongdeungpo-gu,408099,61134,309366,37599,9.21,75.81,14.98
2009,11560,영등포구,Yeongdeungpo-gu,405798,58132,308254,39412,9.71,75.96,14.33
2010,11560,영등포구,Yeongdeungpo-gu,406833,55034,309716,42083,10.34,76.13,13.53
2011,11560,영등포구,Yeongdeungpo-gu,397443,51842,302386,43215,10.87,76.08,13.04
2012,11560,영등포구,Yeongdeungpo-gu,391408,49302,296689,45417,11.6,75.8,12.6
2013,11560,영등포구,Yeongdeungpo-gu,386471,46866,292347,47258,12.23,75.65,12.13
2014,11560,영등포구,Yeongdeungpo-gu,382352,44491,288677,49184,12.86,75.5,11.64
2015,11560,영등포구,Yeongdeungpo-gu,378504,42666,284999,50839,13.43,75.3,11.27
2016,11560,영등포구,Yeongdeungpo-gu,370613,40779,278648,51186,13.81,75.19,11.0
2017,11560,영등포구,Yeongdeungpo-gu,368550,39406,275845,53299,14.46,74.85,10.69
2018,11560,영등포구,Yeongdeungpo-gu,367778,37863,275009,54906,14.93,74.78,10.3
2019,11560,영등포구,Yeongdeungpo-gu,367678,36639,274082,56957,15.49,74.54,9.96
2020,11560,영등포구,Yeongdeungpo-gu,379480,37280,281537,60663,15.99,74.19,9.82
2021,11560,영등포구,Yeongdeungpo-gu,376837,36369,279173,61295,16.27,74.08,9.65
2022,11560,영등포구,Yeongdeungpo-gu,375675,35239,277087,63349,16.86,73.76,9.38
2023,11560,영등포구,Yeongdeungpo-gu,374794,33484,275467,65843,17.57,73.5,8.93
2024,11560,영등포구,Yeongdeungpo-gu,373773,31997,273208,68568,18.34,73.09,8.56
2008,11590,동작구,Dongjak-gu,400866,58041,304823,38002,9.48,76.04,14.48
2009,11590,동작구,Dongjak-gu,397920,55210,303005,39705,9.98,76.15,13.87
2010,11590,동작구,Dongjak-gu,402709,53315,307026,42368,10.52,76.24,13.24
2011,11590,동작구,Dongjak-gu,401408,51327,305949,44132,10.99,76.22,12.79
2012,11590,동작구,Dongjak-gu,405491,50639,307845,47007,11.59,75.92,12.49
2013,11590,동작구,Dongjak-gu,410815,49754,311198,49863,12.14,75.75,12.11
2014,11590,동작구,Dongjak-gu,407470,48206,307117,52147,12.8,75.37,11.83
2015,11590,동작구,Dongjak-gu,400641,46159,301057,53425,13.33,75.14,11.52
2016,11590,동작구,Dongjak-gu,400997,44955,300990,55052,13.73,75.06,11.21
2017,11590,동작구,Dongjak-gu,396217,43210,295936,57071,14.4,74.69,10.91
2018,11590,동작구,Dongjak-gu,396203,41455,295483,59265,14.96,74.58,10.46
2019,11590,동작구,Dongjak-gu,395963,39862,294107,61994,15.66,74.28,10.07
2020,11590,동작구,Dongjak-gu,391220,37675,288617,64928,16.6,73.77,9.63
2021,11590,동작구,Dongjak-gu,385483,35940,283223,66320,17.2,73.47,9.32
2022,11590,동작구,Dongjak-gu,380596,34036,278688,67872,17.83,73.22,8.94
2023,11590,동작구,Dongjak-gu,378769,32543,276137,70089,18.5,72.9,8.59
2024,11590,동작구,Dongjak-gu,375799,30790,272226,72783,19.37,72.44,8.19
2008,11620,관악구,Gwanak-gu,534556,70680,419683,44193,8.27,78.51,13.22
2009,11620,관악구,Gwanak-gu,529869,66637,416406,46826,8.84,78.59,12.58
2010,11620,관악구,Gwanak-gu,531434,63069,418015,50350,9.47,78.66,11.87
2011,11620,관악구,Gwanak-gu,526397,59961,413711,52725,10.02,78.59,11.39
2012,11620,관악구,Gwanak-gu,523029,57346,409445,56238,10.75,78.28,10.96
2013,11620,관악구,Gwanak-gu,518028,54456,404239,59333,11.45,78.03,10.51
2014,11620,관악구,Gwanak-gu,513186,51813,399122,62251,12.13,77.77,10.1
2015,11620,관악구,Gwanak-gu,509663,49191,395795,64677,12.69,77.66,9.65
2016,11620,관악구,Gwanak-gu,506851,46774,393418,66659,13.15,77.62,9.23
2017,11620,관악구,Gwanak-gu,503297,44110,389458,69729,13.85,77.38,8.76
2018,11620,관악구,Gwanak-gu,501957,41109,388960,71888,14.32,77.49,8.19
2019,11620,관악구,Gwanak-gu,500094,38374,386933,74787,14.95,77.37,7.67
2020,11620,관악구,Gwanak-gu,495060,35103,381527,78430,15.84,77.07,7.09
2021,11620,관악구,Gwanak-gu,485699,32194,374134,79371,16.34,77.03,6.63
2022,11620,관악구,Gwanak-gu,486752,29963,374941,81848,16.82,77.03,6.16
2023,11620,관악구,Gwanak-gu,481956,27673,369521,84762,17.59,76.67,5.74
2024,11620,관악구,Gwanak-gu,477812,25801,363873,88138,18.45,76.15,5.4
2008,11650,서초구,Seocho-gu,406320,61496,314016,30808,7.58,77.28,15.13
2009,11650,서초구,Seocho-gu,425481,64211,327347,33923,7.97,76.94,15.09
2010,11650,서초구,Seocho-gu,434720,64331,333361,37028,8.52,76.68,14.8
2011,11650,서초구,Seocho-gu,433564,63772,330859,38933,8.98,76.31,14.71
2012,11650,서초구,Seocho-gu,435044,63785,329610,41649,9.57,75.76,14.66
2013,11650,서초구,Seocho-gu,441763,65465,331744,44554,10.09,75.1,14.82
2014,11650,서초구,Seocho-gu,449678,66705,335627,47346,10.53,74.64,14.83
2015,11650,서초구,Seocho-gu,446764,65056,332537,49171,11.01,74.43,14.56
2016,11650,서초구,Seocho-gu,447192,63959,332327,50906,11.38,74.31,14.3
2017,11650,서초구,Seocho-gu,441102,62043,325940,53119,12.04,73.89,14.07
2018,11650,서초구,Seocho-gu,433951,60202,319086,54663,12.6,73.53,13.87
2019,11650,서초구,Seocho-gu,430826,58340,315450,57036,13.24,73.22,13.54
2020,11650,서초구,Seocho-gu,425126,56954,308100,60072,14.13,72.47,13.4
2021,11650,서초구,Seocho-gu,412279,54730,296975,60574,14.69,72.03,13.27
2022,11650,서초구,Seocho-gu,404325,51932,290165,62228,15.39,71.77,12.84
2023,11650,서초구,Seocho-gu,407664,50507,291616,65541,16.08,71.53,12.39
2024,11650,서초구,Seocho-gu,408376,49431,290339,68606,16.8,71.1,12.1
2008,11680,강남구,Gangnam-gu,557832,78443,440654,38735,6.94,78.99,14.06
2009,11680,강남구,Gangnam-gu,562138,77517,443722,40899,7.28,78.93,13.79
2010,11680,강남구,Gangnam-gu,570095,76831,449169,44095,7.73,78.79,13.48
2011,11680,강남구,Gangnam-gu,565710,75170,443499,47041,8.32,78.4,13.29
2012,11680,강남구,Gangnam-gu,564197,73379,440612,50206,8.9,78.1,13.01
2013,11680,강남구,Gangnam-gu,563599,71696,438603,53300,9.46,77.82,12.72
2014,11680,강남구,Gangnam-gu,578114,73432,447391,57291,9.91,77.39,12.7
2015,11680,강남구,Gangnam-gu,576495,72623,443681,60191,10.44,76.96,12.6
2016,11680,강남구,Gangnam-gu,567115,70350,434943,61822,10.9,76.69,12.4
2017,11680,강남구,Gangnam-gu,556164,68591,422627,64946,11.68,75.99,12.33
2018,11680,강남구,Gangnam-gu,542364,66657,408750,66957,12.35,75.36,12.29
2019,11680,강남구,Gangnam-gu,545169,66767,407506,70896,13.0,74.75,12.25
2020,11680,강남구,Gangnam-gu,539231,65904,398368,74959,13.9,73.88,12.22
2021,11680,강남구,Gangnam-gu,533042,64520,390444,78078,14.65,73.25,12.1
2022,11680,강남구,Gangnam-gu,529102,62278,385260,81564,15.42,72.81,11.77
2023,11680,강남구,Gangnam-gu,544873,63911,394528,86434,15.86,72.41,11.73
2024,11680,강남구,Gangnam-gu,557345,65556,400498,91291,16.38,71.86,11.76
2008,11710,송파구,Songpa-gu,668962,107104,515159,46699,6.98,77.01,16.01
2009,11710,송파구,Songpa-gu,681476,106007,525614,49855,7.32,77.13,15.56
2010,11710,송파구,Songpa-gu,685279,102637,529637,53005,7.73,77.29,14.98
2011,11710,송파구,Songpa-gu,682209,99528,527365,55316,8.11,77.3,14.59
2012,11710,송파구,Songpa-gu,673115,96117,518657,58341,8.67,77.05,14.28
2013,11710,송파구,Songpa-gu,668415,93704,513119,61592,9.21,76.77,14.02
2014,11710,송파구,Songpa-gu,664738,91195,508652,64891,9.76,76.52,13.72
2015,11710,송파구,Songpa-gu,660302,87555,504600,68147,10.32,76.42,13.26
2016,11710,송파구,Songpa-gu,657831,84851,502062,70918,10.78,76.32,12.9
2017,11710,송파구,Songpa-gu,664496,84755,503299,76442,11.5,75.74,12.75
2018,11710,송파구,Songpa-gu,666635,82584,502840,81211,12.18,75.43,12.39
2019,11710,송파구,Songpa-gu,675961,82343,506436,87182,12.9,74.92,12.18
2020,11710,송파구,Songpa-gu,667960,79805,494846,93309,13.97,74.08,11.95
2021,11710,송파구,Songpa-gu,658338,77329,483506,97503,14.81,73.44,11.75
2022,11710,송파구,Songpa-gu,658801,75568,479872,103361,15.69,72.84,11.47
2023,11710,송파구,Songpa-gu,654166,72480,473043,108643,16.61,72.31,11.08
2024,11710,송파구,Songpa-gu,650110,70250,465903,113957,17.53,71.67,10.81
2008,11740,강동구,Gangdong-gu,469024,71320,364125,33579,7.16,77.63,15.21
2009,11740,강동구,Gangdong-gu,484745,71897,376374,36474,7.52,77.64,14.83
2010,11740,강동구,Gangdong-gu,491871,69748,382710,39413,8.01,77.81,14.18
2011,11740,강동구,Gangdong-gu,495138,68905,384067,42166,8.52,77.57,13.92
2012,11740,강동구,Gangdong-gu,487905,66106,376949,44850,9.19,77.26,13.55
2013,11740,강동구,Gangdong-gu,483379,63492,372165,47722,9.87,76.99,13.14
2014,11740,강동구,Gangdong-gu,476597,61032,365398,50167,10.53,76.67,12.81
2015,11740,강동구,Gangdong-gu,458658,56507,350303,51848,11.3,76.38,12.32
2016,11740,강동구,Gangdong-gu,444168,52944,338103,53121,11.96,76.12,11.92
2017,11740,강동구,Gangdong-gu,436223,51894,328249,56080,12.86,75.25,11.9
2018,11740,강동구,Gangdong-gu,427573,49358,319546,58669,13.72,74.73,11.54
2019,11740,강동구,Gangdong-gu,436067,49823,322903,63341,14.53,74.05,11.43
2020,11740,강동구,Gangdong-gu,459970,54071,335996,69903,15.2,73.05,11.76
2021,11740,강동구,Gangdong-gu,462664,54212,334509,73943,15.98,72.3,11.72
2022,11740,강동구,Gangdong-gu,460067,52544,329332,78191,17.0,71.58,11.42
2023,11740,강동구,Gangdong-gu,459167,50751,325601,82815,18.04,70.91,11.05
2024,11740,강동구,Gangdong-gu,476942,52012,335243,89687,18.8,70.29,10.91
2008,26110,중구,Jung-gu,49565,5414,37004,7147,14.42,74.66,10.92
2009,26110,중구,Jung-gu,48905,5035,36474,7396,15.12,74.58,10.3
2010,26110,중구,Jung-gu,49442,4765,36705,7972,16.12,74.24,9.64
2011,26110,중구,Jung-gu,48686,4494,35979,8213,16.87,73.9,9.23
2012,26110,중구,Jung-gu,48148,4225,35353,8570,17.8,73.43,8.78
2013,26110,중구,Jung-gu,47345,4003,34492,8850,18.69,72.85,8.45
2014,26110,중구,Jung-gu,46737,3756,33827,9154,19.59,72.38,8.04
2015,26110,중구,Jung-gu,45816,3438,32908,9470,20.67,71.83,7.5
2016,26110,중구,Jung-gu,45208,3229,32279,9700,21.46,71.4,7.14
2017,26110,중구,Jung-gu,44218,2930,31206,10082,22.8,70.57,6.63
2018,26110,중구,Jung-gu,42795,2634,29781,10380,24.26,69.59,6.15
2019,26110,중구,Jung-gu,41910,2399,28767,10744,25.64,68.64,5.72
2020,26110,중구,Jung-gu,41523,2181,28027,11315,27.25,67.5,5.25
2021,26110,중구,Jung-gu,40524,1950,27368,11206,27.65,67.54,4.81
2022,26110,중구,Jung-gu,39689,1811,26410,11468,28.89,66.54,4.56
2023,26110,중구,Jung-gu,38619,1644,25109,11866,30.73,65.02,4.26
2024,26110,중구,Jung-gu,37537,1462,23908,12167,32.41,63.69,3.89
2008,26140,서구,Seo-gu,129385,15614,95439,18332,14.17,73.76,12.07
2009,26140,서구,Seo-gu,125785,14383,92565,18837,14.98,73.59,11.43
2010,26140,서구,Seo-gu,126040,13391,92857,19792,15.7,73.67,10.62
2011,26140,서구,Seo-gu,123718,12523,90915,20280,16.39,73.49,10.12
2012,26140,서구,Seo-gu,120828,11806,87844,21178,17.53,72.7,9.77
2013,26140,서구,Seo-gu,118783,11057,85785,21941,18.47,72.22,9.31
2014,26140,서구,Seo-gu,118115,10690,84523,22902,19.39,71.56,9.05
2015,26140,서구,Seo-gu,115963,10174,82272,23517,20.28,70.95,8.77
2016,26140,서구,Seo-gu,112973,9687,79380,23906,21.16,70.26,8.57
2017,26140,서구,Seo-gu,110039,9311,76266,24462,22.23,69.31,8.46
2018,26140,서구,Seo-gu,110534,9412,75917,25205,22.8,68.68,8.52
2019,26140,서구,Seo-gu,108229,8978,73182,26069,24.09,67.62,8.3
2020,26140,서구,Seo-gu,108135,9008,71781,27346,25.29,66.38,8.33
2021,26140,서구,Seo-gu,105164,8742,68893,27529,26.18,65.51,8.31
2022,26140,서구,Seo-gu,105192,8688,68072,28432,27.03,64.71,8.26
2023,26140,서구,Seo-gu,104089,8318,66498,29273,28.12,63.89,7.99
2024,26140,서구,Seo-gu,103188,7985,64783,30420,29.48,62.78,7.74
2008,26170,동구,Dong-gu,102764,11725,75431,15608,15.19,73.4,11.41
2009,26170,동구,Dong-gu,101153,11017,73934,16202,16.02,73.09,10.89
2010,26170,동구,Dong-gu,101514,10291,74327,16896,16.64,73.22,10.14
2011,26170,동구,Dong-gu,100420,9791,73313,17316,17.24,73.01,9.75
2012,26170,동구,Dong-gu,98529,9328,71210,17991,18.26,72.27,9.47
2013,26170,동구,Dong-gu,96011,8664,68613,18734,19.51,71.46,9.02
2014,26170,동구,Dong-gu,94565,8057,67015,19493,20.61,70.87,8.52
2015,26170,동구,Dong-gu,92069,7474,64650,19945,21.66,70.22,8.12
2016,26170,동구,Dong-gu,89826,6934,62558,20334,22.64,69.64,7.72
2017,26170,동구,Dong-gu,88868,6721,61071,21076,23.72,68.72,7.56
2018,26170,동구,Dong-gu,86912,6320,59185,21407,24.63,68.1,7.27
2019,26170,동구,Dong-gu,88165,6371,59537,22257,25.24,67.53,7.23
2020,26170,동구,Dong-gu,88901,6330,59190,23381,26.3,66.58,7.12
2021,26170,동구,Dong-gu,87679,6246,57673,23760,27.1,65.78,7.12
2022,26170,동구,Dong-gu,86462,6004,56104,24354,28.17,64.89,6.94
2023,26170,동구,Dong-gu,87792,6198,56501,25093,28.58,64.36,7.06
2024,26170,동구,Dong-gu,85911,5884,54366,25661,29.87,63.28,6.85
2008,26200,영도구,Yeongdo-gu,152118,18782,113206,20130,13.23,74.42,12.35
2009,26200,영도구,Yeongdo-gu,148139,17357,109908,20874,14.09,74.19,11.72
2010,26200,영도구,Yeongdo-gu,146798,16292,108649,21857,14.89,74.01,11.1
2011,26200,영도구,Yeongdo-gu,143205,15276,105352,22577,15.77,73.57,10.67
2012,26200,영도구,Yeongdo-gu,139765,14280,101822,23663,16.93,72.85,10.22
2013,26200,영도구,Yeongdo-gu,135816,13310,97881,24625,18.13,72.07,9.8
2014,26200,영도구,Yeongdo-gu,132102,12391,94074,25637,19.41,71.21,9.38
2015,26200,영도구,Yeongdo-gu,129385,11616,91350,26419,20.42,70.6,8.98
2016,26200,영도구,Yeongdo-gu,126362,10943,88227,27192,21.52,69.82,8.66
2017,26200,영도구,Yeongdo-gu,123521,10384,84844,28293,22.91,68.69,8.41
2018,26200,영도구,Yeongdo-gu,120109,9747,81290,29072,24.2,67.68,8.12
2019,26200,영도구,Yeongdo-gu,116711,9142,77453,30116,25.8,66.36,7.83
2020,26200,영도구,Yeongdo-gu,113342,8534,73325,31483,27.78,64.69,7.53
2021,26200,영도구,Yeongdo-gu,110638,8264,70393,31981,28.91,63.62,7.47
2022,26200,영도구,Yeongdo-gu,108156,7880,67498,32778,30.31,62.41,7.29
2023,26200,영도구,Yeongdo-gu,106548,7589,65284,33675,31.61,61.27,7.12
2024,26200,영도구,Yeongdo-gu,103737,7080,61986,34671,33.42,59.75,6.82
2008,26230,부산진구,Busanjin-gu,400516,54428,302860,43228,10.79,75.62,13.59
2009,26230,부산진구,Busanjin-gu,395689,51569,299003,45117,11.4,75.57,13.03
2010,26230,부산진구,Busanjin-gu,395826,48943,299396,47487,12.0,75.64,12.36
2011,26230,부산진구,Busanjin-gu,395044,47401,298565,49078,12.42,75.58,12.0
2012,26230,부산진구,Busanjin-gu,392731,46050,295109,51572,13.13,75.14,11.73
2013,26230,부산진구,Busanjin-gu,389765,44241,291306,54218,13.91,74.74,11.35
2014,26230,부산진구,Busanjin-gu,387378,42612,287989,56777,14.66,74.34,11.0
2015,26230,부산진구,Busanjin-gu,381572,40428,282565,58579,15.35,74.05,10.6
2016,26230,부산진구,Busanjin-gu,376526,38831,277154,60541,16.08,73.61,10.31
2017,26230,부산진구,Busanjin-gu,371703,37361,271400,62942,16.93,73.02,10.05
2018,26230,부산진구,Busanjin-gu,362357,35463,262295,64599,17.83,72.39,9.79
2019,26230,부산진구,Busanjin-gu,357880,33887,256860,67133,18.76,71.77,9.47
2020,26230,부산진구,Busanjin-gu,359886,33040,255950,70896,19.7,71.12,9.18
2021,26230,부산진구,Busanjin-gu,353159,31812,249008,72339,20.48,70.51,9.01
2022,26230,부산진구,Busanjin-gu,355917,31415,248817,75685,21.26,69.91,8.83
2023,26230,부산진구,Busanjin-gu,359508,31273,248914,79321,22.06,69.24,8.7
2024,26230,부산진구,Busanjin-gu,359281,30423,246019,82839,23.06,68.48,8.47
2008,26260,동래구,Dongnae-gu,282673,40576,215166,26931,9.53,76.12,14.35
2009,26260,동래구,Dongnae-gu,281644,38976,214167,28501,10.12,76.04,13.84
2010,26260,동래구,Dongnae-gu,282779,37431,215309,30039,10.62,76.14,13.24
2011,26260,동래구,Dongnae-gu,283742,36749,215545,31448,11.08,75.97,12.95
2012,26260,동래구,Dongnae-gu,278767,34862,210773,33132,11.89,75.61,12.51
2013,26260,동래구,Dongnae-gu,276689,33786,207750,35153,12.7,75.08,12.21
2014,26260,동래구,Dongnae-gu,275971,33058,205868,37045,13.42,74.6,11.98
2015,26260,동래구,Dongnae-gu,272837,32149,202251,38437,14.09,74.13,11.78
2016,26260,동래구,Dongnae-gu,272745,32042,200354,40349,14.79,73.46,11.75
2017,26260,동래구,Dongnae-gu,270727,31724,196306,42697,15.77,72.51,11.72
2018,26260,동래구,Dongnae-gu,266515,30720,191540,44255,16.61,71.87,11.53
2019,26260,동래구,Dongnae-gu,271247,31675,192709,46863,17.28,71.05,11.68
2020,26260,동래구,Dongnae-gu,270745,31919,188899,49927,18.44,69.77,11.79
2021,26260,동래구,Dongnae-gu,266866,31110,183927,51829,19.42,68.92,11.66
2022,26260,동래구,Dongnae-gu,273226,32401,185944,54881,20.09,68.06,11.86
2023,26260,동래구,Dongnae-gu,270815,31371,181932,57512,21.24,67.18,11.58
2024,26260,동래구,Dongnae-gu,274370,31978,181457,60935,22.21,66.14,11.66
2008,26290,남구,Nam-gu,298314,43134,224088,31092,10.42,75.12,14.46
2009,26290,남구,Nam-gu,297963,41829,223094,33040,11.09,74.87,14.04
2010,26290,남구,Nam-gu,298458,40162,223508,34788,11.66,74.89,13.46
2011,26290,남구,Nam-gu,295121,38469,220436,36216,12.27,74.69,13.03
2012,26290,남구,Nam-gu,291175,36881,215948,38346,13.17,74.16,12.67
2013,26290,남구,Nam-gu,291770,36118,215109,40543,13.9,73.73,12.38
2014,26290,남구,Nam-gu,286989,34600,209997,42392,14.77,73.17,12.06
2015,26290,남구,Nam-gu,283101,33324,205667,44110,15.58,72.65,11.77
2016,26290,남구,Nam-gu,278779,31907,201094,45778,16.42,72.13,11.45
2017,26290,남구,Nam-gu,273854,30535,195355,47964,17.51,71.34,11.15
2018,26290,남구,Nam-gu,279917,31705,198061,50151,17.92,70.76,11.33
2019,26290,남구,Nam-gu,274480,30634,192129,51717,18.84,70.0,11.16
2020,26290,남구,Nam-gu,267731,29159,184674,53898,20.13,68.98,10.89
2021,26290,남구,Nam-gu,262069,27848,178835,55386,21.13,68.24,10.63
2022,26290,남구,Nam-gu,256333,26074,173298,56961,22.22,67.61,10.17
2023,26290,남구,Nam-gu,254185,25090,170142,58953,23.19,66.94,9.87
2024,26290,남구,Nam-gu,254498,24418,168538,61542,24.18,66.22,9.59
2008,26320,북구,Buk-gu,318859,52829,240887,25143,7.89,75.55,16.57
2009,26320,북구,Buk-gu,314227,49175,238667,26385,8.4,75.95,15.65
2010,26320,북구,Buk-gu,312218,45573,239229,27416,8.78,76.62,14.6
2011,26320,북구,Buk-gu,307988,42690,236834,28464,9.24,76.9,13.86
2012,26320,북구,Buk-gu,312937,42034,240530,30373,9.71,76.86,13.43
2013,26320,북구,Buk-gu,309719,39953,237554,32212,10.4,76.7,12.9
2014,26320,북구,Buk-gu,306974,38014,234903,34057,11.09,76.52,12.38
2015,26320,북구,Buk-gu,310484,37236,236797,36451,11.74,76.27,11.99
2016,26320,북구,Buk-gu,310202,36504,235176,38522,12.42,75.81,11.77
2017,26320,북구,Buk-gu,302924,34748,227176,41000,13.53,74.99,11.47
2018,26320,북구,Buk-gu,296952,33105,220722,43125,14.52,74.33,11.15
2019,26320,북구,Buk-gu,291132,31577,213647,45908,15.77,73.38,10.85
2020,26320,북구,Buk-gu,283952,29762,204886,49304,17.36,72.16,10.48
2021,26320,북구,Buk-gu,283211,29148,201557,52506,18.54,71.17,10.29
2022,26320,북구,Buk-gu,278857,27914,195175,55768,20.0,69.99,10.01
2023,26320,북구,Buk-gu,273596,26530,187912,59154,21.62,68.68,9.7
2024,26320,북구,Buk-gu,267692,24927,180057,62708,23.43,67.26,9.31
2008,26350,해운대구,Haeundae-gu,424455,72530,313902,38023,8.96,73.95,17.09
2009,26350,해운대구,Haeundae-gu,424974,69663,315260,40051,9.42,74.18,16.39
2010,26350,해운대구,Haeundae-gu,426729,66480,318044,42205,9.89,74.53,15.58
2011,26350,해운대구,Haeundae-gu,425618,64115,317605,43898,10.31,74.62,15.06
2012,26350,해운대구,Haeundae-gu,428188,62580,318946,46662,10.9,74.49,14.62
2013,26350,해운대구,Haeundae-gu,425536,60077,316106,49353,11.6,74.28,14.12
2014,26350,해운대구,Haeundae-gu,423531,57867,313694,51970,12.27,74.07,13.66
2015,26350,해운대구,Haeundae-gu,422818,55676,312595,54547,12.9,73.93,13.17
2016,26350,해운대구,Haeundae-gu,419853,53668,309331,56854,13.54,73.68,12.78
2017,26350,해운대구,Haeundae-gu,412039,51127,300963,59949,14.55,73.04,12.41
2018,26350,해운대구,Haeundae-gu,409347,49299,297223,62825,15.35,72.61,12.04
2019,26350,해운대구,Haeundae-gu,406102,47814,292070,66218,16.31,71.92,11.77
2020,26350,해운대구,Haeundae-gu,402169,46727,285136,70306,17.48,70.9,11.62
2021,26350,해운대구,Haeundae-gu,396438,45410,277722,73306,18.49,70.05,11.45
2022,26350,해운대구,Haeundae-gu,386785,42986,267543,76256,19.72,69.17,11.11
2023,26350,해운대구,Haeundae-gu,380448,40943,259839,79666,20.94,68.3,10.76
2024,26350,해운대구,Haeundae-gu,376404,39516,253345,83543,22.2,67.31,10.5
2008,26380,사하구,Saha-gu,365368,57205,276881,31282,8.56,75.78,15.66
2009,26380,사하구,Saha-gu,359800,53864,273414,32522,9.04,75.99,14.97
2010,26380,사하구,Saha-gu,358730,51028,273586,34116,9.51,76.27,14.22
2011,26380,사하구,Saha-gu,355443,48905,270904,35634,10.03,76.22,13.76
2012,26380,사하구,Saha-gu,352726,47165,267813,37748,10.7,75.93,13.37
2013,26380,사하구,Saha-gu,349110,45118,263985,40007,11.46,75.62,12.92
2014,26380,사하구,Saha-gu,343371,42925,258237,42209,12.29,75.21,12.5
2015,26380,사하구,Saha-gu,337781,40692,252700,44389,13.14,74.81,12.05
2016,26380,사하구,Saha-gu,334603,39048,248777,46778,13.98,74.35,11.67
2017,26380,사하구,Saha-gu,333301,37806,245234,50261,15.08,73.58,11.34
2018,26380,사하구,Saha-gu,327791,35960,239026,52805,16.11,72.92,10.97
2019,26380,사하구,Saha-gu,321004,33938,231102,55964,17.43,71.99,10.57
2020,26380,사하구,Saha-gu,311757,31852,220335,59570,19.11,70.68,10.22
2021,26380,사하구,Saha-gu,306003,30320,213405,62278,20.35,69.74,9.91
2022,26380,사하구,Saha-gu,301987,28757,207485,65745,21.77,68.71,9.52
2023,26380,사하구,Saha-gu,297831,27306,201475,69050,23.18,67.65,9.17
2024,26380,사하구,Saha-gu,292491,25612,194278,72601,24.82,66.42,8.76
2008,26410,금정구,Geumjeong-gu,256398,34683,195277,26438,10.31,76.16,13.53
2009,26410,금정구,Geumjeong-gu,252039,32281,192147,27611,10.96,76.24,12.81
2010,26410,금정구,Geumjeong-gu,255419,31127,195064,29228,11.44,76.37,12.19
2011,26410,금정구,Geumjeong-gu,254720,29825,194252,30643,12.03,76.26,11.71
2012,26410,금정구,Geumjeong-gu,255692,29238,193894,32560,12.73,75.83,11.43
2013,26410,금정구,Geumjeong-gu,253526,27986,191143,34397,13.57,75.39,11.04
2014,26410,금정구,Geumjeong-gu,249856,26846,186920,36090,14.44,74.81,10.74
2015,26410,금정구,Geumjeong-gu,246026,25392,182985,37649,15.3,74.38,10.32
2016,26410,금정구,Geumjeong-gu,244624,24449,180693,39482,16.14,73.87,9.99
2017,26410,금정구,Geumjeong-gu,244469,24153,178305,42011,17.18,72.94,9.88
2018,26410,금정구,Geumjeong-gu,242956,23415,175159,44382,18.27,72.09,9.64
2019,26410,금정구,Geumjeong-gu,239062,22385,170035,46642,19.51,71.13,9.36
2020,26410,금정구,Geumjeong-gu,232666,21188,162558,48920,21.03,69.87,9.11
2021,26410,금정구,Geumjeong-gu,228049,20316,157332,50401,22.1,68.99,8.91
2022,26410,금정구,Geumjeong-gu,221256,18750,150378,52128,23.56,67.97,8.47
2023,26410,금정구,Geumjeong-gu,215590,17605,143919,54066,25.08,66.76,8.17
2024,26410,금정구,Geumjeong-gu,209932,16270,137419,56243,26.79,65.46,7.75
2008,26440,강서구,Gangseo-gu,52156,5222,38964,7970,15.28,74.71,10.01
2009,26440,강서구,Gangseo-gu,60372,7211,44596,8565,14.19,73.87,11.94
2010,26440,강서구,Gangseo-gu,62594,7681,46142,8771,14.01,73.72,12.27
2011,26440,강서구,Gangseo-gu,64733,8165,47419,9149,14.13,73.25,12.61
2012,26440,강서구,Gangseo-gu,65806,8594,47662,9550,14.51,72.43,13.06
2013,26440,강서구,Gangseo-gu,69873,9818,50108,9947,14.24,71.71,14.05
2014,26440,강서구,Gangseo-gu,79619,12343,56683,10593,13.3,71.19,15.5
2015,26440,강서구,Gangseo-gu,94608,16238,66941,11429,12.08,70.76,17.16
2016,26440,강서구,Gangseo-gu,108909,19936,76625,12348,11.34,70.36,18.31
2017,26440,강서구,Gangseo-gu,117382,22311,81866,13205,11.25,69.74,19.01
2018,26440,강서구,Gangseo-gu,122957,23978,84889,14090,11.46,69.04,19.5
2019,26440,강서구,Gangseo-gu,129566,25407,88976,15183,11.72,68.67,19.61
2020,26440,강서구,Gangseo-gu,137957,27201,94123,16633,12.06,68.23,19.72
2021,26440,강서구,Gangseo-gu,142918,27851,97222,17845,12.49,68.03,19.49
2022,26440,강서구,Gangseo-gu,143207,27477,96734,18996,13.26,67.55,19.19
2023,26440,강서구,Gangseo-gu,142396,26638,95578,20180,14.17,67.12,18.71
2024,26440,강서구,Gangseo-gu,142789,26066,95363,21360,14.96,66.79,18.25
2008,26470,연제구,Yeonje-gu,212810,30462,160849,21499,10.1,75.58,14.31
2009,26470,연제구,Yeonje-gu,210390,28971,158856,22563,10.72,75.51,13.77
2010,26470,연제구,Yeonje-gu,212696,28072,160847,23777,11.18,75.62,13.2
2011,26470,연제구,Yeonje-gu,213326,27541,160907,24878,11.66,75.43,12.91
2012,26470,연제구,Yeonje-gu,211536,26701,158482,26353,12.46,74.92,12.62
2013,26470,연제구,Yeonje-gu,209290,25414,155882,27994,13.38,74.48,12.14
2014,26470,연제구,Yeonje-gu,208012,24686,153929,29397,14.13,74.0,11.87
2015,26470,연제구,Yeonje-gu,210718,24805,154871,31042,14.73,73.5,11.77
2016,26470,연제구,Yeonje-gu,207268,23998,151438,31832,15.36,73.06,11.58
2017,26470,연제구,Yeonje-gu,206742,23585,149557,33600,16.25,72.34,11.41
2018,26470,연제구,Yeonje-gu,207840,23269,149045,35526,17.09,71.71,11.2
2019,26470,연제구,Yeonje-gu,209395,23187,148317,37891,18.1,70.83,11.07
2020,26470,연제구,Yeonje-gu,209157,22674,145968,40515,19.37,69.79,10.84
2021,26470,연제구,Yeonje-gu,207144,22043,142788,42313,20.43,68.93,10.64
2022,26470,연제구,Yeonje-gu,203536,20870,138567,44099,21.67,68.08,10.25
2023,26470,연제구,Yeonje-gu,205766,20712,138837,46217,22.46,67.47,10.07
2024,26470,연제구,Yeonje-gu,212589,21749,141858,48982,23.04,66.73,10.23
2008,26500,수영구,Suyeong-gu,177140,23167,134129,19844,11.2,75.72,13.08
2009,26500,수영구,Suyeong-gu,177292,22381,133635,21276,12.0,75.38,12.62
2010,26500,수영구,Suyeong-gu,178267,21164,134877,22226,12.47,75.66,11.87
2011,26500,수영구,Suyeong-gu,176691,20061,133361,23269,13.17,75.48,11.35
2012,26500,수영구,Suyeong-gu,176666,19485,132289,24892,14.09,74.88,11.03
2013,26500,수영구,Suyeong-gu,175098,18644,130060,26394,15.07,74.28,10.65
2014,26500,수영구,Suyeong-gu,178480,18437,131777,28266,15.84,73.83,10.33
2015,26500,수영구,Suyeong-gu,179795,18044,132056,29695,16.52,73.45,10.04
2016,26500,수영구,Suyeong-gu,179324,17577,130916,30831,17.19,73.01,9.8
2017,26500,수영구,Suyeong-gu,179996,17399,129976,32621,18.12,72.21,9.67
2018,26500,수영구,Suyeong-gu,176246,16373,126089,33784,19.17,71.54,9.29
2019,26500,수영구,Suyeong-gu,176148,15975,124512,35661,20.24,70.69,9.07
2020,26500,수영구,Suyeong-gu,176894,15757,123527,37610,21.26,69.83,8.91
2021,26500,수영구,Suyeong-gu,175095,15388,120736,38971,22.26,68.95,8.79
2022,26500,수영구,Suyeong-gu,174806,15060,119049,40697,23.28,68.1,8.62
2023,26500,수영구,Suyeong-gu,174518,14644,117346,42528,24.37,67.24,8.39
2024,26500,수영구,Suyeong-gu,171918,13966,113866,44086,25.64,66.23,8.12
2008,26530,사상구,Sasang-gu,260897,38889,201781,20227,7.75,77.34,14.91
2009,26530,사상구,Sasang-gu,255274,35758,198385,21131,8.28,77.71,14.01
2010,26530,사상구,Sasang-gu,257843,34087,201560,22196,8.61,78.17,13.22
2011,26530,사상구,Sasang-gu,254413,32117,199211,23085,9.07,78.3,12.62
2012,26530,사상구,Sasang-gu,250424,30548,195381,24495,9.78,78.02,12.2
2013,26530,사상구,Sasang-gu,246797,28993,191630,26174,10.61,77.65,11.75
2014,26530,사상구,Sasang-gu,242953,27718,187523,27712,11.41,77.18,11.41
2015,26530,사상구,Sasang-gu,237711,26092,182437,29182,12.28,76.75,10.98
2016,26530,사상구,Sasang-gu,232800,24702,177537,30561,13.13,76.26,10.61
2017,26530,사상구,Sasang-gu,229219,23536,172968,32715,14.27,75.46,10.27
2018,26530,사상구,Sasang-gu,223361,22151,166904,34306,15.36,74.72,9.92
2019,26530,사상구,Sasang-gu,218094,20756,160929,36409,16.69,73.79,9.52
2020,26530,사상구,Sasang-gu,212586,19316,154405,38865,18.28,72.63,9.09
2021,26530,사상구,Sasang-gu,208298,18232,149188,40878,19.62,71.62,8.75
2022,26530,사상구,Sasang-gu,203789,17027,143802,42960,21.08,70.56,8.36
2023,26530,사상구,Sasang-gu,202932,16215,141017,45700,22.52,69.49,7.99
2024,26530,사상구,Sasang-gu,198635,15094,135051,48490,24.41,67.99,7.6
2008,26710,기장군,Gijang-gun,81159,12529,57885,10745,13.24,71.32,15.44
2009,26710,기장군,Gijang-gun,89384,13955,63729,11700,13.09,71.3,15.61
2010,26710,기장군,Gijang-gun,102557,16369,73170,13018,12.69,71.35,15.96
2011,26710,기장군,Gijang-gun,108095,17440,76760,13895,12.85,71.01,16.13
2012,26710,기장군,Gijang-gun,114566,18963,80489,15114,13.19,70.26,16.55
2013,26710,기장군,Gijang-gun,132507,23319,92314,16874,12.73,69.67,17.6
2014,26710,기장군,Gijang-gun,144748,26118,100208,18422,12.73,69.23,18.04
2015,26710,기장군,Gijang-gun,153093,27710,105614,19769,12.91,68.99,18.1
2016,26710,기장군,Gijang-gun,158527,28525,108946,21056,13.28,68.72,17.99
2017,26710,기장군,Gijang-gun,161651,28357,110645,22649,14.01,68.45,17.54
2018,26710,기장군,Gijang-gun,164864,28377,112438,24049,14.59,68.2,17.21
2019,26710,기장군,Gijang-gun,164716,27456,111912,25348,15.39,67.94,16.67
2020,26710,기장군,Gijang-gun,174545,28516,118287,27742,15.89,67.77,16.34
2021,26710,기장군,Gijang-gun,177125,28228,119540,29357,16.57,67.49,15.94
2022,26710,기장군,Gijang-gun,178614,27475,119935,31204,17.47,67.15,15.38
2023,26710,기장군,Gijang-gun,178729,26256,119528,32945,18.43,66.88,14.69
2024,26710,기장군,Gijang-gun,175626,24796,116502,34328,19.55,66.34,14.12
2008,27110,중구,Jung-gu,78824,9154,57948,11722,14.87,73.52,11.61
2009,27110,중구,Jung-gu,77585,8818,56740,12027,15.5,73.13,11.37
2010,27110,중구,Jung-gu,77857,8324,56949,12584,16.16,73.15,10.69
2011,27110,중구,Jung-gu,76600,8000,55758,12842,16.77,72.79,10.44
2012,27110,중구,Jung-gu,75439,7585,54483,13371,17.72,72.22,10.05
2013,27110,중구,Jung-gu,76246,7656,54537,14053,18.43,71.53,10.04
2014,27110,중구,Jung-gu,78812,7928,56139,14745,18.71,71.23,10.06
2015,27110,중구,Jung-gu,80928,8177,57551,15200,18.78,71.11,10.1
2016,27110,중구,Jung-gu,79712,7967,56402,15343,19.25,70.76,9.99
2017,27110,중구,Jung-gu,78986,8092,55363,15531,19.66,70.09,10.24
2018,27110,중구,Jung-gu,79401,8091,55744,15566,19.6,70.21,10.19
2019,27110,중구,Jung-gu,77421,7790,54034,15597,20.15,69.79,10.06
2020,27110,중구,Jung-gu,76547,7458,53161,15928,20.81,69.45,9.74
2021,27110,중구,Jung-gu,74791,7415,51680,15696,20.99,69.1,9.91
2022,27110,중구,Jung-gu,80199,8385,55707,16107,20.08,69.46,10.46
2023,27110,중구,Jung-gu,89064,9913,62038,17113,19.21,69.66,11.13
2024,27110,중구,Jung-gu,97711,11557,68166,17988,18.41,69.76,11.83
2008,27140,동구,Dong-gu,330996,50033,243025,37938,11.46,73.42,15.12
2009,27140,동구,Dong-gu,331421,48203,243438,39780,12.0,73.45,14.54
2010,27140,동구,Dong-gu,337529,47274,248604,41651,12.34,73.65,14.01
2011,27140,동구,Dong-gu,341206,46424,251419,43363,12.71,73.69,13.61
2012,27140,동구,Dong-gu,342092,45704,250461,45927,13.43,73.21,13.36
2013,27140,동구,Dong-gu,343802,44952,250102,48748,14.18,72.75,13.07
2014,27140,동구,Dong-gu,347975,45268,251389,51318,14.75,72.24,13.01
2015,27140,동구,Dong-gu,349728,44509,251708,53511,15.3,71.97,12.73
2016,27140,동구,Dong-gu,351352,43903,251682,55767,15.87,71.63,12.5
2017,27140,동구,Dong-gu,349379,42638,247848,58893,16.86,70.94,12.2
2018,27140,동구,Dong-gu,351291,41836,247799,61656,17.55,70.54,11.91
2019,27140,동구,Dong-gu,345469,40014,241441,64014,18.53,69.89,11.58
2020,27140,동구,Dong-gu,341920,38100,236381,67439,19.72,69.13,11.14
2021,27140,동구,Dong-gu,341436,37169,233818,70449,20.63,68.48,10.89
2022,27140,동구,Dong-gu,339530,35891,230285,73354,21.6,67.82,10.57
2023,27140,동구,Dong-gu,342813,35320,230737,76756,22.39,67.31,10.3
2024,27140,동구,Dong-gu,342339,33901,227536,80902,23.63,66.47,9.9
2008,27170,서구,Seo-gu,228720,30396,175274,23050,10.08,76.63,13.29
2009,27170,서구,Seo-gu,225193,28030,172952,24211,10.75,76.8,12.45
2010,27170,서구,Seo-gu,224618,25647,173604,25367,11.29,77.29,11.42
2011,27170,서구,Seo-gu,222619,24278,172224,26117,11.73,77.36,10.91
2012,27170,서구,Seo-gu,220211,23110,169431,27670,12.57,76.94,10.49
2013,27170,서구,Seo-gu,215399,21531,164720,29148,13.53,76.47,10.0
2014,27170,서구,Seo-gu,210770,20207,159855,30708,14.57,75.84,9.59
2015,27170,서구,Seo-gu,206028,18753,155412,31863,15.47,75.43,9.1
2016,27170,서구,Seo-gu,199507,17211,149258,33038,16.56,74.81,8.63
2017,27170,서구,Seo-gu,191992,15809,141425,34758,18.1,73.66,8.23
2018,27170,서구,Seo-gu,184372,14489,134062,35821,19.43,72.71,7.86
2019,27170,서구,Seo-gu,175277,13167,125358,36752,20.97,71.52,7.51
2020,27170,서구,Seo-gu,170700,12221,119892,38587,22.61,70.24,7.16
2021,27170,서구,Seo-gu,164528,11347,113603,39578,24.06,69.05,6.9
2022,27170,서구,Seo-gu,159827,10716,108214,40897,25.59,67.71,6.7
2023,27170,서구,Seo-gu,164088,11398,109754,42936,26.17,66.89,6.95
2024,27170,서구,Seo-gu,163135,11473,106437,45225,27.72,65.24,7.03
2008,27200,남구,Nam-gu,175317,22029,130875,22413,12.78,74.65,12.57
2009,27200,남구,Nam-gu,171873,20528,128100,23245,13.52,74.53,11.94
2010,27200,남구,Nam-gu,171197,19039,128088,24070,14.06,74.82,11.12
2011,27200,남구,Nam-gu,169095,17993,126438,24664,14.59,74.77,10.64
2012,27200,남구,Nam-gu,168715,17366,125471,25878,15.34,74.37,10.29
2013,27200,남구,Nam-gu,166062,16462,122392,27208,16.38,73.7,9.91
2014,27200,남구,Nam-gu,163492,15601,119458,28433,17.39,73.07,9.54
2015,27200,남구,Nam-gu,160852,14793,116733,29326,18.23,72.57,9.2
2016,27200,남구,Nam-gu,156433,13695,112764,29974,19.16,72.08,8.75
2017,27200,남구,Nam-gu,152845,12875,108838,31132,20.37,71.21,8.42
2018,27200,남구,Nam-gu,150501,11984,106359,32158,21.37,70.67,7.96
2019,27200,남구,Nam-gu,148113,11528,103598,32987,22.27,69.95,7.78
2020,27200,남구,Nam-gu,146632,10953,101492,34187,23.31,69.22,7.47
2021,27200,남구,Nam-gu,143175,10329,98232,34614,24.18,68.61,7.21
2022,27200,남구,Nam-gu,141519,9838,96091,35590,25.15,67.9,6.95
2023,27200,남구,Nam-gu,139187,9499,93127,36561,26.27,66.91,6.82
2024,27200,남구,Nam-gu,136263,9021,89507,37735,27.69,65.69,6.62
2008,27230,북구,Buk-gu,461518,90560,334046,36912,8.0,72.38,19.62
2009,27230,북구,Buk-gu,453367,85070,330172,38125,8.41,72.83,18.76
2010,27230,북구,Buk-gu,452505,80741,332474,39290,8.68,73.47,17.84
2011,27230,북구,Buk-gu,449775,77197,332185,40393,8.98,73.86,17.16
2012,27230,북구,Buk-gu,448485,74085,331874,42526,9.48,74.0,16.52
2013,27230,북구,Buk-gu,444359,70584,329043,44732,10.07,74.05,15.88
2014,27230,북구,Buk-gu,444375,67793,329410,47172,10.62,74.13,15.26
2015,27230,북구,Buk-gu,443119,64851,329139,49129,11.09,74.28,14.64
2016,27230,북구,Buk-gu,440383,61842,327385,51156,11.62,74.34,14.04
2017,27230,북구,Buk-gu,441375,59993,327125,54257,12.29,74.11,13.59
2018,27230,북구,Buk-gu,439489,57669,324926,56894,12.95,73.93,13.12
2019,27230,북구,Buk-gu,437710,55503,322087,60120,13.74,73.58,12.68
2020,27230,북구,Buk-gu,440263,53973,322236,64054,14.55,73.19,12.26
2021,27230,북구,Buk-gu,437008,51828,317944,67236,15.39,72.75,11.86
2022,27230,북구,Buk-gu,430912,48592,311833,70487,16.36,72.37,11.28
2023,27230,북구,Buk-gu,419624,44894,301055,73675,17.56,71.74,10.7
2024,27230,북구,Buk-gu,413010,42151,292697,78162,18.92,70.87,10.21
2008,27260,수성구,Suseong-gu,451732,82086,328122,41524,9.19,72.64,18.17
2009,27260,수성구,Suseong-gu,456196,80645,332143,43408,9.52,72.81,17.68
2010,27260,수성구,Suseong-gu,461988,78265,338732,44991,9.74,73.32,16.94
2011,27260,수성구,Suseong-gu,461083,75389,339433,46261,10.03,73.62,16.35
2012,27260,수성구,Suseong-gu,459779,72348,338836,48595,10.57,73.7,15.74
2013,27260,수성구,Suseong-gu,461004,70383,339659,50962,11.05,73.68,15.27
2014,27260,수성구,Suseong-gu,456505,67645,336037,52823,11.57,73.61,14.82
2015,27260,수성구,Suseong-gu,451786,64525,332665,54596,12.08,73.63,14.28
2016,27260,수성구,Suseong-gu,447011,61596,328984,56431,12.62,73.6,13.78
2017,27260,수성구,Suseong-gu,439211,59156,321150,58905,13.41,73.12,13.47
2018,27260,수성구,Suseong-gu,432759,56845,314825,61089,14.12,72.75,13.14
2019,27260,수성구,Suseong-gu,428614,55396,309744,63474,14.81,72.27,12.92
2020,27260,수성구,Suseong-gu,424314,54128,303622,66564,15.69,71.56,12.76
2021,27260,수성구,Suseong-gu,417097,52505,295407,69185,16.59,70.82,12.59
2022,27260,수성구,Suseong-gu,411553,50679,288796,72078,17.51,70.17,12.31
2023,27260,수성구,Suseong-gu,407331,48981,283343,75007,18.41,69.56,12.02
2024,27260,수성구,Suseong-gu,409107,49048,280875,79184,19.36,68.66,11.99
2008,27290,달서구,Dalseo-gu,594616,108093,444007,42516,7.15,74.67,18.18
2009,27290,달서구,Dalseo-gu,598011,104535,449001,44475,7.44,75.08,17.48
2010,27290,달서구,Dalseo-gu,607083,101126,459538,46419,7.65,75.7,16.66
2011,27290,달서구,Dalseo-gu,606542,97581,460755,48206,7.95,75.96,16.09
2012,27290,달서구,Dalseo-gu,606557,94000,461405,51152,8.43,76.07,15.5
2013,27290,달서구,Dalseo-gu,610358,91668,464190,54500,8.93,76.05,15.02
2014,27290,달서구,Dalseo-gu,606433,87704,461153,57576,9.49,76.04,14.46
2015,27290,달서구,Dalseo-gu,602641,83716,458654,60271,10.0,76.11,13.89
2016,27290,달서구,Dalseo-gu,591891,79409,449505,62977,10.64,75.94,13.42
2017,27290,달서구,Dalseo-gu,578068,75196,435839,67033,11.6,75.4,13.01
2018,27290,달서구,Dalseo-gu,573413,71955,430475,70983,12.38,75.07,12.55
2019,27290,달서구,Dalseo-gu,568887,69272,423840,75775,13.32,74.5,12.18
2020,27290,달서구,Dalseo-gu,558631,65918,412067,80646,14.44,73.76,11.8
2021,27290,달서구,Dalseo-gu,544926,62340,397814,84772,15.56,73.0,11.44
2022,27290,달서구,Dalseo-gu,536989,59387,388424,89178,16.61,72.33,11.06
2023,27290,달서구,Dalseo-gu,527781,56330,377689,93762,17.77,71.56,10.67
2024,27290,달서구,Dalseo-gu,522021,53816,367756,100449,19.24,70.45,10.31
2008,27710,달성군,Dalseong-gun,171001,33111,121466,16424,9.6,71.03,19.36
2009,27710,달성군,Dalseong-gun,176135,32911,126131,17093,9.7,71.61,18.69
2010,27710,달성군,Dalseong-gun,178899,32096,129091,17712,9.9,72.16,17.94
2011,27710,달성군,Dalseong-gun,180351,31288,130871,18192,10.09,72.56,17.35
2012,27710,달성군,Dalseong-gun,184366,31228,134105,19033,10.32,72.74,16.94
2013,27710,달성군,Dalseong-gun,184358,30199,134264,19895,10.79,72.83,16.38
2014,27710,달성군,Dalseong-gun,184902,29513,134627,20762,11.23,72.81,15.96
2015,27710,달성군,Dalseong-gun,192747,30129,140392,22226,11.53,72.84,15.63
2016,27710,달성군,Dalseong-gun,218268,35462,158591,24215,11.09,72.66,16.25
2017,27710,달성군,Dalseong-gun,243375,40258,176167,26950,11.07,72.39,16.54
2018,27710,달성군,Dalseong-gun,250543,41447,180329,28767,11.48,71.98,16.54
2019,27710,달성군,Dalseong-gun,256540,42229,183753,30558,11.91,71.63,16.46
2020,27710,달성군,Dalseong-gun,259339,42107,184143,33089,12.76,71.0,16.24
2021,27710,달성군,Dalseong-gun,262451,41977,184944,35530,13.54,70.47,15.99
2022,27710,달성군,Dalseong-gun,263162,40959,184196,38007,14.44,69.99,15.56
2023,27710,달성군,Dalseong-gun,262084,39418,182449,40217,15.35,69.61,15.04
2024,27710,달성군,Dalseong-gun,257580,37435,177163,42982,16.69,68.78,14.53
2023,27720,군위군,Gunwi-gun,22988,953,11724,10311,44.85,51.0,4.15
2024,27720,군위군,Gunwi-gun,22463,879,10955,10629,47.32,48.77,3.91
2008,28110,중구,Jung-gu,88713,14001,64723,9989,11.26,72.96,15.78
2009,28110,중구,Jung-gu,89688,13621,65680,10387,11.58,73.23,15.19
2010,28110,중구,Jung-gu,92890,13707,68138,11045,11.89,73.35,14.76
2011,28110,중구,Jung-gu,93581,13599,68424,11558,12.35,73.12,14.53
2012,28110,중구,Jung-gu,98648,14472,71410,12766,12.94,72.39,14.67
2013,28110,중구,Jung-gu,107774,16234,77547,13993,12.98,71.95,15.06
2014,28110,중구,Jung-gu,111929,17041,80010,14878,13.29,71.48,15.22
2015,28110,중구,Jung-gu,114493,17298,81785,15410,13.46,71.43,15.11
2016,28110,중구,Jung-gu,115249,16881,82631,15737,13.65,71.7,14.65
2017,28110,중구,Jung-gu,117999,16668,84688,16643,14.1,71.77,14.13
2018,28110,중구,Jung-gu,122499,16670,88347,17482,14.27,72.12,13.61
2019,28110,중구,Jung-gu,135135,18349,97710,19076,14.12,72.31,13.58
2020,28110,중구,Jung-gu,139729,18547,100651,20531,14.69,72.03,13.27
2021,28110,중구,Jung-gu,143633,18653,103245,21735,15.13,71.88,12.99
2022,28110,중구,Jung-gu,152931,19415,110150,23366,15.28,72.03,12.7
2023,28110,중구,Jung-gu,158958,19668,114378,24912,15.67,71.95,12.37
2024,28110,중구,Jung-gu,167113,20553,119939,26621,15.93,71.77,12.3
2020,28114,중구영종출장소,Jung-gu youngjong branch office,0,0,0,0,,,
2022,28114,중구영종출장소,Jung-gu youngjong branch office,0,0,0,0,,,
2023,28114,중구영종출장소,Jung-gu youngjong branch office,0,0,0,0,,,
2024,28114,중구영종출장소,Jung-gu youngjong branch office,0,0,0,0,,,
2020,28118,중구용유출장소,Jung-gu yongyu branch office,0,0,0,0,,,
2022,28118,중구용유출장소,Jung-gu yongyu branch office,0,0,0,0,,,
2023,28118,중구용유출장소,Jung-gu yongyu branch office,0,0,0,0,,,
2024,28118,중구용유출장소,Jung-gu yongyu branch office,0,0,0,0,,,
2008,28140,동구,Dong-gu,74866,11036,54600,9230,12.33,72.93,14.74
2009,28140,동구,Dong-gu,77308,11362,56145,9801,12.68,72.63,14.7
2010,28140,동구,Dong-gu,79663,11571,57702,10390,13.04,72.43,14.52
2011,28140,동구,Dong-gu,78692,11203,56717,10772,13.69,72.07,14.24
2012,28140,동구,Dong-gu,76720,10558,54912,11250,14.66,71.57,13.76
2013,28140,동구,Dong-gu,75093,10012,53415,11666,15.54,71.13,13.33
2014,28140,동구,Dong-gu,73978,9581,52289,12108,16.37,70.68,12.95
2015,28140,동구,Dong-gu,72571,9133,50973,12465,17.18,70.24,12.58
2016,28140,동구,Dong-gu,71014,8702,49673,12639,17.8,69.95,12.25
2017,28140,동구,Dong-gu,69487,8276,48043,13168,18.95,69.14,11.91
2018,28140,동구,Dong-gu,66233,7463,45516,13254,20.01,68.72,11.27
2019,28140,동구,Dong-gu,64427,6869,43807,13751,21.34,67.99,10.66
2020,28140,동구,Dong-gu,62542,6207,41882,14453,23.11,66.97,9.92
2021,28140,동구,Dong-gu,61486,5905,40911,14670,23.86,66.54,9.6
2022,28140,동구,Dong-gu,58999,5399,38897,14703,24.92,65.93,9.15
2023,28140,동구,Dong-gu,59482,5014,39228,15240,25.62,65.95,8.43
2024,28140,동구,Dong-gu,58296,4640,37852,15804,27.11,64.93,7.96
2008,28170,남구,Nam-gu,420741,63517,316961,40263,9.57,75.33,15.1
2009,28170,남구,Nam-gu,419935,61080,316832,42023,10.01,75.45,14.55
2010,28170,남구,Nam-gu,423876,59028,320561,44287,10.45,75.63,13.93
2011,28170,남구,Nam-gu,417996,56401,315648,45947,10.99,75.51,13.49
2012,28170,남구,Nam-gu,414500,54285,311692,48523,11.71,75.2,13.1
2013,28170,남구,Nam-gu,411330,52341,308137,50852,12.36,74.91,12.72
2014,28170,남구,Nam-gu,408305,50380,304694,53231,13.04,74.62,12.34
2015,28170,남구,Nam-gu,404893,48261,301418,55214,13.64,74.44,11.92
2016,28170,남구,Nam-gu,417103,49266,310400,57437,13.77,74.42,11.81
2017,28170,남구,Nam-gu,419267,48506,310003,60758,14.49,73.94,11.57
2018,28177,미추홀구,Michuhol-gu,416542,46856,306853,62833,15.08,73.67,11.25
2019,28177,미추홀구,Michuhol-gu,408862,44314,298906,65642,16.05,73.11,10.84
2020,28177,미추홀구,Michuhol-gu,404343,42194,293075,69074,17.08,72.48,10.44
2021,28177,미추홀구,Michuhol-gu,407464,41600,293544,72320,17.75,72.04,10.21
2022,28177,미추홀구,Michuhol-gu,406004,40287,289952,75765,18.66,71.42,9.92
2023,28177,미추홀구,Michuhol-gu,405995,38986,287129,79880,19.68,70.72,9.6
2024,28177,미추홀구,Michuhol-gu,412274,39152,288651,84471,20.49,70.01,9.5
2008,28185,연수구,Yeonsu-gu,268668,50327,200752,17589,6.55,74.72,18.73
2009,28185,연수구,Yeonsu-gu,271497,48493,204538,18466,6.8,75.34,17.86
2010,28185,연수구,Yeonsu-gu,279230,47783,212140,19307,6.91,75.97,17.11
2011,28185,연수구,Yeonsu-gu,287903,48100,219268,20535,7.13,76.16,16.71
2012,28185,연수구,Yeonsu-gu,292589,47919,223030,21640,7.4,76.23,16.38
2013,28185,연수구,Yeonsu-gu,300305,48326,228985,22994,7.66,76.25,16.09
2014,28185,연수구,Yeonsu-gu,310703,49834,236512,24357,7.84,76.12,16.04
2015,28185,연수구,Yeonsu-gu,319052,50569,242890,25593,8.02,76.13,15.85
2016,28185,연수구,Yeonsu-gu,328627,51380,250354,26893,8.18,76.18,15.63
2017,28185,연수구,Yeonsu-gu,335142,52373,253847,28922,8.63,75.74,15.63
2018,28185,연수구,Yeonsu-gu,346359,53878,261254,31227,9.02,75.43,15.56
2019,28185,연수구,Yeonsu-gu,366550,56480,275724,34346,9.37,75.22,15.41
2020,28185,연수구,Yeonsu-gu,387450,60260,289000,38190,9.86,74.59,15.55
2021,28185,연수구,Yeonsu-gu,389644,59884,288739,41021,10.53,74.1,15.37
2022,28185,연수구,Yeonsu-gu,385796,57313,284469,44014,11.41,73.74,14.86
2023,28185,연수구,Yeonsu-gu,392416,56933,287752,47731,12.16,73.33,14.51
2024,28185,연수구,Yeonsu-gu,400213,57159,290894,52160,13.03,72.68,14.28
2008,28200,남동구,Namdong-gu,450054,80836,337141,32077,7.13,74.91,17.96
2009,28200,남동구,Namdong-gu,463414,81304,347944,34166,7.37,75.08,17.54
2010,28200,남동구,Namdong-gu,473423,79318,357700,36405,7.69,75.56,16.75
2011,28200,남동구,Namdong-gu,495469,81213,374691,39565,7.99,75.62,16.39
2012,28200,남동구,Namdong-gu,503597,80767,380460,42370,8.41,75.55,16.04
2013,28200,남동구,Namdong-gu,507021,79015,383114,44892,8.85,75.56,15.58
2014,28200,남동구,Namdong-gu,514656,78167,388584,47905,9.31,75.5,15.19
2015,28200,남동구,Namdong-gu,531395,78805,400822,51768,9.74,75.43,14.83
2016,28200,남동구,Namdong-gu,530982,76561,400460,53961,10.16,75.42,14.42
2017,28200,남동구,Namdong-gu,536578,75676,402473,58429,10.89,75.01,14.1
2018,28200,남동구,Namdong-gu,537161,73212,401701,62248,11.59,74.78,13.63
2019,28200,남동구,Namdong-gu,532704,70333,395948,66423,12.47,74.33,13.2
2020,28200,남동구,Namdong-gu,525354,66578,387308,71468,13.6,73.72,12.67
2021,28200,남동구,Namdong-gu,518272,62839,379800,75633,14.59,73.28,12.12
2022,28200,남동구,Namdong-gu,506181,58159,368022,80000,15.8,72.71,11.49
2023,28200,남동구,Namdong-gu,492415,52997,353940,85478,17.36,71.88,10.76
2024,28200,남동구,Namdong-gu,486225,49211,345543,91471,18.81,71.07,10.12
2008,28237,부평구,Bupyeong-gu,569246,99395,426794,43057,7.56,74.98,17.46
2009,28237,부평구,Bupyeong-gu,563920,93741,425506,44673,7.92,75.46,16.62
2010,28237,부평구,Bupyeong-gu,567493,89098,431536,46859,8.26,76.04,15.7
2011,28237,부평구,Bupyeong-gu,560936,84500,427785,48651,8.67,76.26,15.06
2012,28237,부평구,Bupyeong-gu,559047,80775,426871,51401,9.19,76.36,14.45
2013,28237,부평구,Bupyeong-gu,556985,77315,425768,53902,9.68,76.44,13.88
2014,28237,부평구,Bupyeong-gu,556992,74862,425529,56601,10.16,76.4,13.44
2015,28237,부평구,Bupyeong-gu,555844,72020,424470,59354,10.68,76.36,12.96
2016,28237,부평구,Bupyeong-gu,549716,69105,419671,60940,11.09,76.34,12.57
2017,28237,부평구,Bupyeong-gu,539941,65884,410098,63959,11.85,75.95,12.2
2018,28237,부평구,Bupyeong-gu,524640,61279,396937,66424,12.66,75.66,11.68
2019,28237,부평구,Bupyeong-gu,511577,57490,384538,69549,13.6,75.17,11.24
2020,28237,부평구,Bupyeong-gu,494962,53193,368345,73424,14.83,74.42,10.75
2021,28237,부평구,Bupyeong-gu,486765,50478,359794,76493,15.71,73.92,10.37
2022,28237,부평구,Bupyeong-gu,489118,48527,359007,81584,16.68,73.4,9.92
2023,28237,부평구,Bupyeong-gu,494138,47741,359137,87260,17.66,72.68,9.66
2024,28237,부평구,Bupyeong-gu,493200,46163,353912,93125,18.88,71.76,9.36
2008,28245,계양구,Gyeyang-gu,342299,65669,256027,20603,6.02,74.8,19.18
2009,28245,계양구,Gyeyang-gu,344039,62253,260334,21452,6.24,75.67,18.09
2010,28245,계양구,Gyeyang-gu,347810,59101,266146,22563,6.49,76.52,16.99
2011,28245,계양구,Gyeyang-gu,344299,55274,265691,23334,6.78,77.17,16.05
2012,28245,계양구,Gyeyang-gu,342202,52214,265304,24684,7.21,77.53,15.26
2013,28245,계양구,Gyeyang-gu,343806,50157,267430,26219,7.63,77.79,14.59
2014,28245,계양구,Gyeyang-gu,339538,47123,264925,27490,8.1,78.03,13.88
2015,28245,계양구,Gyeyang-gu,334332,44095,261626,28611,8.56,78.25,13.19
2016,28245,계양구,Gyeyang-gu,330284,41709,258813,29762,9.01,78.36,12.63
2017,28245,계양구,Gyeyang-gu,323784,39124,252931,31729,9.8,78.12,12.08
2018,28245,계양구,Gyeyang-gu,312680,35780,243781,33119,10.59,77.97,11.44
2019,28245,계양구,Gyeyang-gu,303471,33084,235344,35043,11.55,77.55,10.9
2020,28245,계양구,Gyeyang-gu,296750,30870,227933,37947,12.79,76.81,10.4
2021,28245,계양구,Gyeyang-gu,295696,29425,225431,40840,13.81,76.24,9.95
2022,28245,계양구,Gyeyang-gu,288856,27071,218061,43724,15.14,75.49,9.37
2023,28245,계양구,Gyeyang-gu,280266,24466,208758,47042,16.78,74.49,8.73
2024,28245,계양구,Gyeyang-gu,280227,23273,205818,51136,18.25,73.45,8.31
2008,28260,서구,Seo-gu,393346,81057,287722,24567,6.25,73.15,20.61
2009,28260,서구,Seo-gu,395508,77911,291906,25691,6.5,73.81,19.7
2010,28260,서구,Seo-gu,408068,76390,304359,27319,6.69,74.59,18.72
2011,28260,서구,Seo-gu,436134,79899,326437,29798,6.83,74.85,18.32
2012,28260,서구,Seo-gu,469887,84531,352297,33059,7.04,74.97,17.99
2013,28260,서구,Seo-gu,490035,86198,368005,35832,7.31,75.1,17.59
2014,28260,서구,Seo-gu,498686,85322,375021,38343,7.69,75.2,17.11
2015,28260,서구,Seo-gu,504606,83582,380313,40711,8.07,75.37,16.56
2016,28260,서구,Seo-gu,510733,82262,385752,42719,8.36,75.53,16.11
2017,28260,서구,Seo-gu,516017,80788,389100,46129,8.94,75.4,15.66
2018,28260,서구,Seo-gu,538596,82462,406159,49975,9.28,75.41,15.31
2019,28260,서구,Seo-gu,544556,81203,409662,53691,9.86,75.23,14.91
2020,28260,서구,Seo-gu,542040,78231,405722,58087,10.72,74.85,14.43
2021,28260,서구,Seo-gu,555380,78751,413426,63203,11.38,74.44,14.18
2022,28260,서구,Seo-gu,589013,83543,435639,69831,11.86,73.96,14.18
2023,28260,서구,Seo-gu,624358,87903,459071,77384,12.39,73.53,14.08
2024,28260,서구,Seo-gu,634064,87422,461831,84811,13.38,72.84,13.79
2020,28265,서구검단출장소,Seo-gu geomdan branch office,0,0,0,0,,,
2022,28265,서구검단출장소,Seo-gu geomdan branch office,0,0,0,0,,,
2023,28265,서구검단출장소,Seo-gu geomdan branch office,0,0,0,0,,,
2024,28265,서구검단출장소,Seo-gu geomdan branch office,0,0,0,0,,,
2008,28710,강화군,Ganghwa-gun,67387,7847,44401,15139,22.47,65.89,11.64
2009,28710,강화군,Ganghwa-gun,67049,7499,43986,15564,23.21,65.6,11.18
2010,28710,강화군,Ganghwa-gun,67104,7173,43921,16010,23.86,65.45,10.69
2011,28710,강화군,Ganghwa-gun,66779,6852,43348,16579,24.83,64.91,10.26
2012,28710,강화군,Ganghwa-gun,66752,6647,42742,17363,26.01,64.03,9.96
2013,28710,강화군,Ganghwa-gun,66735,6359,42374,18002,26.98,63.5,9.53
2014,28710,강화군,Ganghwa-gun,67118,6174,42208,18736,27.92,62.89,9.2
2015,28710,강화군,Ganghwa-gun,67667,6018,42341,19308,28.53,62.57,8.89
2016,28710,강화군,Ganghwa-gun,68010,5989,42421,19600,28.82,62.37,8.81
2017,28710,강화군,Ganghwa-gun,68754,5865,42438,20451,29.75,61.72,8.53
2018,28710,강화군,Ganghwa-gun,68896,5643,42105,21148,30.7,61.11,8.19
2019,28710,강화군,Ganghwa-gun,69178,5581,41695,21902,31.66,60.27,8.07
2020,28710,강화군,Ganghwa-gun,69203,5590,40789,22824,32.98,58.94,8.08
2021,28710,강화군,Ganghwa-gun,69693,5469,40473,23751,34.08,58.07,7.85
2022,28710,강화군,Ganghwa-gun,69803,5242,39798,24763,35.48,57.01,7.51
2023,28710,강화군,Ganghwa-gun,69005,4963,38351,25691,37.23,55.58,7.19
2024,28710,강화군,Ganghwa-gun,69402,4694,37686,27022,38.94,54.3,6.76
2008,28720,옹진군,Ongjin-gun,17376,2165,11865,3346,19.26,68.28,12.46
2009,28720,옹진군,Ongjin-gun,18221,2134,12627,3460,18.99,69.3,11.71
2010,28720,옹진군,Ongjin-gun,18739,2101,13018,3620,19.32,69.47,11.21
2011,28720,옹진군,Ongjin-gun,19485,2172,13524,3789,19.45,69.41,11.15
2012,28720,옹진군,Ongjin-gun,20039,2088,13948,4003,19.98,69.6,10.42
2013,28720,옹진군,Ongjin-gun,20698,2008,14571,4119,19.9,70.4,9.7
2014,28720,옹진군,Ongjin-gun,20703,1914,14487,4302,20.78,69.98,9.25
2015,28720,옹진군,Ongjin-gun,20962,1861,14630,4471,21.33,69.79,8.88
2016,28720,옹진군,Ongjin-gun,21351,1828,14956,4567,21.39,70.05,8.56
2017,28720,옹진군,Ongjin-gun,21573,1806,14931,4836,22.42,69.21,8.37
2018,28720,옹진군,Ongjin-gun,21036,1676,14395,4965,23.6,68.43,7.97
2019,28720,옹진군,Ongjin-gun,20566,1539,13902,5125,24.92,67.6,7.48
2020,28720,옹진군,Ongjin-gun,20455,1467,13503,5485,26.81,66.01,7.17
2021,28720,옹진군,Ongjin-gun,20342,1396,13181,5765,28.34,64.8,6.86
2022,28720,옹진군,Ongjin-gun,20613,1313,13200,6100,29.59,64.04,6.37
2023,28720,옹진군,Ongjin-gun,20377,1161,12777,6439,31.6,62.7,5.7
2024,28720,옹진군,Ongjin-gun,19996,1029,12219,6748,33.75,61.11,5.15
2008,29110,동구,Dong-gu,109963,14546,80707,14710,13.38,73.39,13.23
2009,29110,동구,Dong-gu,107772,13566,78902,15304,14.2,73.21,12.59
2010,29110,동구,Dong-gu,104449,12319,76378,15752,15.08,73.12,11.79
2011,29110,동구,Dong-gu,106495,12226,77382,16887,15.86,72.66,11.48
2012,29110,동구,Dong-gu,105580,11872,75950,17758,16.82,71.94,11.24
2013,29110,동구,Dong-gu,103016,11317,73402,18297,17.76,71.25,10.99
2014,29110,동구,Dong-gu,100786,10682,71185,18919,18.77,70.63,10.6
2015,29110,동구,Dong-gu,98784,10059,69385,19340,19.58,70.24,10.18
2016,29110,동구,Dong-gu,95791,9434,66944,19413,20.27,69.89,9.85
2017,29110,동구,Dong-gu,95448,9243,66158,20047,21.0,69.31,9.68
2018,29110,동구,Dong-gu,94475,9045,65093,20337,21.53,68.9,9.57
2019,29110,동구,Dong-gu,98585,9658,67789,21138,21.44,68.76,9.8
2020,29110,동구,Dong-gu,102897,10468,70233,22196,21.57,68.26,10.17
2021,29110,동구,Dong-gu,103470,10717,70107,22646,21.89,67.76,10.36
2022,29110,동구,Dong-gu,105909,11241,71249,23419,22.11,67.27,10.61
2023,29110,동구,Dong-gu,107176,11173,71764,24239,22.62,66.96,10.42
2024,29110,동구,Dong-gu,106203,10877,70255,25071,23.61,66.15,10.24
2008,29140,서구,Seo-gu,304885,62907,218554,23424,7.68,71.68,20.63
2009,29140,서구,Seo-gu,299825,58653,216721,24451,8.16,72.28,19.56
2010,29140,서구,Seo-gu,303219,55954,221367,25898,8.54,73.01,18.45
2011,29140,서구,Seo-gu,317936,57572,232683,27681,8.71,73.19,18.11
2012,29140,서구,Seo-gu,316545,54680,232570,29295,9.25,73.47,17.27
2013,29140,서구,Seo-gu,315276,51949,232528,30799,9.77,73.75,16.48
2014,29140,서구,Seo-gu,310317,48427,229604,32286,10.4,73.99,15.61
2015,29140,서구,Seo-gu,305028,45003,226470,33555,11.0,74.25,14.75
2016,29140,서구,Seo-gu,309579,43976,230389,35214,11.37,74.42,14.21
2017,29140,서구,Seo-gu,306957,42246,227720,36991,12.05,74.19,13.76
2018,29140,서구,Seo-gu,304172,40300,225404,38468,12.65,74.1,13.25
2019,29140,서구,Seo-gu,300975,38220,222509,40246,13.37,73.93,12.7
2020,29140,서구,Seo-gu,296576,36322,217783,42471,14.32,73.43,12.25
2021,29140,서구,Seo-gu,291231,34417,212865,43949,15.09,73.09,11.82
2022,29140,서구,Seo-gu,287401,32643,208773,45985,16.0,72.64,11.36
2023,29140,서구,Seo-gu,283991,30736,204860,48395,17.04,72.14,10.82
2024,29140,서구,Seo-gu,279050,29128,199351,50571,18.12,71.44,10.44
2008,29155,남구,Nam-gu,213073,35449,156159,21465,10.07,73.29,16.64
2009,29155,남구,Nam-gu,213697,34525,156628,22544,10.55,73.29,16.16
2010,29155,남구,Nam-gu,216863,33748,159320,23795,10.97,73.47,15.56
2011,29155,남구,Nam-gu,219041,33244,160741,25056,11.44,73.38,15.18
2012,29155,남구,Nam-gu,218313,32178,159582,26553,12.16,73.1,14.74
2013,29155,남구,Nam-gu,216254,30858,157616,27780,12.85,72.88,14.27
2014,29155,남구,Nam-gu,219815,30982,159242,29591,13.46,72.44,14.09
2015,29155,남구,Nam-gu,221318,30802,159595,30921,13.97,72.11,13.92
2016,29155,남구,Nam-gu,219729,29999,157546,32184,14.65,71.7,13.65
2017,29155,남구,Nam-gu,218454,29568,155159,33727,15.44,71.03,13.54
2018,29155,남구,Nam-gu,216369,28859,152833,34677,16.03,70.64,13.34
2019,29155,남구,Nam-gu,218060,29213,152685,36162,16.58,70.02,13.4
2020,29155,남구,Nam-gu,214579,28502,148362,37715,17.58,69.14,13.28
2021,29155,남구,Nam-gu,215575,28605,147867,39103,18.14,68.59,13.27
2022,29155,남구,Nam-gu,212379,27299,144340,40740,19.18,67.96,12.85
2023,29155,남구,Nam-gu,209646,26329,140832,42485,20.27,67.18,12.56
2024,29155,남구,Nam-gu,207597,25288,137758,44551,21.46,66.36,12.18
2008,29170,북구,Buk-gu,474121,91175,345317,37629,7.94,72.83,19.23
2009,29170,북구,Buk-gu,469410,86416,343853,39141,8.34,73.25,18.41
2010,29170,북구,Buk-gu,466866,81654,344342,40870,8.75,73.76,17.49
2011,29170,북구,Buk-gu,444483,72906,330290,41287,9.29,74.31,16.4
2012,29170,북구,Buk-gu,443677,69593,329987,44097,9.94,74.38,15.69
2013,29170,북구,Buk-gu,445489,67123,331706,46660,10.47,74.46,15.07
2014,29170,북구,Buk-gu,447685,65551,332952,49182,10.99,74.37,14.64
2015,29170,북구,Buk-gu,446316,63068,331729,51519,11.54,74.33,14.13
2016,29170,북구,Buk-gu,441066,60263,327109,53694,12.17,74.16,13.66
2017,29170,북구,Buk-gu,438780,58869,323379,56532,12.88,73.7,13.42
2018,29170,북구,Buk-gu,439773,57637,323343,58793,13.37,73.52,13.11
2019,29170,북구,Buk-gu,433533,55195,316892,61446,14.17,73.1,12.73
2020,29170,북구,Buk-gu,430431,53638,311964,64829,15.06,72.48,12.46
2021,29170,북구,Buk-gu,427114,52010,307529,67575,15.82,72.0,12.18
2022,29170,북구,Buk-gu,424707,50330,303543,70834,16.68,71.47,11.85
2023,29170,북구,Buk-gu,421683,48507,298770,74406,17.65,70.85,11.5
2024,29170,북구,Buk-gu,423961,47328,297245,79388,18.73,70.11,11.16
2008,29200,광산구,Gwangsan-gu,320660,79957,219478,21225,6.62,68.45,24.94
2009,29200,광산구,Gwangsan-gu,342936,83102,237191,22643,6.6,69.16,24.23
2010,29200,광산구,Gwangsan-gu,363239,84995,254102,24142,6.65,69.95,23.4
2011,29200,광산구,Gwangsan-gu,375509,85139,264870,25500,6.79,70.54,22.67
2012,29200,광산구,Gwangsan-gu,385101,84815,273257,27029,7.02,70.96,22.02
2013,29200,광산구,Gwangsan-gu,392875,83685,280852,28338,7.21,71.49,21.3
2014,29200,광산구,Gwangsan-gu,397281,81613,285824,29844,7.51,71.95,20.54
2015,29200,광산구,Gwangsan-gu,400753,78460,291239,31054,7.75,72.67,19.58
2016,29200,광산구,Gwangsan-gu,403049,76101,294881,32067,7.96,73.16,18.88
2017,29200,광산구,Gwangsan-gu,404131,74009,296557,33565,8.31,73.38,18.31
2018,29200,광산구,Gwangsan-gu,404547,71280,298356,34911,8.63,73.75,17.62
2019,29200,광산구,Gwangsan-gu,405315,68751,300077,36487,9.0,74.04,16.96
2020,29200,광산구,Gwangsan-gu,405579,65868,301256,38455,9.48,74.28,16.24
2021,29200,광산구,Gwangsan-gu,404221,63337,300866,40018,9.9,74.43,15.67
2022,29200,광산구,Gwangsan-gu,400654,59637,299025,41992,10.48,74.63,14.88
2023,29200,광산구,Gwangsan-gu,396741,56059,296329,44353,11.18,74.69,14.13
2024,29200,광산구,Gwangsan-gu,391611,52455,291757,47399,12.1,74.5,13.39
2008,30110,동구,Dong-gu,245973,39162,180798,26013,10.58,73.5,15.92
2009,30110,동구,Dong-gu,246116,38195,180787,27134,11.02,73.46,15.52
2010,30110,동구,Dong-gu,248835,37138,183278,28419,11.42,73.65,14.92
2011,30110,동구,Dong-gu,251285,36991,184778,29516,11.75,73.53,14.72
2012,30110,동구,Dong-gu,251945,36552,184375,31018,12.31,73.18,14.51
2013,30110,동구,Dong-gu,250653,35655,182650,32348,12.91,72.87,14.22
2014,30110,동구,Dong-gu,245493,33873,177957,33663,13.71,72.49,13.8
2015,30110,동구,Dong-gu,239579,31780,172797,35002,14.61,72.13,13.26
2016,30110,동구,Dong-gu,234959,30105,169091,35763,15.22,71.97,12.81
2017,30110,동구,Dong-gu,230516,28479,164797,37240,16.16,71.49,12.35
2018,30110,동구,Dong-gu,229071,27200,163207,38664,16.88,71.25,11.87
2019,30110,동구,Dong-gu,226771,25745,160405,40621,17.91,70.73,11.35
2020,30110,동구,Dong-gu,223021,24393,156095,42533,19.07,69.99,10.94
2021,30110,동구,Dong-gu,222222,23515,154550,44157,19.87,69.55,10.58
2022,30110,동구,Dong-gu,219751,22311,151545,45895,20.89,68.96,10.15
2023,30110,동구,Dong-gu,217628,20926,149061,47641,21.89,68.49,9.62
2024,30110,동구,Dong-gu,218513,20378,148079,50056,22.91,67.77,9.33
2008,30140,중구,Jung-gu,264678,44355,193199,27124,10.25,72.99,16.76
2009,30140,중구,Jung-gu,264035,42765,192717,28553,10.81,72.99,16.2
2010,30140,중구,Jung-gu,265846,41241,194657,29948,11.27,73.22,15.51
2011,30140,중구,Jung-gu,265502,40146,194230,31126,11.72,73.16,15.12
2012,30140,중구,Jung-gu,264125,38976,192467,32682,12.37,72.87,14.76
2013,30140,중구,Jung-gu,264913,38110,192320,34483,13.02,72.6,14.39
2014,30140,중구,Jung-gu,261165,36074,188877,36214,13.87,72.32,13.81
2015,30140,중구,Jung-gu,256186,33907,184794,37485,14.63,72.13,13.24
2016,30140,중구,Jung-gu,252490,32291,181731,38468,15.24,71.98,12.79
2017,30140,중구,Jung-gu,248933,30533,178046,40354,16.21,71.52,12.27
2018,30140,중구,Jung-gu,244421,28639,174157,41625,17.03,71.25,11.72
2019,30140,중구,Jung-gu,240473,27061,169764,43648,18.15,70.6,11.25
2020,30140,중구,Jung-gu,235550,25410,164439,45701,19.4,69.81,10.79
2021,30140,중구,Jung-gu,230341,23930,159264,47147,20.47,69.14,10.39
2022,30140,중구,Jung-gu,227108,22842,155552,48714,21.45,68.49,10.06
2023,30140,중구,Jung-gu,223256,21239,151386,50631,22.68,67.81,9.51
2024,30140,중구,Jung-gu,225008,21495,150664,52849,23.49,66.96,9.55
2008,30170,서구,Seo-gu,499172,94600,370529,34043,6.82,74.23,18.95
2009,30170,서구,Seo-gu,499297,90608,373251,35438,7.1,74.76,18.15
2010,30170,서구,Seo-gu,499742,86787,376257,36698,7.34,75.29,17.37
2011,30170,서구,Seo-gu,499124,83793,377109,38222,7.66,75.55,16.79
2012,30170,서구,Seo-gu,496513,80576,375765,40172,8.09,75.68,16.23
2013,30170,서구,Seo-gu,498917,78720,377702,42495,8.52,75.7,15.78
2014,30170,서구,Seo-gu,496132,75779,375608,44745,9.02,75.71,15.27
2015,30170,서구,Seo-gu,490859,72060,371811,46988,9.57,75.75,14.68
2016,30170,서구,Seo-gu,491011,70422,371509,49080,10.0,75.66,14.34
2017,30170,서구,Seo-gu,487448,68322,367305,51821,10.63,75.35,14.02
2018,30170,서구,Seo-gu,484663,66041,364397,54225,11.19,75.19,13.63
2019,30170,서구,Seo-gu,481222,63943,360078,57201,11.89,74.83,13.29
2020,30170,서구,Seo-gu,477880,61771,355082,61027,12.77,74.3,12.93
2021,30170,서구,Seo-gu,473365,59597,349420,64348,13.59,73.82,12.59
2022,30170,서구,Seo-gu,470374,57295,345155,67924,14.44,73.38,12.18
2023,30170,서구,Seo-gu,464634,54144,338956,71534,15.4,72.95,11.65
2024,30170,서구,Seo-gu,457951,51238,331099,75614,16.51,72.3,11.19
2008,30200,유성구,Yuseong-gu,259831,59380,184576,15875,6.11,71.04,22.85
2009,30200,유성구,Yuseong-gu,266585,58826,191189,16570,6.22,71.72,22.07
2010,30200,유성구,Yuseong-gu,281692,59597,204400,17695,6.28,72.56,21.16
2011,30200,유성구,Yuseong-gu,294353,60475,215184,18694,6.35,73.1,20.55
2012,30200,유성구,Yuseong-gu,306312,60887,225524,19901,6.5,73.63,19.88
2013,30200,유성구,Yuseong-gu,313968,60712,232136,21120,6.73,73.94,19.34
2014,30200,유성구,Yuseong-gu,327461,61648,243195,22618,6.91,74.27,18.83
2015,30200,유성구,Yuseong-gu,335312,60612,250546,24154,7.2,74.72,18.08
2016,30200,유성구,Yuseong-gu,343222,60146,257602,25474,7.42,75.05,17.52
2017,30200,유성구,Yuseong-gu,348428,59319,261689,27420,7.87,75.11,17.02
2018,30200,유성구,Yuseong-gu,349790,57635,262936,29219,8.35,75.17,16.48
2019,30200,유성구,Yuseong-gu,349373,55493,262698,31182,8.93,75.19,15.88
2020,30200,유성구,Yuseong-gu,351047,54025,263368,33654,9.59,75.02,15.39
2021,30200,유성구,Yuseong-gu,351277,52329,262887,36061,10.27,74.84,14.9
2022,30200,유성구,Yuseong-gu,356093,51413,265834,38846,10.91,74.65,14.44
2023,30200,유성구,Yuseong-gu,366845,52035,272913,41897,11.42,74.39,14.18
2024,30200,유성구,Yuseong-gu,369468,50445,273452,45571,12.33,74.01,13.65
2008,30230,대덕구,Daedeok-gu,211241,40555,154519,16167,7.65,73.15,19.2
2009,30230,대덕구,Daedeok-gu,208147,37869,153453,16825,8.08,73.72,18.19
2010,30230,대덕구,Daedeok-gu,207549,35626,154438,17485,8.42,74.41,17.17
2011,30230,대덕구,Daedeok-gu,205339,33434,153723,18182,8.85,74.86,16.28
2012,30230,대덕구,Daedeok-gu,205688,32096,154386,19206,9.34,75.06,15.6
2013,30230,대덕구,Daedeok-gu,204360,30456,153699,20205,9.89,75.21,14.9
2014,30230,대덕구,Daedeok-gu,201558,28679,151790,21089,10.46,75.31,14.23
2015,30230,대덕구,Daedeok-gu,196839,26388,148552,21899,11.13,75.47,13.41
2016,30230,대덕구,Daedeok-gu,192688,24674,145231,22783,11.82,75.37,12.81
2017,30230,대덕구,Daedeok-gu,186902,22942,140128,23832,12.75,74.97,12.27
2018,30230,대덕구,Daedeok-gu,181991,21188,136006,24797,13.63,74.73,11.64
2019,30230,대덕구,Daedeok-gu,177031,19591,131401,26039,14.71,74.22,11.07
2020,30230,대덕구,Daedeok-gu,176384,18850,129665,27869,15.8,73.51,10.69
2021,30230,대덕구,Daedeok-gu,175046,17872,127680,29494,16.85,72.94,10.21
2022,30230,대덕구,Daedeok-gu,172746,16923,124539,31284,18.11,72.09,9.8
2023,30230,대덕구,Daedeok-gu,169853,15726,121074,33053,19.46,71.28,9.26
2024,30230,대덕구,Daedeok-gu,168217,14772,118290,35155,20.9,70.32,8.78
2008,31110,중구,Jung-gu,233898,40229,177342,16327,6.98,75.82,17.2
2009,31110,중구,Jung-gu,230212,37308,175841,17063,7.41,76.38,16.21
2010,31110,중구,Jung-gu,232915,35673,179264,17978,7.72,76.97,15.32
2011,31110,중구,Jung-gu,232634,34015,179775,18844,8.1,77.28,14.62
2012,31110,중구,Jung-gu,233013,32785,180090,20138,8.64,77.29,14.07
2013,31110,중구,Jung-gu,234607,32007,181070,21530,9.18,77.18,13.64
2014,31110,중구,Jung-gu,238825,32337,183352,23136,9.69,76.77,13.54
2015,31110,중구,Jung-gu,244481,32880,186980,24621,10.07,76.48,13.45
2016,31110,중구,Jung-gu,242536,32069,184385,26082,10.75,76.02,13.22
2017,31110,중구,Jung-gu,238652,31274,179525,27853,11.67,75.22,13.1
2018,31110,중구,Jung-gu,231973,29787,172781,29405,12.68,74.48,12.84
2019,31110,중구,Jung-gu,223581,27772,164786,31023,13.88,73.7,12.42
2020,31110,중구,Jung-gu,217595,26476,157888,33231,15.27,72.56,12.17
2021,31110,중구,Jung-gu,212883,25240,152581,35062,16.47,71.67,11.86
2022,31110,중구,Jung-gu,208132,23750,147259,37123,17.84,70.75,11.41
2023,31110,중구,Jung-gu,208668,23447,145751,39470,18.92,69.85,11.24
2024,31110,중구,Jung-gu,207000,22393,142603,42004,20.29,68.89,10.82
2008,31140,남구,Nam-gu,343922,64010,261673,18239,5.3,76.08,18.61
2009,31140,남구,Nam-gu,343740,60871,263605,19264,5.6,76.69,17.71
2010,31140,남구,Nam-gu,344131,57435,266439,20257,5.89,77.42,16.69
2011,31140,남구,Nam-gu,343504,54872,267343,21289,6.2,77.83,15.97
2012,31140,남구,Nam-gu,346836,53112,270762,22962,6.62,78.07,15.31
2013,31140,남구,Nam-gu,349064,51262,272954,24848,7.12,78.2,14.69
2014,31140,남구,Nam-gu,347759,48957,272387,26415,7.6,78.33,14.08
2015,31140,남구,Nam-gu,343598,46349,269293,27956,8.14,78.37,13.49
2016,31140,남구,Nam-gu,340714,44721,266593,29400,8.63,78.25,13.13
2017,31140,남구,Nam-gu,335439,42848,260962,31629,9.43,77.8,12.77
2018,31140,남구,Nam-gu,330732,41088,255840,33804,10.22,77.36,12.42
2019,31140,남구,Nam-gu,323819,39141,248360,36318,11.22,76.7,12.09
2020,31140,남구,Nam-gu,320064,38211,242680,39173,12.24,75.82,11.94
2021,31140,남구,Nam-gu,313819,36815,235574,41430,13.2,75.07,11.73
2022,31140,남구,Nam-gu,310638,35472,230847,44319,14.27,74.31,11.42
2023,31140,남구,Nam-gu,307232,33907,225978,47347,15.41,73.55,11.04
2024,31140,남구,Nam-gu,304885,32578,221473,50834,16.67,72.64,10.69
2008,31170,동구,Dong-gu,176431,30864,137191,8376,4.75,77.76,17.49
2009,31170,동구,Dong-gu,173841,29527,135516,8798,5.06,77.95,16.99
2010,31170,동구,Dong-gu,170764,28098,133363,9303,5.45,78.1,16.45
2011,31170,동구,Dong-gu,172172,27883,134367,9922,5.76,78.04,16.19
2012,31170,동구,Dong-gu,175479,28173,136520,10786,6.15,77.8,16.05
2013,31170,동구,Dong-gu,178468,28517,138232,11719,6.57,77.45,15.98
2014,31170,동구,Dong-gu,176668,27888,136284,12496,7.07,77.14,15.79
2015,31170,동구,Dong-gu,174963,27180,134401,13382,7.65,76.82,15.53
2016,31170,동구,Dong-gu,174514,27392,132752,14370,8.23,76.07,15.7
2017,31170,동구,Dong-gu,169605,26567,127366,15672,9.24,75.1,15.66
2018,31170,동구,Dong-gu,164642,25432,122427,16783,10.19,74.36,15.45
2019,31170,동구,Dong-gu,159656,24071,117396,18189,11.39,73.53,15.08
2020,31170,동구,Dong-gu,156806,23132,113719,19955,12.73,72.52,14.75
2021,31170,동구,Dong-gu,154096,22158,110521,21417,13.9,71.72,14.38
2022,31170,동구,Dong-gu,151711,20862,107726,23123,15.24,71.01,13.75
2023,31170,동구,Dong-gu,152287,20102,106894,25291,16.61,70.19,13.2
2024,31170,동구,Dong-gu,150836,18864,104563,27409,18.17,69.32,12.51
2008,31200,북구,Buk-gu,166469,39253,118723,8493,5.1,71.32,23.58
2009,31200,북구,Buk-gu,171674,38634,124134,8906,5.19,72.31,22.5
2010,31200,북구,Buk-gu,177488,38047,130120,9321,5.25,73.31,21.44
2011,31200,북구,Buk-gu,182504,37605,135098,9801,5.37,74.02,20.61
2012,31200,북구,Buk-gu,184088,36464,137306,10318,5.6,74.59,19.81
2013,31200,북구,Buk-gu,185695,35368,139448,10879,5.86,75.1,19.05
2014,31200,북구,Buk-gu,188733,34903,142313,11517,6.1,75.4,18.49
2015,31200,북구,Buk-gu,191063,34353,144492,12218,6.39,75.63,17.98
2016,31200,북구,Buk-gu,195285,34681,147619,12985,6.65,75.59,17.76
2017,31200,북구,Buk-gu,200718,35638,151027,14053,7.0,75.24,17.76
2018,31200,북구,Buk-gu,206434,36346,155104,14984,7.26,75.13,17.61
2019,31200,북구,Buk-gu,217796,38394,162953,16449,7.55,74.82,17.63
2020,31200,북구,Buk-gu,219014,37964,163025,18025,8.23,74.44,17.33
2021,31200,북구,Buk-gu,218735,37131,161876,19728,9.02,74.01,16.98
2022,31200,북구,Buk-gu,218670,35733,161447,21490,9.83,73.83,16.34
2023,31200,북구,Buk-gu,216477,33579,159551,23347,10.78,73.7,15.51
2024,31200,북구,Buk-gu,216522,32399,158662,25461,11.76,73.28,14.96
2008,31710,울주군,Ulju-gun,191687,38572,134555,18560,9.68,70.2,20.12
2009,31710,울주군,Ulju-gun,195399,37811,138318,19270,9.86,70.79,19.35
2010,31710,울주군,Ulju-gun,201000,37081,143978,19941,9.92,71.63,18.45
2011,31710,울주군,Ulju-gun,204680,36361,147710,20609,10.07,72.17,17.76
2012,31710,울주군,Ulju-gun,207840,35732,150576,21532,10.36,72.45,17.19
2013,31710,울주군,Ulju-gun,208646,34677,151424,22545,10.81,72.57,16.62
2014,31710,울주군,Ulju-gun,214392,34360,156346,23686,11.05,72.93,16.03
2015,31710,울주군,Ulju-gun,219429,33794,160607,25028,11.41,73.19,15.4
2016,31710,울주군,Ulju-gun,219255,32413,160911,25931,11.83,73.39,14.78
2017,31710,울주군,Ulju-gun,220718,31705,161587,27426,12.43,73.21,14.36
2018,31710,울주군,Ulju-gun,221842,30803,162096,28943,13.05,73.07,13.89
2019,31710,울주군,Ulju-gun,223167,29932,162649,30586,13.71,72.88,13.41
2020,31710,울주군,Ulju-gun,222538,28700,160855,32983,14.82,72.28,12.9
2021,31710,울주군,Ulju-gun,222059,27359,159376,35324,15.91,71.77,12.32
2022,31710,울주군,Ulju-gun,221512,25843,157912,37757,17.05,71.29,11.67
2023,31710,울주군,Ulju-gun,218997,24223,154520,40254,18.38,70.56,11.06
2024,31710,울주군,Ulju-gun,218806,23040,152772,42994,19.65,69.82,10.53
2012,36110,세종특별자치시,sejong-si,113117,18503,77400,17214,15.22,68.42,16.36
2013,36110,세종특별자치시,sejong-si,122153,20162,84033,17958,14.7,68.79,16.51
2014,36110,세종특별자치시,sejong-si,156125,28454,107894,19777,12.67,69.11,18.23
2015,36110,세종특별자치시,sejong-si,210884,42411,146074,22399,10.62,69.27,20.11
2016,36110,세종특별자치시,sejong-si,243048,49587,169264,24197,9.96,69.64,20.4
2017,36110,세종특별자치시,sejong-si,280100,57865,195384,26851,9.59,69.76,20.66
2018,36110,세종특별자치시,sejong-si,314126,64822,220126,29178,9.29,70.08,20.64
2019,36110,세종특별자치시,sejong-si,340575,69570,239056,31949,9.38,70.19,20.43
2020,36110,세종특별자치시,sejong-si,355831,71602,249348,34881,9.8,70.07,20.12
2021,36110,세종특별자치시,sejong-si,371895,73055,261377,37463,10.07,70.28,19.64
2022,36110,세종특별자치시,sejong-si,383591,73508,269864,40219,10.48,70.35,19.16
2023,36110,세종특별자치시,sejong-si,386525,71439,272526,42560,11.01,70.51,18.48
2024,36110,세종특별자치시,sejong-si,390685,69865,275519,45301,11.6,70.52,17.88
2020,41105,북부출장소,Bukbu branch office,0,0,0,0,,,
2022,41105,북부출장소,Bukbu branch office,0,0,0,0,,,
2023,41105,북부출장소,Bukbu branch office,0,0,0,0,,,
2024,41105,북부출장소,Bukbu branch office,0,0,0,0,,,
2008,41110,수원시,Suwon-si,1067425,207429,790991,69005,6.46,74.1,19.43
2009,41110,수원시,Suwon-si,1073149,200099,801316,71734,6.68,74.67,18.65
2010,41110,수원시,Suwon-si,1077535,190907,811775,74853,6.95,75.34,17.72
2011,41110,수원시,Suwon-si,1088489,185842,824060,78587,7.22,75.71,17.07
2012,41110,수원시,Suwon-si,1120258,186526,849521,84211,7.52,75.83,16.65
2013,41110,수원시,Suwon-si,1148157,186513,872417,89227,7.77,75.98,16.24
2014,41110,수원시,Suwon-si,1174228,186009,893747,94472,8.05,76.11,15.84
2015,41110,수원시,Suwon-si,1184624,180842,904032,99750,8.42,76.31,15.27
2016,41110,수원시,Suwon-si,1194041,176737,913312,103992,8.71,76.49,14.8
2017,41110,수원시,Suwon-si,1202628,173571,917390,111667,9.29,76.28,14.43
2018,41110,수원시,Suwon-si,1201166,167701,916209,117256,9.76,76.28,13.96
2019,41110,수원시,Suwon-si,1194465,161288,909530,123647,10.35,76.15,13.5
2020,41110,수원시,Suwon-si,1186078,154487,899655,131936,11.12,75.85,13.03
2021,41110,수원시,Suwon-si,1183714,148234,896405,139075,11.75,75.73,12.52
2022,41110,수원시,Suwon-si,1190964,143724,900118,147122,12.35,75.58,12.07
2023,41110,수원시,Suwon-si,1197257,138621,901300,157336,13.14,75.28,11.58
2024,41110,수원시,Suwon-si,1193005,132572,892111,168322,14.11,74.78,11.11
2008,41111,장안구,Jangan-gu,285803,56099,208602,21102,7.38,72.99,19.63
2009,41111,장안구,Jangan-gu,290798,54125,214601,22072,7.59,73.8,18.61
2010,41111,장안구,Jangan-gu,293692,51779,218669,23244,7.91,74.46,17.63
2011,41111,장안구,Jangan-gu,290999,48909,218098,23992,8.24,74.95,16.81
2012,41111,장안구,Jangan-gu,291757,47140,219355,25262,8.66,75.18,16.16
2013,41111,장안구,Jangan-gu,300908,47315,226824,26769,8.9,75.38,15.72
2014,41111,장안구,Jangan-gu,301196,45940,227429,27827,9.24,75.51,15.25
2015,41111,장안구,Jangan-gu,299016,43573,226327,29116,9.74,75.69,14.57
2016,41111,장안구,Jangan-gu,296479,41404,224959,30116,10.16,75.88,13.97
2017,41111,장안구,Jangan-gu,293828,39475,222332,32021,10.9,75.67,13.43
2018,41111,장안구,Jangan-gu,286433,36487,216769,33177,11.58,75.68,12.74
2019,41111,장안구,Jangan-gu,278377,33714,210084,34579,12.42,75.47,12.11
2020,41111,장안구,Jangan-gu,273661,31713,205291,36657,13.4,75.02,11.59
2021,41111,장안구,Jangan-gu,273835,30714,204747,38374,14.01,74.77,11.22
2022,41111,장안구,Jangan-gu,270524,28652,201794,40078,14.81,74.59,10.59
2023,41111,장안구,Jangan-gu,270849,27338,200797,42714,15.77,74.14,10.09
2024,41111,장안구,Jangan-gu,274661,26988,202011,45662,16.62,73.55,9.83
2008,41113,권선구,Gwonseon-gu,308177,58726,230029,19422,6.3,74.64,19.06
2009,41113,권선구,Gwonseon-gu,304097,55317,228866,19914,6.55,75.26,18.19
2010,41113,권선구,Gwonseon-gu,306783,52460,233409,20914,6.82,76.08,17.1
2011,41113,권선구,Gwonseon-gu,321176,53035,245487,22654,7.05,76.43,16.51
2012,41113,권선구,Gwonseon-gu,332633,53421,254743,24469,7.36,76.58,16.06
2013,41113,권선구,Gwonseon-gu,331773,51606,254483,25684,7.74,76.7,15.55
2014,41113,권선구,Gwonseon-gu,339835,51685,260958,27192,8.0,76.79,15.21
2015,41113,권선구,Gwonseon-gu,351053,52317,269440,29296,8.35,76.75,14.9
2016,41113,권선구,Gwonseon-gu,358393,52439,275030,30924,8.63,76.74,14.63
2017,41113,권선구,Gwonseon-gu,365653,52779,279169,33705,9.22,76.35,14.43
2018,41113,권선구,Gwonseon-gu,377647,53483,287594,36570,9.68,76.15,14.16
2019,41113,권선구,Gwonseon-gu,371754,50837,282148,38769,10.43,75.9,13.67
2020,41113,권선구,Gwonseon-gu,368645,48993,278245,41407,11.23,75.48,13.29
2021,41113,권선구,Gwonseon-gu,364136,46283,274099,43754,12.02,75.27,12.71
2022,41113,권선구,Gwonseon-gu,367446,44826,275893,46727,12.72,75.08,12.2
2023,41113,권선구,Gwonseon-gu,366167,42087,273889,50191,13.71,74.8,11.49
2024,41113,권선구,Gwonseon-gu,362642,39234,269186,54222,14.95,74.23,10.82
2008,41115,팔달구,Paldal-gu,213235,33447,162311,17477,8.2,76.12,15.69
2009,41115,팔달구,Paldal-gu,219833,33858,167420,18555,8.44,76.16,15.4
2010,41115,팔달구,Paldal-gu,216503,31644,165720,19139,8.84,76.54,14.62
2011,41115,팔달구,Paldal-gu,209772,29589,160669,19514,9.3,76.59,14.11
2012,41115,팔달구,Paldal-gu,206794,28166,158071,20557,9.94,76.44,13.62
2013,41115,팔달구,Paldal-gu,204805,26590,156789,21426,10.46,76.56,12.98
2014,41115,팔달구,Paldal-gu,203479,25483,155477,22519,11.07,76.41,12.52
2015,41115,팔달구,Paldal-gu,199180,23689,152276,23215,11.66,76.45,11.89
2016,41115,팔달구,Paldal-gu,198515,22568,152137,23810,11.99,76.64,11.37
2017,41115,팔달구,Paldal-gu,193311,20876,147515,24920,12.89,76.31,10.8
2018,41115,팔달구,Paldal-gu,180974,18459,137924,24591,13.59,76.21,10.2
2019,41115,팔달구,Paldal-gu,175866,16739,133773,25354,14.42,76.07,9.52
2020,41115,팔달구,Paldal-gu,174930,15638,132455,26837,15.34,75.72,8.94
2021,41115,팔달구,Paldal-gu,182321,16334,137677,28310,15.53,75.51,8.96
2022,41115,팔달구,Paldal-gu,192610,17927,144549,30134,15.65,75.05,9.31
2023,41115,팔달구,Paldal-gu,197213,18164,147017,32032,16.24,74.55,9.21
2024,41115,팔달구,Paldal-gu,194397,17243,143590,33564,17.27,73.86,8.87
2008,41117,영통구,Yeongtong-gu,260210,59157,190049,11004,4.23,73.04,22.73
2009,41117,영통구,Yeongtong-gu,258421,56799,190429,11193,4.33,73.69,21.98
2010,41117,영통구,Yeongtong-gu,260557,55024,193977,11556,4.44,74.45,21.12
2011,41117,영통구,Yeongtong-gu,266542,54309,199806,12427,4.66,74.96,20.38
2012,41117,영통구,Yeongtong-gu,289074,57799,217352,13923,4.82,75.19,19.99
2013,41117,영통구,Yeongtong-gu,310671,61002,234321,15348,4.94,75.42,19.64
2014,41117,영통구,Yeongtong-gu,329718,62901,249883,16934,5.14,75.79,19.08
2015,41117,영통구,Yeongtong-gu,335375,61263,255989,18123,5.4,76.33,18.27
2016,41117,영통구,Yeongtong-gu,340654,60326,261186,19142,5.62,76.67,17.71
2017,41117,영통구,Yeongtong-gu,349836,60441,268374,21021,6.01,76.71,17.28
2018,41117,영통구,Yeongtong-gu,356112,59272,273922,22918,6.44,76.92,16.64
2019,41117,영통구,Yeongtong-gu,368468,59998,283525,24945,6.77,76.95,16.28
2020,41117,영통구,Yeongtong-gu,368842,58143,283664,27035,7.33,76.91,15.76
2021,41117,영통구,Yeongtong-gu,363422,54903,279882,28637,7.88,77.01,15.11
2022,41117,영통구,Yeongtong-gu,360384,52319,277882,30183,8.38,77.11,14.52
2023,41117,영통구,Yeongtong-gu,363028,51032,279597,32399,8.92,77.02,14.06
2024,41117,영통구,Yeongtong-gu,361305,49107,277324,34874,9.65,76.76,13.59
2008,41130,성남시,Seongnam-si,942447,158122,710139,74186,7.87,75.35,16.78
2009,41130,성남시,Seongnam-si,962726,156361,727373,78992,8.21,75.55,16.24
2010,41130,성남시,Seongnam-si,980190,153475,742672,84043,8.57,75.77,15.66
2011,41130,성남시,Seongnam-si,979323,148992,742803,87528,8.94,75.85,15.21
2012,41130,성남시,Seongnam-si,978615,144175,741776,92664,9.47,75.8,14.73
2013,41130,성남시,Seongnam-si,979534,140114,741812,97608,9.96,75.73,14.3
2014,41130,성남시,Seongnam-si,974608,135021,737644,101943,10.46,75.69,13.85
2015,41130,성남시,Seongnam-si,971424,129422,735616,106386,10.95,75.73,13.32
2016,41130,성남시,Seongnam-si,974580,127311,737525,109744,11.26,75.68,13.06
2017,41130,성남시,Seongnam-si,967510,124415,727569,115526,11.94,75.2,12.86
2018,41130,성남시,Seongnam-si,954347,118682,715565,120100,12.58,74.98,12.44
2019,41130,성남시,Seongnam-si,942724,113832,703085,125807,13.35,74.58,12.07
2020,41130,성남시,Seongnam-si,940064,111277,695566,133221,14.17,73.99,11.84
2021,41130,성남시,Seongnam-si,930948,108099,684758,138091,14.83,73.55,11.61
2022,41130,성남시,Seongnam-si,922518,104521,673197,144800,15.7,72.97,11.33
2023,41130,성남시,Seongnam-si,919747,101482,665410,152855,16.62,72.35,11.03
2024,41130,성남시,Seongnam-si,913009,98030,653680,161299,17.67,71.6,10.74
2008,41131,수정구,Sujeong-gu,248452,38137,190084,20231,8.14,76.51,15.35
2009,41131,수정구,Sujeong-gu,242161,35295,185868,20998,8.67,76.75,14.58
2010,41131,수정구,Sujeong-gu,241070,33056,185703,22311,9.25,77.03,13.71
2011,41131,수정구,Sujeong-gu,236123,30942,182033,23148,9.8,77.09,13.1
2012,41131,수정구,Sujeong-gu,233997,29347,179982,24668,10.54,76.92,12.54
2013,41131,수정구,Sujeong-gu,228167,27168,175008,25991,11.39,76.7,11.91
2014,41131,수정구,Sujeong-gu,223539,25492,170985,27062,12.11,76.49,11.4
2015,41131,수정구,Sujeong-gu,219531,23847,167530,28154,12.82,76.31,10.86
2016,41131,수정구,Sujeong-gu,232841,25394,177369,30078,12.92,76.18,10.91
2017,41131,수정구,Sujeong-gu,236932,25917,178890,32125,13.56,75.5,10.94
2018,41131,수정구,Sujeong-gu,234133,24788,175854,33491,14.3,75.11,10.59
2019,41131,수정구,Sujeong-gu,234678,24098,174911,35669,15.2,74.53,10.27
2020,41131,수정구,Sujeong-gu,241701,24114,179147,38440,15.9,74.12,9.98
2021,41131,수정구,Sujeong-gu,235988,23051,173810,39127,16.58,73.65,9.77
2022,41131,수정구,Sujeong-gu,230460,21693,168000,40767,17.69,72.9,9.41
2023,41131,수정구,Sujeong-gu,235942,22310,170130,43502,18.44,72.11,9.46
2024,41131,수정구,Sujeong-gu,234877,21459,167334,46084,19.62,71.24,9.14
2008,41133,중원구,Jungwon-gu,265137,41321,203503,20313,7.66,76.75,15.58
2009,41133,중원구,Jungwon-gu,259877,38728,200028,21121,8.13,76.97,14.9
2010,41133,중원구,Jungwon-gu,258093,36383,199296,22414,8.68,77.22,14.1
2011,41133,중원구,Jungwon-gu,254872,34546,197093,23233,9.12,77.33,13.55
2012,41133,중원구,Jungwon-gu,253883,33311,195883,24689,9.72,77.15,13.12
2013,41133,중원구,Jungwon-gu,256349,32841,197259,26249,10.24,76.95,12.81
2014,41133,중원구,Jungwon-gu,251982,30844,193626,27512,10.92,76.84,12.24
2015,41133,중원구,Jungwon-gu,250004,29499,191708,28797,11.52,76.68,11.8
2016,41133,중원구,Jungwon-gu,237909,27384,181722,28803,12.11,76.38,11.51
2017,41133,중원구,Jungwon-gu,230366,25702,174694,29970,13.01,75.83,11.16
2018,41133,중원구,Jungwon-gu,224885,23626,170220,31039,13.8,75.69,10.51
2019,41133,중원구,Jungwon-gu,220041,22046,165474,32521,14.78,75.2,10.02
2020,41133,중원구,Jungwon-gu,216131,20976,160772,34383,15.91,74.39,9.71
2021,41133,중원구,Jungwon-gu,210777,19688,155840,35249,16.72,73.94,9.34
2022,41133,중원구,Jungwon-gu,210505,19640,153982,36883,17.52,73.15,9.33
2023,41133,중원구,Jungwon-gu,210848,19117,152569,39162,18.57,72.36,9.07
2024,41133,중원구,Jungwon-gu,206978,17974,147644,41360,19.98,71.33,8.68
2008,41135,분당구,Bundang-gu,428858,78664,316552,33642,7.84,73.81,18.34
2009,41135,분당구,Bundang-gu,460688,82338,341477,36873,8.0,74.12,17.87
2010,41135,분당구,Bundang-gu,481027,84036,357673,39318,8.17,74.36,17.47
2011,41135,분당구,Bundang-gu,488328,83504,363677,41147,8.43,74.47,17.1
2012,41135,분당구,Bundang-gu,490735,81517,365911,43307,8.82,74.56,16.61
2013,41135,분당구,Bundang-gu,495018,80105,369545,45368,9.16,74.65,16.18
2014,41135,분당구,Bundang-gu,499087,78685,373033,47369,9.49,74.74,15.77
2015,41135,분당구,Bundang-gu,501889,76076,376378,49435,9.85,74.99,15.16
2016,41135,분당구,Bundang-gu,503830,74533,378434,50863,10.1,75.11,14.79
2017,41135,분당구,Bundang-gu,500212,72796,373985,53431,10.68,74.77,14.55
2018,41135,분당구,Bundang-gu,495329,70268,369491,55570,11.22,74.6,14.19
2019,41135,분당구,Bundang-gu,488005,67688,362700,57617,11.81,74.32,13.87
2020,41135,분당구,Bundang-gu,482232,66187,355647,60398,12.52,73.75,13.73
2021,41135,분당구,Bundang-gu,484183,65360,355108,63715,13.16,73.34,13.5
2022,41135,분당구,Bundang-gu,481553,63188,351215,67150,13.94,72.93,13.12
2023,41135,분당구,Bundang-gu,472957,60055,342711,70191,14.84,72.46,12.7
2024,41135,분당구,Bundang-gu,471154,58597,338702,73855,15.68,71.89,12.44
2008,41150,의정부시,Uijeongbu-si,430849,80321,312602,37926,8.8,72.55,18.64
2009,41150,의정부시,Uijeongbu-si,431008,76681,314537,39790,9.23,72.98,17.79
2010,41150,의정부시,Uijeongbu-si,431801,72362,317479,41960,9.72,73.52,16.76
2011,41150,의정부시,Uijeongbu-si,430400,69068,317443,43889,10.2,73.76,16.05
2012,41150,의정부시,Uijeongbu-si,429147,66174,316751,46222,10.77,73.81,15.42
2013,41150,의정부시,Uijeongbu-si,430976,64090,318185,48701,11.3,73.83,14.87
2014,41150,의정부시,Uijeongbu-si,431112,61280,318941,50891,11.8,73.98,14.21
2015,41150,의정부시,Uijeongbu-si,433937,58926,321729,53282,12.28,74.14,13.58
2016,41150,의정부시,Uijeongbu-si,438457,57625,325436,55396,12.63,74.22,13.14
2017,41150,의정부시,Uijeongbu-si,441584,56765,326310,58509,13.25,73.9,12.85
2018,41150,의정부시,Uijeongbu-si,447026,56000,329613,61413,13.74,73.73,12.53
2019,41150,의정부시,Uijeongbu-si,451868,55022,331574,65272,14.44,73.38,12.18
2020,41150,의정부시,Uijeongbu-si,461710,54554,336787,70369,15.24,72.94,11.82
2021,41150,의정부시,Uijeongbu-si,463661,53285,336851,73525,15.86,72.65,11.49
2022,41150,의정부시,Uijeongbu-si,463724,51534,334635,77555,16.72,72.16,11.11
2023,41150,의정부시,Uijeongbu-si,464213,50163,331946,82104,17.69,71.51,10.81
2024,41150,의정부시,Uijeongbu-si,461271,48166,326033,87072,18.88,70.68,10.44
2008,41170,안양시,Anyang-si,620279,110732,464744,44803,7.22,74.92,17.85
2009,41170,안양시,Anyang-si,616547,104799,465173,46575,7.55,75.45,17.0
2010,41170,안양시,Anyang-si,621714,100422,472393,48899,7.87,75.98,16.15
2011,41170,안양시,Anyang-si,615642,95848,469304,50490,8.2,76.23,15.57
2012,41170,안양시,Anyang-si,611412,91689,466950,52773,8.63,76.37,15.0
2013,41170,안양시,Anyang-si,607877,87760,464937,55180,9.08,76.49,14.44
2014,41170,안양시,Anyang-si,600809,83411,460103,57295,9.54,76.58,13.88
2015,41170,안양시,Anyang-si,597789,79882,458098,59809,10.01,76.63,13.36
2016,41170,안양시,Anyang-si,597414,77791,457948,61675,10.32,76.66,13.02
2017,41170,안양시,Anyang-si,587764,74630,448479,64655,11.0,76.3,12.7
2018,41170,안양시,Anyang-si,576831,70813,438338,67680,11.73,75.99,12.28
2019,41170,안양시,Anyang-si,567044,67734,427667,71643,12.63,75.42,11.95
2020,41170,안양시,Anyang-si,550027,63963,410483,75581,13.74,74.63,11.63
2021,41170,안양시,Anyang-si,547178,62263,405633,79282,14.49,74.13,11.38
2022,41170,안양시,Anyang-si,548228,61002,402836,84390,15.39,73.48,11.13
2023,41170,안양시,Anyang-si,544660,58811,395823,90026,16.53,72.67,10.8
2024,41170,안양시,Anyang-si,556492,59351,399693,97448,17.51,71.82,10.67
2008,41171,만안구,Manan-gu,262820,42040,199357,21423,8.15,75.85,16.0
2009,41171,만안구,Manan-gu,262258,39526,200195,22537,8.59,76.34,15.07
2010,41171,만안구,Manan-gu,266261,37998,204341,23922,8.98,76.74,14.27
2011,41171,만안구,Manan-gu,263077,36017,202215,24845,9.44,76.87,13.69
2012,41171,만안구,Manan-gu,253492,33549,194491,25452,10.04,76.72,13.23
2013,41171,만안구,Manan-gu,250246,31865,191817,26564,10.62,76.65,12.73
2014,41171,만안구,Manan-gu,247315,30389,189281,27645,11.18,76.53,12.29
2015,41171,만안구,Manan-gu,247270,29185,189172,28913,11.69,76.5,11.8
2016,41171,만안구,Manan-gu,252353,29234,192815,30304,12.01,76.41,11.58
2017,41171,만안구,Manan-gu,254977,28565,193903,32509,12.75,76.05,11.2
2018,41171,만안구,Manan-gu,251512,27088,190209,34215,13.6,75.63,10.77
2019,41171,만안구,Manan-gu,244235,25458,182760,36017,14.75,74.83,10.42
2020,41171,만안구,Manan-gu,239413,24119,177114,38180,15.95,73.98,10.07
2021,41171,만안구,Manan-gu,238311,23122,175229,39960,16.77,73.53,9.7
2022,41171,만안구,Manan-gu,234394,22110,170388,41896,17.87,72.69,9.43
2023,41171,만안구,Manan-gu,230664,20965,165383,44316,19.21,71.7,9.09
2024,41171,만안구,Manan-gu,229971,19965,162523,47483,20.65,70.67,8.68
2008,41173,동안구,Dongan-gu,357459,68692,265387,23380,6.54,74.24,19.22
2009,41173,동안구,Dongan-gu,354289,65273,264978,24038,6.78,74.79,18.42
2010,41173,동안구,Dongan-gu,355453,62424,268052,24977,7.03,75.41,17.56
2011,41173,동안구,Dongan-gu,352565,59831,267089,25645,7.27,75.76,16.97
2012,41173,동안구,Dongan-gu,357920,58140,272459,27321,7.63,76.12,16.24
2013,41173,동안구,Dongan-gu,357631,55895,273120,28616,8.0,76.37,15.63
2014,41173,동안구,Dongan-gu,353494,53022,270822,29650,8.39,76.61,15.0
2015,41173,동안구,Dongan-gu,350519,50697,268926,30896,8.81,76.72,14.46
2016,41173,동안구,Dongan-gu,345061,48557,265133,31371,9.09,76.84,14.07
2017,41173,동안구,Dongan-gu,332787,46065,254576,32146,9.66,76.5,13.84
2018,41173,동안구,Dongan-gu,325319,43725,248129,33465,10.29,76.27,13.44
2019,41173,동안구,Dongan-gu,322809,42276,244907,35626,11.04,75.87,13.1
2020,41173,동안구,Dongan-gu,310614,39844,233369,37401,12.04,75.13,12.83
2021,41173,동안구,Dongan-gu,308867,39141,230404,39322,12.73,74.6,12.67
2022,41173,동안구,Dongan-gu,313834,38892,232448,42494,13.54,74.07,12.39
2023,41173,동안구,Dongan-gu,313996,37846,230440,45710,14.56,73.39,12.05
2024,41173,동안구,Dongan-gu,326521,39386,237170,49965,15.3,72.64,12.06
2008,41190,부천시,Bucheon-si,867678,151727,657601,58350,6.72,75.79,17.49
2009,41190,부천시,Bucheon-si,869944,145075,663965,60904,7.0,76.32,16.68
2010,41190,부천시,Bucheon-si,875204,138388,673020,63796,7.29,76.9,15.81
2011,41190,부천시,Bucheon-si,872452,132257,673546,66649,7.64,77.2,15.16
2012,41190,부천시,Bucheon-si,869944,126578,672446,70920,8.15,77.3,14.55
2013,41190,부천시,Bucheon-si,863720,120566,668421,74733,8.65,77.39,13.96
2014,41190,부천시,Bucheon-si,855586,114842,662289,78455,9.17,77.41,13.42
2015,41190,부천시,Bucheon-si,848987,109413,657164,82410,9.71,77.41,12.89
2016,41190,부천시,Bucheon-si,851380,106875,658287,86218,10.13,77.32,12.55
2017,41190,부천시,Bucheon-si,850329,104697,653095,92537,10.88,76.8,12.31
2018,41190,부천시,Bucheon-si,843768,101174,644924,97670,11.58,76.43,11.99
2019,41190,부천시,Bucheon-si,829996,95810,630097,104089,12.54,75.92,11.54
2020,41190,부천시,Bucheon-si,818383,90740,615691,111952,13.68,75.23,11.09
2021,41190,부천시,Bucheon-si,806067,86048,601351,118668,14.72,74.6,10.68
2022,41190,부천시,Bucheon-si,790128,80949,583427,125752,15.92,73.84,10.25
2023,41190,부천시,Bucheon-si,779968,76673,568964,134331,17.22,72.95,9.83
2024,41190,부천시,Bucheon-si,769918,72525,553116,144277,18.74,71.84,9.42
2024,41192,원미구,Wonmi-gu,389983,37015,284399,68569,17.58,72.93,9.49
2024,41194,소사구,Sosa-gu,227911,24207,158619,45085,19.78,69.6,10.62
2008,41195,원미구,Wonmi-gu,441795,76572,338202,27021,6.12,76.55,17.33
2009,41195,원미구,Wonmi-gu,447136,74264,344442,28430,6.36,77.03,16.61
2010,41195,원미구,Wonmi-gu,448602,71018,347960,29624,6.6,77.57,15.83
2011,41195,원미구,Wonmi-gu,446247,67969,347438,30840,6.91,77.86,15.23
2012,41195,원미구,Wonmi-gu,446604,65385,348256,32963,7.38,77.98,14.64
2013,41195,원미구,Wonmi-gu,444207,62757,346568,34882,7.85,78.02,14.13
2014,41195,원미구,Wonmi-gu,442638,60663,345294,36681,8.29,78.01,13.7
2015,41195,원미구,Wonmi-gu,442898,58780,345433,38685,8.73,77.99,13.27
2024,41196,오정구,Ojeong-gu,152024,11303,110098,30623,20.14,72.42,7.44
2008,41197,소사구,Sosa-gu,230155,38497,174574,17084,7.42,75.85,16.73
2009,41197,소사구,Sosa-gu,229335,36633,174897,17805,7.76,76.26,15.97
2010,41197,소사구,Sosa-gu,230557,34915,176885,18757,8.14,76.72,15.14
2011,41197,소사구,Sosa-gu,232190,33989,178359,19842,8.55,76.82,14.64
2012,41197,소사구,Sosa-gu,231363,32815,177398,21150,9.14,76.68,14.18
2013,41197,소사구,Sosa-gu,229959,31492,176124,22343,9.72,76.59,13.69
2014,41197,소사구,Sosa-gu,226400,29798,173031,23571,10.41,76.43,13.16
2015,41197,소사구,Sosa-gu,222016,28012,169296,24708,11.13,76.25,12.62
2008,41199,오정구,Ojeong-gu,195728,36658,144825,14245,7.28,73.99,18.73
2009,41199,오정구,Ojeong-gu,193473,34178,144626,14669,7.58,74.75,17.67
2010,41199,오정구,Ojeong-gu,196045,32455,148175,15415,7.86,75.58,16.55
2011,41199,오정구,Ojeong-gu,194015,30299,147749,15967,8.23,76.15,15.62
2012,41199,오정구,Ojeong-gu,191977,28378,146792,16807,8.75,76.46,14.78
2013,41199,오정구,Ojeong-gu,189554,26317,145729,17508,9.24,76.88,13.88
2014,41199,오정구,Ojeong-gu,186548,24381,143964,18203,9.76,77.17,13.07
2015,41199,오정구,Ojeong-gu,184073,22621,142435,19017,10.33,77.38,12.29
2008,41210,광명시,Gwangmyeong-si,310501,56394,229672,24435,7.87,73.97,18.16
2009,41210,광명시,Gwangmyeong-si,314257,55044,233688,25525,8.12,74.36,17.52
2010,41210,광명시,Gwangmyeong-si,343982,59071,256874,28037,8.15,74.68,17.17
2011,41210,광명시,Gwangmyeong-si,355226,60367,265235,29624,8.34,74.67,16.99
2012,41210,광명시,Gwangmyeong-si,355560,59015,265244,31301,8.8,74.6,16.6
2013,41210,광명시,Gwangmyeong-si,353100,57227,263274,32599,9.23,74.56,16.21
2014,41210,광명시,Gwangmyeong-si,348560,54825,259755,33980,9.75,74.52,15.73
2015,41210,광명시,Gwangmyeong-si,344978,52418,257049,35511,10.29,74.51,15.19
2016,41210,광명시,Gwangmyeong-si,339484,49685,253250,36549,10.77,74.6,14.64
2017,41210,광명시,Gwangmyeong-si,332790,47096,247373,38321,11.52,74.33,14.15
2018,41210,광명시,Gwangmyeong-si,326841,44192,242780,39869,12.2,74.28,13.52
2019,41210,광명시,Gwangmyeong-si,316552,41092,234063,41397,13.08,73.94,12.98
2020,41210,광명시,Gwangmyeong-si,298599,38138,218778,41683,13.96,73.27,12.77
2021,41210,광명시,Gwangmyeong-si,292893,36351,213497,43045,14.7,72.89,12.41
2022,41210,광명시,Gwangmyeong-si,287945,34585,208232,45128,15.67,72.32,12.01
2023,41210,광명시,Gwangmyeong-si,280197,32279,201048,46870,16.73,71.75,11.52
2024,41210,광명시,Gwangmyeong-si,278167,30666,197841,49660,17.85,71.12,11.02
2008,41220,평택시,Pyeongtaek-si,406721,81036,287144,38541,9.48,70.6,19.92
2009,41220,평택시,Pyeongtaek-si,410042,78901,291104,40037,9.76,70.99,19.24
2010,41220,평택시,Pyeongtaek-si,419457,76374,300702,42381,10.1,71.69,18.21
2011,41220,평택시,Pyeongtaek-si,426886,75399,307590,43897,10.28,72.05,17.66
2012,41220,평택시,Pyeongtaek-si,434305,74619,313748,45938,10.58,72.24,17.18
2013,41220,평택시,Pyeongtaek-si,442034,73920,320431,47683,10.79,72.49,16.72
2014,41220,평택시,Pyeongtaek-si,449555,73015,326972,49568,11.03,72.73,16.24
2015,41220,평택시,Pyeongtaek-si,460532,72202,336794,51536,11.19,73.13,15.68
2016,41220,평택시,Pyeongtaek-si,470832,71926,345816,53090,11.28,73.45,15.28
2017,41220,평택시,Pyeongtaek-si,481530,71844,353760,55926,11.61,73.47,14.92
2018,41220,평택시,Pyeongtaek-si,495642,72402,364757,58483,11.8,73.59,14.61
2019,41220,평택시,Pyeongtaek-si,513027,73724,377393,61910,12.07,73.56,14.37
2020,41220,평택시,Pyeongtaek-si,537307,76153,394668,66486,12.37,73.45,14.17
2021,41220,평택시,Pyeongtaek-si,564288,78308,415857,70123,12.43,73.7,13.88
2022,41220,평택시,Pyeongtaek-si,578529,78206,426951,73372,12.68,73.8,13.52
2023,41220,평택시,Pyeongtaek-si,591022,77835,435402,77785,13.16,73.67,13.17
2024,41220,평택시,Pyeongtaek-si,598556,77048,438726,82782,13.83,73.3,12.87
2020,41222,송탄출장소,Songtan branch office,0,0,0,0,,,
2022,41222,송탄출장소,Songtan branch office,0,0,0,0,,,
2023,41222,송탄출장소,Songtan branch office,0,0,0,0,,,
2024,41222,송탄출장소,Songtan branch office,0,0,0,0,,,
2020,41224,안중출장소,Anjung branch office,0,0,0,0,,,
2022,41224,안중출장소,Anjung branch office,0,0,0,0,,,
2023,41224,안중출장소,Anjung branch office,0,0,0,0,,,
2024,41224,안중출장소,Anjung branch office,0,0,0,0,,,
2008,41250,동두천시,Dongducheon-si,90835,16140,63724,10971,12.08,70.15,17.77
2009,41250,동두천시,Dongducheon-si,93211,16095,65511,11605,12.45,70.28,17.27
2010,41250,동두천시,Dongducheon-si,95653,15685,67553,12415,12.98,70.62,16.4
2011,41250,동두천시,Dongducheon-si,96253,15361,67896,12996,13.5,70.54,15.96
2012,41250,동두천시,Dongducheon-si,97175,14950,68434,13791,14.19,70.42,15.38
2013,41250,동두천시,Dongducheon-si,97557,14597,68483,14477,14.84,70.2,14.96
2014,41250,동두천시,Dongducheon-si,97595,14099,68507,14989,15.36,70.2,14.45
2015,41250,동두천시,Dongducheon-si,97974,13612,68736,15626,15.95,70.16,13.89
2016,41250,동두천시,Dongducheon-si,98277,13183,68922,16172,16.46,70.13,13.41
2017,41250,동두천시,Dongducheon-si,97071,12532,67578,16961,17.47,69.62,12.91
2018,41250,동두천시,Dongducheon-si,96226,11802,66729,17695,18.39,69.35,12.26
2019,41250,동두천시,Dongducheon-si,94768,11125,65299,18344,19.36,68.9,11.74
2020,41250,동두천시,Dongducheon-si,94353,10556,64400,19397,20.56,68.25,11.19
2021,41250,동두천시,Dongducheon-si,93592,10049,63617,19926,21.29,67.97,10.74
2022,41250,동두천시,Dongducheon-si,91546,9390,61692,20464,22.35,67.39,10.26
2023,41250,동두천시,Dongducheon-si,88626,8378,58876,21372,24.11,66.43,9.45
2024,41250,동두천시,Dongducheon-si,86838,7553,56821,22464,25.87,65.43,8.7
2008,41270,안산시,Ansan-si,708257,145246,521328,41683,5.89,73.61,20.51
2009,41270,안산시,Ansan-si,705346,136499,525442,43405,6.15,74.49,19.35
2010,41270,안산시,Ansan-si,714891,129477,539906,45508,6.37,75.52,18.11
2011,41270,안산시,Ansan-si,715586,123099,545160,47327,6.61,76.18,17.2
2012,41270,안산시,Ansan-si,715108,117027,548558,49523,6.93,76.71,16.36
2013,41270,안산시,Ansan-si,713666,111482,550521,51663,7.24,77.14,15.62
2014,41270,안산시,Ansan-si,707876,105294,548802,53780,7.6,77.53,14.87
2015,41270,안산시,Ansan-si,697885,98213,544059,55613,7.97,77.96,14.07
2016,41270,안산시,Ansan-si,689859,92621,540088,57150,8.28,78.29,13.43
2017,41270,안산시,Ansan-si,677710,87177,530446,60087,8.87,78.27,12.86
2018,41270,안산시,Ansan-si,660343,80297,517392,62654,9.49,78.35,12.16
2019,41270,안산시,Ansan-si,650918,75473,509007,66438,10.21,78.2,11.59
2020,41270,안산시,Ansan-si,654915,73468,509827,71620,10.94,77.85,11.22
2021,41270,안산시,Ansan-si,652726,70260,506100,76366,11.7,77.54,10.76
2022,41270,안산시,Ansan-si,641660,65708,494441,81511,12.7,77.06,10.24
2023,41270,안산시,Ansan-si,629308,61199,480720,87389,13.89,76.39,9.72
2024,41270,안산시,Ansan-si,620579,57415,468902,94262,15.19,75.56,9.25
2008,41271,상록구,Sangnok-gu,377005,78611,275230,23164,6.14,73.0,20.85
2009,41271,상록구,Sangnok-gu,374055,73286,276753,24016,6.42,73.99,19.59
2010,41271,상록구,Sangnok-gu,379136,69040,284853,25243,6.66,75.13,18.21
2011,41271,상록구,Sangnok-gu,380880,65588,288899,26393,6.93,75.85,17.22
2012,41271,상록구,Sangnok-gu,381556,62348,291496,27712,7.26,76.4,16.34
2013,41271,상록구,Sangnok-gu,382571,59609,293858,29104,7.61,76.81,15.58
2014,41271,상록구,Sangnok-gu,381508,56452,294691,30365,7.96,77.24,14.8
2015,41271,상록구,Sangnok-gu,379517,53002,294895,31620,8.33,77.7,13.97
2016,41271,상록구,Sangnok-gu,375857,49751,293486,32620,8.68,78.08,13.24
2017,41271,상록구,Sangnok-gu,370744,47000,289405,34339,9.26,78.06,12.68
2018,41271,상록구,Sangnok-gu,356311,42505,278427,35379,9.93,78.14,11.93
2019,41271,상록구,Sangnok-gu,344613,38998,268611,37004,10.74,77.95,11.32
2020,41271,상록구,Sangnok-gu,351888,39031,273044,39813,11.31,77.59,11.09
2021,41271,상록구,Sangnok-gu,350668,37140,271305,42223,12.04,77.37,10.59
2022,41271,상록구,Sangnok-gu,344664,34616,265174,44874,13.02,76.94,10.04
2023,41271,상록구,Sangnok-gu,334867,31816,255234,47817,14.28,76.22,9.5
2024,41271,상록구,Sangnok-gu,327191,29184,246767,51240,15.66,75.42,8.92
2008,41273,단원구,Danwon-gu,331252,66635,246098,18519,5.59,74.29,20.12
2009,41273,단원구,Danwon-gu,331291,63213,248689,19389,5.85,75.07,19.08
2010,41273,단원구,Danwon-gu,335755,60437,255053,20265,6.04,75.96,18.0
2011,41273,단원구,Danwon-gu,334706,57511,256261,20934,6.25,76.56,17.18
2012,41273,단원구,Danwon-gu,333552,54679,257062,21811,6.54,77.07,16.39
2013,41273,단원구,Danwon-gu,331095,51873,256663,22559,6.81,77.52,15.67
2014,41273,단원구,Danwon-gu,326368,48842,254111,23415,7.17,77.86,14.97
2015,41273,단원구,Danwon-gu,318368,45211,249164,23993,7.54,78.26,14.2
2016,41273,단원구,Danwon-gu,314002,42870,246602,24530,7.81,78.54,13.65
2017,41273,단원구,Danwon-gu,306966,40177,241041,25748,8.39,78.52,13.09
2018,41273,단원구,Danwon-gu,304032,37792,238965,27275,8.97,78.6,12.43
2019,41273,단원구,Danwon-gu,306305,36475,240396,29434,9.61,78.48,11.91
2020,41273,단원구,Danwon-gu,303027,34437,236783,31807,10.5,78.14,11.36
2021,41273,단원구,Danwon-gu,302058,33120,234795,34143,11.3,77.73,10.96
2022,41273,단원구,Danwon-gu,296996,31092,229267,36637,12.34,77.2,10.47
2023,41273,단원구,Danwon-gu,294441,29383,225486,39572,13.44,76.58,9.98
2024,41273,단원구,Danwon-gu,293388,28231,222135,43022,14.66,75.71,9.62
2008,41280,고양시,Goyang-si,938831,182867,676399,79565,8.47,72.05,19.48
2009,41280,고양시,Goyang-si,938784,174010,682718,82056,8.74,72.72,18.54
2010,41280,고양시,Goyang-si,950115,166752,697897,85466,9.0,73.45,17.55
2011,41280,고양시,Goyang-si,961239,161904,710156,89179,9.28,73.88,16.84
2012,41280,고양시,Goyang-si,969916,156848,719215,93853,9.68,74.15,16.17
2013,41280,고양시,Goyang-si,990571,154031,737512,99028,10.0,74.45,15.55
2014,41280,고양시,Goyang-si,1006154,150836,751222,104096,10.35,74.66,14.99
2015,41280,고양시,Goyang-si,1027546,147631,769865,110050,10.71,74.92,14.37
2016,41280,고양시,Goyang-si,1039684,144217,781375,114092,10.97,75.16,13.87
2017,41280,고양시,Goyang-si,1041983,140028,781622,120333,11.55,75.01,13.44
2018,41280,고양시,Goyang-si,1044189,135310,782307,126572,12.12,74.92,12.96
2019,41280,고양시,Goyang-si,1066351,134052,797027,135272,12.69,74.74,12.57
2020,41280,고양시,Goyang-si,1079216,132185,801321,145710,13.5,74.25,12.25
2021,41280,고양시,Goyang-si,1079353,128185,797034,154134,14.28,73.84,11.88
2022,41280,고양시,Goyang-si,1076535,123815,789640,163080,15.15,73.35,11.5
2023,41280,고양시,Goyang-si,1074907,119205,782645,173057,16.1,72.81,11.09
2024,41280,고양시,Goyang-si,1070120,114478,771191,184451,17.24,72.07,10.7
2008,41281,덕양구,Deogyang-gu,386817,71749,279265,35803,9.26,72.2,18.55
2009,41281,덕양구,Deogyang-gu,388777,69251,282435,37091,9.54,72.65,17.81
2010,41281,덕양구,Deogyang-gu,394375,67120,288561,38694,9.81,73.17,17.02
2011,41281,덕양구,Deogyang-gu,391832,63741,287965,40126,10.24,73.49,16.27
2012,41281,덕양구,Deogyang-gu,396559,62168,292105,42286,10.66,73.66,15.68
2013,41281,덕양구,Deogyang-gu,410491,62118,302979,45394,11.06,73.81,15.13
2014,41281,덕양구,Deogyang-gu,424423,62414,313494,48515,11.43,73.86,14.71
2015,41281,덕양구,Deogyang-gu,441988,62821,326904,52263,11.82,73.96,14.21
2016,41281,덕양구,Deogyang-gu,446233,61227,330594,54412,12.19,74.09,13.72
2017,41281,덕양구,Deogyang-gu,448684,59922,331316,57446,12.8,73.84,13.36
2018,41281,덕양구,Deogyang-gu,450449,58084,332095,60270,13.38,73.73,12.89
2019,41281,덕양구,Deogyang-gu,466157,58537,342821,64799,13.9,73.54,12.56
2020,41281,덕양구,Deogyang-gu,476962,58864,348165,69933,14.66,73.0,12.34
2021,41281,덕양구,Deogyang-gu,482927,57990,350926,74011,15.33,72.67,12.01
2022,41281,덕양구,Deogyang-gu,490088,57750,353827,78511,16.02,72.2,11.78
2023,41281,덕양구,Deogyang-gu,496438,57293,356285,82860,16.69,71.77,11.54
2024,41281,덕양구,Deogyang-gu,493097,54674,350647,87776,17.8,71.11,11.09
2008,41285,일산동구,Ilsandong-gu,261358,48900,191967,20491,7.84,73.45,18.71
2009,41285,일산동구,Ilsandong-gu,261943,46345,194357,21241,8.11,74.2,17.69
2010,41285,일산동구,Ilsandong-gu,269292,44902,201975,22415,8.32,75.0,16.67
2011,41285,일산동구,Ilsandong-gu,278095,44904,209549,23642,8.5,75.35,16.15
2012,41285,일산동구,Ilsandong-gu,281949,43621,213369,24959,8.85,75.68,15.47
2013,41285,일산동구,Ilsandong-gu,283976,42154,215933,25889,9.12,76.04,14.84
2014,41285,일산동구,Ilsandong-gu,284207,40604,216716,26887,9.46,76.25,14.29
2015,41285,일산동구,Ilsandong-gu,285658,38939,218673,28046,9.82,76.55,13.63
2016,41285,일산동구,Ilsandong-gu,292612,38572,224824,29216,9.98,76.83,13.18
2017,41285,일산동구,Ilsandong-gu,293673,37299,225418,30956,10.54,76.76,12.7
2018,41285,일산동구,Ilsandong-gu,296223,36366,226874,32983,11.13,76.59,12.28
2019,41285,일산동구,Ilsandong-gu,297671,35540,227021,35110,11.79,76.27,11.94
2020,41285,일산동구,Ilsandong-gu,299716,34687,227269,37760,12.6,75.83,11.57
2021,41285,일산동구,Ilsandong-gu,298873,33612,225275,39986,13.38,75.37,11.25
2022,41285,일산동구,Ilsandong-gu,296122,32244,221516,42362,14.31,74.81,10.89
2023,41285,일산동구,Ilsandong-gu,291597,30289,216022,45286,15.53,74.08,10.39
2024,41285,일산동구,Ilsandong-gu,294123,30123,215283,48717,16.56,73.19,10.24
2008,41287,일산서구,Ilsanseo-gu,290656,62218,205167,23271,8.01,70.59,21.41
2009,41287,일산서구,Ilsanseo-gu,288064,58414,205926,23724,8.24,71.49,20.28
2010,41287,일산서구,Ilsanseo-gu,286448,54730,207361,24357,8.5,72.39,19.11
2011,41287,일산서구,Ilsanseo-gu,291312,53259,212642,25411,8.72,72.99,18.28
2012,41287,일산서구,Ilsanseo-gu,291408,51059,213741,26608,9.13,73.35,17.52
2013,41287,일산서구,Ilsanseo-gu,296104,49759,218600,27745,9.37,73.83,16.8
2014,41287,일산서구,Ilsanseo-gu,297524,47818,221012,28694,9.64,74.28,16.07
2015,41287,일산서구,Ilsanseo-gu,299900,45871,224288,29741,9.92,74.79,15.3
2016,41287,일산서구,Ilsanseo-gu,300839,44418,225957,30464,10.13,75.11,14.76
2017,41287,일산서구,Ilsanseo-gu,299626,42807,224888,31931,10.66,75.06,14.29
2018,41287,일산서구,Ilsanseo-gu,297517,40860,223338,33319,11.2,75.07,13.73
2019,41287,일산서구,Ilsanseo-gu,302523,39975,227185,35363,11.69,75.1,13.21
2020,41287,일산서구,Ilsanseo-gu,302538,38634,225887,38017,12.57,74.66,12.77
2021,41287,일산서구,Ilsanseo-gu,297553,36583,220833,40137,13.49,74.22,12.29
2022,41287,일산서구,Ilsanseo-gu,290325,33821,214297,42207,14.54,73.81,11.65
2023,41287,일산서구,Ilsanseo-gu,286872,31623,210338,44911,15.66,73.32,11.02
2024,41287,일산서구,Ilsanseo-gu,282900,29681,205261,47958,16.95,72.56,10.49
2008,41290,과천시,Gwacheon-si,69477,13352,50085,6040,8.69,72.09,19.22
2009,41290,과천시,Gwacheon-si,72049,13411,52240,6398,8.88,72.51,18.61
2010,41290,과천시,Gwacheon-si,72279,12684,52882,6713,9.29,73.16,17.55
2011,41290,과천시,Gwacheon-si,71955,12016,52971,6968,9.68,73.62,16.7
2012,41290,과천시,Gwacheon-si,71068,11227,52583,7258,10.21,73.99,15.8
2013,41290,과천시,Gwacheon-si,70578,10686,52384,7508,10.64,74.22,15.14
2014,41290,과천시,Gwacheon-si,70156,10110,52319,7727,11.01,74.58,14.41
2015,41290,과천시,Gwacheon-si,68946,9428,51589,7929,11.5,74.83,13.67
2016,41290,과천시,Gwacheon-si,63778,8482,47561,7735,12.13,74.57,13.3
2017,41290,과천시,Gwacheon-si,57527,7528,42525,7474,12.99,73.92,13.09
2018,41290,과천시,Gwacheon-si,58142,7501,42879,7762,13.35,73.75,12.9
2019,41290,과천시,Gwacheon-si,58289,7377,42828,8084,13.87,73.48,12.66
2020,41290,과천시,Gwacheon-si,63231,8132,46105,8994,14.22,72.92,12.86
2021,41290,과천시,Gwacheon-si,73345,10003,52984,10358,14.12,72.24,13.64
2022,41290,과천시,Gwacheon-si,78137,11253,55744,11140,14.26,71.34,14.4
2023,41290,과천시,Gwacheon-si,81000,12160,57069,11771,14.53,70.46,15.01
2024,41290,과천시,Gwacheon-si,85512,13330,59366,12816,14.99,69.42,15.59
2008,41310,구리시,Guri-si,195874,37392,144170,14312,7.31,73.6,19.09
2009,41310,구리시,Guri-si,195593,35749,144884,14960,7.65,74.07,18.28
2010,41310,구리시,Guri-si,196398,33930,146734,15734,8.01,74.71,17.28
2011,41310,구리시,Guri-si,194881,32357,146149,16375,8.4,74.99,16.6
2012,41310,구리시,Guri-si,192341,30740,144443,17158,8.92,75.1,15.98
2013,41310,구리시,Guri-si,189680,28982,142783,17915,9.44,75.28,15.28
2014,41310,구리시,Guri-si,186820,27243,141049,18528,9.92,75.5,14.58
2015,41310,구리시,Guri-si,186721,25940,141413,19368,10.37,75.73,13.89
2016,41310,구리시,Guri-si,193763,26202,146938,20623,10.64,75.83,13.52
2017,41310,구리시,Guri-si,200042,26806,150874,22362,11.18,75.42,13.4
2018,41310,구리시,Guri-si,203553,26759,152994,23800,11.69,75.16,13.15
2019,41310,구리시,Guri-si,199265,25048,149058,25159,12.63,74.8,12.57
2020,41310,구리시,Guri-si,197454,23915,146577,26962,13.65,74.23,12.11
2021,41310,구리시,Guri-si,191948,22456,141672,27820,14.49,73.81,11.7
2022,41310,구리시,Guri-si,188701,21154,138374,29173,15.46,73.33,11.21
2023,41310,구리시,Guri-si,187093,20159,135925,31009,16.57,72.65,10.77
2024,41310,구리시,Guri-si,186882,19197,134542,33143,17.73,71.99,10.27
2008,41360,남양주시,Namyangju-si,505867,102952,358802,44113,8.72,70.93,20.35
2009,41360,남양주시,Namyangju-si,525211,103673,374398,47140,8.98,71.29,19.74
2010,41360,남양주시,Namyangju-si,564141,108298,404049,51794,9.18,71.62,19.2
2011,41360,남양주시,Namyangju-si,578485,107959,415317,55209,9.54,71.79,18.66
2012,41360,남양주시,Namyangju-si,599539,108784,431326,59429,9.91,71.94,18.14
2013,41360,남양주시,Namyangju-si,618305,109280,445495,63530,10.27,72.05,17.67
2014,41360,남양주시,Namyangju-si,636256,109424,458957,67875,10.67,72.13,17.2
2015,41360,남양주시,Namyangju-si,653454,108696,472344,72414,11.08,72.28,16.63
2016,41360,남양주시,Namyangju-si,662154,106832,479336,75986,11.48,72.39,16.13
2017,41360,남양주시,Namyangju-si,665321,104179,479454,81688,12.28,72.06,15.66
2018,41360,남양주시,Namyangju-si,681828,105395,489752,86681,12.71,71.83,15.46
2019,41360,남양주시,Namyangju-si,701830,105943,502880,93007,13.25,71.65,15.1
2020,41360,남양주시,Namyangju-si,713321,104519,508265,100537,14.09,71.25,14.65
2021,41360,남양주시,Namyangju-si,733798,104442,521071,108285,14.76,71.01,14.23
2022,41360,남양주시,Namyangju-si,737353,100590,521598,115165,15.62,70.74,13.64
2023,41360,남양주시,Namyangju-si,732265,94959,515375,121931,16.65,70.38,12.97
2024,41360,남양주시,Namyangju-si,732482,90292,512555,129635,17.7,69.98,12.33
2020,41362,풍양출장소,Pungyang branch office,0,0,0,0,,,
2022,41362,풍양출장소,Pungyang branch office,0,0,0,0,,,
2023,41362,풍양출장소,Pungyang branch office,0,0,0,0,,,
2024,41362,풍양출장소,Pungyang branch office,0,0,0,0,,,
2008,41370,오산시,Osan-si,150237,33647,108016,8574,5.71,71.9,22.4
2009,41370,오산시,Osan-si,159734,34735,115484,9515,5.96,72.3,21.75
2010,41370,오산시,Osan-si,182516,38642,132604,11270,6.17,72.65,21.17
2011,41370,오산시,Osan-si,193892,40761,140783,12348,6.37,72.61,21.02
2012,41370,오산시,Osan-si,200291,41237,145865,13189,6.58,72.83,20.59
2013,41370,오산시,Osan-si,205460,41801,149656,14003,6.82,72.84,20.35
2014,41370,오산시,Osan-si,208565,41551,152300,14714,7.05,73.02,19.92
2015,41370,오산시,Osan-si,206828,39658,151806,15364,7.43,73.4,19.17
2016,41370,오산시,Osan-si,208656,38757,153884,16015,7.68,73.75,18.57
2017,41370,오산시,Osan-si,213437,38833,157231,17373,8.14,73.67,18.19
2018,41370,오산시,Osan-si,220070,38679,162802,18589,8.45,73.98,17.58
2019,41370,오산시,Osan-si,226379,37930,168192,20257,8.95,74.3,16.76
2020,41370,오산시,Osan-si,229725,36867,170798,22060,9.6,74.35,16.05
2021,41370,오산시,Osan-si,229983,34962,171432,23589,10.26,74.54,15.2
2022,41370,오산시,Osan-si,229849,33291,171321,25237,10.98,74.54,14.48
2023,41370,오산시,Osan-si,229656,31503,171189,26964,11.74,74.54,13.72
2024,41370,오산시,Osan-si,242065,32209,180250,29606,12.23,74.46,13.31
2008,41390,시흥시,Siheung-si,392756,85581,284340,22835,5.81,72.4,21.79
2009,41390,시흥시,Siheung-si,397912,82376,291667,23869,6.0,73.3,20.7
2010,41390,시흥시,Siheung-si,403797,79169,299632,24996,6.19,74.2,19.61
2011,41390,시흥시,Siheung-si,401149,75155,300347,25647,6.39,74.87,18.73
2012,41390,시흥시,Siheung-si,399485,71321,301455,26709,6.69,75.46,17.85
2013,41390,시흥시,Siheung-si,396765,67599,301327,27839,7.02,75.95,17.04
2014,41390,시흥시,Siheung-si,394639,64141,301663,28835,7.31,76.44,16.25
2015,41390,시흥시,Siheung-si,398256,62034,306032,30190,7.58,76.84,15.58
2016,41390,시흥시,Siheung-si,402888,60595,310643,31650,7.86,77.1,15.04
2017,41390,시흥시,Siheung-si,419664,62421,322732,34511,8.22,76.9,14.87
2018,41390,시흥시,Siheung-si,448687,67195,343940,37552,8.37,76.65,14.98
2019,41390,시흥시,Siheung-si,473682,70647,361632,41403,8.74,76.34,14.91
2020,41390,시흥시,Siheung-si,500895,73602,380511,46782,9.34,75.97,14.69
2021,41390,시흥시,Siheung-si,512030,73656,387459,50915,9.94,75.67,14.39
2022,41390,시흥시,Siheung-si,512912,71641,386515,54756,10.68,75.36,13.97
2023,41390,시흥시,Siheung-si,519715,70414,389556,59745,11.5,74.96,13.55
2024,41390,시흥시,Siheung-si,518132,67856,385124,65152,12.57,74.33,13.1
2008,41410,군포시,Gunpo-si,277590,53334,204140,20116,7.25,73.54,19.21
2009,41410,군포시,Gunpo-si,275731,50923,204131,20677,7.5,74.03,18.47
2010,41410,군포시,Gunpo-si,287833,51324,214457,22052,7.66,74.51,17.83
2011,41410,군포시,Gunpo-si,287294,49818,214510,22966,7.99,74.67,17.34
2012,41410,군포시,Gunpo-si,286841,48265,214487,24089,8.4,74.78,16.83
2013,41410,군포시,Gunpo-si,286344,46782,214482,25080,8.76,74.9,16.34
2014,41410,군포시,Gunpo-si,288408,45891,216191,26326,9.13,74.96,15.91
2015,41410,군포시,Gunpo-si,287519,43951,216067,27501,9.56,75.15,15.29
2016,41410,군포시,Gunpo-si,284890,42046,214314,28530,10.01,75.23,14.76
2017,41410,군포시,Gunpo-si,281205,39729,211198,30278,10.77,75.1,14.13
2018,41410,군포시,Gunpo-si,276916,37027,208177,31712,11.45,75.18,13.37
2019,41410,군포시,Gunpo-si,275852,35356,206770,33726,12.23,74.96,12.82
2020,41410,군포시,Gunpo-si,273791,33283,204092,36416,13.3,74.54,12.16
2021,41410,군포시,Gunpo-si,268535,30948,199291,38296,14.26,74.21,11.52
2022,41410,군포시,Gunpo-si,266213,29195,196266,40752,15.31,73.73,10.97
2023,41410,군포시,Gunpo-si,261229,26889,190771,43569,16.68,73.03,10.29
2024,41410,군포시,Gunpo-si,255931,24636,184762,46533,18.18,72.19,9.63
2008,41430,의왕시,Uiwang-si,134488,24451,99299,10738,7.98,73.83,18.18
2009,41430,의왕시,Uiwang-si,140874,24776,104718,11380,8.08,74.33,17.59
2010,41430,의왕시,Uiwang-si,147443,24940,110425,12078,8.19,74.89,16.92
2011,41430,의왕시,Uiwang-si,149607,24427,112376,12804,8.56,75.11,16.33
2012,41430,의왕시,Uiwang-si,154757,24576,116524,13657,8.82,75.29,15.88
2013,41430,의왕시,Uiwang-si,159772,24718,120261,14793,9.26,75.27,15.47
2014,41430,의왕시,Uiwang-si,158482,23642,119284,15556,9.82,75.27,14.92
2015,41430,의왕시,Uiwang-si,157740,22381,119021,16338,10.36,75.45,14.19
2016,41430,의왕시,Uiwang-si,156763,21201,118650,16912,10.79,75.69,13.52
2017,41430,의왕시,Uiwang-si,155767,20206,117363,18198,11.68,75.35,12.97
2018,41430,의왕시,Uiwang-si,153932,19187,115599,19146,12.44,75.1,12.46
2019,41430,의왕시,Uiwang-si,161153,19843,120487,20823,12.92,74.77,12.31
2020,41430,의왕시,Uiwang-si,163795,20130,121385,22280,13.6,74.11,12.29
2021,41430,의왕시,Uiwang-si,163356,19532,120180,23644,14.47,73.57,11.96
2022,41430,의왕시,Uiwang-si,160221,18746,116521,24954,15.57,72.73,11.7
2023,41430,의왕시,Uiwang-si,158870,18256,114137,26477,16.67,71.84,11.49
2024,41430,의왕시,Uiwang-si,154488,17262,109246,27980,18.11,70.71,11.17
2008,41450,하남시,Hanam-si,143638,23471,107950,12217,8.51,75.15,16.34
2009,41450,하남시,Hanam-si,148566,23477,111814,13275,8.94,75.26,15.8
2010,41450,하남시,Hanam-si,150479,22721,113514,14244,9.47,75.44,15.1
2011,41450,하남시,Hanam-si,148397,21868,111901,14628,9.86,75.41,14.74
2012,41450,하남시,Hanam-si,146269,20980,109974,15315,10.47,75.19,14.34
2013,41450,하남시,Hanam-si,145096,20197,108708,16191,11.16,74.92,13.92
2014,41450,하남시,Hanam-si,148896,20600,110950,17346,11.65,74.52,13.84
2015,41450,하남시,Hanam-si,166713,23941,123447,19325,11.59,74.05,14.36
2016,41450,하남시,Hanam-si,211101,32373,155422,23306,11.04,73.62,15.34
2017,41450,하남시,Hanam-si,232487,36183,169484,26820,11.54,72.9,15.56
2018,41450,하남시,Hanam-si,254415,39808,184298,30309,11.91,72.44,15.65
2019,41450,하남시,Hanam-si,272455,41927,196931,33597,12.33,72.28,15.39
2020,41450,하남시,Hanam-si,293452,43929,211950,37573,12.8,72.23,14.97
2021,41450,하남시,Hanam-si,320087,48836,229711,41540,12.98,71.77,15.26
2022,41450,하남시,Hanam-si,326059,49166,232275,44618,13.68,71.24,15.08
2023,41450,하남시,Hanam-si,329861,48388,233890,47583,14.43,70.91,14.67
2024,41450,하남시,Hanam-si,329120,46783,231595,50742,15.42,70.37,14.21
2008,41460,용인시,Yongin-si,816763,178894,571786,66083,8.09,70.01,21.9
2009,41460,용인시,Yongin-si,839204,179030,589703,70471,8.4,70.27,21.33
2010,41460,용인시,Yongin-si,876550,181175,619733,75642,8.63,70.7,20.67
2011,41460,용인시,Yongin-si,896044,180068,634844,81132,9.05,70.85,20.1
2012,41460,용인시,Yongin-si,915959,179130,649637,87192,9.52,70.92,19.56
2013,41460,용인시,Yongin-si,941477,178844,669534,93099,9.89,71.12,19.0
2014,41460,용인시,Yongin-si,961026,177492,685190,98344,10.23,71.3,18.47
2015,41460,용인시,Yongin-si,975746,173494,698134,104118,10.67,71.55,17.78
2016,41460,용인시,Yongin-si,991126,170457,711701,108968,10.99,71.81,17.2
2017,41460,용인시,Yongin-si,1004081,167659,719540,116882,11.64,71.66,16.7
2018,41460,용인시,Yongin-si,1035126,168083,741977,125066,12.08,71.68,16.24
2019,41460,용인시,Yongin-si,1059609,166125,759667,133817,12.63,71.69,15.68
2020,41460,용인시,Yongin-si,1074176,162591,768489,143096,13.32,71.54,15.14
2021,41460,용인시,Yongin-si,1077508,157005,770240,150263,13.95,71.48,14.57
2022,41460,용인시,Yongin-si,1074971,149360,768385,157226,14.63,71.48,13.89
2023,41460,용인시,Yongin-si,1075566,141961,767838,165767,15.41,71.39,13.2
2024,41460,용인시,Yongin-si,1085864,137336,772811,175717,16.18,71.17,12.65
2008,41461,처인구,Cheoin-gu,203805,39192,145668,18945,9.3,71.47,19.23
2009,41461,처인구,Cheoin-gu,203620,37527,146330,19763,9.71,71.86,18.43
2010,41461,처인구,Cheoin-gu,207935,36538,150469,20928,10.06,72.36,17.57
2011,41461,처인구,Cheoin-gu,209200,35510,151787,21903,10.47,72.56,16.97
2012,41461,처인구,Cheoin-gu,210524,34548,152941,23035,10.94,72.65,16.41
2013,41461,처인구,Cheoin-gu,212904,33543,155292,24069,11.31,72.94,15.75
2014,41461,처인구,Cheoin-gu,218400,33232,159765,25403,11.63,73.15,15.22
2015,41461,처인구,Cheoin-gu,221347,32324,162450,26573,12.01,73.39,14.6
2016,41461,처인구,Cheoin-gu,226130,31924,166458,27748,12.27,73.61,14.12
2017,41461,처인구,Cheoin-gu,231553,31959,169608,29986,12.95,73.25,13.8
2018,41461,처인구,Cheoin-gu,249118,34650,181440,33028,13.26,72.83,13.91
2019,41461,처인구,Cheoin-gu,253896,34459,184265,35172,13.85,72.57,13.57
2020,41461,처인구,Cheoin-gu,257498,33588,186331,37579,14.59,72.36,13.04
2021,41461,처인구,Cheoin-gu,260198,32599,187875,39724,15.27,72.2,12.53
2022,41461,처인구,Cheoin-gu,259288,31018,186447,41823,16.13,71.91,11.96
2023,41461,처인구,Cheoin-gu,261488,29717,187131,44640,17.07,71.56,11.36
2024,41461,처인구,Cheoin-gu,274162,30532,195171,48459,17.68,71.19,11.14
2008,41463,기흥구,Giheung-gu,315461,72564,219280,23617,7.49,69.51,23.0
2009,41463,기흥구,Giheung-gu,340133,76497,237443,26193,7.7,69.81,22.49
2010,41463,기흥구,Giheung-gu,357935,78760,250998,28177,7.87,70.12,22.0
2011,41463,기흥구,Giheung-gu,368722,79262,258982,30478,8.27,70.24,21.5
2012,41463,기흥구,Giheung-gu,375875,78731,264214,32930,8.76,70.29,20.95
2013,41463,기흥구,Giheung-gu,393172,80402,277067,35703,9.08,70.47,20.45
2014,41463,기흥구,Giheung-gu,402206,79943,284366,37897,9.42,70.7,19.88
2015,41463,기흥구,Giheung-gu,409162,78202,290343,40617,9.93,70.96,19.11
2016,41463,기흥구,Giheung-gu,417163,77459,296872,42832,10.27,71.16,18.57
2017,41463,기흥구,Giheung-gu,419429,75446,298147,45836,10.93,71.08,17.99
2018,41463,기흥구,Giheung-gu,427719,73879,304982,48858,11.42,71.3,17.27
2019,41463,기흥구,Giheung-gu,436679,71880,312017,52782,12.09,71.45,16.46
2020,41463,기흥구,Giheung-gu,440835,69001,315091,56743,12.87,71.48,15.65
2021,41463,기흥구,Giheung-gu,441742,65968,315866,59908,13.56,71.5,14.93
2022,41463,기흥구,Giheung-gu,438235,61737,313889,62609,14.29,71.63,14.09
2023,41463,기흥구,Giheung-gu,436656,57742,312757,66157,15.15,71.63,13.22
2024,41463,기흥구,Giheung-gu,436351,54376,311942,70033,16.05,71.49,12.46
2008,41465,수지구,Suji-gu,297497,67138,206838,23521,7.91,69.53,22.57
2009,41465,수지구,Suji-gu,295451,65006,205930,24515,8.3,69.7,22.0
2010,41465,수지구,Suji-gu,310680,65877,218266,26537,8.54,70.25,21.2
2011,41465,수지구,Suji-gu,318122,65296,224075,28751,9.04,70.44,20.53
2012,41465,수지구,Suji-gu,329560,65851,232482,31227,9.48,70.54,19.98
2013,41465,수지구,Suji-gu,335401,64899,237175,33327,9.94,70.71,19.35
2014,41465,수지구,Suji-gu,340420,64317,241059,35044,10.29,70.81,18.89
2015,41465,수지구,Suji-gu,345237,62968,245341,36928,10.7,71.06,18.24
2016,41465,수지구,Suji-gu,347833,61074,248371,38388,11.04,71.41,17.56
2017,41465,수지구,Suji-gu,353099,60254,251785,41060,11.63,71.31,17.06
2018,41465,수지구,Suji-gu,358289,59554,255555,43180,12.05,71.33,16.62
2019,41465,수지구,Suji-gu,369034,59786,263385,45863,12.43,71.37,16.2
2020,41465,수지구,Suji-gu,375843,60002,267067,48774,12.98,71.06,15.96
2021,41465,수지구,Suji-gu,375568,58438,266499,50631,13.48,70.96,15.56
2022,41465,수지구,Suji-gu,377448,56605,268049,52794,13.99,71.02,15.0
2023,41465,수지구,Suji-gu,377422,54502,267950,54970,14.56,70.99,14.44
2024,41465,수지구,Suji-gu,375351,52428,265698,57225,15.25,70.79,13.97
2008,41480,파주시,Paju-si,311164,60276,216948,33940,10.91,69.72,19.37
2009,41480,파주시,Paju-si,323011,60711,226544,35756,11.07,70.14,18.8
2010,41480,파주시,Paju-si,355632,65433,251741,38458,10.81,70.79,18.4
2011,41480,파주시,Paju-si,378790,68453,269257,41080,10.85,71.08,18.07
2012,41480,파주시,Paju-si,394201,70735,279771,43695,11.08,70.97,17.94
2013,41480,파주시,Paju-si,401718,70699,285236,45783,11.4,71.0,17.6
2014,41480,파주시,Paju-si,411348,70796,292543,48009,11.67,71.12,17.21
2015,41480,파주시,Paju-si,423321,71085,301796,50440,11.92,71.29,16.79
2016,41480,파주시,Paju-si,430781,70879,307922,51980,12.07,71.48,16.45
2017,41480,파주시,Paju-si,437848,70231,312736,54881,12.53,71.43,16.04
2018,41480,파주시,Paju-si,451848,71084,322875,57889,12.81,71.46,15.73
2019,41480,파주시,Paju-si,454040,69512,323865,60663,13.36,71.33,15.31
2020,41480,파주시,Paju-si,465617,69683,331019,64915,13.94,71.09,14.97
2021,41480,파주시,Paju-si,483245,69906,344255,69084,14.3,71.24,14.47
2022,41480,파주시,Paju-si,495315,69523,352249,73543,14.85,71.12,14.04
2023,41480,파주시,Paju-si,497753,67060,352436,78257,15.72,70.81,13.47
2024,41480,파주시,Paju-si,511308,67341,360398,83569,16.34,70.49,13.17
2008,41500,이천시,Icheon-si,196633,38779,138646,19208,9.77,70.51,19.72
2009,41500,이천시,Icheon-si,197496,37648,140006,19842,10.05,70.89,19.06
2010,41500,이천시,Icheon-si,202595,37480,144445,20670,10.2,71.3,18.5
2011,41500,이천시,Icheon-si,204566,36849,146283,21434,10.48,71.51,18.01
2012,41500,이천시,Icheon-si,204917,36121,146580,22216,10.84,71.53,17.63
2013,41500,이천시,Icheon-si,205479,35216,147241,23022,11.2,71.66,17.14
2014,41500,이천시,Icheon-si,205014,33845,147299,23870,11.64,71.85,16.51
2015,41500,이천시,Icheon-si,204935,32560,147746,24629,12.02,72.09,15.89
2016,41500,이천시,Icheon-si,210359,32913,152066,25380,12.07,72.29,15.65
2017,41500,이천시,Icheon-si,213142,32566,153641,26935,12.64,72.08,15.28
2018,41500,이천시,Icheon-si,214206,31614,154604,27988,13.07,72.18,14.76
2019,41500,이천시,Icheon-si,215834,30743,155846,29245,13.55,72.21,14.24
2020,41500,이천시,Icheon-si,218388,29703,157551,31134,14.26,72.14,13.6
2021,41500,이천시,Icheon-si,223177,28981,161162,33034,14.8,72.21,12.99
2022,41500,이천시,Icheon-si,222721,27661,160310,34750,15.6,71.98,12.42
2023,41500,이천시,Icheon-si,222098,26279,158914,36905,16.62,71.55,11.83
2024,41500,이천시,Icheon-si,222443,25286,157850,39307,17.67,70.96,11.37
2008,41550,안성시,Anseong-si,169545,30732,118445,20368,12.01,69.86,18.13
2009,41550,안성시,Anseong-si,170919,30191,119602,21126,12.36,69.98,17.66
2010,41550,안성시,Anseong-si,177937,30680,125195,22062,12.4,70.36,17.24
2011,41550,안성시,Anseong-si,180743,30560,127435,22748,12.59,70.51,16.91
2012,41550,안성시,Anseong-si,181608,30047,127869,23692,13.05,70.41,16.54
2013,41550,안성시,Anseong-si,182173,29257,128562,24354,13.37,70.57,16.06
2014,41550,안성시,Anseong-si,181896,28404,128502,24990,13.74,70.65,15.62
2015,41550,안성시,Anseong-si,180199,26939,127414,25846,14.34,70.71,14.95
2016,41550,안성시,Anseong-si,182896,26429,129861,26606,14.55,71.0,14.45
2017,41550,안성시,Anseong-si,182786,25451,129201,28134,15.39,70.68,13.92
2018,41550,안성시,Anseong-si,183579,24590,129670,29319,15.97,70.63,13.39
2019,41550,안성시,Anseong-si,183405,23656,129020,30729,16.75,70.35,12.9
2020,41550,안성시,Anseong-si,187012,22923,131245,32844,17.56,70.18,12.26
2021,41550,안성시,Anseong-si,189534,22168,132737,34629,18.27,70.03,11.7
2022,41550,안성시,Anseong-si,188842,21095,131463,36284,19.21,69.62,11.17
2023,41550,안성시,Anseong-si,189034,19914,130929,38191,20.2,69.26,10.53
2024,41550,안성시,Anseong-si,193949,19565,133546,40838,21.06,68.86,10.09
2008,41570,김포시,Gimpo-si,220418,42991,156337,21090,9.57,70.93,19.5
2009,41570,김포시,Gimpo-si,225805,42160,161217,22428,9.93,71.4,18.67
2010,41570,김포시,Gimpo-si,238339,42794,171399,24146,10.13,71.91,17.96
2011,41570,김포시,Gimpo-si,256994,45284,185284,26426,10.28,72.1,17.62
2012,41570,김포시,Gimpo-si,287432,51045,206979,29408,10.23,72.01,17.76
2013,41570,김포시,Gimpo-si,312305,55430,224333,32542,10.42,71.83,17.75
2014,41570,김포시,Gimpo-si,340310,61310,243294,35706,10.49,71.49,18.02
2015,41570,김포시,Gimpo-si,349990,62180,249771,38039,10.87,71.37,17.77
2016,41570,김포시,Gimpo-si,363443,63731,259207,40505,11.14,71.32,17.54
2017,41570,김포시,Gimpo-si,392092,69321,278160,44611,11.38,70.94,17.68
2018,41570,김포시,Gimpo-si,423170,74611,300027,48532,11.47,70.9,17.63
2019,41570,김포시,Gimpo-si,437221,75751,309192,52278,11.96,70.72,17.33
2020,41570,김포시,Gimpo-si,473970,81618,334228,58124,12.26,70.52,17.22
2021,41570,김포시,Gimpo-si,486508,81971,341757,62780,12.9,70.25,16.85
2022,41570,김포시,Gimpo-si,484267,78559,338850,66858,13.81,69.97,16.22
2023,41570,김포시,Gimpo-si,486172,75480,338990,71702,14.75,69.73,15.53
2024,41570,김포시,Gimpo-si,486853,72117,338082,76654,15.74,69.44,14.81
2008,41590,화성시,Hwaseong-si,449354,102419,312330,34605,7.7,69.51,22.79
2009,41590,화성시,Hwaseong-si,491528,111271,342997,37260,7.58,69.78,22.64
2010,41590,화성시,Hwaseong-si,505838,113173,354166,38499,7.61,70.02,22.37
2011,41590,화성시,Hwaseong-si,516765,114052,362574,40139,7.77,70.16,22.07
2012,41590,화성시,Hwaseong-si,525490,114316,369277,41897,7.97,70.27,21.75
2013,41590,화성시,Hwaseong-si,530251,112784,373645,43822,8.26,70.47,21.27
2014,41590,화성시,Hwaseong-si,540862,112107,382895,45860,8.48,70.79,20.73
2015,41590,화성시,Hwaseong-si,596525,122401,424707,49417,8.28,71.2,20.52
2016,41590,화성시,Hwaseong-si,640890,129404,458611,52875,8.25,71.56,20.19
2017,41590,화성시,Hwaseong-si,691086,136900,496133,58053,8.4,71.79,19.81
2018,41590,화성시,Hwaseong-si,758722,147599,547603,63520,8.37,72.17,19.45
2019,41590,화성시,Hwaseong-si,815396,155398,590564,69434,8.52,72.43,19.06
2020,41590,화성시,Hwaseong-si,855248,158200,620868,76180,8.91,72.6,18.5
2021,41590,화성시,Hwaseong-si,887015,157968,646577,82470,9.3,72.89,17.81
2022,41590,화성시,Hwaseong-si,910814,155477,666003,89334,9.81,73.12,17.07
2023,41590,화성시,Hwaseong-si,944342,155212,691787,97343,10.31,73.26,16.44
2024,41590,화성시,Hwaseong-si,968821,153665,709455,105701,10.91,73.23,15.86
2020,41592,화성시동부출장소,Hwaseong-si dongbu branch office,0,0,0,0,,,
2022,41592,화성시동부출장소,Hwaseong-si dongbu branch office,0,0,0,0,,,
2023,41592,화성시동부출장소,Hwaseong-si dongbu branch office,0,0,0,0,,,
2024,41592,화성시동부출장소,Hwaseong-si dongbu branch office,0,0,0,0,,,
2020,41594,화성시동탄출장소,Hwaseong-si dongtan branch office ,0,0,0,0,,,
2022,41594,화성시동탄출장소,Hwaseong-si dongtan branch office ,0,0,0,0,,,
2023,41594,화성시동탄출장소,Hwaseong-si dongtan branch office ,0,0,0,0,,,
2024,41594,화성시동탄출장소,Hwaseong-si dongtan branch office ,0,0,0,0,,,
2008,41610,광주시,Gwangju-si,234777,45092,169918,19767,8.42,72.37,19.21
2009,41610,광주시,Gwangju-si,238583,43882,173825,20876,8.75,72.86,18.39
2010,41610,광주시,Gwangju-si,249789,44068,183367,22354,8.95,73.41,17.64
2011,41610,광주시,Gwangju-si,265222,45549,195547,24126,9.1,73.73,17.17
2012,41610,광주시,Gwangju-si,275656,46210,203231,26215,9.51,73.73,16.76
2013,41610,광주시,Gwangju-si,286699,46749,211750,28200,9.84,73.86,16.31
2014,41610,광주시,Gwangju-si,298858,47483,220934,30441,10.19,73.93,15.89
2015,41610,광주시,Gwangju-si,312579,48181,231582,32816,10.5,74.09,15.41
2016,41610,광주시,Gwangju-si,327723,49121,243399,35203,10.74,74.27,14.99
2017,41610,광주시,Gwangju-si,345947,50873,255871,39203,11.33,73.96,14.71
2018,41610,광주시,Gwangju-si,363782,52525,268414,42843,11.78,73.78,14.44
2019,41610,광주시,Gwangju-si,372654,52511,273799,46344,12.44,73.47,14.09
2020,41610,광주시,Gwangju-si,382054,52244,278731,51079,13.37,72.96,13.67
2021,41610,광주시,Gwangju-si,387289,50862,281099,55328,14.29,72.58,13.13
2022,41610,광주시,Gwangju-si,391462,49763,282251,59448,15.19,72.1,12.71
2023,41610,광주시,Gwangju-si,391377,47968,279377,64032,16.36,71.38,12.26
2024,41610,광주시,Gwangju-si,397605,47600,280829,69176,17.4,70.63,11.97
2008,41630,양주시,Yangju-si,179914,35353,127317,17244,9.58,70.77,19.65
2009,41630,양주시,Yangju-si,182106,34827,129021,18258,10.03,70.85,19.12
2010,41630,양주시,Yangju-si,196706,36785,139959,19962,10.15,71.15,18.7
2011,41630,양주시,Yangju-si,200360,36213,142975,21172,10.57,71.36,18.07
2012,41630,양주시,Yangju-si,200310,35340,142632,22338,11.15,71.21,17.64
2013,41630,양주시,Yangju-si,199143,34040,141664,23439,11.77,71.14,17.09
2014,41630,양주시,Yangju-si,202072,33441,144024,24607,12.18,71.27,16.55
2015,41630,양주시,Yangju-si,205184,32715,146471,25998,12.67,71.39,15.94
2016,41630,양주시,Yangju-si,205513,31734,147071,26708,13.0,71.56,15.44
2017,41630,양주시,Yangju-si,212146,31706,151342,29098,13.72,71.34,14.95
2018,41630,양주시,Yangju-si,216951,31431,154399,31121,14.34,71.17,14.49
2019,41630,양주시,Yangju-si,222314,31327,157575,33412,15.03,70.88,14.09
2020,41630,양주시,Yangju-si,230359,31974,162140,36245,15.73,70.39,13.88
2021,41630,양주시,Yangju-si,236368,32048,165284,39036,16.51,69.93,13.56
2022,41630,양주시,Yangju-si,243432,32138,169408,41886,17.21,69.59,13.2
2023,41630,양주시,Yangju-si,268026,35438,186418,46170,17.23,69.55,13.22
2024,41630,양주시,Yangju-si,289005,37697,200692,50616,17.51,69.44,13.04
2008,41650,포천시,Pocheon-si,160176,27468,113629,19079,11.91,70.94,17.15
2009,41650,포천시,Pocheon-si,158931,25924,113376,19631,12.35,71.34,16.31
2010,41650,포천시,Pocheon-si,158658,24431,114011,20216,12.74,71.86,15.4
2011,41650,포천시,Pocheon-si,157967,23402,113674,20891,13.22,71.96,14.81
2012,41650,포천시,Pocheon-si,157559,22397,113409,21753,13.81,71.98,14.21
2013,41650,포천시,Pocheon-si,156603,21203,112859,22541,14.39,72.07,13.54
2014,41650,포천시,Pocheon-si,155798,20196,112323,23279,14.94,72.1,12.96
2015,41650,포천시,Pocheon-si,155192,19102,112198,23892,15.4,72.3,12.31
2016,41650,포천시,Pocheon-si,154763,18352,112119,24292,15.7,72.45,11.86
2017,41650,포천시,Pocheon-si,152925,17375,110099,25451,16.64,72.0,11.36
2018,41650,포천시,Pocheon-si,150676,16076,108294,26306,17.46,71.87,10.67
2019,41650,포천시,Pocheon-si,148379,15099,105665,27615,18.61,71.21,10.18
2020,41650,포천시,Pocheon-si,147274,14209,103751,29314,19.9,70.45,9.65
2021,41650,포천시,Pocheon-si,148939,13630,104229,31080,20.87,69.98,9.15
2022,41650,포천시,Pocheon-si,146701,12755,101083,32863,22.4,68.9,8.69
2023,41650,포천시,Pocheon-si,143323,11630,96830,34863,24.32,67.56,8.11
2024,41650,포천시,Pocheon-si,141463,10752,93469,37242,26.33,66.07,7.6
2013,41670,여주시,Yeoju-si,109343,15187,75929,18227,16.67,69.44,13.89
2014,41670,여주시,Yeoju-si,110386,14992,76720,18674,16.92,69.5,13.58
2015,41670,여주시,Yeoju-si,111033,14360,77440,19233,17.32,69.75,12.93
2016,41670,여주시,Yeoju-si,111563,13909,77876,19778,17.73,69.8,12.47
2017,41670,여주시,Yeoju-si,111984,13395,77506,21083,18.83,69.21,11.96
2018,41670,여주시,Yeoju-si,111525,12864,76702,21959,19.69,68.78,11.53
2019,41670,여주시,Yeoju-si,111083,12272,75743,23068,20.77,68.19,11.05
2020,41670,여주시,Yeoju-si,111897,12003,75419,24475,21.87,67.4,10.73
2021,41670,여주시,Yeoju-si,112150,11532,74764,25854,23.05,66.66,10.28
2022,41670,여주시,Yeoju-si,113150,11187,74694,27269,24.1,66.01,9.89
2023,41670,여주시,Yeoju-si,114412,10855,74662,28895,25.26,65.26,9.49
2024,41670,여주시,Yeoju-si,114610,10286,73789,30535,26.64,64.38,8.97
2008,41730,여주군,Yeoju-gun,107355,18016,74005,15334,14.28,68.93,16.78
2009,41730,여주군,Yeoju-gun,108088,17426,74812,15850,14.66,69.21,16.12
2010,41730,여주군,Yeoju-gun,109250,16820,75974,16456,15.06,69.54,15.4
2011,41730,여주군,Yeoju-gun,109120,16290,75957,16873,15.46,69.61,14.93
2012,41730,여주군,Yeoju-gun,109550,15834,76097,17619,16.08,69.46,14.45
2008,41800,연천군,Yeoncheon-gun,45495,6476,30805,8214,18.05,67.71,14.23
2009,41800,연천군,Yeoncheon-gun,45241,6171,30587,8483,18.75,67.61,13.64
2010,41800,연천군,Yeoncheon-gun,45177,5874,30499,8804,19.49,67.51,13.0
2011,41800,연천군,Yeoncheon-gun,44900,5705,30108,9087,20.24,67.06,12.71
2012,41800,연천군,Yeoncheon-gun,45599,5713,30539,9347,20.5,66.97,12.53
2013,41800,연천군,Yeoncheon-gun,45610,5578,30438,9594,21.03,66.74,12.23
2014,41800,연천군,Yeoncheon-gun,45363,5423,30053,9887,21.8,66.25,11.95
2015,41800,연천군,Yeoncheon-gun,45725,5258,30437,10030,21.94,66.57,11.5
2016,41800,연천군,Yeoncheon-gun,45907,5153,30592,10162,22.14,66.64,11.22
2017,41800,연천군,Yeoncheon-gun,45431,4988,30020,10423,22.94,66.08,10.98
2018,41800,연천군,Yeoncheon-gun,44633,4764,29258,10611,23.77,65.55,10.67
2019,41800,연천군,Yeoncheon-gun,43824,4403,28431,10990,25.08,64.88,10.05
2020,41800,연천군,Yeoncheon-gun,43516,4212,27814,11490,26.4,63.92,9.68
2021,41800,연천군,Yeoncheon-gun,42721,4023,26884,11814,27.65,62.93,9.42
2022,41800,연천군,Yeoncheon-gun,42062,3709,26034,12319,29.29,61.89,8.82
2023,41800,연천군,Yeoncheon-gun,41584,3456,25246,12882,30.98,60.71,8.31
2024,41800,연천군,Yeoncheon-gun,40866,3249,24185,13432,32.87,59.18,7.95
2008,41820,가평군,Gapyeong-gun,57108,8213,38701,10194,17.85,67.77,14.38
2009,41820,가평군,Gapyeong-gun,57564,7976,38998,10590,18.4,67.75,13.86
2010,41820,가평군,Gapyeong-gun,58890,7719,39948,11223,19.06,67.83,13.11
2011,41820,가평군,Gapyeong-gun,59358,7492,40335,11531,19.43,67.95,12.62
2012,41820,가평군,Gapyeong-gun,60794,7425,41293,12076,19.86,67.92,12.21
2013,41820,가평군,Gapyeong-gun,61017,7229,41270,12518,20.52,67.64,11.85
2014,41820,가평군,Gapyeong-gun,61213,6854,41485,12874,21.03,67.77,11.2
2015,41820,가평군,Gapyeong-gun,62008,6697,41961,13350,21.53,67.67,10.8
2016,41820,가평군,Gapyeong-gun,62448,6476,42403,13569,21.73,67.9,10.37
2017,41820,가평군,Gapyeong-gun,62973,6301,42401,14271,22.66,67.33,10.01
2018,41820,가평군,Gapyeong-gun,62918,6077,42039,14802,23.53,66.82,9.66
2019,41820,가평군,Gapyeong-gun,62415,5783,41209,15423,24.71,66.02,9.27
2020,41820,가평군,Gapyeong-gun,62377,5494,40559,16324,26.17,65.02,8.81
2021,41820,가평군,Gapyeong-gun,62264,5310,39919,17035,27.36,64.11,8.53
2022,41820,가평군,Gapyeong-gun,62150,5058,39251,17841,28.71,63.16,8.14
2023,41820,가평군,Gapyeong-gun,62302,4854,38735,18713,30.04,62.17,7.79
2024,41820,가평군,Gapyeong-gun,62527,4647,38049,19831,31.72,60.85,7.43
2008,41830,양평군,Yangpyeong-gun,89812,12335,61381,16096,17.92,68.34,13.73
2009,41830,양평군,Yangpyeong-gun,91450,12074,62612,16764,18.33,68.47,13.2
2010,41830,양평군,Yangpyeong-gun,95833,12230,65878,17725,18.5,68.74,12.76
2011,41830,양평군,Yangpyeong-gun,99430,12499,68219,18712,18.82,68.61,12.57
2012,41830,양평군,Yangpyeong-gun,102193,12765,69634,19794,19.37,68.14,12.49
2013,41830,양평군,Yangpyeong-gun,103620,12706,70290,20624,19.9,67.83,12.26
2014,41830,양평군,Yangpyeong-gun,105379,12709,71142,21528,20.43,67.51,12.06
2015,41830,양평군,Yangpyeong-gun,108316,12708,72936,22672,20.93,67.34,11.73
2016,41830,양평군,Yangpyeong-gun,111367,12832,74921,23614,21.2,67.27,11.52
2017,41830,양평군,Yangpyeong-gun,115105,12923,76598,25584,22.23,66.55,11.23
2018,41830,양평군,Yangpyeong-gun,116095,12751,76442,26902,23.17,65.84,10.98
2019,41830,양평군,Yangpyeong-gun,116874,12400,76026,28448,24.34,65.05,10.61
2020,41830,양평군,Yangpyeong-gun,118810,12210,76064,30536,25.7,64.02,10.28
2021,41830,양평군,Yangpyeong-gun,121230,12076,76779,32375,26.71,63.33,9.96
2022,41830,양평군,Yangpyeong-gun,122323,11671,76435,34217,27.97,62.49,9.54
2023,41830,양평군,Yangpyeong-gun,125238,11460,76954,36824,29.4,61.45,9.15
2024,41830,양평군,Yangpyeong-gun,126804,11046,76417,39341,31.03,60.26,8.71
2008,43110,청주시,Cheongju-si,638663,126160,464166,48337,7.57,72.68,19.75
2009,43110,청주시,Cheongju-si,643161,122734,470207,50220,7.81,73.11,19.08
2010,43110,청주시,Cheongju-si,655971,120405,482894,52672,8.03,73.62,18.36
2011,43110,청주시,Cheongju-si,661946,117251,489967,54728,8.27,74.02,17.71
2012,43110,청주시,Cheongju-si,666852,114544,494808,57500,8.62,74.2,17.18
2013,43110,청주시,Cheongju-si,672904,111993,500402,60509,8.99,74.36,16.64
2014,43110,청주시,Cheongju-si,831521,133755,611718,86048,10.35,73.57,16.09
2015,43110,청주시,Cheongju-si,831912,129189,614067,88656,10.66,73.81,15.53
2016,43110,청주시,Cheongju-si,835197,126704,616940,91553,10.96,73.87,15.17
2017,43110,청주시,Cheongju-si,835590,123785,615322,96483,11.55,73.64,14.81
2018,43110,청주시,Cheongju-si,837749,121089,615819,100841,12.04,73.51,14.45
2019,43110,청주시,Cheongju-si,839566,118420,614773,106373,12.67,73.23,14.1
2020,43110,청주시,Cheongju-si,844993,116625,615046,113322,13.41,72.79,13.8
2021,43110,청주시,Cheongju-si,848482,114114,614501,119867,14.13,72.42,13.45
2022,43110,청주시,Cheongju-si,849573,109902,612617,127054,14.96,72.11,12.94
2023,43110,청주시,Cheongju-si,852189,106650,611038,134501,15.78,71.7,12.51
2024,43110,청주시,Cheongju-si,854537,103611,608238,142688,16.7,71.18,12.12
2008,43111,상당구,Sangdang-gu,246344,46543,178434,21367,8.67,72.43,18.89
2009,43111,상당구,Sangdang-gu,243777,44213,177615,21949,9.0,72.86,18.14
2010,43111,상당구,Sangdang-gu,241589,41988,176964,22637,9.37,73.25,17.38
2011,43111,상당구,Sangdang-gu,241621,40498,177741,23382,9.68,73.56,16.76
2012,43111,상당구,Sangdang-gu,240433,38839,177179,24415,10.15,73.69,16.15
2013,43111,상당구,Sangdang-gu,246128,38978,181392,25758,10.47,73.7,15.84
2014,43111,상당구,Sangdang-gu,179792,26525,130723,22544,12.54,72.71,14.75
2015,43111,상당구,Sangdang-gu,176424,24906,128522,22996,13.03,72.85,14.12
2016,43111,상당구,Sangdang-gu,173701,23564,126561,23576,13.57,72.86,13.57
2017,43111,상당구,Sangdang-gu,171129,22701,123868,24560,14.35,72.38,13.27
2018,43111,상당구,Sangdang-gu,176818,23622,127318,25878,14.64,72.01,13.36
2019,43111,상당구,Sangdang-gu,178352,23431,127621,27300,15.31,71.56,13.14
2020,43111,상당구,Sangdang-gu,190034,25526,135128,29380,15.46,71.11,13.43
2021,43111,상당구,Sangdang-gu,193827,25720,136926,31181,16.09,70.64,13.27
2022,43111,상당구,Sangdang-gu,196425,25418,137814,33193,16.9,70.16,12.94
2023,43111,상당구,Sangdang-gu,200575,25467,139701,35407,17.65,69.65,12.7
2024,43111,상당구,Sangdang-gu,197952,24449,136308,37195,18.79,68.86,12.35
2014,43112,서원구,Seowon-gu,224727,35906,165941,22880,10.18,73.84,15.98
2015,43112,서원구,Seowon-gu,220045,33474,162969,23602,10.73,74.06,15.21
2016,43112,서원구,Seowon-gu,217120,31887,161046,24187,11.14,74.17,14.69
2017,43112,서원구,Seowon-gu,216782,30752,160372,25658,11.84,73.98,14.19
2018,43112,서원구,Seowon-gu,209404,28052,154737,26615,12.71,73.89,13.4
2019,43112,서원구,Seowon-gu,203209,25875,149404,27930,13.74,73.52,12.73
2020,43112,서원구,Seowon-gu,194720,23448,141796,29476,15.14,72.82,12.04
2021,43112,서원구,Seowon-gu,192899,22125,139736,31038,16.09,72.44,11.47
2022,43112,서원구,Seowon-gu,191273,20854,137774,32645,17.07,72.03,10.9
2023,43112,서원구,Seowon-gu,186302,19086,133039,34177,18.34,71.41,10.24
2024,43112,서원구,Seowon-gu,181621,17544,128146,35931,19.78,70.56,9.66
2008,43113,흥덕구,Heungdeok-gu,392319,79617,285732,26970,6.87,72.83,20.29
2009,43113,흥덕구,Heungdeok-gu,399384,78521,292592,28271,7.08,73.26,19.66
2010,43113,흥덕구,Heungdeok-gu,414382,78417,305930,30035,7.25,73.83,18.92
2011,43113,흥덕구,Heungdeok-gu,420325,76753,312226,31346,7.46,74.28,18.26
2012,43113,흥덕구,Heungdeok-gu,426419,75705,317629,33085,7.76,74.49,17.75
2013,43113,흥덕구,Heungdeok-gu,426776,73015,319010,34751,8.14,74.75,17.11
2014,43113,흥덕구,Heungdeok-gu,252027,41497,188740,21790,8.65,74.89,16.47
2015,43113,흥덕구,Heungdeok-gu,253426,39924,190960,22542,8.89,75.35,15.75
2016,43113,흥덕구,Heungdeok-gu,253563,38628,191476,23459,9.25,75.51,15.23
2017,43113,흥덕구,Heungdeok-gu,253912,37631,191495,24786,9.76,75.42,14.82
2018,43113,흥덕구,Heungdeok-gu,254302,36740,191688,25874,10.17,75.38,14.45
2019,43113,흥덕구,Heungdeok-gu,262137,37378,197065,27694,10.56,75.18,14.26
2020,43113,흥덕구,Heungdeok-gu,265866,37266,199026,29574,11.12,74.86,14.02
2021,43113,흥덕구,Heungdeok-gu,267429,36858,199140,31431,11.75,74.46,13.78
2022,43113,흥덕구,Heungdeok-gu,268051,35796,198734,33521,12.51,74.14,13.35
2023,43113,흥덕구,Heungdeok-gu,274594,35951,202759,35884,13.07,73.84,13.09
2024,43113,흥덕구,Heungdeok-gu,285838,36945,210044,38849,13.59,73.48,12.93
2014,43114,청원구,Cheongwon-gu,174975,29827,126314,18834,10.76,72.19,17.05
2015,43114,청원구,Cheongwon-gu,182017,30885,131616,19516,10.72,72.31,16.97
2016,43114,청원구,Cheongwon-gu,190813,32625,137857,20331,10.65,72.25,17.1
2017,43114,청원구,Cheongwon-gu,193767,32701,139587,21479,11.08,72.04,16.88
2018,43114,청원구,Cheongwon-gu,197225,32675,142076,22474,11.4,72.04,16.57
2019,43114,청원구,Cheongwon-gu,195868,31736,140683,23449,11.97,71.83,16.2
2020,43114,청원구,Cheongwon-gu,194373,30385,139096,24892,12.81,71.56,15.63
2021,43114,청원구,Cheongwon-gu,194327,29411,138699,26217,13.49,71.37,15.13
2022,43114,청원구,Cheongwon-gu,193824,27834,138295,27695,14.29,71.35,14.36
2023,43114,청원구,Cheongwon-gu,190718,26146,135539,29033,15.22,71.07,13.71
2024,43114,청원구,Cheongwon-gu,189126,24673,133740,30713,16.24,70.71,13.05
2008,43130,충주시,Chungju-si,206372,34527,143582,28263,13.7,69.57,16.73
2009,43130,충주시,Chungju-si,206613,33216,144202,29195,14.13,69.79,16.08
2010,43130,충주시,Chungju-si,208481,32103,146410,29968,14.37,70.23,15.4
2011,43130,충주시,Chungju-si,208433,30791,146978,30664,14.71,70.52,14.77
2012,43130,충주시,Chungju-si,208447,29698,147045,31704,15.21,70.54,14.25
2013,43130,충주시,Chungju-si,208115,28414,147176,32525,15.63,70.72,13.65
2014,43130,충주시,Chungju-si,208527,27439,147776,33312,15.97,70.87,13.16
2015,43130,충주시,Chungju-si,207913,26364,147601,33948,16.33,70.99,12.68
2016,43130,충주시,Chungju-si,208350,25581,147979,34790,16.7,71.02,12.28
2017,43130,충주시,Chungju-si,208316,24933,146680,36703,17.62,70.41,11.97
2018,43130,충주시,Chungju-si,210504,24805,147561,38138,18.12,70.1,11.78
2019,43130,충주시,Chungju-si,210737,24301,146625,39811,18.89,69.58,11.53
2020,43130,충주시,Chungju-si,210186,23720,144614,41852,19.91,68.8,11.29
2021,43130,충주시,Chungju-si,209358,23048,142515,43795,20.92,68.07,11.01
2022,43130,충주시,Chungju-si,208277,21988,140337,45952,22.06,67.38,10.56
2023,43130,충주시,Chungju-si,207778,21044,138712,48022,23.11,66.76,10.13
2024,43130,충주시,Chungju-si,207241,20173,136588,50480,24.36,65.91,9.73
2008,43150,제천시,Jecheon-si,135738,21775,94912,19051,14.04,69.92,16.04
2009,43150,제천시,Jecheon-si,135580,20908,95008,19664,14.5,70.08,15.42
2010,43150,제천시,Jecheon-si,137264,20392,96493,20379,14.85,70.3,14.86
2011,43150,제천시,Jecheon-si,137689,19688,97150,20851,15.14,70.56,14.3
2012,43150,제천시,Jecheon-si,137521,18898,96922,21701,15.78,70.48,13.74
2013,43150,제천시,Jecheon-si,137204,18058,96739,22407,16.33,70.51,13.16
2014,43150,제천시,Jecheon-si,136805,17399,96358,23048,16.85,70.43,12.72
2015,43150,제천시,Jecheon-si,136138,16570,95974,23594,17.33,70.5,12.17
2016,43150,제천시,Jecheon-si,136517,16065,96321,24131,17.68,70.56,11.77
2017,43150,제천시,Jecheon-si,136432,15701,95040,25691,18.83,69.66,11.51
2018,43150,제천시,Jecheon-si,135386,15385,93382,26619,19.66,68.97,11.36
2019,43150,제천시,Jecheon-si,134617,14812,92015,27790,20.64,68.35,11.0
2020,43150,제천시,Jecheon-si,133018,14252,89510,29256,21.99,67.29,10.71
2021,43150,제천시,Jecheon-si,131591,13689,87270,30632,23.28,66.32,10.4
2022,43150,제천시,Jecheon-si,130988,12933,85910,32145,24.54,65.59,9.87
2023,43150,제천시,Jecheon-si,130194,12263,84209,33722,25.9,64.68,9.42
2024,43150,제천시,Jecheon-si,128569,11636,81586,35347,27.49,63.46,9.05
2008,43710,청원군,Cheongwon-gun,148063,26090,100878,21095,14.25,68.13,17.62
2009,43710,청원군,Cheongwon-gun,149783,25901,102369,21513,14.36,68.34,17.29
2010,43710,청원군,Cheongwon-gun,152944,25835,105019,22090,14.44,68.67,16.89
2011,43710,청원군,Cheongwon-gun,158369,26649,109032,22688,14.33,68.85,16.83
2012,43710,청원군,Cheongwon-gun,154780,25831,106912,22037,14.24,69.07,16.69
2013,43710,청원군,Cheongwon-gun,155002,25488,106986,22528,14.53,69.02,16.44
2008,43720,보은군,Boeun-gun,35069,4166,21612,9291,26.49,61.63,11.88
2009,43720,보은군,Boeun-gun,34845,3986,21409,9450,27.12,61.44,11.44
2010,43720,보은군,Boeun-gun,34956,3795,21646,9515,27.22,61.92,10.86
2011,43720,보은군,Boeun-gun,34717,3618,21474,9625,27.72,61.85,10.42
2012,43720,보은군,Boeun-gun,34438,3486,21186,9766,28.36,61.52,10.12
2013,43720,보은군,Boeun-gun,34318,3310,21155,9853,28.71,61.64,9.65
2014,43720,보은군,Boeun-gun,34240,3158,21062,10020,29.26,61.51,9.22
2015,43720,보은군,Boeun-gun,34296,3082,21090,10124,29.52,61.49,8.99
2016,43720,보은군,Boeun-gun,34221,2981,21053,10187,29.77,61.52,8.71
2017,43720,보은군,Boeun-gun,34053,2891,20701,10461,30.72,60.79,8.49
2018,43720,보은군,Boeun-gun,33680,2783,20249,10648,31.62,60.12,8.26
2019,43720,보은군,Boeun-gun,32949,2554,19486,10909,33.11,59.14,7.75
2020,43720,보은군,Boeun-gun,32412,2432,18763,11217,34.61,57.89,7.5
2021,43720,보은군,Boeun-gun,31878,2302,18070,11506,36.09,56.68,7.22
2022,43720,보은군,Boeun-gun,31455,2176,17484,11795,37.5,55.58,6.92
2023,43720,보은군,Boeun-gun,31010,2033,16800,12177,39.27,54.18,6.56
2024,43720,보은군,Boeun-gun,30527,1890,16100,12537,41.07,52.74,6.19
2008,43730,옥천군,Okcheon-gun,54475,7585,35676,11214,20.59,65.49,13.92
2009,43730,옥천군,Okcheon-gun,54117,7280,35413,11424,21.11,65.44,13.45
2010,43730,옥천군,Okcheon-gun,54025,6939,35482,11604,21.48,65.68,12.84
2011,43730,옥천군,Okcheon-gun,53496,6626,35152,11718,21.9,65.71,12.39
2012,43730,옥천군,Okcheon-gun,53244,6308,34986,11950,22.44,65.71,11.85
2013,43730,옥천군,Okcheon-gun,52763,5945,34586,12232,23.18,65.55,11.27
2014,43730,옥천군,Okcheon-gun,52469,5694,34225,12550,23.92,65.23,10.85
2015,43730,옥천군,Okcheon-gun,52404,5469,34003,12932,24.68,64.89,10.44
2016,43730,옥천군,Okcheon-gun,52267,5288,33724,13255,25.36,64.52,10.12
2017,43730,옥천군,Okcheon-gun,51766,5061,32985,13720,26.5,63.72,9.78
2018,43730,옥천군,Okcheon-gun,51465,4828,32514,14123,27.44,63.18,9.38
2019,43730,옥천군,Okcheon-gun,51023,4634,31832,14557,28.53,62.39,9.08
2020,43730,옥천군,Okcheon-gun,50527,4472,30975,15080,29.85,61.3,8.85
2021,43730,옥천군,Okcheon-gun,50093,4301,30211,15581,31.1,60.31,8.59
2022,43730,옥천군,Okcheon-gun,49520,3944,29311,16265,32.85,59.19,7.96
2023,43730,옥천군,Okcheon-gun,48891,3676,28550,16665,34.09,58.4,7.52
2024,43730,옥천군,Okcheon-gun,48204,3421,27567,17216,35.71,57.19,7.1
2008,43740,영동군,Yeongdong-gun,50276,6374,32085,11817,23.5,63.82,12.68
2009,43740,영동군,Yeongdong-gun,50426,6089,32184,12153,24.1,63.82,12.08
2010,43740,영동군,Yeongdong-gun,50523,5853,32228,12442,24.63,63.79,11.58
2011,43740,영동군,Yeongdong-gun,50621,5727,32291,12603,24.9,63.79,11.31
2012,43740,영동군,Yeongdong-gun,50663,5581,32277,12805,25.27,63.71,11.02
2013,43740,영동군,Yeongdong-gun,50539,5351,32134,13054,25.83,63.58,10.59
2014,43740,영동군,Yeongdong-gun,50803,5083,32360,13360,26.3,63.7,10.01
2015,43740,영동군,Yeongdong-gun,50693,4781,32291,13621,26.87,63.7,9.43
2016,43740,영동군,Yeongdong-gun,50552,4543,32259,13750,27.2,63.81,8.99
2017,43740,영동군,Yeongdong-gun,50240,4422,31707,14111,28.09,63.11,8.8
2018,43740,영동군,Yeongdong-gun,49715,4292,31050,14373,28.91,62.46,8.63
2019,43740,영동군,Yeongdong-gun,48738,4102,30035,14601,29.96,61.63,8.42
2020,43740,영동군,Yeongdong-gun,47475,3869,28524,15082,31.77,60.08,8.15
2021,43740,영동군,Yeongdong-gun,45773,3602,26876,15295,33.41,58.72,7.87
2022,43740,영동군,Yeongdong-gun,44956,3278,25911,15767,35.07,57.64,7.29
2023,43740,영동군,Yeongdong-gun,44195,3028,25006,16161,36.57,56.58,6.85
2024,43740,영동군,Yeongdong-gun,43551,2778,24148,16625,38.17,55.45,6.38
2008,43745,증평군,Jeungpyeong-gun,32179,5955,22183,4041,12.56,68.94,18.51
2009,43745,증평군,Jeungpyeong-gun,33164,5867,23076,4221,12.73,69.58,17.69
2010,43745,증평군,Jeungpyeong-gun,33533,5727,23402,4404,13.13,69.79,17.08
2011,43745,증평군,Jeungpyeong-gun,34009,5705,23781,4523,13.3,69.93,16.77
2012,43745,증평군,Jeungpyeong-gun,34279,5654,23960,4665,13.61,69.9,16.49
2013,43745,증평군,Jeungpyeong-gun,34546,5614,24102,4830,13.98,69.77,16.25
2014,43745,증평군,Jeungpyeong-gun,34771,5473,24346,4952,14.24,70.02,15.74
2015,43745,증평군,Jeungpyeong-gun,36671,5686,25835,5150,14.04,70.45,15.51
2016,43745,증평군,Jeungpyeong-gun,37308,5723,26262,5323,14.27,70.39,15.34
2017,43745,증평군,Jeungpyeong-gun,37783,5702,26455,5626,14.89,70.02,15.09
2018,43745,증평군,Jeungpyeong-gun,37317,5470,26001,5846,15.67,69.68,14.66
2019,43745,증평군,Jeungpyeong-gun,37392,5297,25952,6143,16.43,69.41,14.17
2020,43745,증평군,Jeungpyeong-gun,36807,4963,25428,6416,17.43,69.08,13.48
2021,43745,증평군,Jeungpyeong-gun,36426,4740,24904,6782,18.62,68.37,13.01
2022,43745,증평군,Jeungpyeong-gun,37262,4587,25411,7264,19.49,68.2,12.31
2023,43745,증평군,Jeungpyeong-gun,37484,4416,25374,7694,20.53,67.69,11.78
2024,43745,증평군,Jeungpyeong-gun,37171,4227,24900,8044,21.64,66.99,11.37
2008,43750,진천군,Jincheon-gun,60715,10625,40939,9151,15.07,67.43,17.5
2009,43750,진천군,Jincheon-gun,61456,10469,41666,9321,15.17,67.8,17.03
2010,43750,진천군,Jincheon-gun,62094,10154,42355,9585,15.44,68.21,16.35
2011,43750,진천군,Jincheon-gun,63051,10070,43210,9771,15.5,68.53,15.97
2012,43750,진천군,Jincheon-gun,63458,9780,43698,9980,15.73,68.86,15.41
2013,43750,진천군,Jincheon-gun,64606,9595,44715,10296,15.94,69.21,14.85
2014,43750,진천군,Jincheon-gun,65174,9366,45160,10648,16.34,69.29,14.37
2015,43750,진천군,Jincheon-gun,67981,9768,47225,10988,16.16,69.47,14.37
2016,43750,진천군,Jincheon-gun,69950,9993,48651,11306,16.16,69.55,14.29
2017,43750,진천군,Jincheon-gun,73677,10516,51272,11889,16.14,69.59,14.27
2018,43750,진천군,Jincheon-gun,78218,11392,54431,12395,15.85,69.59,14.56
2019,43750,진천군,Jincheon-gun,81084,11712,56370,13002,16.04,69.52,14.44
2020,43750,진천군,Jincheon-gun,83718,11967,57989,13762,16.44,69.27,14.29
2021,43750,진천군,Jincheon-gun,85176,11796,58953,14427,16.94,69.21,13.85
2022,43750,진천군,Jincheon-gun,86147,11389,59472,15286,17.74,69.04,13.22
2023,43750,진천군,Jincheon-gun,86254,10899,59422,15933,18.47,68.89,12.64
2024,43750,진천군,Jincheon-gun,86537,10787,58983,16767,19.38,68.16,12.47
2008,43760,괴산군,Goesan-gun,36566,3713,22886,9967,27.26,62.59,10.15
2009,43760,괴산군,Goesan-gun,36775,3584,23009,10182,27.69,62.57,9.75
2010,43760,괴산군,Goesan-gun,36827,3389,23122,10316,28.01,62.79,9.2
2011,43760,괴산군,Goesan-gun,37333,3399,23513,10421,27.91,62.98,9.1
2012,43760,괴산군,Goesan-gun,37713,3362,23730,10621,28.16,62.92,8.91
2013,43760,괴산군,Goesan-gun,38059,3167,24051,10841,28.48,63.19,8.32
2014,43760,괴산군,Goesan-gun,38351,3034,24146,11171,29.13,62.96,7.91
2015,43760,괴산군,Goesan-gun,38787,2859,24474,11454,29.53,63.1,7.37
2016,43760,괴산군,Goesan-gun,38973,2741,24640,11592,29.74,63.22,7.03
2017,43760,괴산군,Goesan-gun,39054,2564,24592,11898,30.47,62.97,6.57
2018,43760,괴산군,Goesan-gun,39133,2464,24566,12103,30.93,62.78,6.3
2019,43760,괴산군,Goesan-gun,39163,2388,24248,12527,31.99,61.92,6.1
2020,43760,괴산군,Goesan-gun,39393,2333,23903,13157,33.4,60.68,5.92
2021,43760,괴산군,Goesan-gun,38122,2185,22375,13562,35.58,58.69,5.73
2022,43760,괴산군,Goesan-gun,37055,2113,20995,13947,37.64,56.66,5.7
2023,43760,괴산군,Goesan-gun,36590,2011,20103,14476,39.56,54.94,5.5
2024,43760,괴산군,Goesan-gun,36252,1876,19352,15024,41.44,53.38,5.17
2008,43770,음성군,Eumseong-gun,89542,15199,60753,13590,15.18,67.85,16.97
2009,43770,음성군,Eumseong-gun,89716,14699,61136,13881,15.47,68.14,16.38
2010,43770,음성군,Eumseong-gun,91093,14108,62525,14460,15.87,68.64,15.49
2011,43770,음성군,Eumseong-gun,91644,13617,63262,14765,16.11,69.03,14.86
2012,43770,음성군,Eumseong-gun,92980,13347,64390,15243,16.39,69.25,14.35
2013,43770,음성군,Eumseong-gun,93505,13021,64866,15618,16.7,69.37,13.93
2014,43770,음성군,Eumseong-gun,95324,12988,66253,16083,16.87,69.5,13.63
2015,43770,음성군,Eumseong-gun,96396,12474,67405,16517,17.13,69.93,12.94
2016,43770,음성군,Eumseong-gun,97787,12249,68632,16906,17.29,70.19,12.53
2017,43770,음성군,Eumseong-gun,97306,11778,67843,17685,18.17,69.72,12.1
2018,43770,음성군,Eumseong-gun,95830,10854,66673,18303,19.1,69.57,11.33
2019,43770,음성군,Eumseong-gun,94982,10272,65643,19067,20.07,69.11,10.81
2020,43770,음성군,Eumseong-gun,93153,9552,63623,19978,21.45,68.3,10.25
2021,43770,음성군,Eumseong-gun,92197,9066,62348,20783,22.54,67.62,9.83
2022,43770,음성군,Eumseong-gun,92058,8651,61599,21808,23.69,66.91,9.4
2023,43770,음성군,Eumseong-gun,91183,8142,60218,22823,25.03,66.04,8.93
2024,43770,음성군,Eumseong-gun,91236,7634,59634,23968,26.27,65.36,8.37
2008,43800,단양군,Danyang-gun,31929,4126,21078,6725,21.06,66.02,12.92
2009,43800,단양군,Danyang-gun,31842,3958,20993,6891,21.64,65.93,12.43
2010,43800,단양군,Danyang-gun,31817,3706,21076,7035,22.11,66.24,11.65
2011,43800,단양군,Danyang-gun,31595,3506,20973,7116,22.52,66.38,11.1
2012,43800,단양군,Danyang-gun,31253,3314,20666,7273,23.27,66.12,10.6
2013,43800,단양군,Danyang-gun,31171,3128,20548,7495,24.04,65.92,10.03
2014,43800,단양군,Danyang-gun,30948,2984,20256,7708,24.91,65.45,9.64
2015,43800,단양군,Danyang-gun,30761,2838,20094,7829,25.45,65.32,9.23
2016,43800,단양군,Danyang-gun,30503,2651,19955,7897,25.89,65.42,8.69
2017,43800,단양군,Danyang-gun,30215,2487,19561,8167,27.03,64.74,8.23
2018,43800,단양군,Danyang-gun,30255,2397,19484,8374,27.68,64.4,7.92
2019,43800,단양군,Danyang-gun,29756,2249,18862,8645,29.05,63.39,7.56
2020,43800,단양군,Danyang-gun,29155,2110,18019,9026,30.96,61.8,7.24
2021,43800,단양군,Danyang-gun,28331,1962,17083,9286,32.78,60.3,6.93
2022,43800,단양군,Danyang-gun,27767,1785,16326,9656,34.78,58.8,6.43
2023,43800,단양군,Danyang-gun,27701,1710,15928,10063,36.33,57.5,6.17
2024,43800,단양군,Danyang-gun,27352,1601,15260,10491,38.36,55.79,5.85
2008,44130,천안시,Cheonan-si,537698,111175,385610,40913,7.61,71.71,20.68
2009,44130,천안시,Cheonan-si,540832,106964,391347,42521,7.86,72.36,19.78
2010,44130,천안시,Cheonan-si,557673,105960,407363,44350,7.95,73.05,19.0
2011,44130,천안시,Cheonan-si,571377,105548,419773,46056,8.06,73.47,18.47
2012,44130,천안시,Cheonan-si,581988,104481,429352,48155,8.27,73.77,17.95
2013,44130,천안시,Cheonan-si,591089,102365,438250,50474,8.54,74.14,17.32
2014,44130,천안시,Cheonan-si,598346,100245,445491,52610,8.79,74.45,16.75
2015,44130,천안시,Cheonan-si,605776,98329,452612,54835,9.05,74.72,16.23
2016,44130,천안시,Cheonan-si,617955,98273,462681,57001,9.22,74.87,15.9
2017,44130,천안시,Cheonan-si,631531,98726,472243,60562,9.59,74.78,15.63
2018,44130,천안시,Cheonan-si,646075,99502,483047,63526,9.83,74.77,15.4
2019,44130,천안시,Cheonan-si,652258,97847,487234,67177,10.3,74.7,15.0
2020,44130,천안시,Cheonan-si,658808,96227,490430,72151,10.95,74.44,14.61
2021,44130,천안시,Cheonan-si,658486,93400,488996,76090,11.56,74.26,14.18
2022,44130,천안시,Cheonan-si,657559,88900,487893,80766,12.28,74.2,13.52
2023,44130,천안시,Cheonan-si,655959,84147,485937,85875,13.09,74.08,12.83
2024,44130,천안시,Cheonan-si,659920,80998,486444,92478,14.01,73.71,12.27
2008,44131,동남구,Dongnam-gu,235270,43791,169607,21872,9.3,72.09,18.61
2009,44131,동남구,Dongnam-gu,237854,42891,172214,22749,9.56,72.4,18.03
2010,44131,동남구,Dongnam-gu,247323,43279,180150,23894,9.66,72.84,17.5
2011,44131,동남구,Dongnam-gu,252942,43587,184638,24717,9.77,73.0,17.23
2012,44131,동남구,Dongnam-gu,257908,43643,188366,25899,10.04,73.04,16.92
2013,44131,동남구,Dongnam-gu,260575,42800,190626,27149,10.42,73.16,16.43
2014,44131,동남구,Dongnam-gu,261768,41663,191829,28276,10.8,73.28,15.92
2015,44131,동남구,Dongnam-gu,261474,40166,191929,29379,11.24,73.4,15.36
2016,44131,동남구,Dongnam-gu,258919,38407,190325,30187,11.66,73.51,14.83
2017,44131,동남구,Dongnam-gu,255878,36414,187714,31750,12.41,73.36,14.23
2018,44131,동남구,Dongnam-gu,257978,35502,189329,33147,12.85,73.39,13.76
2019,44131,동남구,Dongnam-gu,259411,34717,189789,34905,13.46,73.16,13.38
2020,44131,동남구,Dongnam-gu,258009,33379,187394,37236,14.43,72.63,12.94
2021,44131,동남구,Dongnam-gu,255292,31785,184474,39033,15.29,72.26,12.45
2022,44131,동남구,Dongnam-gu,255647,30163,184285,41199,16.12,72.09,11.8
2023,44131,동남구,Dongnam-gu,256691,28702,184381,43608,16.99,71.83,11.18
2024,44131,동남구,Dongnam-gu,261172,27899,186462,46811,17.92,71.39,10.68
2008,44133,서북구,Sebuk-gu,302428,67384,216003,19041,6.3,71.42,22.28
2009,44133,서북구,Sebuk-gu,302978,64073,219133,19772,6.53,72.33,21.15
2010,44133,서북구,Sebuk-gu,310350,62681,227213,20456,6.59,73.21,20.2
2011,44133,서북구,Sebuk-gu,318435,61961,235135,21339,6.7,73.84,19.46
2012,44133,서북구,Sebuk-gu,324080,60838,240986,22256,6.87,74.36,18.77
2013,44133,서북구,Sebuk-gu,330514,59565,247624,23325,7.06,74.92,18.02
2014,44133,서북구,Sebuk-gu,336578,58582,253662,24334,7.23,75.36,17.41
2015,44133,서북구,Sebuk-gu,344302,58163,260683,25456,7.39,75.71,16.89
2016,44133,서북구,Sebuk-gu,359036,59866,272356,26814,7.47,75.86,16.67
2017,44133,서북구,Sebuk-gu,375653,62312,284529,28812,7.67,75.74,16.59
2018,44133,서북구,Sebuk-gu,388097,64000,293718,30379,7.83,75.68,16.49
2019,44133,서북구,Sebuk-gu,392847,63130,297445,32272,8.21,75.72,16.07
2020,44133,서북구,Sebuk-gu,400799,62848,303036,34915,8.71,75.61,15.68
2021,44133,서북구,Sebuk-gu,403194,61615,304522,37057,9.19,75.53,15.28
2022,44133,서북구,Sebuk-gu,401912,58737,303608,39567,9.84,75.54,14.61
2023,44133,서북구,Sebuk-gu,399268,55445,301556,42267,10.59,75.53,13.89
2024,44133,서북구,Sebuk-gu,398748,53099,299982,45667,11.45,75.23,13.32
2008,44150,공주시,Gongju-si,125143,18427,85040,21676,17.32,67.95,14.72
2009,44150,공주시,Gongju-si,124172,17564,84405,22203,17.88,67.97,14.14
2010,44150,공주시,Gongju-si,124930,16959,85423,22548,18.05,68.38,13.57
2011,44150,공주시,Gongju-si,124748,16354,85620,22774,18.26,68.63,13.11
2012,44150,공주시,Gongju-si,117298,14809,80595,21894,18.67,68.71,12.63
2013,44150,공주시,Gongju-si,116369,14174,79721,22474,19.31,68.51,12.18
2014,44150,공주시,Gongju-si,113621,13112,77417,23092,20.32,68.14,11.54
2015,44150,공주시,Gongju-si,111261,12042,75440,23779,21.37,67.8,10.82
2016,44150,공주시,Gongju-si,109931,11455,74263,24213,22.03,67.55,10.42
2017,44150,공주시,Gongju-si,108432,10824,72600,25008,23.06,66.95,9.98
2018,44150,공주시,Gongju-si,107581,10368,71667,25546,23.75,66.62,9.64
2019,44150,공주시,Gongju-si,106474,10050,69976,26448,24.84,65.72,9.44
2020,44150,공주시,Gongju-si,104545,9598,67272,27675,26.47,64.35,9.18
2021,44150,공주시,Gongju-si,103145,9075,65592,28478,27.61,63.59,8.8
2022,44150,공주시,Gongju-si,102571,8524,64595,29452,28.71,62.98,8.31
2023,44150,공주시,Gongju-si,102104,8057,63547,30500,29.87,62.24,7.89
2024,44150,공주시,Gongju-si,101285,7555,62008,31722,31.32,61.22,7.46
2008,44180,보령시,Boryeong-si,106885,16484,71993,18408,17.22,67.36,15.42
2009,44180,보령시,Boryeong-si,106754,15851,72045,18858,17.66,67.49,14.85
2010,44180,보령시,Boryeong-si,107346,15260,72732,19354,18.03,67.75,14.22
2011,44180,보령시,Boryeong-si,106421,14589,72076,19756,18.56,67.73,13.71
2012,44180,보령시,Boryeong-si,105559,13941,71165,20453,19.38,67.42,13.21
2013,44180,보령시,Boryeong-si,104938,13349,70450,21139,20.14,67.13,12.72
2014,44180,보령시,Boryeong-si,104321,12847,69657,21817,20.91,66.77,12.31
2015,44180,보령시,Boryeong-si,104754,12383,69911,22460,21.44,66.74,11.82
2016,44180,보령시,Boryeong-si,103873,11841,69064,22968,22.11,66.49,11.4
2017,44180,보령시,Boryeong-si,103198,11481,68095,23622,22.89,65.98,11.13
2018,44180,보령시,Boryeong-si,101990,10979,66895,24116,23.65,65.59,10.76
2019,44180,보령시,Boryeong-si,101114,10508,65618,24988,24.71,64.9,10.39
2020,44180,보령시,Boryeong-si,100229,10113,63905,26211,26.15,63.76,10.09
2021,44180,보령시,Boryeong-si,98408,9602,61955,26851,27.29,62.96,9.76
2022,44180,보령시,Boryeong-si,97157,9069,60347,27741,28.55,62.11,9.33
2023,44180,보령시,Boryeong-si,95772,8525,58722,28525,29.78,61.31,8.9
2024,44180,보령시,Boryeong-si,93780,7936,56383,29461,31.42,60.12,8.46
2008,44200,아산시,Asan-si,240942,47011,168272,25659,10.65,69.84,19.51
2009,44200,아산시,Asan-si,256449,50612,179077,26760,10.43,69.83,19.74
2010,44200,아산시,Asan-si,265191,51594,185833,27764,10.47,70.08,19.46
2011,44200,아산시,Asan-si,274523,52749,192884,28890,10.52,70.26,19.21
2012,44200,아산시,Asan-si,280490,53273,197138,30079,10.72,70.28,18.99
2013,44200,아산시,Asan-si,287073,53851,201848,31374,10.93,70.31,18.76
2014,44200,아산시,Asan-si,293954,54512,206861,32581,11.08,70.37,18.54
2015,44200,아산시,Asan-si,297737,54249,209626,33862,11.37,70.41,18.22
2016,44200,아산시,Asan-si,302929,54378,213484,35067,11.58,70.47,17.95
2017,44200,아산시,Asan-si,311453,55127,219357,36969,11.87,70.43,17.7
2018,44200,아산시,Asan-si,312822,53833,220783,38206,12.21,70.58,17.21
2019,44200,아산시,Asan-si,314395,52651,221699,40045,12.74,70.52,16.75
2020,44200,아산시,Asan-si,316129,51335,222439,42355,13.4,70.36,16.24
2021,44200,아산시,Asan-si,324580,50748,229230,44602,13.74,70.62,15.63
2022,44200,아산시,Asan-si,334539,51007,236520,47012,14.05,70.7,15.25
2023,44200,아산시,Asan-si,345796,51289,244830,49677,14.37,70.8,14.83
2024,44200,아산시,Asan-si,355014,50905,251186,52923,14.91,70.75,14.34
2008,44210,서산시,Seosan-si,156867,29574,105523,21770,13.88,67.27,18.85
2009,44210,서산시,Seosan-si,158886,29255,107207,22424,14.11,67.47,18.41
2010,44210,서산시,Seosan-si,160468,28645,108965,22858,14.24,67.9,17.85
2011,44210,서산시,Seosan-si,161489,27908,110168,23413,14.5,68.22,17.28
2012,44210,서산시,Seosan-si,163315,27546,111574,24195,14.81,68.32,16.87
2013,44210,서산시,Seosan-si,165837,27274,113448,25115,15.14,68.41,16.45
2014,44210,서산시,Seosan-si,167611,26800,114624,26187,15.62,68.39,15.99
2015,44210,서산시,Seosan-si,170099,26241,116710,27148,15.96,68.61,15.43
2016,44210,서산시,Seosan-si,170788,25561,117197,28030,16.41,68.62,14.97
2017,44210,서산시,Seosan-si,171678,25181,117485,29012,16.9,68.43,14.67
2018,44210,서산시,Seosan-si,174162,25018,119266,29878,17.16,68.48,14.36
2019,44210,서산시,Seosan-si,174690,24526,119063,31101,17.8,68.16,14.04
2020,44210,서산시,Seosan-si,175591,24148,119007,32436,18.47,67.78,13.75
2021,44210,서산시,Seosan-si,176645,23647,119164,33834,19.15,67.46,13.39
2022,44210,서산시,Seosan-si,176413,22688,118402,35323,20.02,67.12,12.86
2023,44210,서산시,Seosan-si,176011,21522,117667,36822,20.92,66.85,12.23
2024,44210,서산시,Seosan-si,174445,20210,115624,38611,22.13,66.28,11.59
2008,44230,논산시,Nonsan-si,127797,19032,84882,23883,18.69,66.42,14.89
2009,44230,논산시,Nonsan-si,127097,18336,84402,24359,19.17,66.41,14.43
2010,44230,논산시,Nonsan-si,127507,17602,85027,24878,19.51,66.68,13.8
2011,44230,논산시,Nonsan-si,127533,16873,85600,25060,19.65,67.12,13.23
2012,44230,논산시,Nonsan-si,126653,16241,84684,25728,20.31,66.86,12.82
2013,44230,논산시,Nonsan-si,125844,15557,83924,26363,20.95,66.69,12.36
2014,44230,논산시,Nonsan-si,124784,14903,82884,26997,21.63,66.42,11.94
2015,44230,논산시,Nonsan-si,124232,14302,82322,27608,22.22,66.26,11.51
2016,44230,논산시,Nonsan-si,123213,13777,81379,28057,22.77,66.05,11.18
2017,44230,논산시,Nonsan-si,122240,13520,80090,28630,23.42,65.52,11.06
2018,44230,논산시,Nonsan-si,120230,12952,78117,29161,24.25,64.97,10.77
2019,44230,논산시,Nonsan-si,118842,12456,76280,30106,25.33,64.19,10.48
2020,44230,논산시,Nonsan-si,116675,11928,73652,31095,26.65,63.13,10.22
2021,44230,논산시,Nonsan-si,114483,11359,71341,31783,27.76,62.32,9.92
2022,44230,논산시,Nonsan-si,112617,10613,69388,32616,28.96,61.61,9.42
2023,44230,논산시,Nonsan-si,110423,9826,67139,33458,30.3,60.8,8.9
2024,44230,논산시,Nonsan-si,108529,9244,64694,34591,31.87,59.61,8.52
2008,44250,계룡시,Gyeryong-si,41411,9774,28865,2772,6.69,69.7,23.6
2009,44250,계룡시,Gyeryong-si,42760,9805,30038,2917,6.82,70.25,22.93
2010,44250,계룡시,Gyeryong-si,43088,9558,30475,3055,7.09,70.73,22.18
2011,44250,계룡시,Gyeryong-si,42942,9265,30526,3151,7.34,71.09,21.58
2012,44250,계룡시,Gyeryong-si,41550,8542,29805,3203,7.71,71.73,20.56
2013,44250,계룡시,Gyeryong-si,40957,8152,29513,3292,8.04,72.06,19.9
2014,44250,계룡시,Gyeryong-si,40552,7802,29304,3446,8.5,72.26,19.24
2015,44250,계룡시,Gyeryong-si,41730,7808,30327,3595,8.61,72.67,18.71
2016,44250,계룡시,Gyeryong-si,42634,7817,30970,3847,9.02,72.64,18.34
2017,44250,계룡시,Gyeryong-si,43967,7953,31839,4175,9.5,72.42,18.09
2018,44250,계룡시,Gyeryong-si,43731,7664,31621,4446,10.17,72.31,17.53
2019,44250,계룡시,Gyeryong-si,42971,7214,30993,4764,11.09,72.13,16.79
2020,44250,계룡시,Gyeryong-si,42822,6874,30807,5141,12.01,71.94,16.05
2021,44250,계룡시,Gyeryong-si,43331,6709,31116,5506,12.71,71.81,15.48
2022,44250,계룡시,Gyeryong-si,44475,6606,31895,5974,13.43,71.71,14.85
2023,44250,계룡시,Gyeryong-si,46667,6741,33374,6552,14.04,71.52,14.44
2024,44250,계룡시,Gyeryong-si,46540,6436,33098,7006,15.05,71.12,13.83
2012,44270,당진시,Dangjin-si,155104,24897,105879,24328,15.68,68.26,16.05
2013,44270,당진시,Dangjin-si,159615,25623,108852,25140,15.75,68.2,16.05
2014,44270,당진시,Dangjin-si,162844,25880,110989,25975,15.95,68.16,15.89
2015,44270,당진시,Dangjin-si,165122,25849,112420,26853,16.26,68.08,15.65
2016,44270,당진시,Dangjin-si,166630,25674,113511,27445,16.47,68.12,15.41
2017,44270,당진시,Dangjin-si,167439,25500,113553,28386,16.95,67.82,15.23
2018,44270,당진시,Dangjin-si,167770,25266,113518,28986,17.28,67.66,15.06
2019,44270,당진시,Dangjin-si,167042,24655,112454,29933,17.92,67.32,14.76
2020,44270,당진시,Dangjin-si,166249,23927,110991,31331,18.85,66.76,14.39
2021,44270,당진시,Dangjin-si,167092,23221,111354,32517,19.46,66.64,13.9
2022,44270,당진시,Dangjin-si,168253,22411,111927,33915,20.16,66.52,13.32
2023,44270,당진시,Dangjin-si,170302,21852,113179,35271,20.71,66.46,12.83
2024,44270,당진시,Dangjin-si,171931,21290,113755,36886,21.45,66.16,12.38
2008,44710,금산군,Geumsan-gun,56740,7467,36631,12642,22.28,64.56,13.16
2009,44710,금산군,Geumsan-gun,56220,7150,36312,12758,22.69,64.59,12.72
2010,44710,금산군,Geumsan-gun,56555,7091,36528,12936,22.87,64.59,12.54
2011,44710,금산군,Geumsan-gun,56030,6899,36092,13039,23.27,64.42,12.31
2012,44710,금산군,Geumsan-gun,55715,6613,35745,13357,23.97,64.16,11.87
2013,44710,금산군,Geumsan-gun,55441,6408,35363,13670,24.66,63.78,11.56
2014,44710,금산군,Geumsan-gun,55166,6058,35089,14019,25.41,63.61,10.98
2015,44710,금산군,Geumsan-gun,54879,5776,34776,14327,26.11,63.37,10.52
2016,44710,금산군,Geumsan-gun,54612,5533,34473,14606,26.75,63.12,10.13
2017,44710,금산군,Geumsan-gun,53894,5328,33584,14982,27.8,62.31,9.89
2018,44710,금산군,Geumsan-gun,53222,5130,32911,15181,28.52,61.84,9.64
2019,44710,금산군,Geumsan-gun,52257,4918,31726,15613,29.88,60.71,9.41
2020,44710,금산군,Geumsan-gun,51413,4686,30652,16075,31.27,59.62,9.11
2021,44710,금산군,Geumsan-gun,50477,4389,29581,16507,32.7,58.6,8.7
2022,44710,금산군,Geumsan-gun,50092,4024,28991,17077,34.09,57.88,8.03
2023,44710,금산군,Geumsan-gun,50093,3825,28689,17579,35.09,57.27,7.64
2024,44710,금산군,Geumsan-gun,49615,3557,28046,18012,36.3,56.53,7.17
2008,44730,연기군,Yeongi-gun,78645,12503,53358,12784,16.26,67.85,15.9
2009,44730,연기군,Yeongi-gun,79482,12491,54021,12970,16.32,67.97,15.72
2010,44730,연기군,Yeongi-gun,81871,12438,56055,13378,16.34,68.47,15.19
2011,44730,연기군,Yeongi-gun,82890,12327,56943,13620,16.43,68.7,14.87
2008,44760,부여군,Buyeo-gun,76687,9996,48314,18377,23.96,63.0,13.03
2009,44760,부여군,Buyeo-gun,75564,9388,47576,18600,24.61,62.96,12.42
2010,44760,부여군,Buyeo-gun,75029,8761,47407,18861,25.14,63.18,11.68
2011,44760,부여군,Buyeo-gun,74004,8252,46814,18938,25.59,63.26,11.15
2012,44760,부여군,Buyeo-gun,73259,7807,46238,19214,26.23,63.12,10.66
2013,44760,부여군,Buyeo-gun,72547,7404,45611,19532,26.92,62.87,10.21
2014,44760,부여군,Buyeo-gun,71754,6985,44691,20078,27.98,62.28,9.73
2015,44760,부여군,Buyeo-gun,71143,6598,44015,20530,28.86,61.87,9.27
2016,44760,부여군,Buyeo-gun,70187,6221,43194,20772,29.6,61.54,8.86
2017,44760,부여군,Buyeo-gun,69086,5902,41975,21209,30.7,60.76,8.54
2018,44760,부여군,Buyeo-gun,68078,5612,40958,21508,31.59,60.16,8.24
2019,44760,부여군,Buyeo-gun,66740,5367,39322,22051,33.04,58.92,8.04
2020,44760,부여군,Buyeo-gun,65354,5026,37645,22683,34.71,57.6,7.69
2021,44760,부여군,Buyeo-gun,63774,4696,35879,23199,36.38,56.26,7.36
2022,44760,부여군,Buyeo-gun,62343,4393,34293,23657,37.95,55.01,7.05
2023,44760,부여군,Buyeo-gun,61046,4058,32956,24032,39.37,53.99,6.65
2024,44760,부여군,Buyeo-gun,59550,3754,31290,24506,41.15,52.54,6.3
2008,44770,서천군,Seocheon-gun,60507,7424,37795,15288,25.27,62.46,12.27
2009,44770,서천군,Seocheon-gun,60066,7040,37440,15586,25.95,62.33,11.72
2010,44770,서천군,Seocheon-gun,60085,6672,37574,15839,26.36,62.53,11.1
2011,44770,서천군,Seocheon-gun,59541,6371,37162,16008,26.89,62.41,10.7
2012,44770,서천군,Seocheon-gun,58920,6017,36412,16491,27.99,61.8,10.21
2013,44770,서천군,Seocheon-gun,58441,5681,35849,16911,28.94,61.34,9.72
2014,44770,서천군,Seocheon-gun,57713,5373,35148,17192,29.79,60.9,9.31
2015,44770,서천군,Seocheon-gun,56910,5107,34350,17453,30.67,60.36,8.97
2016,44770,서천군,Seocheon-gun,56012,4765,33663,17584,31.39,60.1,8.51
2017,44770,서천군,Seocheon-gun,55175,4573,32671,17931,32.5,59.21,8.29
2018,44770,서천군,Seocheon-gun,53922,4287,31587,18048,33.47,58.58,7.95
2019,44770,서천군,Seocheon-gun,52805,4078,30310,18417,34.88,57.4,7.72
2020,44770,서천군,Seocheon-gun,51866,3856,29022,18988,36.61,55.96,7.43
2021,44770,서천군,Seocheon-gun,50745,3676,27754,19315,38.06,54.69,7.24
2022,44770,서천군,Seocheon-gun,49964,3519,26853,19592,39.21,53.74,7.04
2023,44770,서천군,Seocheon-gun,49116,3263,25911,19942,40.6,52.75,6.64
2024,44770,서천군,Seocheon-gun,48204,3001,24915,20288,42.09,51.69,6.23
2008,44790,청양군,Cheongyang-gun,33062,3913,20106,9043,27.35,60.81,11.84
2009,44790,청양군,Cheongyang-gun,32613,3671,19774,9168,28.11,60.63,11.26
2010,44790,청양군,Cheongyang-gun,32541,3488,19812,9241,28.4,60.88,10.72
2011,44790,청양군,Cheongyang-gun,32291,3305,19632,9354,28.97,60.8,10.24
2012,44790,청양군,Cheongyang-gun,32087,3145,19461,9481,29.55,60.65,9.8
2013,44790,청양군,Cheongyang-gun,32155,3053,19398,9704,30.18,60.33,9.49
2014,44790,청양군,Cheongyang-gun,32248,2930,19342,9976,30.94,59.98,9.09
2015,44790,청양군,Cheongyang-gun,32485,2796,19510,10179,31.33,60.06,8.61
2016,44790,청양군,Cheongyang-gun,32753,2633,19791,10329,31.54,60.42,8.04
2017,44790,청양군,Cheongyang-gun,32837,2509,19870,10458,31.85,60.51,7.64
2018,44790,청양군,Cheongyang-gun,32296,2363,19417,10516,32.56,60.12,7.32
2019,44790,청양군,Cheongyang-gun,31717,2204,18751,10762,33.93,59.12,6.95
2020,44790,청양군,Cheongyang-gun,30948,2129,17760,11059,35.73,57.39,6.88
2021,44790,청양군,Cheongyang-gun,30440,2056,17092,11292,37.1,56.15,6.75
2022,44790,청양군,Cheongyang-gun,30266,1939,16821,11506,38.02,55.58,6.41
2023,44790,청양군,Cheongyang-gun,30168,1826,16547,11795,39.1,54.85,6.05
2024,44790,청양군,Cheongyang-gun,29658,1701,15875,12082,40.74,53.53,5.74
2008,44800,홍성군,Hongseong-gun,88176,13000,57831,17345,19.67,65.59,14.74
2009,44800,홍성군,Hongseong-gun,87631,12583,57319,17729,20.23,65.41,14.36
2010,44800,홍성군,Hongseong-gun,88078,12199,57876,18003,20.44,65.71,13.85
2011,44800,홍성군,Hongseong-gun,88108,11832,57961,18315,20.79,65.78,13.43
2012,44800,홍성군,Hongseong-gun,88415,11595,58085,18735,21.19,65.7,13.11
2013,44800,홍성군,Hongseong-gun,89704,11646,58752,19306,21.52,65.5,12.98
2014,44800,홍성군,Hongseong-gun,91866,11900,59960,20006,21.78,65.27,12.95
2015,44800,홍성군,Hongseong-gun,94553,12225,61703,20625,21.81,65.26,12.93
2016,44800,홍성군,Hongseong-gun,99971,13325,65331,21315,21.32,65.35,13.33
2017,44800,홍성군,Hongseong-gun,101570,13499,66176,21895,21.56,65.15,13.29
2018,44800,홍성군,Hongseong-gun,101082,13165,65554,22363,22.12,64.85,13.02
2019,44800,홍성군,Hongseong-gun,100423,12688,64744,22991,22.89,64.47,12.63
2020,44800,홍성군,Hongseong-gun,100102,12526,63571,24005,23.98,63.51,12.51
2021,44800,홍성군,Hongseong-gun,99324,12218,62503,24603,24.77,62.93,12.3
2022,44800,홍성군,Hongseong-gun,98068,11473,61361,25234,25.73,62.57,11.7
2023,44800,홍성군,Hongseong-gun,97524,10911,60619,25994,26.65,62.16,11.19
2024,44800,홍성군,Hongseong-gun,99198,10759,61362,27077,27.3,61.86,10.85
2008,44810,예산군,Yesan-gun,88144,11676,57893,18575,21.07,65.68,13.25
2009,44810,예산군,Yesan-gun,87163,11176,57087,18900,21.68,65.49,12.82
2010,44810,예산군,Yesan-gun,87002,10624,57238,19140,22.0,65.79,12.21
2011,44810,예산군,Yesan-gun,86421,10118,56927,19376,22.42,65.87,11.71
2012,44810,예산군,Yesan-gun,85876,9692,56214,19970,23.25,65.46,11.29
2013,44810,예산군,Yesan-gun,85205,9229,55496,20480,24.04,65.13,10.83
2014,44810,예산군,Yesan-gun,84919,8694,55189,21036,24.77,64.99,10.24
2015,44810,예산군,Yesan-gun,83484,8093,53784,21607,25.88,64.42,9.69
2016,44810,예산군,Yesan-gun,81339,7326,52007,22006,27.05,63.94,9.01
2017,44810,예산군,Yesan-gun,80338,6982,50755,22601,28.13,63.18,8.69
2018,44810,예산군,Yesan-gun,80083,6767,50249,23067,28.8,62.75,8.45
2019,44810,예산군,Yesan-gun,79238,6575,48952,23711,29.92,61.78,8.3
2020,44810,예산군,Yesan-gun,78084,6247,47210,24627,31.54,60.46,8.0
2021,44810,예산군,Yesan-gun,76801,5914,45625,25262,32.89,59.41,7.7
2022,44810,예산군,Yesan-gun,77385,5856,45470,26059,33.67,58.76,7.57
2023,44810,예산군,Yesan-gun,78354,5934,45644,26776,34.17,58.25,7.57
2024,44810,예산군,Yesan-gun,78772,5964,45242,27566,34.99,57.43,7.57
2008,44825,태안군,Taean-gun,63401,8081,42536,12784,20.16,67.09,12.75
2009,44825,태안군,Taean-gun,63095,7796,42050,13249,21.0,66.65,12.36
2010,44825,태안군,Taean-gun,63247,7491,42123,13633,21.56,66.6,11.84
2011,44825,태안군,Taean-gun,62747,7264,41487,13996,22.31,66.12,11.58
2012,44825,태안군,Taean-gun,62548,6960,41031,14557,23.27,65.6,11.13
2013,44825,태안군,Taean-gun,62416,6671,40524,15221,24.39,64.93,10.69
2014,44825,태안군,Taean-gun,62574,6478,40301,15795,25.24,64.41,10.35
2015,44825,태안군,Taean-gun,63484,6402,40729,16353,25.76,64.16,10.08
2016,44825,태안군,Taean-gun,63900,6214,40818,16868,26.4,63.88,9.72
2017,44825,태안군,Taean-gun,63932,5984,40442,17506,27.38,63.26,9.36
2018,44825,태안군,Taean-gun,63238,5700,39571,17967,28.41,62.57,9.01
2019,44825,태안군,Taean-gun,62743,5459,38717,18567,29.59,61.71,8.7
2020,44825,태안군,Taean-gun,62214,5184,37674,19356,31.11,60.56,8.33
2021,44825,태안군,Taean-gun,61526,4862,36524,20140,32.73,59.36,7.9
2022,44825,태안군,Taean-gun,61335,4563,35801,20971,34.19,58.37,7.44
2023,44825,태안군,Taean-gun,60784,4208,34840,21736,35.76,57.32,6.92
2024,44825,태안군,Taean-gun,60133,3940,33754,22439,37.32,56.13,6.55
2008,44830,당진군,Dangjin-gun,136432,22221,92442,21769,15.96,67.76,16.29
2009,44830,당진군,Dangjin-gun,138798,22176,94376,22246,16.03,68.0,15.98
2010,44830,당진군,Dangjin-gun,144903,23155,99030,22718,15.68,68.34,15.98
2011,44830,당진군,Dangjin-gun,150219,24118,102768,23333,15.53,68.41,16.06
2008,46110,목포시,Mokpo-si,245651,48950,173918,22783,9.27,70.8,19.93
2009,46110,목포시,Mokpo-si,244339,47145,173467,23727,9.71,70.99,19.29
2010,46110,목포시,Mokpo-si,245422,45835,174453,25134,10.24,71.08,18.68
2011,46110,목포시,Mokpo-si,244871,44406,174195,26270,10.73,71.14,18.13
2012,46110,목포시,Mokpo-si,245073,43056,174264,27753,11.32,71.11,17.57
2013,46110,목포시,Mokpo-si,240936,40508,171520,28908,12.0,71.19,16.81
2014,46110,목포시,Mokpo-si,239109,38657,170273,30179,12.62,71.21,16.17
2015,46110,목포시,Mokpo-si,238382,37270,169909,31203,13.09,71.28,15.63
2016,46110,목포시,Mokpo-si,237739,36247,169047,32445,13.65,71.11,15.25
2017,46110,목포시,Mokpo-si,234379,34776,165769,33834,14.44,70.73,14.84
2018,46110,목포시,Mokpo-si,232327,33540,163966,34821,14.99,70.58,14.44
2019,46110,목포시,Mokpo-si,229861,32256,161518,36087,15.7,70.27,14.03
2020,46110,목포시,Mokpo-si,224044,30332,155885,37827,16.88,69.58,13.54
2021,46110,목포시,Mokpo-si,218589,28446,151080,39063,17.87,69.12,13.01
2022,46110,목포시,Mokpo-si,216939,27044,149090,40805,18.81,68.72,12.47
2023,46110,목포시,Mokpo-si,214156,25439,146271,42446,19.82,68.3,11.88
2024,46110,목포시,Mokpo-si,209890,23410,142026,44454,21.18,67.67,11.15
2008,46130,여수시,Yeosu-si,295133,52295,208201,34637,11.74,70.54,17.72
2009,46130,여수시,Yeosu-si,293546,49987,208011,35548,12.11,70.86,17.03
2010,46130,여수시,Yeosu-si,293488,47819,209068,36601,12.47,71.24,16.29
2011,46130,여수시,Yeosu-si,292750,46085,208835,37830,12.92,71.34,15.74
2012,46130,여수시,Yeosu-si,292217,44398,208148,39671,13.58,71.23,15.19
2013,46130,여수시,Yeosu-si,291366,42717,207280,41369,14.2,71.14,14.66
2014,46130,여수시,Yeosu-si,290900,41009,206666,43225,14.86,71.04,14.1
2015,46130,여수시,Yeosu-si,290168,39355,205816,44997,15.51,70.93,13.56
2016,46130,여수시,Yeosu-si,288988,38286,204070,46632,16.14,70.62,13.25
2017,46130,여수시,Yeosu-si,286382,37176,200637,48569,16.96,70.06,12.98
2018,46130,여수시,Yeosu-si,283300,35694,197997,49609,17.51,69.89,12.6
2019,46130,여수시,Yeosu-si,282786,34422,196369,51995,18.39,69.44,12.17
2020,46130,여수시,Yeosu-si,280242,33390,192265,54587,19.48,68.61,11.91
2021,46130,여수시,Yeosu-si,276762,32120,188280,56362,20.36,68.03,11.61
2022,46130,여수시,Yeosu-si,274765,30805,185162,58798,21.4,67.39,11.21
2023,46130,여수시,Yeosu-si,271696,29334,181227,61135,22.5,66.7,10.8
2024,46130,여수시,Yeosu-si,267816,27912,176047,63857,23.84,65.73,10.42
2008,46150,순천시,Suncheon-si,269429,53719,185832,29878,11.09,68.97,19.94
2009,46150,순천시,Suncheon-si,269516,51338,187807,30371,11.27,69.68,19.05
2010,46150,순천시,Suncheon-si,272620,48982,192434,31204,11.45,70.59,17.97
2011,46150,순천시,Suncheon-si,272201,46883,193491,31827,11.69,71.08,17.22
2012,46150,순천시,Suncheon-si,273798,45265,195432,33101,12.09,71.38,16.53
2013,46150,순천시,Suncheon-si,275668,43989,197437,34242,12.42,71.62,15.96
2014,46150,순천시,Suncheon-si,277188,42868,198726,35594,12.84,71.69,15.47
2015,46150,순천시,Suncheon-si,278765,41800,200170,36795,13.2,71.81,14.99
2016,46150,순천시,Suncheon-si,278548,40613,199974,37961,13.63,71.79,14.58
2017,46150,순천시,Suncheon-si,279331,39942,199891,39498,14.14,71.56,14.3
2018,46150,순천시,Suncheon-si,279389,39127,199720,40542,14.51,71.48,14.0
2019,46150,순천시,Suncheon-si,279598,38484,198841,42273,15.12,71.12,13.76
2020,46150,순천시,Suncheon-si,282189,38017,199727,44445,15.75,70.78,13.47
2021,46150,순천시,Suncheon-si,281436,37111,198263,46062,16.37,70.45,13.19
2022,46150,순천시,Suncheon-si,278737,35626,195050,48061,17.24,69.98,12.78
2023,46150,순천시,Suncheon-si,278137,34469,193151,50517,18.16,69.44,12.39
2024,46150,순천시,Suncheon-si,276329,33140,189779,53410,19.33,68.68,11.99
2008,46170,나주시,Naju-si,92884,12355,59815,20714,22.3,64.4,13.3
2009,46170,나주시,Naju-si,90875,11499,58461,20915,23.02,64.33,12.65
2010,46170,나주시,Naju-si,90118,10715,58133,21270,23.6,64.51,11.89
2011,46170,나주시,Naju-si,88243,10078,56877,21288,24.12,64.45,11.42
2012,46170,나주시,Naju-si,88067,9866,56666,21535,24.45,64.34,11.2
2013,46170,나주시,Naju-si,87754,9606,56356,21792,24.83,64.22,10.95
2014,46170,나주시,Naju-si,90669,10010,58304,22355,24.66,64.3,11.04
2015,46170,나주시,Naju-si,98182,11500,63725,22957,23.38,64.9,11.71
2016,46170,나주시,Naju-si,104376,13155,67732,23489,22.5,64.89,12.6
2017,46170,나주시,Naju-si,110110,14420,71512,24178,21.96,64.95,13.1
2018,46170,나주시,Naju-si,113839,14921,74260,24658,21.66,65.23,13.11
2019,46170,나주시,Naju-si,114664,14932,74475,25257,22.03,64.95,13.02
2020,46170,나주시,Naju-si,115613,14996,74631,25986,22.48,64.55,12.97
2021,46170,나주시,Naju-si,116726,15025,74961,26740,22.91,64.22,12.87
2022,46170,나주시,Naju-si,116456,14614,74354,27488,23.6,63.85,12.55
2023,46170,나주시,Naju-si,117377,14467,74656,28254,24.07,63.6,12.33
2024,46170,나주시,Naju-si,116654,14230,73269,29155,24.99,62.81,12.2
2008,46230,광양시,Gwangyang-si,141388,30777,97578,13033,9.22,69.01,21.77
2009,46230,광양시,Gwangyang-si,143461,29757,100360,13344,9.3,69.96,20.74
2010,46230,광양시,Gwangyang-si,145512,28582,103316,13614,9.36,71.0,19.64
2011,46230,광양시,Gwangyang-si,150725,28023,108688,14014,9.3,72.11,18.59
2012,46230,광양시,Gwangyang-si,150837,27058,109230,14549,9.65,72.42,17.94
2013,46230,광양시,Gwangyang-si,151621,26198,110349,15074,9.94,72.78,17.28
2014,46230,광양시,Gwangyang-si,152097,25327,111113,15657,10.29,73.05,16.65
2015,46230,광양시,Gwangyang-si,153587,24517,112701,16369,10.66,73.38,15.96
2016,46230,광양시,Gwangyang-si,155580,24003,114551,17026,10.94,73.63,15.43
2017,46230,광양시,Gwangyang-si,155857,23336,114809,17712,11.36,73.66,14.97
2018,46230,광양시,Gwangyang-si,156564,22766,115479,18319,11.7,73.76,14.54
2019,46230,광양시,Gwangyang-si,156750,22144,115306,19300,12.31,73.56,14.13
2020,46230,광양시,Gwangyang-si,151769,21169,110412,20188,13.3,72.75,13.95
2021,46230,광양시,Gwangyang-si,150531,20541,108996,20994,13.95,72.41,13.65
2022,46230,광양시,Gwangyang-si,152168,20002,109835,22331,14.68,72.18,13.14
2023,46230,광양시,Gwangyang-si,152666,19399,109617,23650,15.49,71.8,12.71
2024,46230,광양시,Gwangyang-si,154692,19227,110329,25136,16.25,71.32,12.43
2008,46710,담양군,Damyang-gun,48347,5557,31214,11576,23.94,64.56,11.49
2009,46710,담양군,Damyang-gun,47286,5129,30507,11650,24.64,64.52,10.85
2010,46710,담양군,Damyang-gun,47808,4966,30918,11924,24.94,64.67,10.39
2011,46710,담양군,Damyang-gun,47819,4785,30982,12052,25.2,64.79,10.01
2012,46710,담양군,Damyang-gun,47612,4717,30493,12402,26.05,64.04,9.91
2013,46710,담양군,Damyang-gun,47365,4510,30185,12670,26.75,63.73,9.52
2014,46710,담양군,Damyang-gun,47177,4363,29868,12946,27.44,63.31,9.25
2015,46710,담양군,Damyang-gun,47009,4198,29603,13208,28.1,62.97,8.93
2016,46710,담양군,Damyang-gun,47229,4134,29766,13329,28.22,63.02,8.75
2017,46710,담양군,Damyang-gun,47285,4058,29604,13623,28.81,62.61,8.58
2018,46710,담양군,Damyang-gun,46917,3912,29189,13816,29.45,62.21,8.34
2019,46710,담양군,Damyang-gun,46535,3738,28837,13960,30.0,61.97,8.03
2020,46710,담양군,Damyang-gun,46280,3699,28145,14436,31.19,60.81,7.99
2021,46710,담양군,Damyang-gun,46180,3577,27941,14662,31.75,60.5,7.75
2022,46710,담양군,Damyang-gun,45792,3429,27305,15058,32.88,59.63,7.49
2023,46710,담양군,Damyang-gun,45373,3325,26675,15373,33.88,58.79,7.33
2024,46710,담양군,Damyang-gun,44623,3141,25592,15890,35.61,57.35,7.04
2008,46720,곡성군,Gokseong-gun,32608,4055,19426,9127,27.99,59.57,12.44
2009,46720,곡성군,Gokseong-gun,32084,3708,19153,9223,28.75,59.7,11.56
2010,46720,곡성군,Gokseong-gun,31886,3505,19102,9279,29.1,59.91,10.99
2011,46720,곡성군,Gokseong-gun,31332,3378,18583,9371,29.91,59.31,10.78
2012,46720,곡성군,Gokseong-gun,30878,3152,18164,9562,30.97,58.83,10.21
2013,46720,곡성군,Gokseong-gun,31009,3010,18365,9634,31.07,59.22,9.71
2014,46720,곡성군,Gokseong-gun,30732,2822,18128,9782,31.83,58.99,9.18
2015,46720,곡성군,Gokseong-gun,30672,2704,18106,9862,32.15,59.03,8.82
2016,46720,곡성군,Gokseong-gun,30400,2556,17932,9912,32.61,58.99,8.41
2017,46720,곡성군,Gokseong-gun,30131,2409,17687,10035,33.3,58.7,8.0
2018,46720,곡성군,Gokseong-gun,29624,2261,17335,10028,33.85,58.52,7.63
2019,46720,곡성군,Gokseong-gun,28887,2072,16731,10084,34.91,57.92,7.17
2020,46720,곡성군,Gokseong-gun,28039,1908,15946,10185,36.32,56.87,6.8
2021,46720,곡성군,Gokseong-gun,27535,1788,15514,10233,37.16,56.34,6.49
2022,46720,곡성군,Gokseong-gun,27060,1645,15047,10368,38.31,55.61,6.08
2023,46720,곡성군,Gokseong-gun,26905,1534,14795,10576,39.31,54.99,5.7
2024,46720,곡성군,Gokseong-gun,26566,1465,14336,10765,40.52,53.96,5.51
2008,46730,구례군,Gurye-gun,27703,3550,16882,7271,26.25,60.94,12.81
2009,46730,구례군,Gurye-gun,27518,3325,16805,7388,26.85,61.07,12.08
2010,46730,구례군,Gurye-gun,27375,3180,16684,7511,27.44,60.95,11.62
2011,46730,구례군,Gurye-gun,27422,3134,16677,7611,27.76,60.82,11.43
2012,46730,구례군,Gurye-gun,27077,2972,16321,7784,28.75,60.28,10.98
2013,46730,구례군,Gurye-gun,27115,2909,16287,7919,29.21,60.07,10.73
2014,46730,구례군,Gurye-gun,27170,2788,16385,7997,29.43,60.31,10.26
2015,46730,구례군,Gurye-gun,27308,2720,16469,8119,29.73,60.31,9.96
2016,46730,구례군,Gurye-gun,27412,2582,16580,8250,30.1,60.48,9.42
2017,46730,구례군,Gurye-gun,27525,2480,16598,8447,30.69,60.3,9.01
2018,46730,구례군,Gurye-gun,27117,2293,16314,8510,31.38,60.16,8.46
2019,46730,구례군,Gurye-gun,26563,2152,15735,8676,32.66,59.24,8.1
2020,46730,구례군,Gurye-gun,25719,1991,14846,8882,34.53,57.72,7.74
2021,46730,구례군,Gurye-gun,25235,1885,14382,8968,35.54,56.99,7.47
2022,46730,구례군,Gurye-gun,24655,1755,13831,9069,36.78,56.1,7.12
2023,46730,구례군,Gurye-gun,24314,1615,13453,9246,38.03,55.33,6.64
2024,46730,구례군,Gurye-gun,24025,1524,13024,9477,39.45,54.21,6.34
2008,46770,고흥군,Goheung-gun,76605,8317,44830,23458,30.62,58.52,10.86
2009,46770,고흥군,Goheung-gun,75127,7820,43747,23560,31.36,58.23,10.41
2010,46770,고흥군,Goheung-gun,73924,7340,42933,23651,31.99,58.08,9.93
2011,46770,고흥군,Goheung-gun,72607,6955,41949,23703,32.65,57.78,9.58
2012,46770,고흥군,Goheung-gun,71560,6558,40819,24183,33.79,57.04,9.16
2013,46770,고흥군,Goheung-gun,70631,6168,40008,24455,34.62,56.64,8.73
2014,46770,고흥군,Goheung-gun,69641,5747,39046,24848,35.68,56.07,8.25
2015,46770,고흥군,Goheung-gun,68601,5384,38115,25102,36.59,55.56,7.85
2016,46770,고흥군,Goheung-gun,67656,5097,37195,25364,37.49,54.98,7.53
2017,46770,고흥군,Goheung-gun,66736,4868,36372,25496,38.2,54.5,7.29
2018,46770,고흥군,Goheung-gun,65777,4638,35571,25568,38.87,54.08,7.05
2019,46770,고흥군,Goheung-gun,64913,4460,34647,25806,39.75,53.37,6.87
2020,46770,고흥군,Goheung-gun,63922,4356,33268,26298,41.14,52.04,6.81
2021,46770,고흥군,Goheung-gun,62762,4110,32145,26507,42.23,51.22,6.55
2022,46770,고흥군,Goheung-gun,61880,3843,31320,26717,43.18,50.61,6.21
2023,46770,고흥군,Goheung-gun,61113,3627,30425,27061,44.28,49.78,5.93
2024,46770,고흥군,Goheung-gun,60190,3436,29256,27498,45.69,48.61,5.71
2008,46780,보성군,Boseong-gun,50004,6087,29619,14298,28.59,59.23,12.17
2009,46780,보성군,Boseong-gun,49048,5753,28977,14318,29.19,59.08,11.73
2010,46780,보성군,Boseong-gun,48792,5553,28824,14415,29.54,59.08,11.38
2011,46780,보성군,Boseong-gun,47894,5330,28125,14439,30.15,58.72,11.13
2012,46780,보성군,Boseong-gun,47050,5059,27316,14675,31.19,58.06,10.75
2013,46780,보성군,Boseong-gun,46385,4742,26825,14818,31.95,57.83,10.22
2014,46780,보성군,Boseong-gun,45882,4488,26310,15084,32.88,57.34,9.78
2015,46780,보성군,Boseong-gun,45349,4217,25950,15182,33.48,57.22,9.3
2016,46780,보성군,Boseong-gun,44469,3916,25284,15269,34.34,56.86,8.81
2017,46780,보성군,Boseong-gun,43755,3718,24596,15441,35.29,56.21,8.5
2018,46780,보성군,Boseong-gun,42803,3434,23993,15376,35.92,56.05,8.02
2019,46780,보성군,Boseong-gun,41420,3130,22861,15429,37.25,55.19,7.56
2020,46780,보성군,Boseong-gun,40482,2944,21935,15603,38.54,54.18,7.27
2021,46780,보성군,Boseong-gun,39375,2708,20953,15714,39.91,53.21,6.88
2022,46780,보성군,Boseong-gun,38471,2457,20180,15834,41.16,52.46,6.39
2023,46780,보성군,Boseong-gun,37686,2325,19409,15952,42.33,51.5,6.17
2024,46780,보성군,Boseong-gun,37045,2222,18576,16247,43.86,50.14,6.0
2008,46790,화순군,Hwasun-gun,70327,12206,44430,13691,19.47,63.18,17.36
2009,46790,화순군,Hwasun-gun,69675,11506,44240,13929,19.99,63.49,16.51
2010,46790,화순군,Hwasun-gun,69368,11001,44224,14143,20.39,63.75,15.86
2011,46790,화순군,Hwasun-gun,68985,10463,44179,14343,20.79,64.04,15.17
2012,46790,화순군,Hwasun-gun,68378,9871,43845,14662,21.44,64.12,14.44
2013,46790,화순군,Hwasun-gun,67829,9293,43586,14950,22.04,64.26,13.7
2014,46790,화순군,Hwasun-gun,66772,8600,42985,15187,22.74,64.38,12.88
2015,46790,화순군,Hwasun-gun,65848,7844,42595,15409,23.4,64.69,11.91
2016,46790,화순군,Hwasun-gun,65303,7368,42419,15516,23.76,64.96,11.28
2017,46790,화순군,Hwasun-gun,64680,6978,41874,15828,24.47,64.74,10.79
2018,46790,화순군,Hwasun-gun,63933,6566,41371,15996,25.02,64.71,10.27
2019,46790,화순군,Hwasun-gun,62737,6224,40227,16286,25.96,64.12,9.92
2020,46790,화순군,Hwasun-gun,62522,6029,39702,16791,26.86,63.5,9.64
2021,46790,화순군,Hwasun-gun,62624,5814,39578,17232,27.52,63.2,9.28
2022,46790,화순군,Hwasun-gun,62024,5405,38938,17681,28.51,62.78,8.71
2023,46790,화순군,Hwasun-gun,61254,5081,37988,18185,29.69,62.02,8.29
2024,46790,화순군,Hwasun-gun,60735,4786,37173,18776,30.91,61.21,7.88
2008,46800,장흥군,Jangheung-gun,42783,5707,25414,11662,27.26,59.4,13.34
2009,46800,장흥군,Jangheung-gun,42097,5359,25010,11728,27.86,59.41,12.73
2010,46800,장흥군,Jangheung-gun,42394,5127,25335,11932,28.15,59.76,12.09
2011,46800,장흥군,Jangheung-gun,42552,4955,25609,11988,28.17,60.18,11.64
2012,46800,장흥군,Jangheung-gun,42672,4782,25679,12211,28.62,60.18,11.21
2013,46800,장흥군,Jangheung-gun,43004,4682,25980,12342,28.7,60.41,10.89
2014,46800,장흥군,Jangheung-gun,43190,4537,26147,12506,28.96,60.54,10.5
2015,46800,장흥군,Jangheung-gun,43513,4339,26533,12641,29.05,60.98,9.97
2016,46800,장흥군,Jangheung-gun,40669,3893,24166,12610,31.01,59.42,9.57
2017,46800,장흥군,Jangheung-gun,40136,3643,23811,12682,31.6,59.33,9.08
2018,46800,장흥군,Jangheung-gun,39312,3485,23216,12611,32.08,59.06,8.86
2019,46800,장흥군,Jangheung-gun,38563,3374,22469,12720,32.98,58.27,8.75
2020,46800,장흥군,Jangheung-gun,37800,3257,21615,12928,34.2,57.18,8.62
2021,46800,장흥군,Jangheung-gun,36547,3061,20464,13022,35.63,55.99,8.38
2022,46800,장흥군,Jangheung-gun,35650,2806,19783,13061,36.64,55.49,7.87
2023,46800,장흥군,Jangheung-gun,35046,2653,19129,13264,37.85,54.58,7.57
2024,46800,장흥군,Jangheung-gun,34451,2521,18451,13479,39.13,53.56,7.32
2008,46810,강진군,Gangjin-gun,41153,5614,24684,10855,26.38,59.98,13.64
2009,46810,강진군,Gangjin-gun,41164,5469,24706,10989,26.7,60.02,13.29
2010,46810,강진군,Gangjin-gun,41624,5510,25007,11107,26.68,60.08,13.24
2011,46810,강진군,Gangjin-gun,41599,5433,24984,11182,26.88,60.06,13.06
2012,46810,강진군,Gangjin-gun,40241,4868,24038,11335,28.17,59.74,12.1
2013,46810,강진군,Gangjin-gun,40079,4680,23917,11482,28.65,59.67,11.68
2014,46810,강진군,Gangjin-gun,39861,4511,23786,11564,29.01,59.67,11.32
2015,46810,강진군,Gangjin-gun,38758,4102,23000,11656,30.07,59.34,10.58
2016,46810,강진군,Gangjin-gun,37753,3847,22251,11655,30.87,58.94,10.19
2017,46810,강진군,Gangjin-gun,36868,3529,21566,11773,31.93,58.5,9.57
2018,46810,강진군,Gangjin-gun,36144,3306,21010,11828,32.72,58.13,9.15
2019,46810,강진군,Gangjin-gun,35286,3149,20254,11883,33.68,57.4,8.92
2020,46810,강진군,Gangjin-gun,34597,2967,19595,12035,34.79,56.64,8.58
2021,46810,강진군,Gangjin-gun,33753,2726,18896,12131,35.94,55.98,8.08
2022,46810,강진군,Gangjin-gun,33177,2546,18353,12278,37.01,55.32,7.67
2023,46810,강진군,Gangjin-gun,32722,2431,17786,12505,38.22,54.35,7.43
2024,46810,강진군,Gangjin-gun,32189,2395,17109,12685,39.41,53.15,7.44
2008,46820,해남군,Haenam-gun,81043,11054,50355,19634,24.23,62.13,13.64
2009,46820,해남군,Haenam-gun,81148,10694,50597,19857,24.47,62.35,13.18
2010,46820,해남군,Haenam-gun,79579,9986,49503,20090,25.25,62.21,12.55
2011,46820,해남군,Haenam-gun,78346,9548,48576,20222,25.81,62.0,12.19
2012,46820,해남군,Haenam-gun,78150,9541,48016,20593,26.35,61.44,12.21
2013,46820,해남군,Haenam-gun,77684,9280,47505,20899,26.9,61.15,11.95
2014,46820,해남군,Haenam-gun,76981,8986,46836,21159,27.49,60.84,11.67
2015,46820,해남군,Haenam-gun,76194,8652,46180,21362,28.04,60.61,11.36
2016,46820,해남군,Haenam-gun,75121,8229,45343,21549,28.69,60.36,10.95
2017,46820,해남군,Haenam-gun,73604,7785,43957,21862,29.7,59.72,10.58
2018,46820,해남군,Haenam-gun,71901,7307,42783,21811,30.33,59.5,10.16
2019,46820,해남군,Haenam-gun,70354,6869,41528,21957,31.21,59.03,9.76
2020,46820,해남군,Haenam-gun,68806,6466,40047,22293,32.4,58.2,9.4
2021,46820,해남군,Haenam-gun,67166,5971,38633,22562,33.59,57.52,8.89
2022,46820,해남군,Haenam-gun,65831,5592,37327,22912,34.8,56.7,8.49
2023,46820,해남군,Haenam-gun,64575,5191,36091,23293,36.07,55.89,8.04
2024,46820,해남군,Haenam-gun,63120,4812,34537,23771,37.66,54.72,7.62
2008,46830,영암군,Yeongam-gun,60106,10066,37855,12185,20.27,62.98,16.75
2009,46830,영암군,Yeongam-gun,59837,9539,37955,12343,20.63,63.43,15.94
2010,46830,영암군,Yeongam-gun,60082,9189,38318,12575,20.93,63.78,15.29
2011,46830,영암군,Yeongam-gun,60139,8997,38416,12726,21.16,63.88,14.96
2012,46830,영암군,Yeongam-gun,59997,8823,38180,12994,21.66,63.64,14.71
2013,46830,영암군,Yeongam-gun,59061,8377,37597,13087,22.16,63.66,14.18
2014,46830,영암군,Yeongam-gun,58852,8030,37507,13315,22.62,63.73,13.64
2015,46830,영암군,Yeongam-gun,58137,7641,37037,13459,23.15,63.71,13.14
2016,46830,영암군,Yeongam-gun,57045,7135,36336,13574,23.8,63.7,12.51
2017,46830,영암군,Yeongam-gun,55616,6598,35241,13777,24.77,63.36,11.86
2018,46830,영암군,Yeongam-gun,54731,6238,34658,13835,25.28,63.32,11.4
2019,46830,영암군,Yeongam-gun,54593,6027,34492,14074,25.78,63.18,11.04
2020,46830,영암군,Yeongam-gun,53699,5618,33681,14400,26.82,62.72,10.46
2021,46830,영암군,Yeongam-gun,52937,5267,33022,14648,27.67,62.38,9.95
2022,46830,영암군,Yeongam-gun,52395,4899,32567,14929,28.49,62.16,9.35
2023,46830,영암군,Yeongam-gun,52350,4644,32408,15298,29.22,61.91,8.87
2024,46830,영암군,Yeongam-gun,51391,4290,31459,15642,30.44,61.21,8.35
2008,46840,무안군,Muan-gun,66598,9932,43228,13438,20.18,64.91,14.91
2009,46840,무안군,Muan-gun,72417,11513,47025,13879,19.17,64.94,15.9
2010,46840,무안군,Muan-gun,74475,11646,48621,14208,19.08,65.28,15.64
2011,46840,무안군,Muan-gun,75718,11663,49573,14482,19.13,65.47,15.4
2012,46840,무안군,Muan-gun,75741,11469,49433,14839,19.59,65.27,15.14
2013,46840,무안군,Muan-gun,79367,12440,51665,15262,19.23,65.1,15.67
2014,46840,무안군,Muan-gun,81696,12829,53275,15592,19.09,65.21,15.7
2015,46840,무안군,Muan-gun,82236,12707,53654,15875,19.3,65.24,15.45
2016,46840,무안군,Muan-gun,82109,12392,53542,16175,19.7,65.21,15.09
2017,46840,무안군,Muan-gun,82872,12305,54100,16467,19.87,65.28,14.85
2018,46840,무안군,Muan-gun,81991,11943,53449,16599,20.24,65.19,14.57
2019,46840,무안군,Muan-gun,81105,11573,52674,16858,20.79,64.95,14.27
2020,46840,무안군,Muan-gun,86132,12655,55949,17528,20.35,64.96,14.69
2021,46840,무안군,Muan-gun,91107,13472,59649,17986,19.74,65.47,14.79
2022,46840,무안군,Muan-gun,90608,13049,59136,18423,20.33,65.27,14.4
2023,46840,무안군,Muan-gun,90296,12541,58755,19000,21.04,65.07,13.89
2024,46840,무안군,Muan-gun,92687,12798,60297,19592,21.14,65.05,13.81
2008,46860,함평군,Hampyeong-gun,37432,4438,22425,10569,28.24,59.91,11.86
2009,46860,함평군,Hampyeong-gun,37089,4217,22160,10712,28.88,59.75,11.37
2010,46860,함평군,Hampyeong-gun,36702,3953,21924,10825,29.49,59.74,10.77
2011,46860,함평군,Hampyeong-gun,36134,3722,21534,10878,30.1,59.59,10.3
2012,46860,함평군,Hampyeong-gun,35780,3575,21128,11077,30.96,59.05,9.99
2013,46860,함평군,Hampyeong-gun,35610,3409,21086,11115,31.21,59.21,9.57
2014,46860,함평군,Hampyeong-gun,35090,3264,20593,11233,32.01,58.69,9.3
2015,46860,함평군,Hampyeong-gun,34876,3159,20454,11263,32.29,58.65,9.06
2016,46860,함평군,Hampyeong-gun,34397,2972,20123,11302,32.86,58.5,8.64
2017,46860,함평군,Hampyeong-gun,34328,2882,19999,11447,33.35,58.26,8.4
2018,46860,함평군,Hampyeong-gun,33420,2616,19383,11421,34.17,58.0,7.83
2019,46860,함평군,Hampyeong-gun,32861,2418,18879,11564,35.19,57.45,7.36
2020,46860,함평군,Hampyeong-gun,32050,2301,18029,11720,36.57,56.25,7.18
2021,46860,함평군,Hampyeong-gun,31274,2161,17246,11867,37.95,55.14,6.91
2022,46860,함평군,Hampyeong-gun,30784,1994,16739,12051,39.15,54.38,6.48
2023,46860,함평군,Hampyeong-gun,30601,1875,16400,12326,40.28,53.59,6.13
2024,46860,함평군,Hampyeong-gun,30010,1784,15816,12410,41.35,52.7,5.94
2008,46870,영광군,Yeonggwang-gun,58075,8263,36887,12925,22.26,63.52,14.23
2009,46870,영광군,Yeonggwang-gun,57037,7798,36161,13078,22.93,63.4,13.67
2010,46870,영광군,Yeonggwang-gun,57362,7522,36521,13319,23.22,63.67,13.11
2011,46870,영광군,Yeonggwang-gun,56863,7248,36072,13543,23.82,63.44,12.75
2012,46870,영광군,Yeonggwang-gun,57224,7098,36161,13965,24.4,63.19,12.4
2013,46870,영광군,Yeonggwang-gun,57617,6902,36518,14197,24.64,63.38,11.98
2014,46870,영광군,Yeonggwang-gun,56833,6579,35761,14493,25.5,62.92,11.58
2015,46870,영광군,Yeonggwang-gun,56267,6366,35191,14710,26.14,62.54,11.31
2016,46870,영광군,Yeonggwang-gun,55618,6154,34691,14773,26.56,62.37,11.06
2017,46870,영광군,Yeonggwang-gun,54774,5853,33919,15002,27.39,61.93,10.69
2018,46870,영광군,Yeonggwang-gun,54127,5747,33335,15045,27.8,61.59,10.62
2019,46870,영광군,Yeonggwang-gun,53852,5791,32867,15194,28.21,61.03,10.75
2020,46870,영광군,Yeonggwang-gun,53099,5758,31853,15488,29.17,59.99,10.84
2021,46870,영광군,Yeonggwang-gun,51985,5617,30727,15641,30.09,59.11,10.81
2022,46870,영광군,Yeonggwang-gun,52197,5479,30719,15999,30.65,58.85,10.5
2023,46870,영광군,Yeonggwang-gun,51750,5281,30188,16281,31.46,58.33,10.2
2024,46870,영광군,Yeonggwang-gun,52098,5151,30270,16677,32.01,58.1,9.89
2008,46880,장성군,Jangseong-gun,46602,6288,29414,10900,23.39,63.12,13.49
2009,46880,장성군,Jangseong-gun,46214,6000,29098,11116,24.05,62.96,12.98
2010,46880,장성군,Jangseong-gun,46514,5815,29397,11302,24.3,63.2,12.5
2011,46880,장성군,Jangseong-gun,46245,5705,29067,11473,24.81,62.85,12.34
2012,46880,장성군,Jangseong-gun,46289,5550,28941,11798,25.49,62.52,11.99
2013,46880,장성군,Jangseong-gun,46292,5497,28749,12046,26.02,62.1,11.87
2014,46880,장성군,Jangseong-gun,46273,5382,28628,12263,26.5,61.87,11.63
2015,46880,장성군,Jangseong-gun,46360,5338,28577,12445,26.84,61.64,11.51
2016,46880,장성군,Jangseong-gun,46104,5186,28372,12546,27.21,61.54,11.25
2017,46880,장성군,Jangseong-gun,46111,5042,28264,12805,27.77,61.3,10.93
2018,46880,장성군,Jangseong-gun,45795,4867,27992,12936,28.25,61.12,10.63
2019,46880,장성군,Jangseong-gun,45739,4667,28005,13067,28.57,61.23,10.2
2020,46880,장성군,Jangseong-gun,44464,4331,26733,13400,30.14,60.12,9.74
2021,46880,장성군,Jangseong-gun,43365,4018,25811,13536,31.21,59.52,9.27
2022,46880,장성군,Jangseong-gun,43146,3727,25540,13879,32.17,59.19,8.64
2023,46880,장성군,Jangseong-gun,42543,3455,24945,14143,33.24,58.63,8.12
2024,46880,장성군,Jangseong-gun,42026,3305,24267,14454,34.39,57.74,7.86
2008,46890,완도군,Wando-gun,54999,7110,34083,13806,25.1,61.97,12.93
2009,46890,완도군,Wando-gun,54301,6798,33414,14089,25.95,61.53,12.52
2010,46890,완도군,Wando-gun,54269,6586,33354,14329,26.4,61.46,12.14
2011,46890,완도군,Wando-gun,54037,6465,33112,14460,26.76,61.28,11.96
2012,46890,완도군,Wando-gun,53871,6357,32763,14751,27.38,60.82,11.8
2013,46890,완도군,Wando-gun,53619,6132,32509,14978,27.93,60.63,11.44
2014,46890,완도군,Wando-gun,53174,5881,32044,15249,28.68,60.26,11.06
2015,46890,완도군,Wando-gun,53014,5713,31932,15369,28.99,60.23,10.78
2016,46890,완도군,Wando-gun,52668,5571,31474,15623,29.66,59.76,10.58
2017,46890,완도군,Wando-gun,52109,5405,30944,15760,30.24,59.38,10.37
2018,46890,완도군,Wando-gun,51477,5300,30443,15734,30.57,59.14,10.3
2019,46890,완도군,Wando-gun,50689,5062,29706,15921,31.41,58.6,9.99
2020,46890,완도군,Wando-gun,49916,4909,28763,16244,32.54,57.62,9.83
2021,46890,완도군,Wando-gun,48631,4606,27573,16452,33.83,56.7,9.47
2022,46890,완도군,Wando-gun,47597,4368,26685,16544,34.76,56.06,9.18
2023,46890,완도군,Wando-gun,46641,4114,25751,16776,35.97,55.21,8.82
2024,46890,완도군,Wando-gun,45631,3873,24678,17080,37.43,54.08,8.49
2008,46900,진도군,Jindo-gun,34412,4355,20697,9360,27.2,60.14,12.66
2009,46900,진도군,Jindo-gun,33931,4191,20298,9442,27.83,59.82,12.35
2010,46900,진도군,Jindo-gun,33743,4068,20070,9605,28.47,59.48,12.06
2011,46900,진도군,Jindo-gun,33502,3936,19898,9668,28.86,59.39,11.75
2012,46900,진도군,Jindo-gun,33208,3875,19537,9796,29.5,58.83,11.67
2013,46900,진도군,Jindo-gun,32998,3700,19410,9888,29.97,58.82,11.21
2014,46900,진도군,Jindo-gun,32746,3517,19276,9953,30.39,58.87,10.74
2015,46900,진도군,Jindo-gun,32476,3356,19004,10116,31.15,58.52,10.33
2016,46900,진도군,Jindo-gun,32078,3192,18781,10105,31.5,58.55,9.95
2017,46900,진도군,Jindo-gun,31765,3058,18516,10191,32.08,58.29,9.63
2018,46900,진도군,Jindo-gun,31219,2910,18198,10111,32.39,58.29,9.32
2019,46900,진도군,Jindo-gun,30715,2840,17790,10085,32.83,57.92,9.25
2020,46900,진도군,Jindo-gun,31227,2772,18130,10325,33.06,58.06,8.88
2021,46900,진도군,Jindo-gun,30066,2604,17057,10405,34.61,56.73,8.66
2022,46900,진도군,Jindo-gun,29507,2423,16544,10540,35.72,56.07,8.21
2023,46900,진도군,Jindo-gun,28979,2291,16009,10679,36.85,55.24,7.91
2024,46900,진도군,Jindo-gun,28478,2154,15579,10745,37.73,54.71,7.56
2008,46910,신안군,Sinan-gun,45718,4365,28746,12607,27.58,62.88,9.55
2009,46910,신안군,Sinan-gun,45294,4092,28547,12655,27.94,63.03,9.03
2010,46910,신안군,Sinan-gun,45428,3894,28672,12862,28.31,63.12,8.57
2011,46910,신안군,Sinan-gun,44355,3605,27771,12979,29.26,62.61,8.13
2012,46910,신안군,Sinan-gun,43898,3556,27054,13288,30.27,61.63,8.1
2013,46910,신안군,Sinan-gun,44162,3452,27272,13438,30.43,61.75,7.82
2014,46910,신안군,Sinan-gun,43747,3288,26832,13627,31.15,61.33,7.52
2015,46910,신안군,Sinan-gun,43294,3089,26467,13738,31.73,61.13,7.13
2016,46910,신안군,Sinan-gun,42652,2971,25870,13811,32.38,60.65,6.97
2017,46910,신안군,Sinan-gun,42070,2875,25171,14024,33.33,59.83,6.83
2018,46910,신안군,Sinan-gun,41263,2768,24537,13958,33.83,59.46,6.71
2019,46910,신안군,Sinan-gun,40274,2644,23558,14072,34.94,58.49,6.57
2020,46910,신안군,Sinan-gun,38938,2466,22181,14291,36.7,56.96,6.33
2021,46910,신안군,Sinan-gun,38217,2348,21458,14411,37.71,56.15,6.14
2022,46910,신안군,Sinan-gun,37858,2257,20946,14655,38.71,55.33,5.96
2023,46910,신안군,Sinan-gun,38037,2235,20888,14914,39.21,54.91,5.88
2024,46910,신안군,Sinan-gun,38173,2222,20659,15292,40.06,54.12,5.82
2008,47110,포항시,Pohang-si,508119,85484,375231,47404,9.33,73.85,16.82
2009,47110,포항시,Pohang-si,509475,82556,377536,49383,9.69,74.1,16.2
2010,47110,포항시,Pohang-si,514755,80291,383438,51026,9.91,74.49,15.6
2011,47110,포항시,Pohang-si,517088,78261,386185,52642,10.18,74.68,15.13
2012,47110,포항시,Pohang-si,518913,76255,387056,55602,10.72,74.59,14.7
2013,47110,포항시,Pohang-si,519467,74735,385986,58746,11.31,74.3,14.39
2014,47110,포항시,Pohang-si,519368,72947,384303,62118,11.96,73.99,14.05
2015,47110,포항시,Pohang-si,519584,70905,383465,65214,12.55,73.8,13.65
2016,47110,포항시,Pohang-si,516775,69305,379174,68296,13.22,73.37,13.41
2017,47110,포항시,Pohang-si,513832,67774,373106,72952,14.2,72.61,13.19
2018,47110,포항시,Pohang-si,510013,66108,366881,77024,15.1,71.94,12.96
2019,47110,포항시,Pohang-si,507025,64404,360620,82001,16.17,71.12,12.7
2020,47110,포항시,Pohang-si,502916,62658,352298,87960,17.49,70.05,12.46
2021,47110,포항시,Pohang-si,503852,60792,349583,93477,18.55,69.38,12.07
2022,47110,포항시,Pohang-si,496650,58206,339760,98684,19.87,68.41,11.72
2023,47110,포항시,Pohang-si,493033,55901,333080,104052,21.1,67.56,11.34
2024,47110,포항시,Pohang-si,491581,54162,327107,110312,22.44,66.54,11.02
2008,47111,남구,Nam-gu,253771,42778,189065,21928,8.64,74.5,16.86
2009,47111,남구,Nam-gu,252584,40883,188806,22895,9.06,74.75,16.19
2010,47111,남구,Nam-gu,254288,39704,190995,23589,9.28,75.11,15.61
2011,47111,남구,Nam-gu,252556,38024,190253,24279,9.61,75.33,15.06
2012,47111,남구,Nam-gu,251434,36652,189031,25751,10.24,75.18,14.58
2013,47111,남구,Nam-gu,249709,35518,186979,27212,10.9,74.88,14.22
2014,47111,남구,Nam-gu,247649,34335,184533,28781,11.62,74.51,13.86
2015,47111,남구,Nam-gu,246445,33350,183009,30086,12.21,74.26,13.53
2016,47111,남구,Nam-gu,244748,32603,180630,31515,12.88,73.8,13.32
2017,47111,남구,Nam-gu,242469,31794,176823,33852,13.96,72.93,13.11
2018,47111,남구,Nam-gu,239400,30744,172876,35780,14.95,72.21,12.84
2019,47111,남구,Nam-gu,235633,29421,168214,37998,16.13,71.39,12.49
2020,47111,남구,Nam-gu,230422,28000,161803,40619,17.63,70.22,12.15
2021,47111,남구,Nam-gu,230801,27082,160555,43164,18.7,69.56,11.73
2022,47111,남구,Nam-gu,227486,25923,156008,45555,20.03,68.58,11.4
2023,47111,남구,Nam-gu,226278,24846,153393,48039,21.23,67.79,10.98
2024,47111,남구,Nam-gu,220613,23354,146602,50657,22.96,66.45,10.59
2008,47113,북구,Buk-gu,254348,42706,186166,25476,10.02,73.19,16.79
2009,47113,북구,Buk-gu,256891,41673,188730,26488,10.31,73.47,16.22
2010,47113,북구,Buk-gu,260467,40587,192443,27437,10.53,73.88,15.58
2011,47113,북구,Buk-gu,264532,40237,195932,28363,10.72,74.07,15.21
2012,47113,북구,Buk-gu,267479,39603,198025,29851,11.16,74.03,14.81
2013,47113,북구,Buk-gu,269758,39217,199007,31534,11.69,73.77,14.54
2014,47113,북구,Buk-gu,271719,38612,199770,33337,12.27,73.52,14.21
2015,47113,북구,Buk-gu,273139,37555,200456,35128,12.86,73.39,13.75
2016,47113,북구,Buk-gu,272027,36702,198544,36781,13.52,72.99,13.49
2017,47113,북구,Buk-gu,271363,35980,196283,39100,14.41,72.33,13.26
2018,47113,북구,Buk-gu,270613,35364,194005,41244,15.24,71.69,13.07
2019,47113,북구,Buk-gu,271392,34983,192406,44003,16.21,70.9,12.89
2020,47113,북구,Buk-gu,272494,34658,190495,47341,17.37,69.91,12.72
2021,47113,북구,Buk-gu,273051,33710,189028,50313,18.43,69.23,12.35
2022,47113,북구,Buk-gu,269164,32283,183752,53129,19.74,68.27,11.99
2023,47113,북구,Buk-gu,266755,31055,179687,56013,21.0,67.36,11.64
2024,47113,북구,Buk-gu,270968,30808,180505,59655,22.02,66.61,11.37
2008,47130,경주시,Gyeongju-si,269343,43049,187006,39288,14.59,69.43,15.98
2009,47130,경주시,Gyeongju-si,267466,40783,186480,40203,15.03,69.72,15.25
2010,47130,경주시,Gyeongju-si,267098,38680,187289,41129,15.4,70.12,14.48
2011,47130,경주시,Gyeongju-si,265488,36801,187018,41669,15.7,70.44,13.86
2012,47130,경주시,Gyeongju-si,264091,35120,185974,42997,16.28,70.42,13.3
2013,47130,경주시,Gyeongju-si,263283,33616,185167,44500,16.9,70.33,12.77
2014,47130,경주시,Gyeongju-si,261535,31932,183485,46118,17.63,70.16,12.21
2015,47130,경주시,Gyeongju-si,259773,30340,182099,47334,18.22,70.1,11.68
2016,47130,경주시,Gyeongju-si,259452,29544,181119,48789,18.8,69.81,11.39
2017,47130,경주시,Gyeongju-si,257903,28630,178493,50780,19.69,69.21,11.1
2018,47130,경주시,Gyeongju-si,256864,27677,176683,52504,20.44,68.78,10.77
2019,47130,경주시,Gyeongju-si,255402,26851,173912,54639,21.39,68.09,10.51
2020,47130,경주시,Gyeongju-si,253502,26122,170067,57313,22.61,67.09,10.3
2021,47130,경주시,Gyeongju-si,251889,25287,166957,59645,23.68,66.28,10.04
2022,47130,경주시,Gyeongju-si,249607,24232,163514,61861,24.78,65.51,9.71
2023,47130,경주시,Gyeongju-si,247489,23021,160172,64296,25.98,64.72,9.3
2024,47130,경주시,Gyeongju-si,244769,21755,155766,67248,27.47,63.64,8.89
2008,47150,김천시,Gimcheon-si,138056,20678,93600,23778,17.22,67.8,14.98
2009,47150,김천시,Gimcheon-si,135918,19639,92015,24264,17.85,67.7,14.45
2010,47150,김천시,Gimcheon-si,136136,18640,92953,24543,18.03,68.28,13.69
2011,47150,김천시,Gimcheon-si,136185,17891,93395,24899,18.28,68.58,13.14
2012,47150,김천시,Gimcheon-si,135504,17286,92615,25603,18.89,68.35,12.76
2013,47150,김천시,Gimcheon-si,135259,16809,92065,26385,19.51,68.07,12.43
2014,47150,김천시,Gimcheon-si,135456,16420,91906,27130,20.03,67.85,12.12
2015,47150,김천시,Gimcheon-si,140132,16789,95504,27839,19.87,68.15,11.98
2016,47150,김천시,Gimcheon-si,142256,17150,96618,28488,20.03,67.92,12.06
2017,47150,김천시,Gimcheon-si,142908,17145,96227,29536,20.67,67.33,12.0
2018,47150,김천시,Gimcheon-si,141104,16781,94005,30318,21.49,66.62,11.89
2019,47150,김천시,Gimcheon-si,141229,16476,93501,31252,22.13,66.21,11.67
2020,47150,김천시,Gimcheon-si,140548,16183,91845,32520,23.14,65.35,11.51
2021,47150,김천시,Gimcheon-si,140239,15892,90679,33668,24.01,64.66,11.33
2022,47150,김천시,Gimcheon-si,139324,15326,89204,34794,24.97,64.03,11.0
2023,47150,김천시,Gimcheon-si,137515,14503,87182,35830,26.06,63.4,10.55
2024,47150,김천시,Gimcheon-si,135446,13728,84292,37426,27.63,62.23,10.14
2008,47170,안동시,Andong-si,167300,25047,112944,29309,17.52,67.51,14.97
2009,47170,안동시,Andong-si,167432,24519,112929,29984,17.91,67.45,14.64
2010,47170,안동시,Andong-si,167886,23952,113631,30303,18.05,67.68,14.27
2011,47170,안동시,Andong-si,168157,23482,113947,30728,18.27,67.76,13.96
2012,47170,안동시,Andong-si,168302,23042,113733,31527,18.73,67.58,13.69
2013,47170,안동시,Andong-si,168461,22438,113465,32558,19.33,67.35,13.32
2014,47170,안동시,Andong-si,168697,21862,113477,33358,19.77,67.27,12.96
2015,47170,안동시,Andong-si,169221,21531,113736,33954,20.06,67.21,12.72
2016,47170,안동시,Andong-si,168798,20839,113287,34672,20.54,67.11,12.35
2017,47170,안동시,Andong-si,166272,19806,110518,35948,21.62,66.47,11.91
2018,47170,안동시,Andong-si,162180,18436,106894,36850,22.72,65.91,11.37
2019,47170,안동시,Andong-si,160052,17624,104522,37906,23.68,65.31,11.01
2020,47170,안동시,Andong-si,158907,17125,102589,39193,24.66,64.56,10.78
2021,47170,안동시,Andong-si,156972,16513,100127,40332,25.69,63.79,10.52
2022,47170,안동시,Andong-si,154610,15641,97704,41265,26.69,63.19,10.12
2023,47170,안동시,Andong-si,152935,14835,95692,42408,27.73,62.57,9.7
2024,47170,안동시,Andong-si,153159,14060,95298,43801,28.6,62.22,9.18
2008,47190,구미시,Gumi-si,393959,84057,286341,23561,5.98,72.68,21.34
2009,47190,구미시,Gumi-si,396419,81137,290889,24393,6.15,73.38,20.47
2010,47190,구미시,Gumi-si,404920,79453,300413,25054,6.19,74.19,19.62
2011,47190,구미시,Gumi-si,413446,78803,309007,25636,6.2,74.74,19.06
2012,47190,구미시,Gumi-si,416949,77108,313068,26773,6.42,75.09,18.49
2013,47190,구미시,Gumi-si,419428,75116,316274,28038,6.68,75.41,17.91
2014,47190,구미시,Gumi-si,420320,73112,318072,29136,6.93,75.67,17.39
2015,47190,구미시,Gumi-si,419915,70671,318992,30252,7.2,75.97,16.83
2016,47190,구미시,Gumi-si,419891,69354,318983,31554,7.51,75.97,16.52
2017,47190,구미시,Gumi-si,421799,68691,319503,33605,7.97,75.75,16.29
2018,47190,구미시,Gumi-si,421494,67080,318982,35432,8.41,75.68,15.91
2019,47190,구미시,Gumi-si,419742,65604,316598,37540,8.94,75.43,15.63
2020,47190,구미시,Gumi-si,416328,63719,312611,39998,9.61,75.09,15.3
2021,47190,구미시,Gumi-si,412581,61479,308528,42574,10.32,74.78,14.9
2022,47190,구미시,Gumi-si,408110,58253,304618,45239,11.09,74.64,14.27
2023,47190,구미시,Gumi-si,405506,55270,301938,48298,11.91,74.46,13.63
2024,47190,구미시,Gumi-si,404820,53172,298904,52744,13.03,73.84,13.13
2008,47210,영주시,Yeongju-si,113930,16962,76587,20381,17.89,67.22,14.89
2009,47210,영주시,Yeongju-si,113309,16318,76066,20925,18.47,67.13,14.4
2010,47210,영주시,Yeongju-si,113926,15671,77011,21244,18.65,67.6,13.76
2011,47210,영주시,Yeongju-si,114148,15136,77530,21482,18.82,67.92,13.26
2012,47210,영주시,Yeongju-si,113547,14545,76937,22065,19.43,67.76,12.81
2013,47210,영주시,Yeongju-si,112625,13857,75978,22790,20.24,67.46,12.3
2014,47210,영주시,Yeongju-si,110780,13261,74016,23503,21.22,66.81,11.97
2015,47210,영주시,Yeongju-si,109735,12579,73076,24080,21.94,66.59,11.46
2016,47210,영주시,Yeongju-si,109247,12260,72410,24577,22.5,66.28,11.22
2017,47210,영주시,Yeongju-si,108371,11893,70937,25541,23.57,65.46,10.97
2018,47210,영주시,Yeongju-si,106801,11376,69084,26341,24.66,64.68,10.65
2019,47210,영주시,Yeongju-si,105067,10826,66982,27259,25.94,63.75,10.3
2020,47210,영주시,Yeongju-si,103119,10274,64699,28146,27.29,62.74,9.96
2021,47210,영주시,Yeongju-si,101942,9925,63117,28900,28.35,61.91,9.74
2022,47210,영주시,Yeongju-si,100749,9532,61463,29754,29.53,61.01,9.46
2023,47210,영주시,Yeongju-si,100199,8972,60773,30454,30.39,60.65,8.95
2024,47210,영주시,Yeongju-si,98870,8426,58874,31570,31.93,59.55,8.52
2008,47230,영천시,Yeongcheon-si,104022,13617,69387,21018,20.21,66.7,13.09
2009,47230,영천시,Yeongcheon-si,103115,12800,68824,21491,20.84,66.74,12.41
2010,47230,영천시,Yeongcheon-si,103190,12168,69287,21735,21.06,67.15,11.79
2011,47230,영천시,Yeongcheon-si,104182,11652,70598,21932,21.05,67.76,11.18
2012,47230,영천시,Yeongcheon-si,101798,10967,68384,22447,22.05,67.18,10.77
2013,47230,영천시,Yeongcheon-si,100778,10430,67202,23146,22.97,66.68,10.35
2014,47230,영천시,Yeongcheon-si,100689,10080,66740,23869,23.71,66.28,10.01
2015,47230,영천시,Yeongcheon-si,100648,9806,66448,24394,24.24,66.02,9.74
2016,47230,영천시,Yeongcheon-si,100521,9467,65991,25063,24.93,65.65,9.42
2017,47230,영천시,Yeongcheon-si,100615,9286,65389,25940,25.78,64.99,9.23
2018,47230,영천시,Yeongcheon-si,101595,8991,65760,26844,26.42,64.73,8.85
2019,47230,영천시,Yeongcheon-si,102470,9007,65791,27672,27.0,64.21,8.79
2020,47230,영천시,Yeongcheon-si,102015,8858,64286,28871,28.3,63.02,8.68
2021,47230,영천시,Yeongcheon-si,101888,8677,63281,29930,29.38,62.11,8.52
2022,47230,영천시,Yeongcheon-si,101088,8386,61835,30867,30.53,61.17,8.3
2023,47230,영천시,Yeongcheon-si,100212,7980,60450,31782,31.71,60.32,7.96
2024,47230,영천시,Yeongcheon-si,98143,7492,57674,32977,33.6,58.77,7.63
2008,47250,상주시,Sangju-si,105381,13433,67384,24564,23.31,63.94,12.75
2009,47250,상주시,Sangju-si,106208,13086,68095,25027,23.56,64.11,12.32
2010,47250,상주시,Sangju-si,105607,12572,67960,25075,23.74,64.35,11.9
2011,47250,상주시,Sangju-si,104685,12028,67430,25227,24.1,64.41,11.49
2012,47250,상주시,Sangju-si,104182,11499,66780,25903,24.86,64.1,11.04
2013,47250,상주시,Sangju-si,103346,11061,65856,26429,25.57,63.72,10.7
2014,47250,상주시,Sangju-si,102892,10696,65091,27105,26.34,63.26,10.4
2015,47250,상주시,Sangju-si,102374,10297,64514,27563,26.92,63.02,10.06
2016,47250,상주시,Sangju-si,101799,9937,64093,27769,27.28,62.96,9.76
2017,47250,상주시,Sangju-si,100947,9623,62789,28535,28.27,62.2,9.53
2018,47250,상주시,Sangju-si,100297,9299,61898,29100,29.01,61.71,9.27
2019,47250,상주시,Sangju-si,100688,9034,61832,29822,29.62,61.41,8.97
2020,47250,상주시,Sangju-si,97228,8666,58090,30472,31.34,59.75,8.91
2021,47250,상주시,Sangju-si,95566,8373,56063,31130,32.57,58.66,8.76
2022,47250,상주시,Sangju-si,94823,8016,54884,31923,33.67,57.88,8.45
2023,47250,상주시,Sangju-si,93858,7593,53516,32749,34.89,57.02,8.09
2024,47250,상주시,Sangju-si,91850,7038,51153,33659,36.65,55.69,7.66
2008,47280,문경시,Mungyeong-si,75486,9684,49441,16361,21.67,65.5,12.83
2009,47280,문경시,Mungyeong-si,76645,9658,50321,16666,21.74,65.65,12.6
2010,47280,문경시,Mungyeong-si,77391,9445,50988,16958,21.91,65.88,12.2
2011,47280,문경시,Mungyeong-si,76727,9152,50410,17165,22.37,65.7,11.93
2012,47280,문경시,Mungyeong-si,75899,8871,49437,17591,23.18,65.14,11.69
2013,47280,문경시,Mungyeong-si,75664,8645,49004,18015,23.81,64.77,11.43
2014,47280,문경시,Mungyeong-si,75911,8435,49004,18472,24.33,64.55,11.11
2015,47280,문경시,Mungyeong-si,75784,8256,48632,18896,24.93,64.17,10.89
2016,47280,문경시,Mungyeong-si,74702,7735,47682,19285,25.82,63.83,10.35
2017,47280,문경시,Mungyeong-si,73294,7249,46168,19877,27.12,62.99,9.89
2018,47280,문경시,Mungyeong-si,71874,6850,44700,20324,28.28,62.19,9.53
2019,47280,문경시,Mungyeong-si,72242,6709,44642,20891,28.92,61.8,9.29
2020,47280,문경시,Mungyeong-si,71406,6563,43243,21600,30.25,60.56,9.19
2021,47280,문경시,Mungyeong-si,71154,6373,42444,22337,31.39,59.65,8.96
2022,47280,문경시,Mungyeong-si,70373,6067,41439,22867,32.49,58.88,8.62
2023,47280,문경시,Mungyeong-si,68755,5649,39720,23386,34.01,57.77,8.22
2024,47280,문경시,Mungyeong-si,67257,5283,37879,24095,35.83,56.32,7.85
2008,47290,경산시,Gyeongsan-si,237423,42219,169312,25892,10.91,71.31,17.78
2009,47290,경산시,Gyeongsan-si,236459,40097,169349,27013,11.42,71.62,16.96
2010,47290,경산시,Gyeongsan-si,240708,38863,173997,27848,11.57,72.29,16.15
2011,47290,경산시,Gyeongsan-si,243684,37929,177093,28662,11.76,72.67,15.56
2012,47290,경산시,Gyeongsan-si,246358,37144,179154,30060,12.2,72.72,15.08
2013,47290,경산시,Gyeongsan-si,248805,36283,180794,31728,12.75,72.66,14.58
2014,47290,경산시,Gyeongsan-si,253968,35478,184975,33515,13.2,72.83,13.97
2015,47290,경산시,Gyeongsan-si,256888,34532,187352,35004,13.63,72.93,13.44
2016,47290,경산시,Gyeongsan-si,258037,34130,187532,36375,14.1,72.68,13.23
2017,47290,경산시,Gyeongsan-si,259485,33616,187499,38370,14.79,72.26,12.95
2018,47290,경산시,Gyeongsan-si,261093,33019,188008,40066,15.35,72.01,12.65
2019,47290,경산시,Gyeongsan-si,263185,32327,188779,42079,15.99,71.73,12.28
2020,47290,경산시,Gyeongsan-si,263728,31440,187709,44579,16.9,71.18,11.92
2021,47290,경산시,Gyeongsan-si,268369,31200,189752,47417,17.67,70.71,11.63
2022,47290,경산시,Gyeongsan-si,267725,29817,188192,49716,18.57,70.29,11.14
2023,47290,경산시,Gyeongsan-si,266205,28301,185927,51977,19.53,69.84,10.63
2024,47290,경산시,Gyeongsan-si,266398,27083,184224,55091,20.68,69.15,10.17
2008,47720,군위군,Gunwi-gun,25309,2156,15418,7735,30.56,60.92,8.52
2009,47720,군위군,Gunwi-gun,24966,1961,15162,7843,31.41,60.73,7.85
2010,47720,군위군,Gunwi-gun,24736,1794,15072,7870,31.82,60.93,7.25
2011,47720,군위군,Gunwi-gun,24268,1660,14776,7832,32.27,60.89,6.84
2012,47720,군위군,Gunwi-gun,24119,1575,14532,8012,33.22,60.25,6.53
2013,47720,군위군,Gunwi-gun,24172,1496,14502,8174,33.82,60.0,6.19
2014,47720,군위군,Gunwi-gun,24170,1429,14359,8382,34.68,59.41,5.91
2015,47720,군위군,Gunwi-gun,24126,1413,14202,8511,35.28,58.87,5.86
2016,47720,군위군,Gunwi-gun,24171,1389,14112,8670,35.87,58.38,5.75
2017,47720,군위군,Gunwi-gun,24215,1339,13978,8898,36.75,57.72,5.53
2018,47720,군위군,Gunwi-gun,23919,1263,13673,8983,37.56,57.16,5.28
2019,47720,군위군,Gunwi-gun,23843,1207,13460,9176,38.49,56.45,5.06
2020,47720,군위군,Gunwi-gun,23256,1140,12655,9461,40.68,54.42,4.9
2021,47720,군위군,Gunwi-gun,22945,1056,12170,9719,42.36,53.04,4.6
2022,47720,군위군,Gunwi-gun,23340,1036,12239,10065,43.12,52.44,4.44
2008,47730,의성군,Uiseong-gun,60033,5143,36510,18380,30.62,60.82,8.57
2009,47730,의성군,Uiseong-gun,59109,4811,35710,18588,31.45,60.41,8.14
2010,47730,의성군,Uiseong-gun,58832,4533,35644,18655,31.71,60.59,7.7
2011,47730,의성군,Uiseong-gun,57744,4244,34872,18628,32.26,60.39,7.35
2012,47730,의성군,Uiseong-gun,57043,4039,34039,18965,33.25,59.67,7.08
2013,47730,의성군,Uiseong-gun,56064,3807,33026,19231,34.3,58.91,6.79
2014,47730,의성군,Uiseong-gun,55212,3606,32134,19472,35.27,58.2,6.53
2015,47730,의성군,Uiseong-gun,54477,3467,31357,19653,36.08,57.56,6.36
2016,47730,의성군,Uiseong-gun,54014,3401,30717,19896,36.83,56.87,6.3
2017,47730,의성군,Uiseong-gun,53474,3285,29900,20289,37.94,55.92,6.14
2018,47730,의성군,Uiseong-gun,52944,3157,29217,20570,38.85,55.18,5.96
2019,47730,의성군,Uiseong-gun,52595,3114,28476,21005,39.94,54.14,5.92
2020,47730,의성군,Uiseong-gun,51724,2959,27287,21478,41.52,52.76,5.72
2021,47730,의성군,Uiseong-gun,50632,2827,25944,21861,43.18,51.24,5.58
2022,47730,의성군,Uiseong-gun,50186,2741,25232,22213,44.26,50.28,5.46
2023,47730,의성군,Uiseong-gun,50086,2584,24779,22723,45.37,49.47,5.16
2024,47730,의성군,Uiseong-gun,48690,2330,23242,23118,47.48,47.73,4.79
2008,47750,청송군,Cheongsong-gun,27289,2796,17076,7417,27.18,62.57,10.25
2009,47750,청송군,Cheongsong-gun,26917,2558,16716,7643,28.39,62.1,9.5
2010,47750,청송군,Cheongsong-gun,26715,2340,16636,7739,28.97,62.27,8.76
2011,47750,청송군,Cheongsong-gun,26569,2229,16554,7786,29.3,62.31,8.39
2012,47750,청송군,Cheongsong-gun,26481,2155,16349,7977,30.12,61.74,8.14
2013,47750,청송군,Cheongsong-gun,26470,2057,16237,8176,30.89,61.34,7.77
2014,47750,청송군,Cheongsong-gun,26453,2009,16119,8325,31.47,60.93,7.59
2015,47750,청송군,Cheongsong-gun,26384,1940,16010,8434,31.97,60.68,7.35
2016,47750,청송군,Cheongsong-gun,26301,1852,15849,8600,32.7,60.26,7.04
2017,47750,청송군,Cheongsong-gun,26006,1796,15437,8773,33.73,59.36,6.91
2018,47750,청송군,Cheongsong-gun,25678,1684,15037,8957,34.88,58.56,6.56
2019,47750,청송군,Cheongsong-gun,25416,1608,14673,9135,35.94,57.73,6.33
2020,47750,청송군,Cheongsong-gun,25044,1513,14149,9382,37.46,56.5,6.04
2021,47750,청송군,Cheongsong-gun,24539,1438,13571,9530,38.84,55.3,5.86
2022,47750,청송군,Cheongsong-gun,24295,1376,13097,9822,40.43,53.91,5.66
2023,47750,청송군,Cheongsong-gun,24019,1347,12629,10043,41.81,52.58,5.61
2024,47750,청송군,Cheongsong-gun,23716,1297,12052,10367,43.71,50.82,5.47
2008,47760,영양군,Yeongyang-gun,18766,1865,11439,5462,29.11,60.96,9.94
2009,47760,영양군,Yeongyang-gun,18553,1766,11248,5539,29.86,60.63,9.52
2010,47760,영양군,Yeongyang-gun,18451,1688,11147,5616,30.44,60.41,9.15
2011,47760,영양군,Yeongyang-gun,18241,1632,11007,5602,30.71,60.34,8.95
2012,47760,영양군,Yeongyang-gun,18208,1613,10966,5629,30.91,60.23,8.86
2013,47760,영양군,Yeongyang-gun,18297,1589,10961,5747,31.41,59.91,8.68
2014,47760,영양군,Yeongyang-gun,18197,1567,10795,5835,32.07,59.32,8.61
2015,47760,영양군,Yeongyang-gun,17898,1481,10585,5832,32.58,59.14,8.27
2016,47760,영양군,Yeongyang-gun,17713,1439,10396,5878,33.18,58.69,8.12
2017,47760,영양군,Yeongyang-gun,17479,1364,10152,5963,34.12,58.08,7.8
2018,47760,영양군,Yeongyang-gun,17356,1288,9984,6084,35.05,57.52,7.42
2019,47760,영양군,Yeongyang-gun,16993,1255,9620,6118,36.0,56.61,7.39
2020,47760,영양군,Yeongyang-gun,16692,1172,9242,6278,37.61,55.37,7.02
2021,47760,영양군,Yeongyang-gun,16320,1122,8888,6310,38.66,54.46,6.88
2022,47760,영양군,Yeongyang-gun,16022,1019,8597,6406,39.98,53.66,6.36
2023,47760,영양군,Yeongyang-gun,15661,926,8249,6486,41.41,52.67,5.91
2024,47760,영양군,Yeongyang-gun,15328,851,7876,6601,43.06,51.38,5.55
2008,47770,영덕군,Yeongdeok-gun,42707,4635,26354,11718,27.44,61.71,10.85
2009,47770,영덕군,Yeongdeok-gun,41710,4328,25499,11883,28.49,61.13,10.38
2010,47770,영덕군,Yeongdeok-gun,41377,4047,25354,11976,28.94,61.28,9.78
2011,47770,영덕군,Yeongdeok-gun,40794,3814,24951,12029,29.49,61.16,9.35
2012,47770,영덕군,Yeongdeok-gun,40257,3619,24452,12186,30.27,60.74,8.99
2013,47770,영덕군,Yeongdeok-gun,40142,3506,24217,12419,30.94,60.33,8.73
2014,47770,영덕군,Yeongdeok-gun,39586,3348,23599,12639,31.93,59.61,8.46
2015,47770,영덕군,Yeongdeok-gun,39191,3236,23212,12743,32.52,59.23,8.26
2016,47770,영덕군,Yeongdeok-gun,39052,3129,23026,12897,33.03,58.96,8.01
2017,47770,영덕군,Yeongdeok-gun,38529,3051,22337,13141,34.11,57.97,7.92
2018,47770,영덕군,Yeongdeok-gun,38108,2958,21863,13287,34.87,57.37,7.76
2019,47770,영덕군,Yeongdeok-gun,37361,2851,21052,13458,36.02,56.35,7.63
2020,47770,영덕군,Yeongdeok-gun,36313,2664,19899,13750,37.87,54.8,7.34
2021,47770,영덕군,Yeongdeok-gun,35314,2432,19039,13843,39.2,53.91,6.89
2022,47770,영덕군,Yeongdeok-gun,34650,2296,18348,14006,40.42,52.95,6.63
2023,47770,영덕군,Yeongdeok-gun,34055,2127,17717,14211,41.73,52.02,6.25
2024,47770,영덕군,Yeongdeok-gun,33210,1965,16793,14452,43.52,50.57,5.92
2008,47820,청도군,Cheongdo-gun,44711,4186,28205,12320,27.55,63.08,9.36
2009,47820,청도군,Cheongdo-gun,44279,3915,27949,12415,28.04,63.12,8.84
2010,47820,청도군,Cheongdo-gun,44391,3744,28211,12436,28.01,63.55,8.43
2011,47820,청도군,Cheongdo-gun,44298,3617,28180,12501,28.22,63.61,8.17
2012,47820,청도군,Cheongdo-gun,43968,3454,27717,12797,29.11,63.04,7.86
2013,47820,청도군,Cheongdo-gun,43788,3296,27323,13169,30.07,62.4,7.53
2014,47820,청도군,Cheongdo-gun,43993,3175,27203,13615,30.95,61.83,7.22
2015,47820,청도군,Cheongdo-gun,43724,3015,26810,13899,31.79,61.32,6.9
2016,47820,청도군,Cheongdo-gun,43564,2907,26383,14274,32.77,60.56,6.67
2017,47820,청도군,Cheongdo-gun,43346,2795,25772,14779,34.1,59.46,6.45
2018,47820,청도군,Cheongdo-gun,43057,2692,25193,15172,35.24,58.51,6.25
2019,47820,청도군,Cheongdo-gun,42910,2648,24721,15541,36.22,57.61,6.17
2020,47820,청도군,Cheongdo-gun,42263,2592,23644,16027,37.92,55.94,6.13
2021,47820,청도군,Cheongdo-gun,41891,2453,22994,16444,39.25,54.89,5.86
2022,47820,청도군,Cheongdo-gun,41614,2277,22441,16896,40.6,53.93,5.47
2023,47820,청도군,Cheongdo-gun,41316,2206,21768,17342,41.97,52.69,5.34
2024,47820,청도군,Cheongdo-gun,40582,2034,20584,17964,44.27,50.72,5.01
2008,47830,고령군,Goryeong-gun,34770,4255,22860,7655,22.02,65.75,12.24
2009,47830,고령군,Goryeong-gun,34535,4086,22625,7824,22.66,65.51,11.83
2010,47830,고령군,Goryeong-gun,34678,3886,22947,7845,22.62,66.17,11.21
2011,47830,고령군,Goryeong-gun,35455,3939,23563,7953,22.43,66.46,11.11
2012,47830,고령군,Goryeong-gun,35343,3784,23423,8136,23.02,66.27,10.71
2013,47830,고령군,Goryeong-gun,35198,3662,23176,8360,23.75,65.84,10.4
2014,47830,고령군,Goryeong-gun,35033,3544,22952,8537,24.37,65.52,10.12
2015,47830,고령군,Goryeong-gun,34594,3436,22441,8717,25.2,64.87,9.93
2016,47830,고령군,Goryeong-gun,34257,3246,22122,8889,25.95,64.58,9.48
2017,47830,고령군,Goryeong-gun,33768,3040,21475,9253,27.4,63.6,9.0
2018,47830,고령군,Goryeong-gun,32969,2814,20775,9380,28.45,63.01,8.54
2019,47830,고령군,Goryeong-gun,32373,2613,20112,9648,29.8,62.13,8.07
2020,47830,고령군,Goryeong-gun,31361,2380,19040,9941,31.7,60.71,7.59
2021,47830,고령군,Goryeong-gun,30626,2216,18245,10165,33.19,59.57,7.24
2022,47830,고령군,Goryeong-gun,30353,2029,17827,10497,34.58,58.73,6.68
2023,47830,고령군,Goryeong-gun,30139,1876,17401,10862,36.04,57.74,6.22
2024,47830,고령군,Goryeong-gun,30062,1740,16930,11392,37.9,56.32,5.79
2008,47840,성주군,Seongju-gun,45024,4905,29628,10491,23.3,65.8,10.89
2009,47840,성주군,Seongju-gun,45616,4634,30312,10670,23.39,66.45,10.16
2010,47840,성주군,Seongju-gun,45289,4363,30267,10659,23.54,66.83,9.63
2011,47840,성주군,Seongju-gun,45640,4163,30748,10729,23.51,67.37,9.12
2012,47840,성주군,Seongju-gun,45127,3973,30145,11009,24.4,66.8,8.8
2013,47840,성주군,Seongju-gun,45067,3854,29844,11369,25.23,66.22,8.55
2014,47840,성주군,Seongju-gun,44981,3756,29528,11697,26.0,65.65,8.35
2015,47840,성주군,Seongju-gun,45029,3641,29375,12013,26.68,65.24,8.09
2016,47840,성주군,Seongju-gun,45205,3556,29251,12398,27.43,64.71,7.87
2017,47840,성주군,Seongju-gun,45138,3391,28908,12839,28.44,64.04,7.51
2018,47840,성주군,Seongju-gun,44672,3291,28239,13142,29.42,63.21,7.37
2019,47840,성주군,Seongju-gun,44015,3112,27426,13477,30.62,62.31,7.07
2020,47840,성주군,Seongju-gun,43414,2963,26480,13971,32.18,60.99,6.82
2021,47840,성주군,Seongju-gun,42842,2876,25553,14413,33.64,59.64,6.71
2022,47840,성주군,Seongju-gun,42566,2721,24867,14978,35.19,58.42,6.39
2023,47840,성주군,Seongju-gun,42086,2522,24159,15405,36.6,57.4,5.99
2024,47840,성주군,Seongju-gun,41452,2357,23051,16044,38.71,55.61,5.69
2008,47850,칠곡군,Chilgok-gun,116472,22565,81245,12662,10.87,69.75,19.37
2009,47850,칠곡군,Chilgok-gun,117288,21826,82524,12938,11.03,70.36,18.61
2010,47850,칠곡군,Chilgok-gun,119087,21413,84306,13368,11.23,70.79,17.98
2011,47850,칠곡군,Chilgok-gun,118838,20671,84675,13492,11.35,71.25,17.39
2012,47850,칠곡군,Chilgok-gun,119786,20197,85675,13914,11.62,71.52,16.86
2013,47850,칠곡군,Chilgok-gun,121182,19939,86868,14375,11.86,71.68,16.45
2014,47850,칠곡군,Chilgok-gun,122058,19578,87660,14820,12.14,71.82,16.04
2015,47850,칠곡군,Chilgok-gun,122829,19323,88306,15200,12.37,71.89,15.73
2016,47850,칠곡군,Chilgok-gun,123199,18850,88870,15479,12.56,72.14,15.3
2017,47850,칠곡군,Chilgok-gun,120864,17878,86820,16166,13.38,71.83,14.79
2018,47850,칠곡군,Chilgok-gun,118828,17027,85109,16692,14.05,71.62,14.33
2019,47850,칠곡군,Chilgok-gun,117047,16154,83405,17488,14.94,71.26,13.8
2020,47850,칠곡군,Chilgok-gun,114758,15228,81195,18335,15.98,70.75,13.27
2021,47850,칠곡군,Chilgok-gun,113822,14457,80164,19201,16.87,70.43,12.7
2022,47850,칠곡군,Chilgok-gun,112487,13472,79006,20009,17.79,70.24,11.98
2023,47850,칠곡군,Chilgok-gun,110581,12403,77338,20840,18.85,69.94,11.22
2024,47850,칠곡군,Chilgok-gun,107383,11269,74289,21825,20.32,69.18,10.49
2008,47900,예천군,Yecheon-gun,47993,4818,29306,13869,28.9,61.06,10.04
2009,47900,예천군,Yecheon-gun,47306,4486,28863,13957,29.5,61.01,9.48
2010,47900,예천군,Yecheon-gun,47049,4406,28676,13967,29.69,60.95,9.36
2011,47900,예천군,Yecheon-gun,46579,4385,28267,13927,29.9,60.69,9.41
2012,47900,예천군,Yecheon-gun,46027,4332,27572,14123,30.68,59.9,9.41
2013,47900,예천군,Yecheon-gun,45573,4239,26959,14375,31.54,59.16,9.3
2014,47900,예천군,Yecheon-gun,45104,4070,26390,14644,32.47,58.51,9.02
2015,47900,예천군,Yecheon-gun,44674,3976,25905,14793,33.11,57.99,8.9
2016,47900,예천군,Yecheon-gun,46166,4426,26697,15043,32.58,57.83,9.59
2017,47900,예천군,Yecheon-gun,49253,5272,28523,15458,31.38,57.91,10.7
2018,47900,예천군,Yecheon-gun,53274,6436,30962,15876,29.8,58.12,12.08
2019,47900,예천군,Yecheon-gun,55100,6864,31847,16389,29.74,57.8,12.46
2020,47900,예천군,Yecheon-gun,55613,6959,31810,16844,30.29,57.2,12.51
2021,47900,예천군,Yecheon-gun,55739,6897,31606,17236,30.92,56.7,12.37
2022,47900,예천군,Yecheon-gun,55755,6724,31393,17638,31.63,56.31,12.06
2023,47900,예천군,Yecheon-gun,55325,6589,30838,17898,32.35,55.74,11.91
2024,47900,예천군,Yecheon-gun,54609,6330,30014,18265,33.45,54.96,11.59
2008,47920,봉화군,Bonghwa-gun,34628,3599,21469,9560,27.61,62.0,10.39
2009,47920,봉화군,Bonghwa-gun,34297,3458,21103,9736,28.39,61.53,10.08
2010,47920,봉화군,Bonghwa-gun,34567,3446,21321,9800,28.35,61.68,9.97
2011,47920,봉화군,Bonghwa-gun,34192,3344,21111,9737,28.48,61.74,9.78
2012,47920,봉화군,Bonghwa-gun,33934,3237,20726,9971,29.38,61.08,9.54
2013,47920,봉화군,Bonghwa-gun,33894,3184,20520,10190,30.06,60.54,9.39
2014,47920,봉화군,Bonghwa-gun,34023,3125,20473,10425,30.64,60.17,9.18
2015,47920,봉화군,Bonghwa-gun,33808,2971,20286,10551,31.21,60.0,8.79
2016,47920,봉화군,Bonghwa-gun,33539,2791,20042,10706,31.92,59.76,8.32
2017,47920,봉화군,Bonghwa-gun,33259,2692,19621,10946,32.91,58.99,8.09
2018,47920,봉화군,Bonghwa-gun,32843,2550,19253,11040,33.61,58.62,7.76
2019,47920,봉화군,Bonghwa-gun,32150,2372,18556,11222,34.91,57.72,7.38
2020,47920,봉화군,Bonghwa-gun,31494,2255,17672,11567,36.73,56.11,7.16
2021,47920,봉화군,Bonghwa-gun,30762,2065,16920,11777,38.28,55.0,6.71
2022,47920,봉화군,Bonghwa-gun,30139,1873,16286,11980,39.75,54.04,6.21
2023,47920,봉화군,Bonghwa-gun,29603,1756,15615,12232,41.32,52.75,5.93
2024,47920,봉화군,Bonghwa-gun,28836,1593,14664,12579,43.62,50.85,5.52
2008,47930,울진군,Uljin-gun,53042,7594,33572,11876,22.39,63.29,14.32
2009,47930,울진군,Uljin-gun,52529,7273,33223,12033,22.91,63.25,13.85
2010,47930,울진군,Uljin-gun,52430,6903,33422,12105,23.09,63.75,13.17
2011,47930,울진군,Uljin-gun,52045,6638,33234,12173,23.39,63.86,12.75
2012,47930,울진군,Uljin-gun,51844,6436,33190,12218,23.57,64.02,12.41
2013,47930,울진군,Uljin-gun,51953,6196,33310,12447,23.96,64.12,11.93
2014,47930,울진군,Uljin-gun,52104,6047,33464,12593,24.17,64.23,11.61
2015,47930,울진군,Uljin-gun,51885,5827,33404,12654,24.39,64.38,11.23
2016,47930,울진군,Uljin-gun,51738,5583,33490,12665,24.48,64.73,10.79
2017,47930,울진군,Uljin-gun,50974,5286,32834,12854,25.22,64.41,10.37
2018,47930,울진군,Uljin-gun,50036,5007,31956,13073,26.13,63.87,10.01
2019,47930,울진군,Uljin-gun,49314,4767,31191,13356,27.08,63.25,9.67
2020,47930,울진군,Uljin-gun,48716,4611,30462,13643,28.01,62.53,9.47
2021,47930,울진군,Uljin-gun,47858,4407,29438,14013,29.28,61.51,9.21
2022,47930,울진군,Uljin-gun,47030,4126,28620,14284,30.37,60.85,8.77
2023,47930,울진군,Uljin-gun,46669,3958,28128,14583,31.25,60.27,8.48
2024,47930,울진군,Uljin-gun,46124,3729,27440,14955,32.42,59.49,8.08
2008,47940,울릉군,Ulleung-gun,10168,1145,7255,1768,17.39,71.35,11.26
2009,47940,울릉군,Ulleung-gun,10325,1075,7440,1810,17.53,72.06,10.41
2010,47940,울릉군,Ulleung-gun,10701,1028,7766,1907,17.82,72.57,9.61
2011,47940,울릉군,Ulleung-gun,10742,991,7796,1955,18.2,72.57,9.23
2012,47940,울릉군,Ulleung-gun,10673,939,7720,2014,18.87,72.33,8.8
2013,47940,울릉군,Ulleung-gun,10524,884,7590,2050,19.48,72.12,8.4
2014,47940,울릉군,Ulleung-gun,10264,833,7387,2044,19.91,71.97,8.12
2015,47940,울릉군,Ulleung-gun,10153,813,7236,2104,20.72,71.27,8.01
2016,47940,울릉군,Ulleung-gun,10001,735,7112,2154,21.54,71.11,7.35
2017,47940,울릉군,Ulleung-gun,9975,727,7010,2238,22.44,70.28,7.29
2018,47940,울릉군,Ulleung-gun,9832,701,6841,2290,23.29,69.58,7.13
2019,47940,울릉군,Ulleung-gun,9617,706,6570,2341,24.34,68.32,7.34
2020,47940,울릉군,Ulleung-gun,9077,621,6070,2386,26.29,66.87,6.84
2021,47940,울릉군,Ulleung-gun,8867,602,5875,2390,26.95,66.26,6.79
2022,47940,울릉군,Ulleung-gun,8996,545,5940,2511,27.91,66.03,6.06
2023,47940,울릉군,Ulleung-gun,9077,532,5916,2629,28.96,65.18,5.86
2024,47940,울릉군,Ulleung-gun,9099,511,5846,2742,30.14,64.25,5.62
2008,48110,창원시,Changwon-si,503518,98232,378193,27093,5.38,75.11,19.51
2009,48110,창원시,Changwon-si,502727,93009,381750,27968,5.56,75.94,18.5
2010,48120,창원시(통합),Changwon-si,1090181,181964,820021,88196,8.09,75.22,16.69
2011,48120,창원시(통합),Changwon-si,1091881,176054,824264,91563,8.39,75.49,16.12
2012,48120,창원시(통합),Changwon-si,1091471,171067,824205,96199,8.81,75.51,15.67
2013,48120,창원시(통합),Changwon-si,1083731,164042,818118,101571,9.37,75.49,15.14
2014,48120,창원시(통합),Changwon-si,1075168,157364,810774,107030,9.95,75.41,14.64
2015,48120,창원시(통합),Changwon-si,1070064,151313,806956,111795,10.45,75.41,14.14
2016,48120,창원시(통합),Changwon-si,1063907,146768,799931,117208,11.02,75.19,13.8
2017,48120,창원시(통합),Changwon-si,1057032,143458,788699,124875,11.81,74.61,13.57
2018,48120,창원시(통합),Changwon-si,1053601,140261,781727,131613,12.49,74.2,13.31
2019,48120,창원시(통합),Changwon-si,1044740,135929,768660,140151,13.41,73.57,13.01
2020,48120,창원시(통합),Changwon-si,1036738,132426,753407,150905,14.56,72.67,12.77
2021,48120,창원시(통합),Changwon-si,1032741,128960,743260,160521,15.54,71.97,12.49
2022,48120,창원시(통합),Changwon-si,1021487,122651,728563,170273,16.67,71.32,12.01
2023,48120,창원시(통합),Changwon-si,1009038,116510,712209,180319,17.87,70.58,11.55
2024,48120,창원시(통합),Changwon-si,999858,111167,696661,192030,19.21,69.68,11.12
2010,48121,의창구,Uichang-gu,251647,41434,191735,18478,7.34,76.19,16.47
2011,48121,의창구,Uichang-gu,254419,39697,195599,19123,7.52,76.88,15.6
2012,48121,의창구,Uichang-gu,255394,38033,197263,20098,7.87,77.24,14.89
2013,48121,의창구,Uichang-gu,255816,36411,198055,21350,8.35,77.42,14.23
2014,48121,의창구,Uichang-gu,258250,35535,200016,22699,8.79,77.45,13.76
2015,48121,의창구,Uichang-gu,256471,33890,198797,23784,9.27,77.51,13.21
2016,48121,의창구,Uichang-gu,252435,32274,195315,24846,9.84,77.37,12.79
2017,48121,의창구,Uichang-gu,253349,32272,194369,26708,10.54,76.72,12.74
2018,48121,의창구,Uichang-gu,252896,31920,192649,28327,11.2,76.18,12.62
2019,48121,의창구,Uichang-gu,258582,32482,195469,30631,11.85,75.59,12.56
2020,48121,의창구,Uichang-gu,262408,32953,196234,33221,12.66,74.78,12.56
2021,48121,의창구,Uichang-gu,218027,27047,159789,31191,14.31,73.29,12.41
2022,48121,의창구,Uichang-gu,215823,25864,156621,33338,15.45,72.57,11.98
2023,48121,의창구,Uichang-gu,213342,24618,153074,35650,16.71,71.75,11.54
2024,48121,의창구,Uichang-gu,209695,23182,148348,38165,18.2,70.74,11.06
2010,48123,성산구,Seongsan-gu,251073,46729,194106,10238,4.08,77.31,18.61
2011,48123,성산구,Seongsan-gu,247720,44101,193123,10496,4.24,77.96,17.8
2012,48123,성산구,Seongsan-gu,246801,42243,193583,10975,4.45,78.44,17.12
2013,48123,성산구,Seongsan-gu,242870,39871,191554,11445,4.71,78.87,16.42
2014,48123,성산구,Seongsan-gu,238414,37467,188868,12079,5.07,79.22,15.72
2015,48123,성산구,Seongsan-gu,234399,35039,186734,12626,5.39,79.67,14.95
2016,48123,성산구,Seongsan-gu,231571,33237,184791,13543,5.85,79.8,14.35
2017,48123,성산구,Seongsan-gu,227942,31547,181810,14585,6.4,79.76,13.84
2018,48123,성산구,Seongsan-gu,227337,30556,181094,15687,6.9,79.66,13.44
2019,48123,성산구,Seongsan-gu,220945,28902,175205,16838,7.62,79.3,13.08
2020,48123,성산구,Seongsan-gu,214570,27336,168894,18340,8.55,78.71,12.74
2021,48123,성산구,Seongsan-gu,251562,30751,196561,24250,9.64,78.14,12.22
2022,48123,성산구,Seongsan-gu,248512,29350,192761,26401,10.62,77.57,11.81
2023,48123,성산구,Seongsan-gu,245259,28104,188357,28798,11.74,76.8,11.46
2024,48123,성산구,Seongsan-gu,244489,27470,185161,31858,13.03,75.73,11.24
2010,48125,마산합포구,Masanhappo-gu,186420,23960,138766,23694,12.71,74.44,12.85
2011,48125,마산합포구,Masanhappo-gu,186399,23444,138405,24550,13.17,74.25,12.58
2012,48125,마산합포구,Masanhappo-gu,185505,22928,136887,25690,13.85,73.79,12.36
2013,48125,마산합포구,Masanhappo-gu,183365,22040,134308,27017,14.73,73.25,12.02
2014,48125,마산합포구,Masanhappo-gu,182223,21447,132479,28297,15.53,72.7,11.77
2015,48125,마산합포구,Masanhappo-gu,181670,21038,131266,29366,16.16,72.26,11.58
2016,48125,마산합포구,Masanhappo-gu,181797,20897,130375,30525,16.79,71.71,11.49
2017,48125,마산합포구,Masanhappo-gu,181917,20936,128618,32363,17.79,70.7,11.51
2018,48125,마산합포구,Masanhappo-gu,180535,20591,126144,33800,18.72,69.87,11.41
2019,48125,마산합포구,Masanhappo-gu,177784,19935,122337,35512,19.97,68.81,11.21
2020,48125,마산합포구,Masanhappo-gu,175716,19466,118352,37898,21.57,67.35,11.08
2021,48125,마산합포구,Masanhappo-gu,181322,20641,120595,40086,22.11,66.51,11.38
2022,48125,마산합포구,Masanhappo-gu,179496,19873,117769,41854,23.32,65.61,11.07
2023,48125,마산합포구,Masanhappo-gu,179394,19478,116159,43757,24.39,64.75,10.86
2024,48125,마산합포구,Masanhappo-gu,178211,18676,113531,46004,25.81,63.71,10.48
2010,48127,마산회원구,Masanhoewon-gu,225182,35491,170496,19195,8.52,75.71,15.76
2011,48127,마산회원구,Masanhoewon-gu,223235,33911,169210,20114,9.01,75.8,15.19
2012,48127,마산회원구,Masanhoewon-gu,221388,32683,167273,21432,9.68,75.56,14.76
2013,48127,마산회원구,Masanhoewon-gu,219558,31280,165354,22924,10.44,75.31,14.25
2014,48127,마산회원구,Masanhoewon-gu,214291,29496,160571,24224,11.3,74.93,13.76
2015,48127,마산회원구,Masanhoewon-gu,211791,28233,158156,25402,11.99,74.68,13.33
2016,48127,마산회원구,Masanhoewon-gu,210791,27575,156489,26727,12.68,74.24,13.08
2017,48127,마산회원구,Masanhoewon-gu,203926,25970,149727,28229,13.84,73.42,12.74
2018,48127,마산회원구,Masanhoewon-gu,199457,24661,145325,29471,14.78,72.86,12.36
2019,48127,마산회원구,Masanhoewon-gu,193807,23087,139436,31284,16.14,71.95,11.91
2020,48127,마산회원구,Masanhoewon-gu,191289,22207,135360,33722,17.63,70.76,11.61
2021,48127,마산회원구,Masanhoewon-gu,186881,20856,130574,35451,18.97,69.87,11.16
2022,48127,마산회원구,Masanhoewon-gu,183662,19535,126635,37492,20.41,68.95,10.64
2023,48127,마산회원구,Masanhoewon-gu,179818,18170,122362,39286,21.85,68.05,10.1
2024,48127,마산회원구,Masanhoewon-gu,178724,17523,119738,41463,23.2,67.0,9.8
2010,48129,진해구,Jinhae-gu,175859,34350,124918,16591,9.43,71.03,19.53
2011,48129,진해구,Jinhae-gu,180108,34901,127927,17280,9.59,71.03,19.38
2012,48129,진해구,Jinhae-gu,182383,35180,129199,18004,9.87,70.84,19.29
2013,48129,진해구,Jinhae-gu,182122,34440,128847,18835,10.34,70.75,18.91
2014,48129,진해구,Jinhae-gu,181990,33419,128840,19731,10.84,70.8,18.36
2015,48129,진해구,Jinhae-gu,185733,33113,132003,20617,11.1,71.07,17.83
2016,48129,진해구,Jinhae-gu,187313,32785,132961,21567,11.51,70.98,17.5
2017,48129,진해구,Jinhae-gu,189898,32733,134175,22990,12.11,70.66,17.24
2018,48129,진해구,Jinhae-gu,193376,32533,136515,24328,12.58,70.6,16.82
2019,48129,진해구,Jinhae-gu,193622,31523,136213,25886,13.37,70.35,16.28
2020,48129,진해구,Jinhae-gu,192755,30464,134567,27724,14.38,69.81,15.8
2021,48129,진해구,Jinhae-gu,194949,29665,135741,29543,15.15,69.63,15.22
2022,48129,진해구,Jinhae-gu,193994,28029,134777,31188,16.08,69.47,14.45
2023,48129,진해구,Jinhae-gu,191225,26140,132257,32828,17.17,69.16,13.67
2024,48129,진해구,Jinhae-gu,188739,24316,129883,34540,18.3,68.82,12.88
2008,48160,마산시,Masan-si,411078,64586,307407,39085,9.51,74.78,15.71
2009,48160,마산시,Masan-si,406307,61253,304099,40955,10.08,74.84,15.08
2008,48170,진주시,Jinju-si,331222,58733,236239,36250,10.94,71.32,17.73
2009,48170,진주시,Jinju-si,331720,56750,237353,37617,11.34,71.55,17.11
2010,48170,진주시,Jinju-si,335037,55187,240912,38938,11.62,71.91,16.47
2011,48170,진주시,Jinju-si,335502,53500,241706,40296,12.01,72.04,15.95
2012,48170,진주시,Jinju-si,337314,52086,243035,42193,12.51,72.05,15.44
2013,48170,진주시,Jinju-si,337071,50327,242728,44016,13.06,72.01,14.93
2014,48170,진주시,Jinju-si,340241,49960,244283,45998,13.52,71.8,14.68
2015,48170,진주시,Jinju-si,344426,49512,247099,47815,13.88,71.74,14.38
2016,48170,진주시,Jinju-si,346739,48994,248427,49318,14.22,71.65,14.13
2017,48170,진주시,Jinju-si,346681,47971,247222,51488,14.85,71.31,13.84
2018,48170,진주시,Jinju-si,345987,47042,245685,53260,15.39,71.01,13.6
2019,48170,진주시,Jinju-si,347334,46407,245028,55899,16.09,70.55,13.36
2020,48170,진주시,Jinju-si,348096,45705,243359,59032,16.96,69.91,13.13
2021,48170,진주시,Jinju-si,347097,44370,241112,61615,17.75,69.47,12.78
2022,48170,진주시,Jinju-si,343782,42405,237039,64338,18.71,68.95,12.33
2023,48170,진주시,Jinju-si,341074,40386,233376,67312,19.74,68.42,11.84
2024,48170,진주시,Jinju-si,338785,38846,229714,70225,20.73,67.81,11.47
2008,48190,진해시,Jinhae-si,168696,34135,119047,15514,9.2,70.57,20.23
2009,48190,진해시,Jinhae-si,171407,34123,121305,15979,9.32,70.77,19.91
2008,48220,통영시,Tongyeong-si,136275,22523,98087,15665,11.5,71.98,16.53
2009,48220,통영시,Tongyeong-si,137415,22392,98797,16226,11.81,71.9,16.3
2010,48220,통영시,Tongyeong-si,140297,22522,101120,16655,11.87,72.08,16.05
2011,48220,통영시,Tongyeong-si,140195,22315,100832,17048,12.16,71.92,15.92
2012,48220,통영시,Tongyeong-si,139347,21843,99732,17772,12.75,71.57,15.68
2013,48220,통영시,Tongyeong-si,139719,21386,99648,18685,13.37,71.32,15.31
2014,48220,통영시,Tongyeong-si,139439,21057,98822,19560,14.03,70.87,15.1
2015,48220,통영시,Tongyeong-si,139168,20566,98456,20146,14.48,70.75,14.78
2016,48220,통영시,Tongyeong-si,138160,19964,97301,20895,15.12,70.43,14.45
2017,48220,통영시,Tongyeong-si,135833,19147,94632,22054,16.24,69.67,14.1
2018,48220,통영시,Tongyeong-si,133720,18281,92595,22844,17.08,69.25,13.67
2019,48220,통영시,Tongyeong-si,131404,17346,90163,23895,18.18,68.62,13.2
2020,48220,통영시,Tongyeong-si,128293,16383,86773,25137,19.59,67.64,12.77
2021,48220,통영시,Tongyeong-si,125383,15421,83534,26428,21.08,66.62,12.3
2022,48220,통영시,Tongyeong-si,122681,14213,80947,27521,22.43,65.98,11.59
2023,48220,통영시,Tongyeong-si,120551,13114,78657,28780,23.87,65.25,10.88
2024,48220,통영시,Tongyeong-si,118481,11960,76288,30233,25.52,64.39,10.09
2008,48240,사천시,Sacheon-si,112828,18836,77042,16950,15.02,68.28,16.69
2009,48240,사천시,Sacheon-si,112724,18276,77011,17437,15.47,68.32,16.21
2010,48240,사천시,Sacheon-si,114148,17916,78328,17904,15.68,68.62,15.7
2011,48240,사천시,Sacheon-si,114133,17524,78246,18363,16.09,68.56,15.35
2012,48240,사천시,Sacheon-si,115321,17355,78942,19024,16.5,68.45,15.05
2013,48240,사천시,Sacheon-si,116851,17467,79646,19738,16.89,68.16,14.95
2014,48240,사천시,Sacheon-si,116485,17006,79052,20427,17.54,67.86,14.6
2015,48240,사천시,Sacheon-si,115452,16179,78374,20899,18.1,67.88,14.01
2016,48240,사천시,Sacheon-si,114912,15656,77754,21502,18.71,67.66,13.62
2017,48240,사천시,Sacheon-si,114252,15278,76856,22118,19.36,67.27,13.37
2018,48240,사천시,Sacheon-si,113888,14685,76562,22641,19.88,67.23,12.89
2019,48240,사천시,Sacheon-si,111925,13937,74560,23428,20.93,66.62,12.45
2020,48240,사천시,Sacheon-si,111105,13482,73019,24604,22.14,65.72,12.13
2021,48240,사천시,Sacheon-si,109953,12999,71517,25437,23.13,65.04,11.82
2022,48240,사천시,Sacheon-si,109369,12338,70699,26332,24.08,64.64,11.28
2023,48240,사천시,Sacheon-si,109030,11647,70269,27114,24.87,64.45,10.68
2024,48240,사천시,Sacheon-si,108504,10901,69532,28071,25.87,64.08,10.05
2020,48245,사천남양출장소,Sacheon namyang branch office ,0,0,0,0,,,
2022,48245,사천남양출장소,Sacheon namyang branch office ,0,0,0,0,,,
2023,48245,사천남양출장소,Sacheon namyang branch office ,0,0,0,0,,,
2024,48245,사천남양출장소,Sacheon namyang branch office ,0,0,0,0,,,
2008,48250,김해시,Gimhae-si,477572,106117,338825,32630,6.83,70.95,22.22
2009,48250,김해시,Gimhae-si,492413,105103,352750,34560,7.02,71.64,21.34
2010,48250,김해시,Gimhae-si,503348,102801,364369,36178,7.19,72.39,20.42
2011,48250,김해시,Gimhae-si,507062,99365,370154,37543,7.4,73.0,19.6
2012,48250,김해시,Gimhae-si,513260,96923,376749,39588,7.71,73.4,18.88
2013,48250,김해시,Gimhae-si,522049,95478,384781,41790,8.0,73.71,18.29
2014,48250,김해시,Gimhae-si,527240,93300,390138,43802,8.31,74.0,17.7
2015,48250,김해시,Gimhae-si,528865,89913,393056,45896,8.68,74.32,17.0
2016,48250,김해시,Gimhae-si,529422,87008,394439,47975,9.06,74.5,16.43
2017,48250,김해시,Gimhae-si,532132,85051,395862,51219,9.63,74.39,15.98
2018,48250,김해시,Gimhae-si,533672,82442,397477,53753,10.07,74.48,15.45
2019,48250,김해시,Gimhae-si,542455,81955,402968,57532,10.61,74.29,15.11
2020,48250,김해시,Gimhae-si,542338,79697,400784,61857,11.41,73.9,14.7
2021,48250,김해시,Gimhae-si,537673,76375,395774,65524,12.19,73.61,14.2
2022,48250,김해시,Gimhae-si,535129,72655,392266,70208,13.12,73.3,13.58
2023,48250,김해시,Gimhae-si,533659,69587,389242,74830,14.02,72.94,13.04
2024,48250,김해시,Gimhae-si,531676,66448,384902,80326,15.11,72.39,12.5
2020,48252,장유출장소,Jangyu branch office,0,0,0,0,,,
2022,48252,장유출장소,Jangyu branch office,0,0,0,0,,,
2023,48252,장유출장소,Jangyu branch office,0,0,0,0,,,
2024,48252,장유출장소,Jangyu branch office,0,0,0,0,,,
2008,48270,밀양시,Miryang-si,110858,14930,75193,20735,18.7,67.83,13.47
2009,48270,밀양시,Miryang-si,110170,14116,74852,21202,19.24,67.94,12.81
2010,48270,밀양시,Miryang-si,110479,13451,75347,21681,19.62,68.2,12.18
2011,48270,밀양시,Miryang-si,109329,12761,74550,22018,20.14,68.19,11.67
2012,48270,밀양시,Miryang-si,108755,12281,73753,22721,20.89,67.82,11.29
2013,48270,밀양시,Miryang-si,108342,11738,73077,23527,21.72,67.45,10.83
2014,48270,밀양시,Miryang-si,107765,11244,72358,24163,22.42,67.14,10.43
2015,48270,밀양시,Miryang-si,107896,10836,72264,24796,22.98,66.98,10.04
2016,48270,밀양시,Miryang-si,108354,10632,72111,25611,23.64,66.55,9.81
2017,48270,밀양시,Miryang-si,107898,10456,70723,26719,24.76,65.55,9.69
2018,48270,밀양시,Miryang-si,106744,10019,69164,27561,25.82,64.79,9.39
2019,48270,밀양시,Miryang-si,105552,9658,67345,28549,27.05,63.8,9.15
2020,48270,밀양시,Miryang-si,104831,9357,65587,29887,28.51,62.56,8.93
2021,48270,밀양시,Miryang-si,103525,8939,63580,31006,29.95,61.42,8.63
2022,48270,밀양시,Miryang-si,102945,8399,62112,32434,31.51,60.34,8.16
2023,48270,밀양시,Miryang-si,102084,7901,60441,33742,33.05,59.21,7.74
2024,48270,밀양시,Miryang-si,100691,7435,58252,35004,34.76,57.85,7.38
2008,48310,거제시,Geoje-si,217211,46756,154671,15784,7.27,71.21,21.53
2009,48310,거제시,Geoje-si,225522,47497,161830,16195,7.18,71.76,21.06
2010,48310,거제시,Geoje-si,228355,46807,165073,16475,7.21,72.29,20.5
2011,48310,거제시,Geoje-si,232787,46451,169327,17009,7.31,72.74,19.95
2012,48310,거제시,Geoje-si,236944,46535,172699,17710,7.47,72.89,19.64
2013,48310,거제시,Geoje-si,242077,46475,177132,18470,7.63,73.17,19.2
2014,48310,거제시,Geoje-si,248287,46526,182395,19366,7.8,73.46,18.74
2015,48310,거제시,Geoje-si,255828,47050,188705,20073,7.85,73.76,18.39
2016,48310,거제시,Geoje-si,257183,46812,189439,20932,8.14,73.66,18.2
2017,48310,거제시,Geoje-si,254073,45976,185857,22240,8.75,73.15,18.1
2018,48310,거제시,Geoje-si,250516,44467,182593,23456,9.36,72.89,17.75
2019,48310,거제시,Geoje-si,248276,42808,180576,24892,10.03,72.73,17.24
2020,48310,거제시,Geoje-si,245754,41308,177577,26869,10.93,72.26,16.81
2021,48310,거제시,Geoje-si,241216,39330,173044,28842,11.96,71.74,16.3
2022,48310,거제시,Geoje-si,236662,36752,168680,31230,13.2,71.27,15.53
2023,48310,거제시,Geoje-si,234038,34207,166209,33622,14.37,71.02,14.62
2024,48310,거제시,Geoje-si,232972,32165,164533,36274,15.57,70.62,13.81
2008,48330,양산시,Yangsan-si,243012,49184,173859,19969,8.22,71.54,20.24
2009,48330,양산시,Yangsan-si,250387,48422,180742,21223,8.48,72.19,19.34
2010,48330,양산시,Yangsan-si,260239,47937,189508,22794,8.76,72.82,18.42
2011,48330,양산시,Yangsan-si,266403,47281,194869,24253,9.1,73.15,17.75
2012,48330,양산시,Yangsan-si,270460,46548,198016,25896,9.57,73.21,17.21
2013,48330,양산시,Yangsan-si,279565,46783,204855,27927,9.99,73.28,16.73
2014,48330,양산시,Yangsan-si,292376,47822,214329,30225,10.34,73.31,16.36
2015,48330,양산시,Yangsan-si,301291,48133,220772,32386,10.75,73.28,15.98
2016,48330,양산시,Yangsan-si,317037,49575,232331,35131,11.08,73.28,15.64
2017,48330,양산시,Yangsan-si,338535,53084,246530,38921,11.5,72.82,15.68
2018,48330,양산시,Yangsan-si,348639,53946,253029,41664,11.95,72.58,15.47
2019,48330,양산시,Yangsan-si,350759,53109,253019,44631,12.72,72.13,15.14
2020,48330,양산시,Yangsan-si,352229,52112,251622,48495,13.77,71.44,14.79
2021,48330,양산시,Yangsan-si,354726,51233,251516,51977,14.65,70.9,14.44
2022,48330,양산시,Yangsan-si,353792,49224,248901,55667,15.73,70.35,13.91
2023,48330,양산시,Yangsan-si,355122,47440,248039,59643,16.8,69.85,13.36
2024,48330,양산시,Yangsan-si,359531,46367,249057,64107,17.83,69.27,12.9
2020,48332,양산시웅상출장소,Yangsan-si ungsang branch office,0,0,0,0,,,
2022,48332,양산시웅상출장소,Yangsan-si ungsang branch office,0,0,0,0,,,
2023,48332,양산시웅상출장소,Yangsan-si ungsang branch office,0,0,0,0,,,
2024,48332,양산시웅상출장소,Yangsan-si ungsang branch office,0,0,0,0,,,
2008,48720,의령군,Uiryeong-gun,30734,3339,18254,9141,29.74,59.39,10.86
2009,48720,의령군,Uiryeong-gun,30496,3173,18138,9185,30.12,59.48,10.4
2010,48720,의령군,Uiryeong-gun,30162,2977,18018,9167,30.39,59.74,9.87
2011,48720,의령군,Uiryeong-gun,30045,2918,17953,9174,30.53,59.75,9.71
2012,48720,의령군,Uiryeong-gun,30329,2922,18133,9274,30.58,59.79,9.63
2013,48720,의령군,Uiryeong-gun,29417,2658,17486,9273,31.52,59.44,9.04
2014,48720,의령군,Uiryeong-gun,29209,2519,17283,9407,32.21,59.17,8.62
2015,48720,의령군,Uiryeong-gun,28544,2365,16728,9451,33.11,58.6,8.29
2016,48720,의령군,Uiryeong-gun,28111,2217,16444,9450,33.62,58.5,7.89
2017,48720,의령군,Uiryeong-gun,27849,2107,16112,9630,34.58,57.85,7.57
2018,48720,의령군,Uiryeong-gun,27667,2003,16080,9584,34.64,58.12,7.24
2019,48720,의령군,Uiryeong-gun,27168,1850,15629,9689,35.66,57.53,6.81
2020,48720,의령군,Uiryeong-gun,26800,1748,15131,9921,37.02,56.46,6.52
2021,48720,의령군,Uiryeong-gun,26322,1660,14548,10114,38.42,55.27,6.31
2022,48720,의령군,Uiryeong-gun,26061,1613,14136,10312,39.57,54.24,6.19
2023,48720,의령군,Uiryeong-gun,25475,1496,13500,10479,41.13,52.99,5.87
2024,48720,의령군,Uiryeong-gun,25150,1423,13073,10654,42.36,51.98,5.66
2008,48730,함안군,Haman-gun,66050,10262,44037,11751,17.79,66.67,15.54
2009,48730,함안군,Haman-gun,66582,10021,44496,12065,18.12,66.83,15.05
2010,48730,함안군,Haman-gun,67207,9885,45090,12232,18.2,67.09,14.71
2011,48730,함안군,Haman-gun,66971,9569,45033,12369,18.47,67.24,14.29
2012,48730,함안군,Haman-gun,67425,9321,45429,12675,18.8,67.38,13.82
2013,48730,함안군,Haman-gun,67667,9142,45512,13013,19.23,67.26,13.51
2014,48730,함안군,Haman-gun,68741,9159,46228,13354,19.43,67.25,13.32
2015,48730,함안군,Haman-gun,69156,9101,46306,13749,19.88,66.96,13.16
2016,48730,함안군,Haman-gun,68937,8830,46143,13964,20.26,66.94,12.81
2017,48730,함안군,Haman-gun,68207,8495,45269,14443,21.18,66.37,12.45
2018,48730,함안군,Haman-gun,67025,8030,44170,14825,22.12,65.9,11.98
2019,48730,함안군,Haman-gun,65700,7644,42702,15354,23.37,65.0,11.63
2020,48730,함안군,Haman-gun,64182,7117,40979,16086,25.06,63.85,11.09
2021,48730,함안군,Haman-gun,62547,6540,39268,16739,26.76,62.78,10.46
2022,48730,함안군,Haman-gun,61456,6086,37992,17378,28.28,61.82,9.9
2023,48730,함안군,Haman-gun,60203,5558,36684,17961,29.83,60.93,9.23
2024,48730,함안군,Haman-gun,58842,5013,35263,18566,31.55,59.93,8.52
2008,48740,창녕군,Changnyeong-gun,61603,7278,39672,14653,23.79,64.4,11.81
2009,48740,창녕군,Changnyeong-gun,61252,6874,39438,14940,24.39,64.39,11.22
2010,48740,창녕군,Changnyeong-gun,61714,6527,40000,15187,24.61,64.82,10.58
2011,48740,창녕군,Changnyeong-gun,62490,6431,40599,15460,24.74,64.97,10.29
2012,48740,창녕군,Changnyeong-gun,62966,6379,40766,15821,25.13,64.74,10.13
2013,48740,창녕군,Changnyeong-gun,63447,6263,40979,16205,25.54,64.59,9.87
2014,48740,창녕군,Changnyeong-gun,63502,6071,40868,16563,26.08,64.36,9.56
2015,48740,창녕군,Changnyeong-gun,63817,5935,41034,16848,26.4,64.3,9.3
2016,48740,창녕군,Changnyeong-gun,63982,5798,41035,17149,26.8,64.14,9.06
2017,48740,창녕군,Changnyeong-gun,64101,5722,40655,17724,27.65,63.42,8.93
2018,48740,창녕군,Changnyeong-gun,63396,5589,39773,18034,28.45,62.74,8.82
2019,48740,창녕군,Changnyeong-gun,62331,5461,38444,18426,29.56,61.68,8.76
2020,48740,창녕군,Changnyeong-gun,61301,5110,37086,19105,31.17,60.5,8.34
2021,48740,창녕군,Changnyeong-gun,60129,4788,35741,19600,32.6,59.44,7.96
2022,48740,창녕군,Changnyeong-gun,58372,4412,33803,20157,34.53,57.91,7.56
2023,48740,창녕군,Changnyeong-gun,57083,4042,32401,20640,36.16,56.76,7.08
2024,48740,창녕군,Changnyeong-gun,56085,3788,30910,21387,38.13,55.11,6.75
2008,48820,고성군,Goseong-gun,55950,6765,36458,12727,22.75,65.16,12.09
2009,48820,고성군,Goseong-gun,57100,6833,37339,12928,22.64,65.39,11.97
2010,48820,고성군,Goseong-gun,57231,6680,37449,13102,22.89,65.43,11.67
2011,48820,고성군,Goseong-gun,57264,6569,37415,13280,23.19,65.34,11.47
2012,48820,고성군,Goseong-gun,56906,6459,36915,13532,23.78,64.87,11.35
2013,48820,고성군,Goseong-gun,56369,6194,36382,13793,24.47,64.54,10.99
2014,48820,고성군,Goseong-gun,55916,5962,35862,14092,25.2,64.14,10.66
2015,48820,고성군,Goseong-gun,55284,5714,35348,14222,25.73,63.94,10.34
2016,48820,고성군,Goseong-gun,54703,5546,34695,14462,26.44,63.42,10.14
2017,48820,고성군,Goseong-gun,54060,5330,33888,14842,27.45,62.69,9.86
2018,48820,고성군,Goseong-gun,53243,5035,33050,15158,28.47,62.07,9.46
2019,48820,고성군,Goseong-gun,52276,4771,31928,15577,29.8,61.08,9.13
2020,48820,고성군,Goseong-gun,51361,4476,30790,16095,31.34,59.95,8.71
2021,48820,고성군,Goseong-gun,50478,4223,29712,16543,32.77,58.86,8.37
2022,48820,고성군,Goseong-gun,50448,3903,29514,17031,33.76,58.5,7.74
2023,48820,고성군,Goseong-gun,49468,3560,28417,17491,35.36,57.45,7.2
2024,48820,고성군,Goseong-gun,48005,3275,26883,17847,37.18,56.0,6.82
2008,48840,남해군,Namhae-gun,50698,5500,30285,14913,29.42,59.74,10.85
2009,48840,남해군,Namhae-gun,50244,5220,30020,15004,29.86,59.75,10.39
2010,48840,남해군,Namhae-gun,49328,4913,29431,14984,30.38,59.66,9.96
2011,48840,남해군,Namhae-gun,50242,4791,30200,15251,30.36,60.11,9.54
2012,48840,남해군,Namhae-gun,48223,4312,28603,15308,31.74,59.31,8.94
2013,48840,남해군,Namhae-gun,47244,3988,27902,15354,32.5,59.06,8.44
2014,48840,남해군,Namhae-gun,46638,3762,27299,15577,33.4,58.53,8.07
2015,48840,남해군,Namhae-gun,45865,3555,26726,15584,33.98,58.27,7.75
2016,48840,남해군,Namhae-gun,45129,3384,26053,15692,34.77,57.73,7.5
2017,48840,남해군,Namhae-gun,44642,3213,25592,15837,35.48,57.33,7.2
2018,48840,남해군,Namhae-gun,43990,3038,25042,15910,36.17,56.93,6.91
2019,48840,남해군,Namhae-gun,43622,2951,24684,15987,36.65,56.59,6.76
2020,48840,남해군,Namhae-gun,42958,2889,23811,16258,37.85,55.43,6.73
2021,48840,남해군,Namhae-gun,42266,2840,22978,16448,38.92,54.37,6.72
2022,48840,남해군,Namhae-gun,41579,2735,22132,16712,40.19,53.23,6.58
2023,48840,남해군,Namhae-gun,40780,2556,21335,16889,41.41,52.32,6.27
2024,48840,남해군,Namhae-gun,39832,2373,20414,17045,42.79,51.25,5.96
2008,48850,하동군,Hadong-gun,53515,6716,33725,13074,24.43,63.02,12.55
2009,48850,하동군,Hadong-gun,52010,6115,32648,13247,25.47,62.77,11.76
2010,48850,하동군,Hadong-gun,51509,5824,32321,13364,25.94,62.75,11.31
2011,48850,하동군,Hadong-gun,53975,5988,34342,13645,25.28,63.63,11.09
2012,48850,하동군,Hadong-gun,50806,5234,31837,13735,27.03,62.66,10.3
2013,48850,하동군,Hadong-gun,50177,4846,31334,13997,27.9,62.45,9.66
2014,48850,하동군,Hadong-gun,49223,4496,30555,14172,28.79,62.07,9.13
2015,48850,하동군,Hadong-gun,50259,4416,31436,14407,28.67,62.55,8.79
2016,48850,하동군,Hadong-gun,49622,4127,30981,14514,29.25,62.43,8.32
2017,48850,하동군,Hadong-gun,48831,3929,30181,14721,30.15,61.81,8.05
2018,48850,하동군,Hadong-gun,47533,3760,28924,14849,31.24,60.85,7.91
2019,48850,하동군,Hadong-gun,46574,3532,27922,15120,32.46,59.95,7.58
2020,48850,하동군,Hadong-gun,44785,3196,26099,15490,34.59,58.28,7.14
2021,48850,하동군,Hadong-gun,43449,2955,24713,15781,36.32,56.88,6.8
2022,48850,하동군,Hadong-gun,42465,2682,23654,16129,37.98,55.7,6.32
2023,48850,하동군,Hadong-gun,41606,2451,22637,16518,39.7,54.41,5.89
2024,48850,하동군,Hadong-gun,40765,2267,21681,16817,41.25,53.19,5.56
2008,48860,산청군,Sancheong-gun,35043,3747,21212,10084,28.78,60.53,10.69
2009,48860,산청군,Sancheong-gun,34921,3568,21069,10284,29.45,60.33,10.22
2010,48860,산청군,Sancheong-gun,35591,3478,21681,10432,29.31,60.92,9.77
2011,48860,산청군,Sancheong-gun,35651,3465,21607,10579,29.67,60.61,9.72
2012,48860,산청군,Sancheong-gun,35691,3344,21503,10844,30.38,60.25,9.37
2013,48860,산청군,Sancheong-gun,35935,3272,21608,11055,30.76,60.13,9.11
2014,48860,산청군,Sancheong-gun,35849,3121,21434,11294,31.5,59.79,8.71
2015,48860,산청군,Sancheong-gun,36071,3049,21480,11542,32.0,59.55,8.45
2016,48860,산청군,Sancheong-gun,36098,2918,21542,11638,32.24,59.68,8.08
2017,48860,산청군,Sancheong-gun,36340,2879,21545,11916,32.79,59.29,7.92
2018,48860,산청군,Sancheong-gun,35952,2739,21122,12091,33.63,58.75,7.62
2019,48860,산청군,Sancheong-gun,35417,2558,20415,12444,35.14,57.64,7.22
2020,48860,산청군,Sancheong-gun,34857,2327,19697,12833,36.82,56.51,6.68
2021,48860,산청군,Sancheong-gun,34360,2128,19057,13175,38.34,55.46,6.19
2022,48860,산청군,Sancheong-gun,34028,1989,18521,13518,39.73,54.43,5.85
2023,48860,산청군,Sancheong-gun,33752,1830,18075,13847,41.03,53.55,5.42
2024,48860,산청군,Sancheong-gun,33259,1705,17412,14142,42.52,52.35,5.13
2008,48870,함양군,Hamyang-gun,40447,5267,24207,10973,27.13,59.85,13.02
2009,48870,함양군,Hamyang-gun,40626,5095,24367,11164,27.48,59.98,12.54
2010,48870,함양군,Hamyang-gun,41197,5027,24847,11323,27.49,60.31,12.2
2011,48870,함양군,Hamyang-gun,41081,4803,24874,11404,27.76,60.55,11.69
2012,48870,함양군,Hamyang-gun,40714,4616,24474,11624,28.55,60.11,11.34
2013,48870,함양군,Hamyang-gun,40692,4445,24457,11790,28.97,60.1,10.92
2014,48870,함양군,Hamyang-gun,40584,4301,24294,11989,29.54,59.86,10.6
2015,48870,함양군,Hamyang-gun,40339,4075,24101,12163,30.15,59.75,10.1
2016,48870,함양군,Hamyang-gun,40241,3842,24125,12274,30.5,59.95,9.55
2017,48870,함양군,Hamyang-gun,40175,3655,23962,12558,31.26,59.64,9.1
2018,48870,함양군,Hamyang-gun,40044,3547,23877,12620,31.52,59.63,8.86
2019,48870,함양군,Hamyang-gun,39637,3340,23461,12836,32.38,59.19,8.43
2020,48870,함양군,Hamyang-gun,39080,3207,22646,13227,33.85,57.95,8.21
2021,48870,함양군,Hamyang-gun,38310,3004,21812,13494,35.22,56.94,7.84
2022,48870,함양군,Hamyang-gun,37708,2828,21111,13769,36.51,55.99,7.5
2023,48870,함양군,Hamyang-gun,36945,2608,20336,14001,37.9,55.04,7.06
2024,48870,함양군,Hamyang-gun,36131,2403,19513,14215,39.34,54.01,6.65
2008,48880,거창군,Geochang-gun,63268,9336,40235,13697,21.65,63.59,14.76
2009,48880,거창군,Geochang-gun,63180,9056,40197,13927,22.04,63.62,14.33
2010,48880,거창군,Geochang-gun,63421,8685,40653,14083,22.21,64.1,13.69
2011,48880,거창군,Geochang-gun,63146,8487,40438,14221,22.52,64.04,13.44
2012,48880,거창군,Geochang-gun,63103,8142,40370,14591,23.12,63.97,12.9
2013,48880,거창군,Geochang-gun,63177,7876,40385,14916,23.61,63.92,12.47
2014,48880,거창군,Geochang-gun,63137,7629,40294,15214,24.1,63.82,12.08
2015,48880,거창군,Geochang-gun,63232,7315,40558,15359,24.29,64.14,11.57
2016,48880,거창군,Geochang-gun,63308,7225,40492,15591,24.63,63.96,11.41
2017,48880,거창군,Geochang-gun,62763,6978,39804,15981,25.46,63.42,11.12
2018,48880,거창군,Geochang-gun,62455,6891,39350,16214,25.96,63.01,11.03
2019,48880,거창군,Geochang-gun,62179,6595,38981,16603,26.7,62.69,10.61
2020,48880,거창군,Geochang-gun,61502,6345,38131,17026,27.68,62.0,10.32
2021,48880,거창군,Geochang-gun,61073,6152,37376,17545,28.73,61.2,10.07
2022,48880,거창군,Geochang-gun,60387,5791,36561,18035,29.87,60.54,9.59
2023,48880,거창군,Geochang-gun,60047,5489,36022,18536,30.87,59.99,9.14
2024,48880,거창군,Geochang-gun,59588,5293,35113,19182,32.19,58.93,8.88
2008,48890,합천군,Hapcheon-gun,55677,6517,33377,15783,28.35,59.95,11.71
2009,48890,합천군,Hapcheon-gun,52973,5670,31422,15881,29.98,59.32,10.7
2010,48890,합천군,Hapcheon-gun,51092,5025,30114,15953,31.22,58.94,9.84
2011,48890,합천군,Hapcheon-gun,50608,4758,29796,16054,31.72,58.88,9.4
2012,48890,합천군,Hapcheon-gun,50279,4499,29456,16324,32.47,58.59,8.95
2013,48890,합천군,Hapcheon-gun,50290,4297,29468,16525,32.86,58.6,8.54
2014,48890,합천군,Hapcheon-gun,50457,4143,29530,16784,33.26,58.53,8.21
2015,48890,합천군,Hapcheon-gun,49145,3758,28499,16888,34.36,57.99,7.65
2016,48890,합천군,Hapcheon-gun,48026,3478,27576,16972,35.34,57.42,7.24
2017,48890,합천군,Hapcheon-gun,47000,3224,26602,17174,36.54,56.6,6.86
2018,48890,합천군,Hapcheon-gun,45916,3054,25774,17088,37.22,56.13,6.65
2019,48890,합천군,Hapcheon-gun,45204,2893,25067,17244,38.15,55.45,6.4
2020,48890,합천군,Hapcheon-gun,44006,2737,23838,17431,39.61,54.17,6.22
2021,48890,합천군,Hapcheon-gun,42935,2586,22759,17590,40.97,53.01,6.02
2022,48890,합천군,Hapcheon-gun,42142,2392,21993,17757,42.14,52.19,5.68
2023,48890,합천군,Hapcheon-gun,41203,2192,21089,17922,43.5,51.18,5.32
2024,48890,합천군,Hapcheon-gun,40225,2010,20010,18205,45.26,49.75,5.0
2008,50110,제주시,Jeju-si,407498,83039,282509,41950,10.29,69.33,20.38
2009,50110,제주시,Jeju-si,410378,80779,285924,43675,10.64,69.67,19.68
2010,50110,제주시,Jeju-si,417539,78918,292970,45651,10.93,70.17,18.9
2011,50110,제주시,Jeju-si,422790,77534,297515,47741,11.29,70.37,18.34
2012,50110,제주시,Jeju-si,429656,76897,302660,50099,11.66,70.44,17.9
2013,50110,제주시,Jeju-si,438165,76543,309253,52369,11.95,70.58,17.47
2014,50110,제주시,Jeju-si,448834,76403,317897,54534,12.15,70.83,17.02
2015,50110,제주시,Jeju-si,459876,75449,327513,56914,12.38,71.22,16.41
2016,50110,제주시,Jeju-si,470665,75073,336433,59159,12.57,71.48,15.95
2017,50110,제주시,Jeju-si,478700,74805,342242,61653,12.88,71.49,15.63
2018,50110,제주시,Jeju-si,485946,74248,347885,63813,13.13,71.59,15.28
2019,50110,제주시,Jeju-si,489405,73182,349533,66690,13.63,71.42,14.95
2020,50110,제주시,Jeju-si,492466,72242,349504,70720,14.36,70.97,14.67
2021,50110,제주시,Jeju-si,493096,70746,348553,73797,14.97,70.69,14.35
2022,50110,제주시,Jeju-si,493389,68327,347698,77364,15.68,70.47,13.85
2023,50110,제주시,Jeju-si,491654,65805,344734,81115,16.5,70.12,13.38
2024,50110,제주시,Jeju-si,488348,62947,340150,85251,17.46,69.65,12.89
2008,50130,서귀포시,Seogwipo-si,153120,26792,104087,22241,14.53,67.98,17.5
2009,50130,서귀포시,Seogwipo-si,152285,25504,103750,23031,15.12,68.13,16.75
2010,50130,서귀포시,Seogwipo-si,153716,24633,105093,23990,15.61,68.37,16.03
2011,50130,서귀포시,Seogwipo-si,153366,23686,104841,24839,16.2,68.36,15.44
2012,50130,서귀포시,Seogwipo-si,154057,22861,105370,25826,16.76,68.4,14.84
2013,50130,서귀포시,Seogwipo-si,155641,22393,106312,26936,17.31,68.31,14.39
2014,50130,서귀포시,Seogwipo-si,158512,22058,108577,27877,17.59,68.5,13.92
2015,50130,서귀포시,Seogwipo-si,164519,22362,113178,28979,17.61,68.79,13.59
2016,50130,서귀포시,Seogwipo-si,170932,23044,117858,30030,17.57,68.95,13.48
2017,50130,서귀포시,Seogwipo-si,178383,23922,122997,31464,17.64,68.95,13.41
2018,50130,서귀포시,Seogwipo-si,181245,24013,124838,32394,17.87,68.88,13.25
2019,50130,서귀포시,Seogwipo-si,181584,23707,124170,33707,18.56,68.38,13.06
2020,50130,서귀포시,Seogwipo-si,182169,23547,123188,35434,19.45,67.62,12.93
2021,50130,서귀포시,Seogwipo-si,183663,23592,123223,36848,20.06,67.09,12.85
2022,50130,서귀포시,Seogwipo-si,184770,23158,123208,38404,20.78,66.68,12.53
2023,50130,서귀포시,Seogwipo-si,183598,22108,121449,40041,21.81,66.15,12.04
2024,50130,서귀포시,Seogwipo-si,182020,21152,119134,41734,22.93,65.45,11.62
2020,51105,동해출장소,Donghae branch office,0,0,0,0,,,
2022,51105,동해출장소,Donghae branch office,0,0,0,0,,,
2023,51105,동해출장소,Donghae branch office,0,0,0,0,,,
2024,51105,동해출장소,Donghae branch office,0,0,0,0,,,
2008,51110,춘천시,Chuncheon-si,261975,45634,183935,32406,12.37,70.21,17.42
2009,51110,춘천시,Chuncheon-si,264849,44732,186421,33696,12.72,70.39,16.89
2010,51110,춘천시,Chuncheon-si,269950,43767,190799,35384,13.11,70.68,16.21
2011,51110,춘천시,Chuncheon-si,272805,42749,193282,36774,13.48,70.85,15.67
2012,51110,춘천시,Chuncheon-si,273364,41440,193646,38278,14.0,70.84,15.16
2013,51110,춘천시,Chuncheon-si,274455,40280,194708,39467,14.38,70.94,14.68
2014,51110,춘천시,Chuncheon-si,275791,39232,196183,40376,14.64,71.13,14.23
2015,51110,춘천시,Chuncheon-si,277997,38263,198642,41092,14.78,71.45,13.76
2016,51110,춘천시,Chuncheon-si,280707,37494,201514,41699,14.85,71.79,13.36
2017,51110,춘천시,Chuncheon-si,280514,36395,200205,43914,15.65,71.37,12.97
2018,51110,춘천시,Chuncheon-si,280640,35540,199568,45532,16.22,71.11,12.66
2019,51110,춘천시,Chuncheon-si,281291,35008,198638,47645,16.94,70.62,12.45
2020,51110,춘천시,Chuncheon-si,282765,34489,197709,50567,17.88,69.92,12.2
2021,51110,춘천시,Chuncheon-si,284594,33985,197654,52955,18.61,69.45,11.94
2022,51110,춘천시,Chuncheon-si,286664,33277,197585,55802,19.47,68.93,11.61
2023,51110,춘천시,Chuncheon-si,286426,32056,195759,58611,20.46,68.35,11.19
2024,51110,춘천시,Chuncheon-si,286069,31075,193624,61370,21.45,67.68,10.86
2008,51130,원주시,Wonju-si,303975,57198,214453,32324,10.63,70.55,18.82
2009,51130,원주시,Wonju-si,307882,55998,218474,33410,10.85,70.96,18.19
2010,51130,원주시,Wonju-si,314678,55098,224727,34853,11.08,71.41,17.51
2011,51130,원주시,Wonju-si,320536,53799,230535,36202,11.29,71.92,16.78
2012,51130,원주시,Wonju-si,323885,52644,233621,37620,11.62,72.13,16.25
2013,51130,원주시,Wonju-si,324837,50769,235256,38812,11.95,72.42,15.63
2014,51130,원주시,Wonju-si,327292,49472,237958,39862,12.18,72.71,15.12
2015,51130,원주시,Wonju-si,332995,48749,243142,41104,12.34,73.02,14.64
2016,51130,원주시,Wonju-si,337979,47988,247745,42246,12.5,73.3,14.2
2017,51130,원주시,Wonju-si,341337,47190,248901,45246,13.26,72.92,13.83
2018,51130,원주시,Wonju-si,344070,46220,250650,47200,13.72,72.85,13.43
2019,51130,원주시,Wonju-si,349215,45995,253237,49983,14.31,72.52,13.17
2020,51130,원주시,Wonju-si,354376,45939,255047,53390,15.07,71.97,12.96
2021,51130,원주시,Wonju-si,357757,45350,255636,56771,15.87,71.46,12.68
2022,51130,원주시,Wonju-si,360807,44076,255976,60755,16.84,70.95,12.22
2023,51130,원주시,Wonju-si,361503,43039,253977,64487,17.84,70.26,11.91
2024,51130,원주시,Wonju-si,362164,41815,251437,68912,19.03,69.43,11.55
2008,51150,강릉시,Gangneung-si,218399,35800,153929,28670,13.13,70.48,16.39
2009,51150,강릉시,Gangneung-si,217464,34465,153148,29851,13.73,70.42,15.85
2010,51150,강릉시,Gangneung-si,218503,33033,154220,31250,14.3,70.58,15.12
2011,51150,강릉시,Gangneung-si,217571,31887,153449,32235,14.82,70.53,14.66
2012,51150,강릉시,Gangneung-si,217741,30689,153413,33639,15.45,70.46,14.09
2013,51150,강릉시,Gangneung-si,216806,29103,152848,34855,16.08,70.5,13.42
2014,51150,강릉시,Gangneung-si,215807,27700,152098,36009,16.69,70.48,12.84
2015,51150,강릉시,Gangneung-si,214560,26245,151391,36924,17.21,70.56,12.23
2016,51150,강릉시,Gangneung-si,213846,25274,150893,37679,17.62,70.56,11.82
2017,51150,강릉시,Gangneung-si,213952,24420,149748,39784,18.59,69.99,11.41
2018,51150,강릉시,Gangneung-si,212957,23539,148204,41214,19.35,69.59,11.05
2019,51150,강릉시,Gangneung-si,213442,22870,147459,43113,20.2,69.09,10.71
2020,51150,강릉시,Gangneung-si,213321,22290,145547,45484,21.32,68.23,10.45
2021,51150,강릉시,Gangneung-si,212965,21690,143957,47318,22.22,67.6,10.18
2022,51150,강릉시,Gangneung-si,211381,20772,141034,49575,23.45,66.72,9.83
2023,51150,강릉시,Gangneung-si,209439,19863,137876,51700,24.68,65.83,9.48
2024,51150,강릉시,Gangneung-si,207731,18944,134508,54279,26.13,64.75,9.12
2008,51170,동해시,Donghae-si,95652,16521,67536,11595,12.12,70.61,17.27
2009,51170,동해시,Donghae-si,95271,15884,67287,12100,12.7,70.63,16.67
2010,51170,동해시,Donghae-si,95236,15300,67370,12566,13.19,70.74,16.07
2011,51170,동해시,Donghae-si,95804,14976,67843,12985,13.55,70.81,15.63
2012,51170,동해시,Donghae-si,93897,14090,66428,13379,14.25,70.75,15.01
2013,51170,동해시,Donghae-si,95143,14084,67053,14006,14.72,70.48,14.8
2014,51170,동해시,Donghae-si,94562,13534,66572,14456,15.29,70.4,14.31
2015,51170,동해시,Donghae-si,93895,12950,66054,14891,15.86,70.35,13.79
2016,51170,동해시,Donghae-si,93297,12483,65690,15124,16.21,70.41,13.38
2017,51170,동해시,Donghae-si,92851,12090,64880,15881,17.1,69.88,13.02
2018,51170,동해시,Donghae-si,91272,11577,63169,16526,18.11,69.21,12.68
2019,51170,동해시,Donghae-si,90522,11059,62125,17338,19.15,68.63,12.22
2020,51170,동해시,Donghae-si,90593,10810,61490,18293,20.19,67.88,11.93
2021,51170,동해시,Donghae-si,90081,10469,60573,19039,21.14,67.24,11.62
2022,51170,동해시,Donghae-si,89426,10030,59413,19983,22.35,66.44,11.22
2023,51170,동해시,Donghae-si,88625,9561,58203,20861,23.54,65.67,10.79
2024,51170,동해시,Donghae-si,87675,9064,56722,21889,24.97,64.7,10.34
2008,51190,태백시,Taebaek-si,51028,7803,36593,6632,13.0,71.71,15.29
2009,51190,태백시,Taebaek-si,50424,7570,35984,6870,13.62,71.36,15.01
2010,51190,태백시,Taebaek-si,50864,7278,36050,7536,14.82,70.88,14.31
2011,51190,태백시,Taebaek-si,50176,7031,35437,7708,15.36,70.63,14.01
2012,51190,태백시,Taebaek-si,49493,6762,34717,8014,16.19,70.15,13.66
2013,51190,태백시,Taebaek-si,48794,6473,33942,8379,17.17,69.56,13.27
2014,51190,태백시,Taebaek-si,48258,6218,33324,8716,18.06,69.05,12.88
2015,51190,태백시,Taebaek-si,47501,5847,32644,9010,18.97,68.72,12.31
2016,51190,태백시,Taebaek-si,47070,5565,32239,9266,19.69,68.49,11.82
2017,51190,태백시,Taebaek-si,45888,5262,31000,9626,20.98,67.56,11.47
2018,51190,태백시,Taebaek-si,44858,4972,29946,9940,22.16,66.76,11.08
2019,51190,태백시,Taebaek-si,43866,4688,28854,10324,23.54,65.78,10.69
2020,51190,태백시,Taebaek-si,42719,4410,27549,10760,25.19,64.49,10.32
2021,51190,태백시,Taebaek-si,40844,4138,25904,10802,26.45,63.42,10.13
2022,51190,태백시,Taebaek-si,39428,3780,24684,10964,27.81,62.61,9.59
2023,51190,태백시,Taebaek-si,38702,3470,23932,11300,29.2,61.84,8.97
2024,51190,태백시,Taebaek-si,37936,3221,22914,11801,31.11,60.4,8.49
2008,51210,속초시,Sokcho-si,84599,14936,59810,9853,11.65,70.7,17.66
2009,51210,속초시,Sokcho-si,83822,14157,59461,10204,12.17,70.94,16.89
2010,51210,속초시,Sokcho-si,84302,13628,59997,10677,12.67,71.17,16.17
2011,51210,속초시,Sokcho-si,83745,12938,59771,11036,13.18,71.37,15.45
2012,51210,속초시,Sokcho-si,83579,12390,59657,11532,13.8,71.38,14.82
2013,51210,속초시,Sokcho-si,83109,11767,59448,11894,14.31,71.53,14.16
2014,51210,속초시,Sokcho-si,82432,11304,58867,12261,14.87,71.41,13.71
2015,51210,속초시,Sokcho-si,81992,10713,58792,12487,15.23,71.7,13.07
2016,51210,속초시,Sokcho-si,81793,10264,58777,12752,15.59,71.86,12.55
2017,51210,속초시,Sokcho-si,82273,9838,58971,13464,16.37,71.68,11.96
2018,51210,속초시,Sokcho-si,81682,9585,58145,13952,17.08,71.18,11.73
2019,51210,속초시,Sokcho-si,81786,9309,57661,14816,18.12,70.5,11.38
2020,51210,속초시,Sokcho-si,82665,9336,57455,15874,19.2,69.5,11.29
2021,51210,속초시,Sokcho-si,82791,9147,56971,16673,20.14,68.81,11.05
2022,51210,속초시,Sokcho-si,82806,8936,56319,17551,21.2,68.01,10.79
2023,51210,속초시,Sokcho-si,82054,8527,55031,18496,22.54,67.07,10.39
2024,51210,속초시,Sokcho-si,80933,8148,53332,19453,24.04,65.9,10.07
2008,51230,삼척시,Samcheok-si,70954,10038,48791,12125,17.09,68.76,14.15
2009,51230,삼척시,Samcheok-si,71935,9787,49649,12499,17.38,69.02,13.61
2010,51230,삼척시,Samcheok-si,72046,9219,49926,12901,17.91,69.3,12.8
2011,51230,삼척시,Samcheok-si,72312,8827,50400,13085,18.1,69.7,12.21
2012,51230,삼척시,Samcheok-si,72463,8515,50494,13454,18.57,69.68,11.75
2013,51230,삼척시,Samcheok-si,73023,8102,51005,13916,19.06,69.85,11.1
2014,51230,삼척시,Samcheok-si,72314,7862,50207,14245,19.7,69.43,10.87
2015,51230,삼척시,Samcheok-si,70839,7514,48798,14527,20.51,68.89,10.61
2016,51230,삼척시,Samcheok-si,69599,7214,47775,14610,20.99,68.64,10.37
2017,51230,삼척시,Samcheok-si,68514,6844,46577,15093,22.03,67.98,9.99
2018,51230,삼척시,Samcheok-si,68326,6727,46118,15481,22.66,67.5,9.85
2019,51230,삼척시,Samcheok-si,67228,6509,44715,16004,23.81,66.51,9.68
2020,51230,삼척시,Samcheok-si,65243,6195,42476,16572,25.4,65.1,9.5
2021,51230,삼척시,Samcheok-si,63429,5825,40720,16884,26.62,64.2,9.18
2022,51230,삼척시,Samcheok-si,63455,5673,40322,17460,27.52,63.54,8.94
2023,51230,삼척시,Samcheok-si,62651,5392,39245,18014,28.75,62.64,8.61
2024,51230,삼척시,Samcheok-si,61735,5070,37956,18709,30.31,61.48,8.21
2008,51720,홍천군,Hongcheon-gun,70360,10634,47212,12514,17.79,67.1,15.11
2009,51720,홍천군,Hongcheon-gun,69606,10004,46777,12825,18.43,67.2,14.37
2010,51720,홍천군,Hongcheon-gun,69893,9590,47115,13188,18.87,67.41,13.72
2011,51720,홍천군,Hongcheon-gun,69899,9271,47104,13524,19.35,67.39,13.26
2012,51720,홍천군,Hongcheon-gun,69727,8766,47109,13852,19.87,67.56,12.57
2013,51720,홍천군,Hongcheon-gun,70638,8553,47926,14159,20.04,67.85,12.11
2014,51720,홍천군,Hongcheon-gun,70451,8113,47938,14400,20.44,68.04,11.52
2015,51720,홍천군,Hongcheon-gun,70336,7811,47786,14739,20.96,67.94,11.11
2016,51720,홍천군,Hongcheon-gun,70076,7401,47742,14933,21.31,68.13,10.56
2017,51720,홍천군,Hongcheon-gun,70340,7141,47300,15899,22.6,67.24,10.15
2018,51720,홍천군,Hongcheon-gun,69949,6887,46656,16406,23.45,66.7,9.85
2019,51720,홍천군,Hongcheon-gun,69150,6501,45476,17173,24.83,65.76,9.4
2020,51720,홍천군,Hongcheon-gun,69242,6171,44938,18133,26.19,64.9,8.91
2021,51720,홍천군,Hongcheon-gun,68365,5905,43374,19086,27.92,63.44,8.64
2022,51720,홍천군,Hongcheon-gun,67977,5673,42141,20163,29.66,61.99,8.35
2023,51720,홍천군,Hongcheon-gun,67309,5412,40610,21287,31.63,60.33,8.04
2024,51720,홍천군,Hongcheon-gun,66717,5120,39186,22411,33.59,58.73,7.67
2008,51730,횡성군,Hoengseong-gun,43413,5545,28838,9030,20.8,66.43,12.77
2009,51730,횡성군,Hoengseong-gun,44121,5453,29357,9311,21.1,66.54,12.36
2010,51730,횡성군,Hoengseong-gun,44254,5259,29381,9614,21.72,66.39,11.88
2011,51730,횡성군,Hoengseong-gun,44360,5054,29446,9860,22.23,66.38,11.39
2012,51730,횡성군,Hoengseong-gun,44615,4815,29523,10277,23.03,66.17,10.79
2013,51730,횡성군,Hoengseong-gun,44937,4628,29678,10631,23.66,66.04,10.3
2014,51730,횡성군,Hoengseong-gun,45373,4452,30087,10834,23.88,66.31,9.81
2015,51730,횡성군,Hoengseong-gun,45777,4278,30404,11095,24.24,66.42,9.35
2016,51730,횡성군,Hoengseong-gun,45991,4114,30554,11323,24.62,66.43,8.95
2017,51730,횡성군,Hoengseong-gun,46281,4004,30252,12025,25.98,65.37,8.65
2018,51730,횡성군,Hoengseong-gun,46726,3947,30334,12445,26.63,64.92,8.45
2019,51730,횡성군,Hoengseong-gun,46575,3800,29786,12989,27.89,63.95,8.16
2020,51730,횡성군,Hoengseong-gun,46472,3638,29133,13701,29.48,62.69,7.83
2021,51730,횡성군,Hoengseong-gun,46481,3564,28464,14453,31.09,61.24,7.67
2022,51730,횡성군,Hoengseong-gun,46532,3422,27888,15222,32.71,59.93,7.35
2023,51730,횡성군,Hoengseong-gun,46359,3233,27088,16038,34.6,58.43,6.97
2024,51730,횡성군,Hoengseong-gun,46111,3050,26112,16949,36.76,56.63,6.61
2008,51750,영월군,Yeongwol-gun,40201,5110,26758,8333,20.73,66.56,12.71
2009,51750,영월군,Yeongwol-gun,40265,4903,26815,8547,21.23,66.6,12.18
2010,51750,영월군,Yeongwol-gun,40407,4671,26992,8744,21.64,66.8,11.56
2011,51750,영월군,Yeongwol-gun,40199,4462,26847,8890,22.11,66.79,11.1
2012,51750,영월군,Yeongwol-gun,40155,4264,26771,9120,22.71,66.67,10.62
2013,51750,영월군,Yeongwol-gun,40150,4098,26661,9391,23.39,66.4,10.21
2014,51750,영월군,Yeongwol-gun,40191,3872,26717,9602,23.89,66.48,9.63
2015,51750,영월군,Yeongwol-gun,40216,3652,26782,9782,24.32,66.6,9.08
2016,51750,영월군,Yeongwol-gun,40073,3483,26675,9915,24.74,66.57,8.69
2017,51750,영월군,Yeongwol-gun,40067,3338,26355,10374,25.89,65.78,8.33
2018,51750,영월군,Yeongwol-gun,39730,3164,25897,10669,26.85,65.18,7.96
2019,51750,영월군,Yeongwol-gun,39127,2970,25133,11024,28.17,64.23,7.59
2020,51750,영월군,Yeongwol-gun,38662,2834,24330,11498,29.74,62.93,7.33
2021,51750,영월군,Yeongwol-gun,37904,2697,23472,11735,30.96,61.92,7.12
2022,51750,영월군,Yeongwol-gun,37728,2601,22916,12211,32.37,60.74,6.89
2023,51750,영월군,Yeongwol-gun,37332,2516,22111,12705,34.03,59.23,6.74
2024,51750,영월군,Yeongwol-gun,36721,2391,21166,13164,35.85,57.64,6.51
2008,51760,평창군,Pyeongchang-gun,43706,5990,29757,7959,18.21,68.08,13.71
2009,51760,평창군,Pyeongchang-gun,43634,5790,29674,8170,18.72,68.01,13.27
2010,51760,평창군,Pyeongchang-gun,43622,5576,29576,8470,19.42,67.8,12.78
2011,51760,평창군,Pyeongchang-gun,43577,5360,29532,8685,19.93,67.77,12.3
2012,51760,평창군,Pyeongchang-gun,43627,5187,29448,8992,20.61,67.5,11.89
2013,51760,평창군,Pyeongchang-gun,43666,4918,29430,9318,21.34,67.4,11.26
2014,51760,평창군,Pyeongchang-gun,43660,4705,29425,9530,21.83,67.4,10.78
2015,51760,평창군,Pyeongchang-gun,43500,4359,29447,9694,22.29,67.69,10.02
2016,51760,평창군,Pyeongchang-gun,43318,4157,29324,9837,22.71,67.69,9.6
2017,51760,평창군,Pyeongchang-gun,43092,3928,28765,10399,24.13,66.75,9.12
2018,51760,평창군,Pyeongchang-gun,42610,3689,28246,10675,25.05,66.29,8.66
2019,51760,평창군,Pyeongchang-gun,42106,3435,27471,11200,26.6,65.24,8.16
2020,51760,평창군,Pyeongchang-gun,41681,3229,26621,11831,28.38,63.87,7.75
2021,51760,평창군,Pyeongchang-gun,40996,3010,25693,12293,29.99,62.67,7.34
2022,51760,평창군,Pyeongchang-gun,40990,2855,25239,12896,31.46,61.57,6.97
2023,51760,평창군,Pyeongchang-gun,40659,2631,24527,13501,33.21,60.32,6.47
2024,51760,평창군,Pyeongchang-gun,40396,2515,23714,14167,35.07,58.7,6.23
2008,51770,정선군,Jeongseon-gun,41269,5185,28815,7269,17.61,69.82,12.56
2009,51770,정선군,Jeongseon-gun,40708,4990,28266,7452,18.31,69.44,12.26
2010,51770,정선군,Jeongseon-gun,41045,4812,28332,7901,19.25,69.03,11.72
2011,51770,정선군,Jeongseon-gun,40181,4539,27664,7978,19.86,68.85,11.3
2012,51770,정선군,Jeongseon-gun,39915,4408,27322,8185,20.51,68.45,11.04
2013,51770,정선군,Jeongseon-gun,39985,4279,27203,8503,21.27,68.03,10.7
2014,51770,정선군,Jeongseon-gun,39425,4034,26682,8709,22.09,67.68,10.23
2015,51770,정선군,Jeongseon-gun,39197,3839,26486,8872,22.63,67.57,9.79
2016,51770,정선군,Jeongseon-gun,38718,3641,26069,9008,23.27,67.33,9.4
2017,51770,정선군,Jeongseon-gun,38173,3443,25401,9329,24.44,66.54,9.02
2018,51770,정선군,Jeongseon-gun,37700,3283,24909,9508,25.22,66.07,8.71
2019,51770,정선군,Jeongseon-gun,37271,3130,24304,9837,26.39,65.21,8.4
2020,51770,정선군,Jeongseon-gun,36870,2960,23593,10317,27.98,63.99,8.03
2021,51770,정선군,Jeongseon-gun,35675,2837,22415,10423,29.22,62.83,7.95
2022,51770,정선군,Jeongseon-gun,34931,2621,21464,10846,31.05,61.45,7.5
2023,51770,정선군,Jeongseon-gun,34202,2418,20534,11250,32.89,60.04,7.07
2024,51770,정선군,Jeongseon-gun,33515,2201,19623,11691,34.88,58.55,6.57
2008,51780,철원군,Cheorwon-gun,47724,7941,32482,7301,15.3,68.06,16.64
2009,51780,철원군,Cheorwon-gun,47669,7732,32337,7600,15.94,67.84,16.22
2010,51780,철원군,Cheorwon-gun,48928,7583,33379,7966,16.28,68.22,15.5
2011,51780,철원군,Cheorwon-gun,48084,7268,32673,8143,16.93,67.95,15.12
2012,51780,철원군,Cheorwon-gun,47968,7153,32336,8479,17.68,67.41,14.91
2013,51780,철원군,Cheorwon-gun,47473,6826,31934,8713,18.35,67.27,14.38
2014,51780,철원군,Cheorwon-gun,47590,6575,32116,8899,18.7,67.48,13.82
2015,51780,철원군,Cheorwon-gun,48799,6178,33561,9060,18.57,68.77,12.66
2016,51780,철원군,Cheorwon-gun,48013,5934,32967,9112,18.98,68.66,12.36
2017,51780,철원군,Cheorwon-gun,47185,5626,32295,9264,19.63,68.44,11.92
2018,51780,철원군,Cheorwon-gun,46413,5431,31518,9464,20.39,67.91,11.7
2019,51780,철원군,Cheorwon-gun,45584,5276,30478,9830,21.56,66.86,11.57
2020,51780,철원군,Cheorwon-gun,44699,5148,29380,10171,22.75,65.73,11.52
2021,51780,철원군,Cheorwon-gun,43340,4867,28155,10318,23.81,64.96,11.23
2022,51780,철원군,Cheorwon-gun,42256,4591,27008,10657,25.22,63.92,10.86
2023,51780,철원군,Cheorwon-gun,41448,4190,26165,11093,26.76,63.13,10.11
2024,51780,철원군,Cheorwon-gun,40497,3913,25097,11487,28.37,61.97,9.66
2008,51790,화천군,Hwacheon-gun,24110,3940,16048,4122,17.1,66.56,16.34
2009,51790,화천군,Hwacheon-gun,24216,3790,16188,4238,17.5,66.85,15.65
2010,51790,화천군,Hwacheon-gun,24364,3663,16295,4406,18.08,66.88,15.03
2011,51790,화천군,Hwacheon-gun,24945,3679,16756,4510,18.08,67.17,14.75
2012,51790,화천군,Hwacheon-gun,25020,3611,16806,4603,18.4,67.17,14.43
2013,51790,화천군,Hwacheon-gun,25079,3565,16846,4668,18.61,67.17,14.22
2014,51790,화천군,Hwacheon-gun,27143,3487,18865,4791,17.65,69.5,12.85
2015,51790,화천군,Hwacheon-gun,27020,3315,18884,4821,17.84,69.89,12.27
2016,51790,화천군,Hwacheon-gun,26264,3168,18290,4806,18.3,69.64,12.06
2017,51790,화천군,Hwacheon-gun,26022,3062,18014,4946,19.01,69.23,11.77
2018,51790,화천군,Hwacheon-gun,25084,2851,17169,5064,20.19,68.45,11.37
2019,51790,화천군,Hwacheon-gun,24917,2749,16849,5319,21.35,67.62,11.03
2020,51790,화천군,Hwacheon-gun,24857,2633,16615,5609,22.57,66.84,10.59
2021,51790,화천군,Hwacheon-gun,24195,2537,15931,5727,23.67,65.84,10.49
2022,51790,화천군,Hwacheon-gun,23388,2386,15093,5909,25.27,64.53,10.2
2023,51790,화천군,Hwacheon-gun,23007,2258,14613,6136,26.67,63.52,9.81
2024,51790,화천군,Hwacheon-gun,22922,2178,14364,6380,27.83,62.66,9.5
2008,51800,양구군,Yanggu-gun,21303,3534,14254,3515,16.5,66.91,16.59
2009,51800,양구군,Yanggu-gun,21323,3439,14218,3666,17.19,66.68,16.13
2010,51800,양구군,Yanggu-gun,21843,3332,14755,3756,17.2,67.55,15.25
2011,51800,양구군,Yanggu-gun,22285,3273,15210,3802,17.06,68.25,14.69
2012,51800,양구군,Yanggu-gun,22799,3276,15636,3887,17.05,68.58,14.37
2013,51800,양구군,Yanggu-gun,23594,3279,16306,4009,16.99,69.11,13.9
2014,51800,양구군,Yanggu-gun,23888,3255,16582,4051,16.96,69.42,13.63
2015,51800,양구군,Yanggu-gun,24089,3133,16874,4082,16.95,70.05,13.01
2016,51800,양구군,Yanggu-gun,24010,3020,16882,4108,17.11,70.31,12.58
2017,51800,양구군,Yanggu-gun,23835,2948,16628,4259,17.87,69.76,12.37
2018,51800,양구군,Yanggu-gun,23408,2880,16204,4324,18.47,69.22,12.3
2019,51800,양구군,Yanggu-gun,22764,2753,15518,4493,19.74,68.17,12.09
2020,51800,양구군,Yanggu-gun,22278,2550,15026,4702,21.11,67.45,11.45
2021,51800,양구군,Yanggu-gun,21748,2498,14357,4893,22.5,66.02,11.49
2022,51800,양구군,Yanggu-gun,21383,2390,13921,5072,23.72,65.1,11.18
2023,51800,양구군,Yanggu-gun,21056,2264,13514,5278,25.07,64.18,10.75
2024,51800,양구군,Yanggu-gun,20621,2158,12975,5488,26.61,62.92,10.47
2008,51810,인제군,Inje-gun,31620,5410,21349,4861,15.37,67.52,17.11
2009,51810,인제군,Inje-gun,31452,5191,21265,4996,15.88,67.61,16.5
2010,51810,인제군,Inje-gun,31842,5052,21683,5107,16.04,68.1,15.87
2011,51810,인제군,Inje-gun,31970,4784,21974,5212,16.3,68.73,14.96
2012,51810,인제군,Inje-gun,32456,4748,22312,5396,16.63,68.75,14.63
2013,51810,인제군,Inje-gun,32517,4634,22411,5472,16.83,68.92,14.25
2014,51810,인제군,Inje-gun,32475,4491,22447,5537,17.05,69.12,13.83
2015,51810,인제군,Inje-gun,33255,4361,23321,5573,16.76,70.13,13.11
2016,51810,인제군,Inje-gun,32720,4211,22907,5602,17.12,70.01,12.87
2017,51810,인제군,Inje-gun,32582,4131,22592,5859,17.98,69.34,12.68
2018,51810,인제군,Inje-gun,32136,3947,22175,6014,18.71,69.0,12.28
2019,51810,인제군,Inje-gun,31672,3749,21729,6194,19.56,68.61,11.84
2020,51810,인제군,Inje-gun,31694,3673,21491,6530,20.6,67.81,11.59
2021,51810,인제군,Inje-gun,32165,3633,21633,6899,21.45,67.26,11.29
2022,51810,인제군,Inje-gun,32206,3563,21374,7269,22.57,66.37,11.06
2023,51810,인제군,Inje-gun,32020,3447,20946,7627,23.82,65.42,10.77
2024,51810,인제군,Inje-gun,31535,3277,20265,7993,25.35,64.26,10.39
2008,51820,고성군,Goseong-gun,30172,3849,20450,5873,19.47,67.78,12.76
2009,51820,고성군,Goseong-gun,30272,3642,20565,6065,20.04,67.93,12.03
2010,51820,고성군,Goseong-gun,30112,3316,20550,6246,20.74,68.25,11.01
2011,51820,고성군,Goseong-gun,30057,3193,20418,6446,21.45,67.93,10.62
2012,51820,고성군,Goseong-gun,30124,3073,20451,6600,21.91,67.89,10.2
2013,51820,고성군,Goseong-gun,30398,2848,20789,6761,22.24,68.39,9.37
2014,51820,고성군,Goseong-gun,30269,2715,20666,6888,22.76,68.27,8.97
2015,51820,고성군,Goseong-gun,30060,2591,20473,6996,23.27,68.11,8.62
2016,51820,고성군,Goseong-gun,30114,2487,20476,7151,23.75,67.99,8.26
2017,51820,고성군,Goseong-gun,30029,2415,20314,7300,24.31,67.65,8.04
2018,51820,고성군,Goseong-gun,28144,2148,18580,7416,26.35,66.02,7.63
2019,51820,고성군,Goseong-gun,27260,2101,17500,7659,28.1,64.2,7.71
2020,51820,고성군,Goseong-gun,26757,1987,16825,7945,29.69,62.88,7.43
2021,51820,고성군,Goseong-gun,27249,2090,16923,8236,30.22,62.11,7.67
2022,51820,고성군,Goseong-gun,27274,2070,16687,8517,31.23,61.18,7.59
2023,51820,고성군,Goseong-gun,27305,2042,16490,8773,32.13,60.39,7.48
2024,51820,고성군,Goseong-gun,26999,1978,15898,9123,33.79,58.88,7.33
2008,51830,양양군,Yangyang-gun,28115,3569,19006,5540,19.7,67.6,12.69
2009,51830,양양군,Yangyang-gun,27957,3470,18757,5730,20.5,67.09,12.41
2010,51830,양양군,Yangyang-gun,27929,3360,18629,5940,21.27,66.7,12.03
2011,51830,양양군,Yangyang-gun,27942,3252,18546,6144,21.99,66.37,11.64
2012,51830,양양군,Yangyang-gun,27802,3060,18355,6387,22.97,66.02,11.01
2013,51830,양양군,Yangyang-gun,27659,2879,18195,6585,23.81,65.78,10.41
2014,51830,양양군,Yangyang-gun,27521,2742,18015,6764,24.58,65.46,9.96
2015,51830,양양군,Yangyang-gun,27479,2593,17964,6922,25.19,65.37,9.44
2016,51830,양양군,Yangyang-gun,27218,2411,17826,6981,25.65,65.49,8.86
2017,51830,양양군,Yangyang-gun,27207,2330,17563,7314,26.88,64.55,8.56
2018,51830,양양군,Yangyang-gun,27347,2225,17566,7556,27.63,64.23,8.14
2019,51830,양양군,Yangyang-gun,27726,2230,17551,7945,28.66,63.3,8.04
2020,51830,양양군,Yangyang-gun,27946,2182,17450,8314,29.75,62.44,7.81
2021,51830,양양군,Yangyang-gun,27913,2124,17118,8671,31.06,61.33,7.61
2022,51830,양양군,Yangyang-gun,27866,2009,16835,9022,32.38,60.41,7.21
2023,51830,양양군,Yangyang-gun,27710,1891,16421,9398,33.92,59.26,6.82
2024,51830,양양군,Yangyang-gun,27489,1877,15908,9704,35.3,57.87,6.83
2008,52110,전주시,Jeonju-si,631532,124388,449806,57338,9.08,71.22,19.7
2009,52110,전주시,Jeonju-si,635007,120221,455549,59237,9.33,71.74,18.93
2010,52110,전주시,Jeonju-si,641525,116325,463640,61560,9.6,72.27,18.13
2011,52110,전주시,Jeonju-si,645894,112491,468854,64549,9.99,72.59,17.42
2012,52110,전주시,Jeonju-si,648863,108999,471430,68434,10.55,72.65,16.8
2013,52110,전주시,Jeonju-si,650082,105284,473062,71736,11.03,72.77,16.2
2014,52110,전주시,Jeonju-si,652877,102490,475161,75226,11.52,72.78,15.7
2015,52110,전주시,Jeonju-si,652282,98164,475170,78948,12.1,72.85,15.05
2016,52110,전주시,Jeonju-si,651744,95526,474663,81555,12.51,72.83,14.66
2017,52110,전주시,Jeonju-si,648964,92776,471031,85157,13.12,72.58,14.3
2018,52110,전주시,Jeonju-si,651091,91096,471432,88563,13.6,72.41,13.99
2019,52110,전주시,Jeonju-si,654394,89708,471525,93161,14.24,72.06,13.71
2020,52110,전주시,Jeonju-si,657432,88404,470466,98562,14.99,71.56,13.45
2021,52110,전주시,Jeonju-si,657269,86089,468195,102985,15.67,71.23,13.1
2022,52110,전주시,Jeonju-si,651495,82176,461962,107357,16.48,70.91,12.61
2023,52110,전주시,Jeonju-si,642727,77741,453369,111617,17.37,70.54,12.1
2024,52110,전주시,Jeonju-si,635651,73894,444262,117495,18.48,69.89,11.62
2008,52111,완산구,Wansan-gu,352259,69658,250680,31921,9.06,71.16,19.77
2009,52111,완산구,Wansan-gu,352737,66840,253042,32855,9.31,71.74,18.95
2010,52111,완산구,Wansan-gu,357919,64652,259074,34193,9.55,72.38,18.06
2011,52111,완산구,Wansan-gu,362636,62750,263940,35946,9.91,72.78,17.3
2012,52111,완산구,Wansan-gu,363986,60475,265411,38100,10.47,72.92,16.61
2013,52111,완산구,Wansan-gu,363694,57821,265998,39875,10.96,73.14,15.9
2014,52111,완산구,Wansan-gu,364872,56197,266872,41803,11.46,73.14,15.4
2015,52111,완산구,Wansan-gu,365605,53882,267766,43957,12.02,73.24,14.74
2016,52111,완산구,Wansan-gu,361845,51253,265268,45324,12.53,73.31,14.16
2017,52111,완산구,Wansan-gu,359012,49191,262401,47420,13.21,73.09,13.7
2018,52111,완산구,Wansan-gu,345065,44378,252079,48608,14.09,73.05,12.86
2019,52111,완산구,Wansan-gu,338839,41939,245983,50917,15.03,72.6,12.38
2020,52111,완산구,Wansan-gu,339718,41291,244520,53907,15.87,71.98,12.15
2021,52111,완산구,Wansan-gu,335804,39440,240253,56111,16.71,71.55,11.74
2022,52111,완산구,Wansan-gu,332573,37660,236333,58580,17.61,71.06,11.32
2023,52111,완산구,Wansan-gu,327178,35407,230744,61027,18.65,70.53,10.82
2024,52111,완산구,Wansan-gu,321910,33193,224480,64237,19.95,69.73,10.31
2008,52113,덕진구,Deokjin-gu,279273,54730,199126,25417,9.1,71.3,19.6
2009,52113,덕진구,Deokjin-gu,282270,53381,202507,26382,9.35,71.74,18.91
2010,52113,덕진구,Deokjin-gu,283606,51673,204566,27367,9.65,72.13,18.22
2011,52113,덕진구,Deokjin-gu,283258,49741,204914,28603,10.1,72.34,17.56
2012,52113,덕진구,Deokjin-gu,284877,48524,206019,30334,10.65,72.32,17.03
2013,52113,덕진구,Deokjin-gu,286388,47463,207064,31861,11.13,72.3,16.57
2014,52113,덕진구,Deokjin-gu,288005,46293,208289,33423,11.61,72.32,16.07
2015,52113,덕진구,Deokjin-gu,286677,44282,207404,34991,12.21,72.35,15.45
2016,52113,덕진구,Deokjin-gu,289899,44273,209395,36231,12.5,72.23,15.27
2017,52113,덕진구,Deokjin-gu,289952,43585,208630,37737,13.01,71.95,15.03
2018,52113,덕진구,Deokjin-gu,306026,46718,219353,39955,13.06,71.68,15.27
2019,52113,덕진구,Deokjin-gu,315555,47769,225542,42244,13.39,71.47,15.14
2020,52113,덕진구,Deokjin-gu,317714,47113,225946,44655,14.06,71.12,14.83
2021,52113,덕진구,Deokjin-gu,321465,46649,227942,46874,14.58,70.91,14.51
2022,52113,덕진구,Deokjin-gu,318922,44516,225629,48777,15.29,70.75,13.96
2023,52113,덕진구,Deokjin-gu,315549,42334,222625,50590,16.03,70.55,13.42
2024,52113,덕진구,Deokjin-gu,313741,40701,219782,53258,16.98,70.05,12.97
2020,52118,전주시효자출장소,Jeonju-si hyoja branch office,0,0,0,0,,,
2022,52118,전주시효자출장소,Jeonju-si hyoja branch office,0,0,0,0,,,
2008,52130,군산시,Gunsan-si,263845,46360,186060,31425,11.91,70.52,17.57
2009,52130,군산시,Gunsan-si,266922,46026,188569,32327,12.11,70.65,17.24
2010,52130,군산시,Gunsan-si,272601,45470,193576,33555,12.31,71.01,16.68
2011,52130,군산시,Gunsan-si,275659,45008,195730,34921,12.67,71.0,16.33
2012,52130,군산시,Gunsan-si,278341,44481,197097,36763,13.21,70.81,15.98
2013,52130,군산시,Gunsan-si,278319,43357,196889,38073,13.68,70.74,15.58
2014,52130,군산시,Gunsan-si,278098,42118,196425,39555,14.22,70.63,15.15
2015,52130,군산시,Gunsan-si,278398,41027,196054,41317,14.84,70.42,14.74
2016,52130,군산시,Gunsan-si,277551,39890,194851,42810,15.42,70.2,14.37
2017,52130,군산시,Gunsan-si,274997,38547,191870,44580,16.21,69.77,14.02
2018,52130,군산시,Gunsan-si,272645,37127,189605,45913,16.84,69.54,13.62
2019,52130,군산시,Gunsan-si,270131,35563,186509,48059,17.79,69.04,13.17
2020,52130,군산시,Gunsan-si,267859,34090,183069,50700,18.93,68.35,12.73
2021,52130,군산시,Gunsan-si,265304,32738,179852,52714,19.87,67.79,12.34
2022,52130,군산시,Gunsan-si,262467,31004,176466,54997,20.95,67.23,11.81
2023,52130,군산시,Gunsan-si,259980,29481,173457,57042,21.94,66.72,11.34
2024,52130,군산시,Gunsan-si,258047,28047,170542,59458,23.04,66.09,10.87
2008,52140,익산시,Iksan-si,309269,55887,215881,37501,12.13,69.8,18.07
2009,52140,익산시,Iksan-si,306669,52925,215383,38361,12.51,70.23,17.26
2010,52140,익산시,Iksan-si,307289,50204,217817,39268,12.78,70.88,16.34
2011,52140,익산시,Iksan-si,309804,48278,221006,40520,13.08,71.34,15.58
2012,52140,익산시,Iksan-si,306469,46564,217671,42234,13.78,71.03,15.19
2013,52140,익산시,Iksan-si,306539,45017,217791,43731,14.27,71.05,14.69
2014,52140,익산시,Iksan-si,304117,43212,215654,45251,14.88,70.91,14.21
2015,52140,익산시,Iksan-si,302061,41454,213581,47026,15.57,70.71,13.72
2016,52140,익산시,Iksan-si,300479,39911,212037,48531,16.15,70.57,13.28
2017,52140,익산시,Iksan-si,300187,38377,211453,50357,16.78,70.44,12.78
2018,52140,익산시,Iksan-si,294062,36166,206355,51541,17.53,70.17,12.3
2019,52140,익산시,Iksan-si,287771,34032,200214,53525,18.6,69.57,11.83
2020,52140,익산시,Iksan-si,282276,32019,194090,56167,19.9,68.76,11.34
2021,52140,익산시,Iksan-si,278113,30353,189661,58099,20.89,68.2,10.91
2022,52140,익산시,Iksan-si,273697,28548,185104,60045,21.94,67.63,10.43
2023,52140,익산시,Iksan-si,270036,26886,181104,62046,22.98,67.07,9.96
2024,52140,익산시,Iksan-si,268001,25648,177553,64800,24.18,66.25,9.57
2020,52145,익산시함열출장소,Iksan-si hamyeol branch office,0,0,0,0,,,
2022,52145,익산시함열출장소,Iksan-si hamyeol branch office,0,0,0,0,,,
2008,52180,정읍시,Jeongeup-si,122842,19441,79156,24245,19.74,64.44,15.83
2009,52180,정읍시,Jeongeup-si,121545,18452,78495,24598,20.24,64.58,15.18
2010,52180,정읍시,Jeongeup-si,122000,17665,79239,25096,20.57,64.95,14.48
2011,52180,정읍시,Jeongeup-si,120466,16715,78303,25448,21.12,65.0,13.88
2012,52180,정읍시,Jeongeup-si,119392,16066,77185,26141,21.9,64.65,13.46
2013,52180,정읍시,Jeongeup-si,118328,15167,76476,26685,22.55,64.63,12.82
2014,52180,정읍시,Jeongeup-si,117183,14442,75414,27327,23.32,64.36,12.32
2015,52180,정읍시,Jeongeup-si,115977,13744,74289,27944,24.09,64.05,11.85
2016,52180,정읍시,Jeongeup-si,115173,13199,73746,28228,24.51,64.03,11.46
2017,52180,정읍시,Jeongeup-si,113776,12564,72625,28587,25.13,63.83,11.04
2018,52180,정읍시,Jeongeup-si,112169,11991,71374,28804,25.68,63.63,10.69
2019,52180,정읍시,Jeongeup-si,110541,11456,69595,29490,26.68,62.96,10.36
2020,52180,정읍시,Jeongeup-si,108508,10796,67454,30258,27.89,62.17,9.95
2021,52180,정읍시,Jeongeup-si,106487,10273,65653,30561,28.7,61.65,9.65
2022,52180,정읍시,Jeongeup-si,105081,9594,64131,31356,29.84,61.03,9.13
2023,52180,정읍시,Jeongeup-si,103620,9090,62625,31905,30.79,60.44,8.77
2024,52180,정읍시,Jeongeup-si,102127,8574,60906,32647,31.97,59.64,8.4
2008,52190,남원시,Namwon-si,88356,14281,56302,17773,20.12,63.72,16.16
2009,52190,남원시,Namwon-si,87675,13665,56086,17924,20.44,63.97,15.59
2010,52190,남원시,Namwon-si,87775,13159,56516,18100,20.62,64.39,14.99
2011,52190,남원시,Namwon-si,87455,12663,56341,18451,21.1,64.42,14.48
2012,52190,남원시,Namwon-si,87000,12094,55785,19121,21.98,64.12,13.9
2013,52190,남원시,Namwon-si,86460,11598,55251,19611,22.68,63.9,13.41
2014,52190,남원시,Namwon-si,85643,11050,54590,20003,23.36,63.74,12.9
2015,52190,남원시,Namwon-si,84856,10482,53906,20468,24.12,63.53,12.35
2016,52190,남원시,Namwon-si,84188,9962,53515,20711,24.6,63.57,11.83
2017,52190,남원시,Namwon-si,83281,9475,52639,21167,25.42,63.21,11.38
2018,52190,남원시,Namwon-si,82554,9160,51950,21444,25.98,62.93,11.1
2019,52190,남원시,Namwon-si,81441,8719,50672,22050,27.07,62.22,10.71
2020,52190,남원시,Namwon-si,80662,8397,49571,22694,28.13,61.46,10.41
2021,52190,남원시,Namwon-si,79431,7936,48272,23223,29.24,60.77,9.99
2022,52190,남원시,Namwon-si,77948,7412,46845,23691,30.39,60.1,9.51
2023,52190,남원시,Namwon-si,76781,6875,45780,24126,31.42,59.62,8.95
2024,52190,남원시,Namwon-si,75647,6502,44314,24831,32.82,58.58,8.6
2008,52210,김제시,Gimje-si,95807,12504,61687,21616,22.56,64.39,13.05
2009,52210,김제시,Gimje-si,94770,11888,60934,21948,23.16,64.3,12.54
2010,52210,김제시,Gimje-si,94346,11293,60721,22332,23.67,64.36,11.97
2011,52210,김제시,Gimje-si,93111,10797,59707,22607,24.28,64.12,11.6
2012,52210,김제시,Gimje-si,92317,10440,58582,23295,25.23,63.46,11.31
2013,52210,김제시,Gimje-si,91218,10023,57602,23593,25.86,63.15,10.99
2014,52210,김제시,Gimje-si,90108,9589,56479,24040,26.68,62.68,10.64
2015,52210,김제시,Gimje-si,88721,9069,55128,24524,27.64,62.14,10.22
2016,52210,김제시,Gimje-si,87782,8770,54162,24850,28.31,61.7,9.99
2017,52210,김제시,Gimje-si,86926,8575,53196,25155,28.94,61.2,9.86
2018,52210,김제시,Gimje-si,85331,8088,51986,25257,29.6,60.92,9.48
2019,52210,김제시,Gimje-si,83895,7680,50565,25650,30.57,60.27,9.15
2020,52210,김제시,Gimje-si,82450,7238,48890,26322,31.92,59.3,8.78
2021,52210,김제시,Gimje-si,80913,6808,47322,26783,33.1,58.49,8.41
2022,52210,김제시,Gimje-si,81455,6551,47409,27495,33.75,58.2,8.04
2023,52210,김제시,Gimje-si,81430,6378,47102,27950,34.32,57.84,7.83
2024,52210,김제시,Gimje-si,80635,6124,45978,28533,35.39,57.02,7.59
2008,52710,완주군,Wanju-gun,83757,13408,55427,14922,17.82,66.18,16.01
2009,52710,완주군,Wanju-gun,83885,13183,55579,15123,18.03,66.26,15.72
2010,52710,완주군,Wanju-gun,85119,13346,56359,15414,18.11,66.21,15.68
2011,52710,완주군,Wanju-gun,84660,13216,55729,15715,18.56,65.83,15.61
2012,52710,완주군,Wanju-gun,86164,13401,56469,16294,18.91,65.54,15.55
2013,52710,완주군,Wanju-gun,86978,13263,56927,16788,19.3,65.45,15.25
2014,52710,완주군,Wanju-gun,90377,13528,59419,17430,19.29,65.75,14.97
2015,52710,완주군,Wanju-gun,95303,13952,63025,18326,19.23,66.13,14.64
2016,52710,완주군,Wanju-gun,95480,13570,63097,18813,19.7,66.08,14.21
2017,52710,완주군,Wanju-gun,95975,13478,63120,19377,20.19,65.77,14.04
2018,52710,완주군,Wanju-gun,94444,12742,61922,19780,20.94,65.56,13.49
2019,52710,완주군,Wanju-gun,92220,11799,59983,20438,22.16,65.04,12.79
2020,52710,완주군,Wanju-gun,91609,11187,59012,21410,23.37,64.42,12.21
2021,52710,완주군,Wanju-gun,91142,10649,58298,22195,24.35,63.96,11.68
2022,52710,완주군,Wanju-gun,92422,10372,59100,22950,24.83,63.95,11.22
2023,52710,완주군,Wanju-gun,97827,10663,62972,24192,24.73,64.37,10.9
2024,52710,완주군,Wanju-gun,99279,10521,63518,25240,25.42,63.98,10.6
2008,52720,진안군,Jinan-gun,27230,3277,16661,7292,26.78,61.19,12.03
2009,52720,진안군,Jinan-gun,27558,3279,16872,7407,26.88,61.22,11.9
2010,52720,진안군,Jinan-gun,27543,3245,16751,7547,27.4,60.82,11.78
2011,52720,진안군,Jinan-gun,28473,3444,17386,7643,26.84,61.06,12.1
2012,52720,진안군,Jinan-gun,26963,3040,16187,7736,28.69,60.03,11.27
2013,52720,진안군,Jinan-gun,26703,2890,15941,7872,29.48,59.7,10.82
2014,52720,진안군,Jinan-gun,26474,2707,15771,7996,30.2,59.57,10.23
2015,52720,진안군,Jinan-gun,26203,2590,15503,8110,30.95,59.16,9.88
2016,52720,진안군,Jinan-gun,26069,2474,15462,8133,31.2,59.31,9.49
2017,52720,진안군,Jinan-gun,26271,2405,15557,8309,31.63,59.22,9.15
2018,52720,진안군,Jinan-gun,25963,2281,15247,8435,32.49,58.73,8.79
2019,52720,진안군,Jinan-gun,25697,2151,14933,8613,33.52,58.11,8.37
2020,52720,진안군,Jinan-gun,25394,2062,14434,8898,35.04,56.84,8.12
2021,52720,진안군,Jinan-gun,24987,1907,14027,9053,36.23,56.14,7.63
2022,52720,진안군,Jinan-gun,24550,1718,13572,9260,37.72,55.28,7.0
2023,52720,진안군,Jinan-gun,24465,1648,13384,9433,38.56,54.71,6.74
2024,52720,진안군,Jinan-gun,24161,1515,12921,9725,40.25,53.48,6.27
2008,52730,무주군,Muju-gun,26017,3422,15943,6652,25.57,61.28,13.15
2009,52730,무주군,Muju-gun,25811,3307,15778,6726,26.06,61.13,12.81
2010,52730,무주군,Muju-gun,25578,3069,15684,6825,26.68,61.32,12.0
2011,52730,무주군,Muju-gun,25863,3084,15826,6953,26.88,61.19,11.92
2012,52730,무주군,Muju-gun,25321,2915,15357,7049,27.84,60.65,11.51
2013,52730,무주군,Muju-gun,25398,2864,15357,7177,28.26,60.47,11.28
2014,52730,무주군,Muju-gun,25390,2763,15382,7245,28.53,60.58,10.88
2015,52730,무주군,Muju-gun,25220,2643,15136,7441,29.5,60.02,10.48
2016,52730,무주군,Muju-gun,24949,2502,14920,7527,30.17,59.8,10.03
2017,52730,무주군,Muju-gun,24809,2399,14709,7701,31.04,59.29,9.67
2018,52730,무주군,Muju-gun,24589,2310,14564,7715,31.38,59.23,9.39
2019,52730,무주군,Muju-gun,24303,2177,14235,7891,32.47,58.57,8.96
2020,52730,무주군,Muju-gun,24036,2117,13844,8075,33.6,57.6,8.81
2021,52730,무주군,Muju-gun,23748,1967,13628,8153,34.33,57.39,8.28
2022,52730,무주군,Muju-gun,23489,1800,13296,8393,35.73,56.61,7.66
2023,52730,무주군,Muju-gun,23251,1656,13041,8554,36.79,56.09,7.12
2024,52730,무주군,Muju-gun,23032,1549,12728,8755,38.01,55.26,6.73
2008,52740,장수군,Jangsu-gun,23864,2996,14594,6274,26.29,61.15,12.55
2009,52740,장수군,Jangsu-gun,23478,2808,14340,6330,26.96,61.08,11.96
2010,52740,장수군,Jangsu-gun,23386,2724,14324,6338,27.1,61.25,11.65
2011,52740,장수군,Jangsu-gun,23215,2687,14168,6360,27.4,61.03,11.57
2012,52740,장수군,Jangsu-gun,23191,2627,14071,6493,28.0,60.67,11.33
2013,52740,장수군,Jangsu-gun,23243,2526,14076,6641,28.57,60.56,10.87
2014,52740,장수군,Jangsu-gun,23335,2548,14087,6700,28.71,60.37,10.92
2015,52740,장수군,Jangsu-gun,23277,2491,13954,6832,29.35,59.95,10.7
2016,52740,장수군,Jangsu-gun,23628,2480,14174,6974,29.52,59.99,10.5
2017,52740,장수군,Jangsu-gun,23003,2309,13583,7111,30.91,59.05,10.04
2018,52740,장수군,Jangsu-gun,23221,2247,13776,7198,31.0,59.33,9.68
2019,52740,장수군,Jangsu-gun,22441,2063,13074,7304,32.55,58.26,9.19
2020,52740,장수군,Jangsu-gun,22085,1976,12552,7557,34.22,56.83,8.95
2021,52740,장수군,Jangsu-gun,21695,1868,12111,7716,35.57,55.82,8.61
2022,52740,장수군,Jangsu-gun,21336,1717,11767,7852,36.8,55.15,8.05
2023,52740,장수군,Jangsu-gun,20983,1554,11399,8030,38.27,54.32,7.41
2024,52740,장수군,Jangsu-gun,20663,1450,10970,8243,39.89,53.09,7.02
2008,52750,임실군,Imsil-gun,31133,3409,18972,8752,28.11,60.94,10.95
2009,52750,임실군,Imsil-gun,30703,3314,18635,8754,28.51,60.69,10.79
2010,52750,임실군,Imsil-gun,30593,3178,18561,8854,28.94,60.67,10.39
2011,52750,임실군,Imsil-gun,30789,3184,18664,8941,29.04,60.62,10.34
2012,52750,임실군,Imsil-gun,29956,2946,17906,9104,30.39,59.77,9.83
2013,52750,임실군,Imsil-gun,29739,2886,17634,9219,31.0,59.3,9.7
2014,52750,임실군,Imsil-gun,29966,2865,17748,9353,31.21,59.23,9.56
2015,52750,임실군,Imsil-gun,30271,2849,17893,9529,31.48,59.11,9.41
2016,52750,임실군,Imsil-gun,30197,2792,17853,9552,31.63,59.12,9.25
2017,52750,임실군,Imsil-gun,30162,2776,17717,9669,32.06,58.74,9.2
2018,52750,임실군,Imsil-gun,30072,2623,17679,9770,32.49,58.79,8.72
2019,52750,임실군,Imsil-gun,28902,2397,16675,9830,34.01,57.69,8.29
2020,52750,임실군,Imsil-gun,27314,2157,15205,9952,36.44,55.67,7.9
2021,52750,임실군,Imsil-gun,26730,2087,14538,10105,37.8,54.39,7.81
2022,52750,임실군,Imsil-gun,26508,1993,14245,10270,38.74,53.74,7.52
2023,52750,임실군,Imsil-gun,25956,1798,13801,10357,39.9,53.17,6.93
2024,52750,임실군,Imsil-gun,25577,1682,13278,10617,41.51,51.91,6.58
2008,52770,순창군,Sunchang-gun,30920,4133,18314,8473,27.4,59.23,13.37
2009,52770,순창군,Sunchang-gun,30179,3839,17846,8494,28.15,59.13,12.72
2010,52770,순창군,Sunchang-gun,30209,3653,17977,8579,28.4,59.51,12.09
2011,52770,순창군,Sunchang-gun,29497,3499,17408,8590,29.12,59.02,11.86
2012,52770,순창군,Sunchang-gun,30055,3459,17764,8832,29.39,59.1,11.51
2013,52770,순창군,Sunchang-gun,30272,3331,17917,9024,29.81,59.19,11.0
2014,52770,순창군,Sunchang-gun,30368,3228,17980,9160,30.16,59.21,10.63
2015,52770,순창군,Sunchang-gun,30248,3169,17895,9184,30.36,59.16,10.48
2016,52770,순창군,Sunchang-gun,29949,3130,17626,9193,30.7,58.85,10.45
2017,52770,순창군,Sunchang-gun,29698,3080,17332,9286,31.27,58.36,10.37
2018,52770,순창군,Sunchang-gun,29209,2942,16988,9279,31.77,58.16,10.07
2019,52770,순창군,Sunchang-gun,28382,2756,16314,9312,32.81,57.48,9.71
2020,52770,순창군,Sunchang-gun,27810,2585,15770,9455,34.0,56.71,9.3
2021,52770,순창군,Sunchang-gun,26855,2289,15085,9481,35.3,56.17,8.52
2022,52770,순창군,Sunchang-gun,26727,2117,14963,9647,36.09,55.98,7.92
2023,52770,순창군,Sunchang-gun,26764,2012,14973,9779,36.54,55.94,7.52
2024,52770,순창군,Sunchang-gun,26822,1962,14734,10126,37.75,54.93,7.31
2008,52790,고창군,Gochang-gun,60328,7538,37194,15596,25.85,61.65,12.5
2009,52790,고창군,Gochang-gun,60102,7228,37003,15871,26.41,61.57,12.03
2010,52790,고창군,Gochang-gun,60861,7018,37726,16117,26.48,61.99,11.53
2011,52790,고창군,Gochang-gun,60065,6767,37050,16248,27.05,61.68,11.27
2012,52790,고창군,Gochang-gun,60440,6559,37222,16659,27.56,61.59,10.85
2013,52790,고창군,Gochang-gun,60522,6341,37242,16939,27.99,61.53,10.48
2014,52790,고창군,Gochang-gun,60090,6165,36544,17381,28.92,60.82,10.26
2015,52790,고창군,Gochang-gun,60046,5820,36570,17656,29.4,60.9,9.69
2016,52790,고창군,Gochang-gun,60597,5666,37074,17857,29.47,61.18,9.35
2017,52790,고창군,Gochang-gun,60472,5454,36871,18147,30.01,60.97,9.02
2018,52790,고창군,Gochang-gun,57041,4999,33966,18076,31.69,59.55,8.76
2019,52790,고창군,Gochang-gun,55504,4751,32383,18370,33.1,58.34,8.56
2020,52790,고창군,Gochang-gun,54529,4574,31173,18782,34.44,57.17,8.39
2021,52790,고창군,Gochang-gun,53386,4365,29979,19042,35.67,56.16,8.18
2022,52790,고창군,Gochang-gun,52338,4068,28906,19364,37.0,55.23,7.77
2023,52790,고창군,Gochang-gun,51750,3846,28065,19839,38.34,54.23,7.43
2024,52790,고창군,Gochang-gun,50982,3657,27103,20222,39.66,53.16,7.17
2008,52800,부안군,Buan-gun,60872,7651,38849,14372,23.61,63.82,12.57
2009,52800,부안군,Buan-gun,60204,7280,38342,14582,24.22,63.69,12.09
2010,52800,부안군,Buan-gun,60138,7029,38321,14788,24.59,63.72,11.69
2011,52800,부안군,Buan-gun,59080,6607,37500,14973,25.34,63.47,11.18
2012,52800,부안군,Buan-gun,58869,6405,37033,15431,26.21,62.91,10.88
2013,52800,부안군,Buan-gun,59164,6297,37192,15675,26.49,62.86,10.64
2014,52800,부안군,Buan-gun,57534,5816,35759,15959,27.74,62.15,10.11
2015,52800,부안군,Buan-gun,56848,5512,35117,16219,28.53,61.77,9.7
2016,52800,부안군,Buan-gun,57005,5268,35268,16469,28.89,61.87,9.24
2017,52800,부안군,Buan-gun,56086,4978,34429,16679,29.74,61.39,8.88
2018,52800,부안군,Buan-gun,54441,4655,33151,16635,30.56,60.89,8.55
2019,52800,부안군,Buan-gun,53295,4432,31880,16983,31.87,59.82,8.32
2020,52800,부안군,Buan-gun,52140,4227,30542,17371,33.32,58.58,8.11
2021,52800,부안군,Buan-gun,50795,4034,29252,17509,34.47,57.59,7.94
2022,52800,부안군,Buan-gun,50094,3787,28365,17942,35.82,56.62,7.56
2023,52800,부안군,Buan-gun,49187,3545,27384,18258,37.12,55.67,7.21
2024,52800,부안군,Buan-gun,48066,3358,26137,18571,38.64,54.38,6.99
