C1_OBJ_NM,C2_NM,DT,C2,C1,PRD_SE,UNIT_NM_ENG,ITM_ID,TBL_ID,ITM_NM,TBL_NM,PRD_DE,LST_CHN_DE,C1_NM,UNIT_NM,ORG_ID,C2_OBJ_NM
행정구역별,청년인구비율(19~39세),26.5,11,00,A,%,T001,DT_1YL20643,청년인구비율,인구총조사 청년인구비율(시도/시/군/구),2024,2025-07-29,전국,%,101,청년인구비율 지표
행정구역별,청년인구(19~39세),13705129.0,12,00,A,In person,T001,DT_1YL20643,청년인구비율,인구총조사 청년인구비율(시도/시/군/구),2024,2025-07-29,전국,명,101,청년인구비율 지표
행정구역별,전체인구,51805547.0,13,00,A,In person,T001,DT_1YL20643,청년인구비율,인구총조사 청년인구비율(시도/시/군/구),2024,2025-07-29,전국,명,101,청년인구비율 지표
행정구역별,청년인구비율(19~34세),20.1,21,00,A,%,T001,DT_1YL20643,청년인구비율,인구총조사 청년인구비율(시도/시/군/구),2024,2025-07-29,전국,%,101,청년인구비율 지표
행정구역별,청년인구(19~34세),10403543.0,22,00,A,In person,T001,DT_1YL20643,청년인구비율,인구총조사 청년인구비율(시도/시/군/구),2024,2025-07-29,전국,명,101,청년인구비율 지표
행정구역별,전체인구,51805547.0,23,00,A,In person,T001,DT_1YL20643,청년인구비율,인구총조사 청년인구비율(시도/시/군/구),2024,2025-07-29,전국,명,101,청년인구비율 지표
행정구역별,청년여성비율(19~39세),12.4,31,00,A,%,T001,DT_1YL20643,청년인구비율,인구총조사 청년인구비율(시도/시/군/구),2024,2025-07-29,전국,%,101,청년인구비율 지표
행정구역별,청년여성인구(19~39세),6434686.0,32,00,A,In person,T001,DT_1YL20643,청년인구비율,인구총조사 청년인구비율(시도/시/군/구),2024,2025-07-29,전국,명,101,청년인구비율 지표
행정구역별,전체인구,51805547.0,33,00,A,In person,T001,DT_1YL20643,청년인구비율,인구총조사 청년인구비율(시도/시/군/구),2024,2025-07-29,전국,명,101,청년인구비율 지표
행정구역별,청년인구비율(19~39세),31.0,11,11,A,%,T001,DT_1YL20643,청년인구비율,인구총조사 청년인구비율(시도/시/군/구),2024,2025-07-29,서울특별시,%,101,청년인구비율 지표
행정구역별,청년인구(19~39세),2892335.0,12,11,A,In person,T001,DT_1YL20643,청년인구비율,인구총조사 청년인구비율(시도/시/군/구),2024,2025-07-29,서울특별시,명,101,청년인구비율 지표
행정구역별,전체인구,9335444.0,13,11,A,In person,T001,DT_1YL20643,청년인구비율,인구총조사 청년인구비율(시도/시/군/구),2024,2025-07-29,서울특별시,명,101,청년인구비율 지표
행정구역별,청년인구비율(19~34세),24.0,21,11,A,%,T001,DT_1YL20643,청년인구비율,인구총조사 청년인구비율(시도/시/군/구),2024,2025-07-29,서울특별시,%,101,청년인구비율 지표
행정구역별,청년인구(19~34세),2244703.0,22,11,A,In person,T001,DT_1YL20643,청년인구비율,인구총조사 청년인구비율(시도/시/군/구),2024,2025-07-29,서울특별시,명,101,청년인구비율 지표
행정구역별,전체인구,9335444.0,23,11,A,In person,T001,DT_1YL20643,청년인구비율,인구총조사 청년인구비율(시도/시/군/구),2024,2025-07-29,서울특별시,명,101,청년인구비율 지표
행정구역별,청년여성비율(19~39세),16.1,31,11,A,%,T001,DT_1YL20643,청년인구비율,인구총조사 청년인구비율(시도/시/군/구),2024,2025-07-29,서울특별시,%,101,청년인구비율 지표
행정구역별,청년여성인구(19~39세),1499866.0,32,11,A,In person,T001,DT_1YL20643,청년인구비율,인구총조사 청년인구비율(시도/시/군/구),2024,2025-07-29,서울특별시,명,101,청년인구비율 지표
행정구역별,전체인구,9335444.0,33,11,A,In person,T001,DT_1YL20643,청년인구비율,인구총조사 청년인구비율(시도/시/군/구),2024,2025-07-29,서울특별시,명,101,청년인구비율 지표
행정구역별,청년인구비율(19~39세),34.3,11,11010,A,%,T001,DT_1YL20643,청년인구비율,인구총조사 청년인구비율(시도/시/군/구),2024,2025-07-29,종로구,%,101,청년인구비율 지표
행정구역별,청년인구(19~39세),49630.0,12,11010,A,In person,T001,DT_1YL20643,청년인구비율,인구총조사 청년인구비율(시도/시/군/구),2024,2025-07-29,종로구,명,101,청년인구비율 지표
행정구역별,전체인구,144486.0,13,11010,A,In person,T001,DT_1YL20643,청년인구비율,인구총조사 청년인구비율(시도/시/군/구),2024,2025-07-29,종로구,명,101,청년인구비율 지표
행정구역별,청년인구비율(19~34세),28.3,21,11010,A,%,T001,DT_1YL20643,청년인구비율,인구총조사 청년인구비율(시도/시/군/구),2024,2025-07-29,종로구,%,101,청년인구비율 지표
행정구역별,청년인구(19~34세),40826.0,22,11010,A,In person,T001,DT_1YL20643,청년인구비율,인구총조사 청년인구비율(시도/시/군/구),2024,2025-07-29,종로구,명,101,청년인구비율 지표
행정구역별,전체인구,144486.0,23,11010,A,In person,T001,DT_1YL20643,청년인구비율,인구총조사 청년인구비율(시도/시/군/구),2024,2025-07-29,종로구,명,101,청년인구비율 지표
행정구역별,청년여성비율(19~39세),18.2,31,11010,A,%,T001,DT_1YL20643,청년인구비율,인구총조사 청년인구비율(시도/시/군/구),2024,2025-07-29,종로구,%,101,청년인구비율 지표
행정구역별,청년여성인구(19~39세),26285.0,32,11010,A,In person,T001,DT_1YL20643,청년인구비율,인구총조사 청년인구비율(시도/시/군/구),2024,2025-07-29,종로구,명,101,청년인구비율 지표
행정구역별,전체인구,144486.0,33,11010,A,In person,T001,DT_1YL20643,청년인구비율,인구총조사 청년인구비율(시도/시/군/구),2024,2025-07-29,종로구,명,101,청년인구비율 지표
행정구역별,청년인구비율(19~39세),35.5,11,11020,A,%,T001,DT_1YL20643,청년인구비율,인구총조사 청년인구비율(시도/시/군/구),2024,2025-07-29,중구,%,101,청년인구비율 지표
행정구역별,청년인구(19~39세),45004.0,12,11020,A,In person,T001,DT_1YL20643,청년인구비율,인구총조사 청년인구비율(시도/시/군/구),2024,2025-07-29,중구,명,101,청년인구비율 지표
행정구역별,전체인구,126899.0,13,11020,A,In person,T001,DT_1YL20643,청년인구비율,인구총조사 청년인구비율(시도/시/군/구),2024,2025-07-29,중구,명,101,청년인구비율 지표
행정구역별,청년인구비율(19~34세),27.4,21,11020,A,%,T001,DT_1YL20643,청년인구비율,인구총조사 청년인구비율(시도/시/군/구),2024,2025-07-29,중구,%,101,청년인구비율 지표
행정구역별,청년인구(19~34세),34815.0,22,11020,A,In person,T001,DT_1YL20643,청년인구비율,인구총조사 청년인구비율(시도/시/군/구),2024,2025-07-29,중구,명,101,청년인구비율 지표
행정구역별,전체인구,126899.0,23,11020,A,In person,T001,DT_1YL20643,청년인구비율,인구총조사 청년인구비율(시도/시/군/구),2024,2025-07-29,중구,명,101,청년인구비율 지표
행정구역별,청년여성비율(19~39세),18.7,31,11020,A,%,T001,DT_1YL20643,청년인구비율,인구총조사 청년인구비율(시도/시/군/구),2024,2025-07-29,중구,%,101,청년인구비율 지표
행정구역별,청년여성인구(19~39세),23753.0,32,11020,A,In person,T001,DT_1YL20643,청년인구비율,인구총조사 청년인구비율(시도/시/군/구),2024,2025-07-29,중구,명,101,청년인구비율 지표
행정구역별,전체인구,126899.0,33,11020,A,In person,T001,DT_1YL20643,청년인구비율,인구총조사 청년인구비율(시도/시/군/구),2024,2025-07-29,중구,명,101,청년인구비율 지표
행정구역별,청년인구비율(19~39세),33.3,11,11030,A,%,T001,DT_1YL20643,청년인구비율,인구총조사 청년인구비율(시도/시/군/구),2024,2025-07-29,용산구,%,101,청년인구비율 지표
행정구역별,청년인구(19~39세),67697.0,12,11030,A,In person,T001,DT_1YL20643,청년인구비율,인구총조사 청년인구비율(시도/시/군/구),2024,2025-07-29,용산구,명,101,청년인구비율 지표
행정구역별,전체인구,203401.0,13,11030,A,In person,T001,DT_1YL20643,청년인구비율,인구총조사 청년인구비율(시도/시/군/구),2024,2025-07-29,용산구,명,101,청년인구비율 지표
행정구역별,청년인구비율(19~34세),25.0,21,11030,A,%,T001,DT_1YL20643,청년인구비율,인구총조사 청년인구비율(시도/시/군/구),2024,2025-07-29,용산구,%,101,청년인구비율 지표
행정구역별,청년인구(19~34세),50892.0,22,11030,A,In person,T001,DT_1YL20643,청년인구비율,인구총조사 청년인구비율(시도/시/군/구),2024,2025-07-29,용산구,명,101,청년인구비율 지표
행정구역별,전체인구,203401.0,23,11030,A,In person,T001,DT_1YL20643,청년인구비율,인구총조사 청년인구비율(시도/시/군/구),2024,2025-07-29,용산구,명,101,청년인구비율 지표
행정구역별,청년여성비율(19~39세),17.6,31,11030,A,%,T001,DT_1YL20643,청년인구비율,인구총조사 청년인구비율(시도/시/군/구),2024,2025-07-29,용산구,%,101,청년인구비율 지표
행정구역별,청년여성인구(19~39세),35794.0,32,11030,A,In person,T001,DT_1YL20643,청년인구비율,인구총조사 청년인구비율(시도/시/군/구),2024,2025-07-29,용산구,명,101,청년인구비율 지표
행정구역별,전체인구,203401.0,33,11030,A,In person,T001,DT_1YL20643,청년인구비율,인구총조사 청년인구비율(시도/시/군/구),2024,2025-07-29,용산구,명,101,청년인구비율 지표
행정구역별,청년인구비율(19~39세),33.3,11,11040,A,%,T001,DT_1YL20643,청년인구비율,인구총조사 청년인구비율(시도/시/군/구),2024,2025-07-29,성동구,%,101,청년인구비율 지표
행정구역별,청년인구(19~39세),91478.0,12,11040,A,In person,T001,DT_1YL20643,청년인구비율,인구총조사 청년인구비율(시도/시/군/구),2024,2025-07-29,성동구,명,101,청년인구비율 지표
행정구역별,전체인구,274688.0,13,11040,A,In person,T001,DT_1YL20643,청년인구비율,인구총조사 청년인구비율(시도/시/군/구),2024,2025-07-29,성동구,명,101,청년인구비율 지표
행정구역별,청년인구비율(19~34세),25.4,21,11040,A,%,T001,DT_1YL20643,청년인구비율,인구총조사 청년인구비율(시도/시/군/구),2024,2025-07-29,성동구,%,101,청년인구비율 지표
행정구역별,청년인구(19~34세),69843.0,22,11040,A,In person,T001,DT_1YL20643,청년인구비율,인구총조사 청년인구비율(시도/시/군/구),2024,2025-07-29,성동구,명,101,청년인구비율 지표
행정구역별,전체인구,274688.0,23,11040,A,In person,T001,DT_1YL20643,청년인구비율,인구총조사 청년인구비율(시도/시/군/구),2024,2025-07-29,성동구,명,101,청년인구비율 지표
행정구역별,청년여성비율(19~39세),17.2,31,11040,A,%,T001,DT_1YL20643,청년인구비율,인구총조사 청년인구비율(시도/시/군/구),2024,2025-07-29,성동구,%,101,청년인구비율 지표
행정구역별,청년여성인구(19~39세),47115.0,32,11040,A,In person,T001,DT_1YL20643,청년인구비율,인구총조사 청년인구비율(시도/시/군/구),2024,2025-07-29,성동구,명,101,청년인구비율 지표
행정구역별,전체인구,274688.0,33,11040,A,In person,T001,DT_1YL20643,청년인구비율,인구총조사 청년인구비율(시도/시/군/구),2024,2025-07-29,성동구,명,101,청년인구비율 지표
행정구역별,청년인구비율(19~39세),36.6,11,11050,A,%,T001,DT_1YL20643,청년인구비율,인구총조사 청년인구비율(시도/시/군/구),2024,2025-07-29,광진구,%,101,청년인구비율 지표
행정구역별,청년인구(19~39세),126347.0,12,11050,A,In person,T001,DT_1YL20643,청년인구비율,인구총조사 청년인구비율(시도/시/군/구),2024,2025-07-29,광진구,명,101,청년인구비율 지표
행정구역별,전체인구,345130.0,13,11050,A,In person,T001,DT_1YL20643,청년인구비율,인구총조사 청년인구비율(시도/시/군/구),2024,2025-07-29,광진구,명,101,청년인구비율 지표
행정구역별,청년인구비율(19~34세),29.7,21,11050,A,%,T001,DT_1YL20643,청년인구비율,인구총조사 청년인구비율(시도/시/군/구),2024,2025-07-29,광진구,%,101,청년인구비율 지표
행정구역별,청년인구(19~34세),102488.0,22,11050,A,In person,T001,DT_1YL20643,청년인구비율,인구총조사 청년인구비율(시도/시/군/구),2024,2025-07-29,광진구,명,101,청년인구비율 지표
행정구역별,전체인구,345130.0,23,11050,A,In person,T001,DT_1YL20643,청년인구비율,인구총조사 청년인구비율(시도/시/군/구),2024,2025-07-29,광진구,명,101,청년인구비율 지표
행정구역별,청년여성비율(19~39세),19.2,31,11050,A,%,T001,DT_1YL20643,청년인구비율,인구총조사 청년인구비율(시도/시/군/구),2024,2025-07-29,광진구,%,101,청년인구비율 지표
행정구역별,청년여성인구(19~39세),66232.0,32,11050,A,In person,T001,DT_1YL20643,청년인구비율,인구총조사 청년인구비율(시도/시/군/구),2024,2025-07-29,광진구,명,101,청년인구비율 지표
행정구역별,전체인구,345130.0,33,11050,A,In person,T001,DT_1YL20643,청년인구비율,인구총조사 청년인구비율(시도/시/군/구),2024,2025-07-29,광진구,명,101,청년인구비율 지표
행정구역별,청년인구비율(19~39세),35.6,11,11060,A,%,T001,DT_1YL20643,청년인구비율,인구총조사 청년인구비율(시도/시/군/구),2024,2025-07-29,동대문구,%,101,청년인구비율 지표
행정구역별,청년인구(19~39세),126731.0,12,11060,A,In person,T001,DT_1YL20643,청년인구비율,인구총조사 청년인구비율(시도/시/군/구),2024,2025-07-29,동대문구,명,101,청년인구비율 지표
행정구역별,전체인구,355789.0,13,11060,A,In person,T001,DT_1YL20643,청년인구비율,인구총조사 청년인구비율(시도/시/군/구),2024,2025-07-29,동대문구,명,101,청년인구비율 지표
행정구역별,청년인구비율(19~34세),29.0,21,11060,A,%,T001,DT_1YL20643,청년인구비율,인구총조사 청년인구비율(시도/시/군/구),2024,2025-07-29,동대문구,%,101,청년인구비율 지표
행정구역별,청년인구(19~34세),103201.0,22,11060,A,In person,T001,DT_1YL20643,청년인구비율,인구총조사 청년인구비율(시도/시/군/구),2024,2025-07-29,동대문구,명,101,청년인구비율 지표
행정구역별,전체인구,355789.0,23,11060,A,In person,T001,DT_1YL20643,청년인구비율,인구총조사 청년인구비율(시도/시/군/구),2024,2025-07-29,동대문구,명,101,청년인구비율 지표
행정구역별,청년여성비율(19~39세),18.7,31,11060,A,%,T001,DT_1YL20643,청년인구비율,인구총조사 청년인구비율(시도/시/군/구),2024,2025-07-29,동대문구,%,101,청년인구비율 지표
행정구역별,청년여성인구(19~39세),66568.0,32,11060,A,In person,T001,DT_1YL20643,청년인구비율,인구총조사 청년인구비율(시도/시/군/구),2024,2025-07-29,동대문구,명,101,청년인구비율 지표
행정구역별,전체인구,355789.0,33,11060,A,In person,T001,DT_1YL20643,청년인구비율,인구총조사 청년인구비율(시도/시/군/구),2024,2025-07-29,동대문구,명,101,청년인구비율 지표
행정구역별,청년인구비율(19~39세),28.9,11,11070,A,%,T001,DT_1YL20643,청년인구비율,인구총조사 청년인구비율(시도/시/군/구),2024,2025-07-29,중랑구,%,101,청년인구비율 지표
행정구역별,청년인구(19~39세),108517.0,12,11070,A,In person,T001,DT_1YL20643,청년인구비율,인구총조사 청년인구비율(시도/시/군/구),2024,2025-07-29,중랑구,명,101,청년인구비율 지표
행정구역별,전체인구,375066.0,13,11070,A,In person,T001,DT_1YL20643,청년인구비율,인구총조사 청년인구비율(시도/시/군/구),2024,2025-07-29,중랑구,명,101,청년인구비율 지표
행정구역별,청년인구비율(19~34세),22.1,21,11070,A,%,T001,DT_1YL20643,청년인구비율,인구총조사 청년인구비율(시도/시/군/구),2024,2025-07-29,중랑구,%,101,청년인구비율 지표
행정구역별,청년인구(19~34세),82747.0,22,11070,A,In person,T001,DT_1YL20643,청년인구비율,인구총조사 청년인구비율(시도/시/군/구),2024,2025-07-29,중랑구,명,101,청년인구비율 지표
행정구역별,전체인구,375066.0,23,11070,A,In person,T001,DT_1YL20643,청년인구비율,인구총조사 청년인구비율(시도/시/군/구),2024,2025-07-29,중랑구,명,101,청년인구비율 지표
행정구역별,청년여성비율(19~39세),14.7,31,11070,A,%,T001,DT_1YL20643,청년인구비율,인구총조사 청년인구비율(시도/시/군/구),2024,2025-07-29,중랑구,%,101,청년인구비율 지표
행정구역별,청년여성인구(19~39세),55295.0,32,11070,A,In person,T001,DT_1YL20643,청년인구비율,인구총조사 청년인구비율(시도/시/군/구),2024,2025-07-29,중랑구,명,101,청년인구비율 지표
행정구역별,전체인구,375066.0,33,11070,A,In person,T001,DT_1YL20643,청년인구비율,인구총조사 청년인구비율(시도/시/군/구),2024,2025-07-29,중랑구,명,101,청년인구비율 지표
행정구역별,청년인구비율(19~39세),31.9,11,11080,A,%,T001,DT_1YL20643,청년인구비율,인구총조사 청년인구비율(시도/시/군/구),2024,2025-07-29,성북구,%,101,청년인구비율 지표
행정구역별,청년인구(19~39세),136783.0,12,11080,A,In person,T001,DT_1YL20643,청년인구비율,인구총조사 청년인구비율(시도/시/군/구),2024,2025-07-29,성북구,명,101,청년인구비율 지표
행정구역별,전체인구,429210.0,13,11080,A,In person,T001,DT_1YL20643,청년인구비율,인구총조사 청년인구비율(시도/시/군/구),2024,2025-07-29,성북구,명,101,청년인구비율 지표
행정구역별,청년인구비율(19~34세),25.7,21,11080,A,%,T001,DT_1YL20643,청년인구비율,인구총조사 청년인구비율(시도/시/군/구),2024,2025-07-29,성북구,%,101,청년인구비율 지표
행정구역별,청년인구(19~34세),110363.0,22,11080,A,In person,T001,DT_1YL20643,청년인구비율,인구총조사 청년인구비율(시도/시/군/구),2024,2025-07-29,성북구,명,101,청년인구비율 지표
행정구역별,전체인구,429210.0,23,11080,A,In person,T001,DT_1YL20643,청년인구비율,인구총조사 청년인구비율(시도/시/군/구),2024,2025-07-29,성북구,명,101,청년인구비율 지표
행정구역별,청년여성비율(19~39세),16.9,31,11080,A,%,T001,DT_1YL20643,청년인구비율,인구총조사 청년인구비율(시도/시/군/구),2024,2025-07-29,성북구,%,101,청년인구비율 지표
행정구역별,청년여성인구(19~39세),72681.0,32,11080,A,In person,T001,DT_1YL20643,청년인구비율,인구총조사 청년인구비율(시도/시/군/구),2024,2025-07-29,성북구,명,101,청년인구비율 지표
행정구역별,전체인구,429210.0,33,11080,A,In person,T001,DT_1YL20643,청년인구비율,인구총조사 청년인구비율(시도/시/군/구),2024,2025-07-29,성북구,명,101,청년인구비율 지표
행정구역별,청년인구비율(19~39세),26.6,11,11090,A,%,T001,DT_1YL20643,청년인구비율,인구총조사 청년인구비율(시도/시/군/구),2024,2025-07-29,강북구,%,101,청년인구비율 지표
행정구역별,청년인구(19~39세),74683.0,12,11090,A,In person,T001,DT_1YL20643,청년인구비율,인구총조사 청년인구비율(시도/시/군/구),2024,2025-07-29,강북구,명,101,청년인구비율 지표
행정구역별,전체인구,280470.0,13,11090,A,In person,T001,DT_1YL20643,청년인구비율,인구총조사 청년인구비율(시도/시/군/구),2024,2025-07-29,강북구,명,101,청년인구비율 지표
행정구역별,청년인구비율(19~34세),21.2,21,11090,A,%,T001,DT_1YL20643,청년인구비율,인구총조사 청년인구비율(시도/시/군/구),2024,2025-07-29,강북구,%,101,청년인구비율 지표
행정구역별,청년인구(19~34세),59393.0,22,11090,A,In person,T001,DT_1YL20643,청년인구비율,인구총조사 청년인구비율(시도/시/군/구),2024,2025-07-29,강북구,명,101,청년인구비율 지표
행정구역별,전체인구,280470.0,23,11090,A,In person,T001,DT_1YL20643,청년인구비율,인구총조사 청년인구비율(시도/시/군/구),2024,2025-07-29,강북구,명,101,청년인구비율 지표
행정구역별,청년여성비율(19~39세),13.8,31,11090,A,%,T001,DT_1YL20643,청년인구비율,인구총조사 청년인구비율(시도/시/군/구),2024,2025-07-29,강북구,%,101,청년인구비율 지표
행정구역별,청년여성인구(19~39세),38569.0,32,11090,A,In person,T001,DT_1YL20643,청년인구비율,인구총조사 청년인구비율(시도/시/군/구),2024,2025-07-29,강북구,명,101,청년인구비율 지표
행정구역별,전체인구,280470.0,33,11090,A,In person,T001,DT_1YL20643,청년인구비율,인구총조사 청년인구비율(시도/시/군/구),2024,2025-07-29,강북구,명,101,청년인구비율 지표
행정구역별,청년인구비율(19~39세),25.1,11,11100,A,%,T001,DT_1YL20643,청년인구비율,인구총조사 청년인구비율(시도/시/군/구),2024,2025-07-29,도봉구,%,101,청년인구비율 지표
행정구역별,청년인구(19~39세),74551.0,12,11100,A,In person,T001,DT_1YL20643,청년인구비율,인구총조사 청년인구비율(시도/시/군/구),2024,2025-07-29,도봉구,명,101,청년인구비율 지표
행정구역별,전체인구,296997.0,13,11100,A,In person,T001,DT_1YL20643,청년인구비율,인구총조사 청년인구비율(시도/시/군/구),2024,2025-07-29,도봉구,명,101,청년인구비율 지표
행정구역별,청년인구비율(19~34세),19.5,21,11100,A,%,T001,DT_1YL20643,청년인구비율,인구총조사 청년인구비율(시도/시/군/구),2024,2025-07-29,도봉구,%,101,청년인구비율 지표
행정구역별,청년인구(19~34세),57846.0,22,11100,A,In person,T001,DT_1YL20643,청년인구비율,인구총조사 청년인구비율(시도/시/군/구),2024,2025-07-29,도봉구,명,101,청년인구비율 지표
행정구역별,전체인구,296997.0,23,11100,A,In person,T001,DT_1YL20643,청년인구비율,인구총조사 청년인구비율(시도/시/군/구),2024,2025-07-29,도봉구,명,101,청년인구비율 지표
행정구역별,청년여성비율(19~39세),12.7,31,11100,A,%,T001,DT_1YL20643,청년인구비율,인구총조사 청년인구비율(시도/시/군/구),2024,2025-07-29,도봉구,%,101,청년인구비율 지표
행정구역별,청년여성인구(19~39세),37719.0,32,11100,A,In person,T001,DT_1YL20643,청년인구비율,인구총조사 청년인구비율(시도/시/군/구),2024,2025-07-29,도봉구,명,101,청년인구비율 지표
행정구역별,전체인구,296997.0,33,11100,A,In person,T001,DT_1YL20643,청년인구비율,인구총조사 청년인구비율(시도/시/군/구),2024,2025-07-29,도봉구,명,101,청년인구비율 지표
행정구역별,청년인구비율(19~39세),27.3,11,11110,A,%,T001,DT_1YL20643,청년인구비율,인구총조사 청년인구비율(시도/시/군/구),2024,2025-07-29,노원구,%,101,청년인구비율 지표
행정구역별,청년인구(19~39세),132868.0,12,11110,A,In person,T001,DT_1YL20643,청년인구비율,인구총조사 청년인구비율(시도/시/군/구),2024,2025-07-29,노원구,명,101,청년인구비율 지표
행정구역별,전체인구,486446.0,13,11110,A,In person,T001,DT_1YL20643,청년인구비율,인구총조사 청년인구비율(시도/시/군/구),2024,2025-07-29,노원구,명,101,청년인구비율 지표
행정구역별,청년인구비율(19~34세),21.6,21,11110,A,%,T001,DT_1YL20643,청년인구비율,인구총조사 청년인구비율(시도/시/군/구),2024,2025-07-29,노원구,%,101,청년인구비율 지표
행정구역별,청년인구(19~34세),104863.0,22,11110,A,In person,T001,DT_1YL20643,청년인구비율,인구총조사 청년인구비율(시도/시/군/구),2024,2025-07-29,노원구,명,101,청년인구비율 지표
행정구역별,전체인구,486446.0,23,11110,A,In person,T001,DT_1YL20643,청년인구비율,인구총조사 청년인구비율(시도/시/군/구),2024,2025-07-29,노원구,명,101,청년인구비율 지표
행정구역별,청년여성비율(19~39세),13.6,31,11110,A,%,T001,DT_1YL20643,청년인구비율,인구총조사 청년인구비율(시도/시/군/구),2024,2025-07-29,노원구,%,101,청년인구비율 지표
행정구역별,청년여성인구(19~39세),66012.0,32,11110,A,In person,T001,DT_1YL20643,청년인구비율,인구총조사 청년인구비율(시도/시/군/구),2024,2025-07-29,노원구,명,101,청년인구비율 지표
행정구역별,전체인구,486446.0,33,11110,A,In person,T001,DT_1YL20643,청년인구비율,인구총조사 청년인구비율(시도/시/군/구),2024,2025-07-29,노원구,명,101,청년인구비율 지표
행정구역별,청년인구비율(19~39세),27.8,11,11120,A,%,T001,DT_1YL20643,청년인구비율,인구총조사 청년인구비율(시도/시/군/구),2024,2025-07-29,은평구,%,101,청년인구비율 지표
행정구역별,청년인구(19~39세),124502.0,12,11120,A,In person,T001,DT_1YL20643,청년인구비율,인구총조사 청년인구비율(시도/시/군/구),2024,2025-07-29,은평구,명,101,청년인구비율 지표
행정구역별,전체인구,448142.0,13,11120,A,In person,T001,DT_1YL20643,청년인구비율,인구총조사 청년인구비율(시도/시/군/구),2024,2025-07-29,은평구,명,101,청년인구비율 지표
행정구역별,청년인구비율(19~34세),21.4,21,11120,A,%,T001,DT_1YL20643,청년인구비율,인구총조사 청년인구비율(시도/시/군/구),2024,2025-07-29,은평구,%,101,청년인구비율 지표
행정구역별,청년인구(19~34세),95783.0,22,11120,A,In person,T001,DT_1YL20643,청년인구비율,인구총조사 청년인구비율(시도/시/군/구),2024,2025-07-29,은평구,명,101,청년인구비율 지표
행정구역별,전체인구,448142.0,23,11120,A,In person,T001,DT_1YL20643,청년인구비율,인구총조사 청년인구비율(시도/시/군/구),2024,2025-07-29,은평구,명,101,청년인구비율 지표
행정구역별,청년여성비율(19~39세),14.6,31,11120,A,%,T001,DT_1YL20643,청년인구비율,인구총조사 청년인구비율(시도/시/군/구),2024,2025-07-29,은평구,%,101,청년인구비율 지표
행정구역별,청년여성인구(19~39세),65479.0,32,11120,A,In person,T001,DT_1YL20643,청년인구비율,인구총조사 청년인구비율(시도/시/군/구),2024,2025-07-29,은평구,명,101,청년인구비율 지표
행정구역별,전체인구,448142.0,33,11120,A,In person,T001,DT_1YL20643,청년인구비율,인구총조사 청년인구비율(시도/시/군/구),2024,2025-07-29,은평구,명,101,청년인구비율 지표
행정구역별,청년인구비율(19~39세),34.9,11,11130,A,%,T001,DT_1YL20643,청년인구비율,인구총조사 청년인구비율(시도/시/군/구),2024,2025-07-29,서대문구,%,101,청년인구비율 지표
행정구역별,청년인구(19~39세),110531.0,12,11130,A,In person,T001,DT_1YL20643,청년인구비율,인구총조사 청년인구비율(시도/시/군/구),2024,2025-07-29,서대문구,명,101,청년인구비율 지표
행정구역별,전체인구,316345.0,13,11130,A,In person,T001,DT_1YL20643,청년인구비율,인구총조사 청년인구비율(시도/시/군/구),2024,2025-07-29,서대문구,명,101,청년인구비율 지표
행정구역별,청년인구비율(19~34세),28.3,21,11130,A,%,T001,DT_1YL20643,청년인구비율,인구총조사 청년인구비율(시도/시/군/구),2024,2025-07-29,서대문구,%,101,청년인구비율 지표
행정구역별,청년인구(19~34세),89631.0,22,11130,A,In person,T001,DT_1YL20643,청년인구비율,인구총조사 청년인구비율(시도/시/군/구),2024,2025-07-29,서대문구,명,101,청년인구비율 지표
행정구역별,전체인구,316345.0,23,11130,A,In person,T001,DT_1YL20643,청년인구비율,인구총조사 청년인구비율(시도/시/군/구),2024,2025-07-29,서대문구,명,101,청년인구비율 지표
행정구역별,청년여성비율(19~39세),19.7,31,11130,A,%,T001,DT_1YL20643,청년인구비율,인구총조사 청년인구비율(시도/시/군/구),2024,2025-07-29,서대문구,%,101,청년인구비율 지표
행정구역별,청년여성인구(19~39세),62412.0,32,11130,A,In person,T001,DT_1YL20643,청년인구비율,인구총조사 청년인구비율(시도/시/군/구),2024,2025-07-29,서대문구,명,101,청년인구비율 지표
행정구역별,전체인구,316345.0,33,11130,A,In person,T001,DT_1YL20643,청년인구비율,인구총조사 청년인구비율(시도/시/군/구),2024,2025-07-29,서대문구,명,101,청년인구비율 지표
행정구역별,청년인구비율(19~39세),35.8,11,11140,A,%,T001,DT_1YL20643,청년인구비율,인구총조사 청년인구비율(시도/시/군/구),2024,2025-07-29,마포구,%,101,청년인구비율 지표
행정구역별,청년인구(19~39세),128486.0,12,11140,A,In person,T001,DT_1YL20643,청년인구비율,인구총조사 청년인구비율(시도/시/군/구),2024,2025-07-29,마포구,명,101,청년인구비율 지표
행정구역별,전체인구,358927.0,13,11140,A,In person,T001,DT_1YL20643,청년인구비율,인구총조사 청년인구비율(시도/시/군/구),2024,2025-07-29,마포구,명,101,청년인구비율 지표
행정구역별,청년인구비율(19~34세),27.9,21,11140,A,%,T001,DT_1YL20643,청년인구비율,인구총조사 청년인구비율(시도/시/군/구),2024,2025-07-29,마포구,%,101,청년인구비율 지표
행정구역별,청년인구(19~34세),99966.0,22,11140,A,In person,T001,DT_1YL20643,청년인구비율,인구총조사 청년인구비율(시도/시/군/구),2024,2025-07-29,마포구,명,101,청년인구비율 지표
행정구역별,전체인구,358927.0,23,11140,A,In person,T001,DT_1YL20643,청년인구비율,인구총조사 청년인구비율(시도/시/군/구),2024,2025-07-29,마포구,명,101,청년인구비율 지표
행정구역별,청년여성비율(19~39세),19.8,31,11140,A,%,T001,DT_1YL20643,청년인구비율,인구총조사 청년인구비율(시도/시/군/구),2024,2025-07-29,마포구,%,101,청년인구비율 지표
행정구역별,청년여성인구(19~39세),70973.0,32,11140,A,In person,T001,DT_1YL20643,청년인구비율,인구총조사 청년인구비율(시도/시/군/구),2024,2025-07-29,마포구,명,101,청년인구비율 지표
행정구역별,전체인구,358927.0,33,11140,A,In person,T001,DT_1YL20643,청년인구비율,인구총조사 청년인구비율(시도/시/군/구),2024,2025-07-29,마포구,명,101,청년인구비율 지표
행정구역별,청년인구비율(19~39세),24.2,11,11150,A,%,T001,DT_1YL20643,청년인구비율,인구총조사 청년인구비율(시도/시/군/구),2024,2025-07-29,양천구,%,101,청년인구비율 지표
행정구역별,청년인구(19~39세),100997.0,12,11150,A,In person,T001,DT_1YL20643,청년인구비율,인구총조사 청년인구비율(시도/시/군/구),2024,2025-07-29,양천구,명,101,청년인구비율 지표
행정구역별,전체인구,417397.0,13,11150,A,In person,T001,DT_1YL20643,청년인구비율,인구총조사 청년인구비율(시도/시/군/구),2024,2025-07-29,양천구,명,101,청년인구비율 지표
행정구역별,청년인구비율(19~34세),18.4,21,11150,A,%,T001,DT_1YL20643,청년인구비율,인구총조사 청년인구비율(시도/시/군/구),2024,2025-07-29,양천구,%,101,청년인구비율 지표
행정구역별,청년인구(19~34세),76794.0,22,11150,A,In person,T001,DT_1YL20643,청년인구비율,인구총조사 청년인구비율(시도/시/군/구),2024,2025-07-29,양천구,명,101,청년인구비율 지표
행정구역별,전체인구,417397.0,23,11150,A,In person,T001,DT_1YL20643,청년인구비율,인구총조사 청년인구비율(시도/시/군/구),2024,2025-07-29,양천구,명,101,청년인구비율 지표
행정구역별,청년여성비율(19~39세),12.1,31,11150,A,%,T001,DT_1YL20643,청년인구비율,인구총조사 청년인구비율(시도/시/군/구),2024,2025-07-29,양천구,%,101,청년인구비율 지표
행정구역별,청년여성인구(19~39세),50690.0,32,11150,A,In person,T001,DT_1YL20643,청년인구비율,인구총조사 청년인구비율(시도/시/군/구),2024,2025-07-29,양천구,명,101,청년인구비율 지표
행정구역별,전체인구,417397.0,33,11150,A,In person,T001,DT_1YL20643,청년인구비율,인구총조사 청년인구비율(시도/시/군/구),2024,2025-07-29,양천구,명,101,청년인구비율 지표
행정구역별,청년인구비율(19~39세),31.5,11,11160,A,%,T001,DT_1YL20643,청년인구비율,인구총조사 청년인구비율(시도/시/군/구),2024,2025-07-29,강서구,%,101,청년인구비율 지표
행정구역별,청년인구(19~39세),171255.0,12,11160,A,In person,T001,DT_1YL20643,청년인구비율,인구총조사 청년인구비율(시도/시/군/구),2024,2025-07-29,강서구,명,101,청년인구비율 지표
행정구역별,전체인구,543974.0,13,11160,A,In person,T001,DT_1YL20643,청년인구비율,인구총조사 청년인구비율(시도/시/군/구),2024,2025-07-29,강서구,명,101,청년인구비율 지표
행정구역별,청년인구비율(19~34세),23.8,21,11160,A,%,T001,DT_1YL20643,청년인구비율,인구총조사 청년인구비율(시도/시/군/구),2024,2025-07-29,강서구,%,101,청년인구비율 지표
행정구역별,청년인구(19~34세),129584.0,22,11160,A,In person,T001,DT_1YL20643,청년인구비율,인구총조사 청년인구비율(시도/시/군/구),2024,2025-07-29,강서구,명,101,청년인구비율 지표
행정구역별,전체인구,543974.0,23,11160,A,In person,T001,DT_1YL20643,청년인구비율,인구총조사 청년인구비율(시도/시/군/구),2024,2025-07-29,강서구,명,101,청년인구비율 지표
행정구역별,청년여성비율(19~39세),16.5,31,11160,A,%,T001,DT_1YL20643,청년인구비율,인구총조사 청년인구비율(시도/시/군/구),2024,2025-07-29,강서구,%,101,청년인구비율 지표
행정구역별,청년여성인구(19~39세),89783.0,32,11160,A,In person,T001,DT_1YL20643,청년인구비율,인구총조사 청년인구비율(시도/시/군/구),2024,2025-07-29,강서구,명,101,청년인구비율 지표
행정구역별,전체인구,543974.0,33,11160,A,In person,T001,DT_1YL20643,청년인구비율,인구총조사 청년인구비율(시도/시/군/구),2024,2025-07-29,강서구,명,101,청년인구비율 지표
행정구역별,청년인구비율(19~39세),27.9,11,11170,A,%,T001,DT_1YL20643,청년인구비율,인구총조사 청년인구비율(시도/시/군/구),2024,2025-07-29,구로구,%,101,청년인구비율 지표
행정구역별,청년인구(19~39세),116864.0,12,11170,A,In person,T001,DT_1YL20643,청년인구비율,인구총조사 청년인구비율(시도/시/군/구),2024,2025-07-29,구로구,명,101,청년인구비율 지표
행정구역별,전체인구,418832.0,13,11170,A,In person,T001,DT_1YL20643,청년인구비율,인구총조사 청년인구비율(시도/시/군/구),2024,2025-07-29,구로구,명,101,청년인구비율 지표
행정구역별,청년인구비율(19~34세),20.5,21,11170,A,%,T001,DT_1YL20643,청년인구비율,인구총조사 청년인구비율(시도/시/군/구),2024,2025-07-29,구로구,%,101,청년인구비율 지표
행정구역별,청년인구(19~34세),85803.0,22,11170,A,In person,T001,DT_1YL20643,청년인구비율,인구총조사 청년인구비율(시도/시/군/구),2024,2025-07-29,구로구,명,101,청년인구비율 지표
행정구역별,전체인구,418832.0,23,11170,A,In person,T001,DT_1YL20643,청년인구비율,인구총조사 청년인구비율(시도/시/군/구),2024,2025-07-29,구로구,명,101,청년인구비율 지표
행정구역별,청년여성비율(19~39세),13.9,31,11170,A,%,T001,DT_1YL20643,청년인구비율,인구총조사 청년인구비율(시도/시/군/구),2024,2025-07-29,구로구,%,101,청년인구비율 지표
행정구역별,청년여성인구(19~39세),58175.0,32,11170,A,In person,T001,DT_1YL20643,청년인구비율,인구총조사 청년인구비율(시도/시/군/구),2024,2025-07-29,구로구,명,101,청년인구비율 지표
행정구역별,전체인구,418832.0,33,11170,A,In person,T001,DT_1YL20643,청년인구비율,인구총조사 청년인구비율(시도/시/군/구),2024,2025-07-29,구로구,명,101,청년인구비율 지표
행정구역별,청년인구비율(19~39세),31.5,11,11180,A,%,T001,DT_1YL20643,청년인구비율,인구총조사 청년인구비율(시도/시/군/구),2024,2025-07-29,금천구,%,101,청년인구비율 지표
행정구역별,청년인구(19~39세),76834.0,12,11180,A,In person,T001,DT_1YL20643,청년인구비율,인구총조사 청년인구비율(시도/시/군/구),2024,2025-07-29,금천구,명,101,청년인구비율 지표
행정구역별,전체인구,243662.0,13,11180,A,In person,T001,DT_1YL20643,청년인구비율,인구총조사 청년인구비율(시도/시/군/구),2024,2025-07-29,금천구,명,101,청년인구비율 지표
행정구역별,청년인구비율(19~34세),24.4,21,11180,A,%,T001,DT_1YL20643,청년인구비율,인구총조사 청년인구비율(시도/시/군/구),2024,2025-07-29,금천구,%,101,청년인구비율 지표
행정구역별,청년인구(19~34세),59569.0,22,11180,A,In person,T001,DT_1YL20643,청년인구비율,인구총조사 청년인구비율(시도/시/군/구),2024,2025-07-29,금천구,명,101,청년인구비율 지표
행정구역별,전체인구,243662.0,23,11180,A,In person,T001,DT_1YL20643,청년인구비율,인구총조사 청년인구비율(시도/시/군/구),2024,2025-07-29,금천구,명,101,청년인구비율 지표
행정구역별,청년여성비율(19~39세),15.2,31,11180,A,%,T001,DT_1YL20643,청년인구비율,인구총조사 청년인구비율(시도/시/군/구),2024,2025-07-29,금천구,%,101,청년인구비율 지표
행정구역별,청년여성인구(19~39세),37079.0,32,11180,A,In person,T001,DT_1YL20643,청년인구비율,인구총조사 청년인구비율(시도/시/군/구),2024,2025-07-29,금천구,명,101,청년인구비율 지표
행정구역별,전체인구,243662.0,33,11180,A,In person,T001,DT_1YL20643,청년인구비율,인구총조사 청년인구비율(시도/시/군/구),2024,2025-07-29,금천구,명,101,청년인구비율 지표
행정구역별,청년인구비율(19~39세),33.5,11,11190,A,%,T001,DT_1YL20643,청년인구비율,인구총조사 청년인구비율(시도/시/군/구),2024,2025-07-29,영등포구,%,101,청년인구비율 지표
행정구역별,청년인구(19~39세),134178.0,12,11190,A,In person,T001,DT_1YL20643,청년인구비율,인구총조사 청년인구비율(시도/시/군/구),2024,2025-07-29,영등포구,명,101,청년인구비율 지표
행정구역별,전체인구,400799.0,13,11190,A,In person,T001,DT_1YL20643,청년인구비율,인구총조사 청년인구비율(시도/시/군/구),2024,2025-07-29,영등포구,명,101,청년인구비율 지표
행정구역별,청년인구비율(19~34세),25.0,21,11190,A,%,T001,DT_1YL20643,청년인구비율,인구총조사 청년인구비율(시도/시/군/구),2024,2025-07-29,영등포구,%,101,청년인구비율 지표
행정구역별,청년인구(19~34세),100290.0,22,11190,A,In person,T001,DT_1YL20643,청년인구비율,인구총조사 청년인구비율(시도/시/군/구),2024,2025-07-29,영등포구,명,101,청년인구비율 지표
행정구역별,전체인구,400799.0,23,11190,A,In person,T001,DT_1YL20643,청년인구비율,인구총조사 청년인구비율(시도/시/군/구),2024,2025-07-29,영등포구,명,101,청년인구비율 지표
행정구역별,청년여성비율(19~39세),17.3,31,11190,A,%,T001,DT_1YL20643,청년인구비율,인구총조사 청년인구비율(시도/시/군/구),2024,2025-07-29,영등포구,%,101,청년인구비율 지표
행정구역별,청년여성인구(19~39세),69248.0,32,11190,A,In person,T001,DT_1YL20643,청년인구비율,인구총조사 청년인구비율(시도/시/군/구),2024,2025-07-29,영등포구,명,101,청년인구비율 지표
행정구역별,전체인구,400799.0,33,11190,A,In person,T001,DT_1YL20643,청년인구비율,인구총조사 청년인구비율(시도/시/군/구),2024,2025-07-29,영등포구,명,101,청년인구비율 지표
행정구역별,청년인구비율(19~39세),35.0,11,11200,A,%,T001,DT_1YL20643,청년인구비율,인구총조사 청년인구비율(시도/시/군/구),2024,2025-07-29,동작구,%,101,청년인구비율 지표
행정구역별,청년인구(19~39세),133541.0,12,11200,A,In person,T001,DT_1YL20643,청년인구비율,인구총조사 청년인구비율(시도/시/군/구),2024,2025-07-29,동작구,명,101,청년인구비율 지표
행정구역별,전체인구,381172.0,13,11200,A,In person,T001,DT_1YL20643,청년인구비율,인구총조사 청년인구비율(시도/시/군/구),2024,2025-07-29,동작구,명,101,청년인구비율 지표
행정구역별,청년인구비율(19~34세),28.1,21,11200,A,%,T001,DT_1YL20643,청년인구비율,인구총조사 청년인구비율(시도/시/군/구),2024,2025-07-29,동작구,%,101,청년인구비율 지표
행정구역별,청년인구(19~34세),107163.0,22,11200,A,In person,T001,DT_1YL20643,청년인구비율,인구총조사 청년인구비율(시도/시/군/구),2024,2025-07-29,동작구,명,101,청년인구비율 지표
행정구역별,전체인구,381172.0,23,11200,A,In person,T001,DT_1YL20643,청년인구비율,인구총조사 청년인구비율(시도/시/군/구),2024,2025-07-29,동작구,명,101,청년인구비율 지표
행정구역별,청년여성비율(19~39세),17.9,31,11200,A,%,T001,DT_1YL20643,청년인구비율,인구총조사 청년인구비율(시도/시/군/구),2024,2025-07-29,동작구,%,101,청년인구비율 지표
행정구역별,청년여성인구(19~39세),68157.0,32,11200,A,In person,T001,DT_1YL20643,청년인구비율,인구총조사 청년인구비율(시도/시/군/구),2024,2025-07-29,동작구,명,101,청년인구비율 지표
행정구역별,전체인구,381172.0,33,11200,A,In person,T001,DT_1YL20643,청년인구비율,인구총조사 청년인구비율(시도/시/군/구),2024,2025-07-29,동작구,명,101,청년인구비율 지표
행정구역별,청년인구비율(19~39세),42.4,11,11210,A,%,T001,DT_1YL20643,청년인구비율,인구총조사 청년인구비율(시도/시/군/구),2024,2025-07-29,관악구,%,101,청년인구비율 지표
행정구역별,청년인구(19~39세),208174.0,12,11210,A,In person,T001,DT_1YL20643,청년인구비율,인구총조사 청년인구비율(시도/시/군/구),2024,2025-07-29,관악구,명,101,청년인구비율 지표
행정구역별,전체인구,490493.0,13,11210,A,In person,T001,DT_1YL20643,청년인구비율,인구총조사 청년인구비율(시도/시/군/구),2024,2025-07-29,관악구,명,101,청년인구비율 지표
행정구역별,청년인구비율(19~34세),35.5,21,11210,A,%,T001,DT_1YL20643,청년인구비율,인구총조사 청년인구비율(시도/시/군/구),2024,2025-07-29,관악구,%,101,청년인구비율 지표
행정구역별,청년인구(19~34세),174113.0,22,11210,A,In person,T001,DT_1YL20643,청년인구비율,인구총조사 청년인구비율(시도/시/군/구),2024,2025-07-29,관악구,명,101,청년인구비율 지표
행정구역별,전체인구,490493.0,23,11210,A,In person,T001,DT_1YL20643,청년인구비율,인구총조사 청년인구비율(시도/시/군/구),2024,2025-07-29,관악구,명,101,청년인구비율 지표
행정구역별,청년여성비율(19~39세),20.8,31,11210,A,%,T001,DT_1YL20643,청년인구비율,인구총조사 청년인구비율(시도/시/군/구),2024,2025-07-29,관악구,%,101,청년인구비율 지표
행정구역별,청년여성인구(19~39세),101906.0,32,11210,A,In person,T001,DT_1YL20643,청년인구비율,인구총조사 청년인구비율(시도/시/군/구),2024,2025-07-29,관악구,명,101,청년인구비율 지표
행정구역별,전체인구,490493.0,33,11210,A,In person,T001,DT_1YL20643,청년인구비율,인구총조사 청년인구비율(시도/시/군/구),2024,2025-07-29,관악구,명,101,청년인구비율 지표
행정구역별,청년인구비율(19~39세),26.5,11,11220,A,%,T001,DT_1YL20643,청년인구비율,인구총조사 청년인구비율(시도/시/군/구),2024,2025-07-29,서초구,%,101,청년인구비율 지표
행정구역별,청년인구(19~39세),102259.0,12,11220,A,In person,T001,DT_1YL20643,청년인구비율,인구총조사 청년인구비율(시도/시/군/구),2024,2025-07-29,서초구,명,101,청년인구비율 지표
행정구역별,전체인구,386254.0,13,11220,A,In person,T001,DT_1YL20643,청년인구비율,인구총조사 청년인구비율(시도/시/군/구),2024,2025-07-29,서초구,명,101,청년인구비율 지표
행정구역별,청년인구비율(19~34세),19.6,21,11220,A,%,T001,DT_1YL20643,청년인구비율,인구총조사 청년인구비율(시도/시/군/구),2024,2025-07-29,서초구,%,101,청년인구비율 지표
행정구역별,청년인구(19~34세),75698.0,22,11220,A,In person,T001,DT_1YL20643,청년인구비율,인구총조사 청년인구비율(시도/시/군/구),2024,2025-07-29,서초구,명,101,청년인구비율 지표
행정구역별,전체인구,386254.0,23,11220,A,In person,T001,DT_1YL20643,청년인구비율,인구총조사 청년인구비율(시도/시/군/구),2024,2025-07-29,서초구,명,101,청년인구비율 지표
행정구역별,청년여성비율(19~39세),14.1,31,11220,A,%,T001,DT_1YL20643,청년인구비율,인구총조사 청년인구비율(시도/시/군/구),2024,2025-07-29,서초구,%,101,청년인구비율 지표
행정구역별,청년여성인구(19~39세),54415.0,32,11220,A,In person,T001,DT_1YL20643,청년인구비율,인구총조사 청년인구비율(시도/시/군/구),2024,2025-07-29,서초구,명,101,청년인구비율 지표
행정구역별,전체인구,386254.0,33,11220,A,In person,T001,DT_1YL20643,청년인구비율,인구총조사 청년인구비율(시도/시/군/구),2024,2025-07-29,서초구,명,101,청년인구비율 지표
행정구역별,청년인구비율(19~39세),27.0,11,11230,A,%,T001,DT_1YL20643,청년인구비율,인구총조사 청년인구비율(시도/시/군/구),2024,2025-07-29,강남구,%,101,청년인구비율 지표
행정구역별,청년인구(19~39세),142381.0,12,11230,A,In person,T001,DT_1YL20643,청년인구비율,인구총조사 청년인구비율(시도/시/군/구),2024,2025-07-29,강남구,명,101,청년인구비율 지표
행정구역별,전체인구,528194.0,13,11230,A,In person,T001,DT_1YL20643,청년인구비율,인구총조사 청년인구비율(시도/시/군/구),2024,2025-07-29,강남구,명,101,청년인구비율 지표
행정구역별,청년인구비율(19~34세),20.0,21,11230,A,%,T001,DT_1YL20643,청년인구비율,인구총조사 청년인구비율(시도/시/군/구),2024,2025-07-29,강남구,%,101,청년인구비율 지표
행정구역별,청년인구(19~34세),105786.0,22,11230,A,In person,T001,DT_1YL20643,청년인구비율,인구총조사 청년인구비율(시도/시/군/구),2024,2025-07-29,강남구,명,101,청년인구비율 지표
행정구역별,전체인구,528194.0,23,11230,A,In person,T001,DT_1YL20643,청년인구비율,인구총조사 청년인구비율(시도/시/군/구),2024,2025-07-29,강남구,명,101,청년인구비율 지표
행정구역별,청년여성비율(19~39세),14.3,31,11230,A,%,T001,DT_1YL20643,청년인구비율,인구총조사 청년인구비율(시도/시/군/구),2024,2025-07-29,강남구,%,101,청년인구비율 지표
행정구역별,청년여성인구(19~39세),75282.0,32,11230,A,In person,T001,DT_1YL20643,청년인구비율,인구총조사 청년인구비율(시도/시/군/구),2024,2025-07-29,강남구,명,101,청년인구비율 지표
행정구역별,전체인구,528194.0,33,11230,A,In person,T001,DT_1YL20643,청년인구비율,인구총조사 청년인구비율(시도/시/군/구),2024,2025-07-29,강남구,명,101,청년인구비율 지표
행정구역별,청년인구비율(19~39세),29.2,11,11240,A,%,T001,DT_1YL20643,청년인구비율,인구총조사 청년인구비율(시도/시/군/구),2024,2025-07-29,송파구,%,101,청년인구비율 지표
행정구역별,청년인구(19~39세),183745.0,12,11240,A,In person,T001,DT_1YL20643,청년인구비율,인구총조사 청년인구비율(시도/시/군/구),2024,2025-07-29,송파구,명,101,청년인구비율 지표
행정구역별,전체인구,628648.0,13,11240,A,In person,T001,DT_1YL20643,청년인구비율,인구총조사 청년인구비율(시도/시/군/구),2024,2025-07-29,송파구,명,101,청년인구비율 지표
행정구역별,청년인구비율(19~34세),21.6,21,11240,A,%,T001,DT_1YL20643,청년인구비율,인구총조사 청년인구비율(시도/시/군/구),2024,2025-07-29,송파구,%,101,청년인구비율 지표
행정구역별,청년인구(19~34세),135824.0,22,11240,A,In person,T001,DT_1YL20643,청년인구비율,인구총조사 청년인구비율(시도/시/군/구),2024,2025-07-29,송파구,명,101,청년인구비율 지표
행정구역별,전체인구,628648.0,23,11240,A,In person,T001,DT_1YL20643,청년인구비율,인구총조사 청년인구비율(시도/시/군/구),2024,2025-07-29,송파구,명,101,청년인구비율 지표
행정구역별,청년여성비율(19~39세),15.4,31,11240,A,%,T001,DT_1YL20643,청년인구비율,인구총조사 청년인구비율(시도/시/군/구),2024,2025-07-29,송파구,%,101,청년인구비율 지표
행정구역별,청년여성인구(19~39세),96516.0,32,11240,A,In person,T001,DT_1YL20643,청년인구비율,인구총조사 청년인구비율(시도/시/군/구),2024,2025-07-29,송파구,명,101,청년인구비율 지표
행정구역별,전체인구,628648.0,33,11240,A,In person,T001,DT_1YL20643,청년인구비율,인구총조사 청년인구비율(시도/시/군/구),2024,2025-07-29,송파구,명,101,청년인구비율 지표
행정구역별,청년인구비율(19~39세),27.4,11,11250,A,%,T001,DT_1YL20643,청년인구비율,인구총조사 청년인구비율(시도/시/군/구),2024,2025-07-29,강동구,%,101,청년인구비율 지표
행정구역별,청년인구(19~39세),124299.0,12,11250,A,In person,T001,DT_1YL20643,청년인구비율,인구총조사 청년인구비율(시도/시/군/구),2024,2025-07-29,강동구,명,101,청년인구비율 지표
행정구역별,전체인구,454023.0,13,11250,A,In person,T001,DT_1YL20643,청년인구비율,인구총조사 청년인구비율(시도/시/군/구),2024,2025-07-29,강동구,명,101,청년인구비율 지표
행정구역별,청년인구비율(19~34세),20.1,21,11250,A,%,T001,DT_1YL20643,청년인구비율,인구총조사 청년인구비율(시도/시/군/구),2024,2025-07-29,강동구,%,101,청년인구비율 지표
행정구역별,청년인구(19~34세),91422.0,22,11250,A,In person,T001,DT_1YL20643,청년인구비율,인구총조사 청년인구비율(시도/시/군/구),2024,2025-07-29,강동구,명,101,청년인구비율 지표
행정구역별,전체인구,454023.0,23,11250,A,In person,T001,DT_1YL20643,청년인구비율,인구총조사 청년인구비율(시도/시/군/구),2024,2025-07-29,강동구,명,101,청년인구비율 지표
행정구역별,청년여성비율(19~39세),14.0,31,11250,A,%,T001,DT_1YL20643,청년인구비율,인구총조사 청년인구비율(시도/시/군/구),2024,2025-07-29,강동구,%,101,청년인구비율 지표
행정구역별,청년여성인구(19~39세),63728.0,32,11250,A,In person,T001,DT_1YL20643,청년인구비율,인구총조사 청년인구비율(시도/시/군/구),2024,2025-07-29,강동구,명,101,청년인구비율 지표
행정구역별,전체인구,454023.0,33,11250,A,In person,T001,DT_1YL20643,청년인구비율,인구총조사 청년인구비율(시도/시/군/구),2024,2025-07-29,강동구,명,101,청년인구비율 지표
행정구역별,청년인구비율(19~39세),24.6,11,21,A,%,T001,DT_1YL20643,청년인구비율,인구총조사 청년인구비율(시도/시/군/구),2024,2025-07-29,부산광역시,%,101,청년인구비율 지표
행정구역별,청년인구(19~39세),802375.0,12,21,A,In person,T001,DT_1YL20643,청년인구비율,인구총조사 청년인구비율(시도/시/군/구),2024,2025-07-29,부산광역시,명,101,청년인구비율 지표
행정구역별,전체인구,3257256.0,13,21,A,In person,T001,DT_1YL20643,청년인구비율,인구총조사 청년인구비율(시도/시/군/구),2024,2025-07-29,부산광역시,명,101,청년인구비율 지표
행정구역별,청년인구비율(19~34세),18.9,21,21,A,%,T001,DT_1YL20643,청년인구비율,인구총조사 청년인구비율(시도/시/군/구),2024,2025-07-29,부산광역시,%,101,청년인구비율 지표
행정구역별,청년인구(19~34세),615864.0,22,21,A,In person,T001,DT_1YL20643,청년인구비율,인구총조사 청년인구비율(시도/시/군/구),2024,2025-07-29,부산광역시,명,101,청년인구비율 지표
행정구역별,전체인구,3257256.0,23,21,A,In person,T001,DT_1YL20643,청년인구비율,인구총조사 청년인구비율(시도/시/군/구),2024,2025-07-29,부산광역시,명,101,청년인구비율 지표
행정구역별,청년여성비율(19~39세),11.9,31,21,A,%,T001,DT_1YL20643,청년인구비율,인구총조사 청년인구비율(시도/시/군/구),2024,2025-07-29,부산광역시,%,101,청년인구비율 지표
행정구역별,청년여성인구(19~39세),386114.0,32,21,A,In person,T001,DT_1YL20643,청년인구비율,인구총조사 청년인구비율(시도/시/군/구),2024,2025-07-29,부산광역시,명,101,청년인구비율 지표
행정구역별,전체인구,3257256.0,33,21,A,In person,T001,DT_1YL20643,청년인구비율,인구총조사 청년인구비율(시도/시/군/구),2024,2025-07-29,부산광역시,명,101,청년인구비율 지표
행정구역별,청년인구비율(19~39세),28.2,11,21010,A,%,T001,DT_1YL20643,청년인구비율,인구총조사 청년인구비율(시도/시/군/구),2024,2025-07-29,중구,%,101,청년인구비율 지표
행정구역별,청년인구(19~39세),11161.0,12,21010,A,In person,T001,DT_1YL20643,청년인구비율,인구총조사 청년인구비율(시도/시/군/구),2024,2025-07-29,중구,명,101,청년인구비율 지표
행정구역별,전체인구,39599.0,13,21010,A,In person,T001,DT_1YL20643,청년인구비율,인구총조사 청년인구비율(시도/시/군/구),2024,2025-07-29,중구,명,101,청년인구비율 지표
행정구역별,청년인구비율(19~34세),23.1,21,21010,A,%,T001,DT_1YL20643,청년인구비율,인구총조사 청년인구비율(시도/시/군/구),2024,2025-07-29,중구,%,101,청년인구비율 지표
행정구역별,청년인구(19~34세),9163.0,22,21010,A,In person,T001,DT_1YL20643,청년인구비율,인구총조사 청년인구비율(시도/시/군/구),2024,2025-07-29,중구,명,101,청년인구비율 지표
행정구역별,전체인구,39599.0,23,21010,A,In person,T001,DT_1YL20643,청년인구비율,인구총조사 청년인구비율(시도/시/군/구),2024,2025-07-29,중구,명,101,청년인구비율 지표
행정구역별,청년여성비율(19~39세),13.3,31,21010,A,%,T001,DT_1YL20643,청년인구비율,인구총조사 청년인구비율(시도/시/군/구),2024,2025-07-29,중구,%,101,청년인구비율 지표
행정구역별,청년여성인구(19~39세),5281.0,32,21010,A,In person,T001,DT_1YL20643,청년인구비율,인구총조사 청년인구비율(시도/시/군/구),2024,2025-07-29,중구,명,101,청년인구비율 지표
행정구역별,전체인구,39599.0,33,21010,A,In person,T001,DT_1YL20643,청년인구비율,인구총조사 청년인구비율(시도/시/군/구),2024,2025-07-29,중구,명,101,청년인구비율 지표
행정구역별,청년인구비율(19~39세),23.7,11,21020,A,%,T001,DT_1YL20643,청년인구비율,인구총조사 청년인구비율(시도/시/군/구),2024,2025-07-29,서구,%,101,청년인구비율 지표
행정구역별,청년인구(19~39세),24554.0,12,21020,A,In person,T001,DT_1YL20643,청년인구비율,인구총조사 청년인구비율(시도/시/군/구),2024,2025-07-29,서구,명,101,청년인구비율 지표
행정구역별,전체인구,103413.0,13,21020,A,In person,T001,DT_1YL20643,청년인구비율,인구총조사 청년인구비율(시도/시/군/구),2024,2025-07-29,서구,명,101,청년인구비율 지표
행정구역별,청년인구비율(19~34세),19.0,21,21020,A,%,T001,DT_1YL20643,청년인구비율,인구총조사 청년인구비율(시도/시/군/구),2024,2025-07-29,서구,%,101,청년인구비율 지표
행정구역별,청년인구(19~34세),19623.0,22,21020,A,In person,T001,DT_1YL20643,청년인구비율,인구총조사 청년인구비율(시도/시/군/구),2024,2025-07-29,서구,명,101,청년인구비율 지표
행정구역별,전체인구,103413.0,23,21020,A,In person,T001,DT_1YL20643,청년인구비율,인구총조사 청년인구비율(시도/시/군/구),2024,2025-07-29,서구,명,101,청년인구비율 지표
행정구역별,청년여성비율(19~39세),11.9,31,21020,A,%,T001,DT_1YL20643,청년인구비율,인구총조사 청년인구비율(시도/시/군/구),2024,2025-07-29,서구,%,101,청년인구비율 지표
행정구역별,청년여성인구(19~39세),12328.0,32,21020,A,In person,T001,DT_1YL20643,청년인구비율,인구총조사 청년인구비율(시도/시/군/구),2024,2025-07-29,서구,명,101,청년인구비율 지표
행정구역별,전체인구,103413.0,33,21020,A,In person,T001,DT_1YL20643,청년인구비율,인구총조사 청년인구비율(시도/시/군/구),2024,2025-07-29,서구,명,101,청년인구비율 지표
행정구역별,청년인구비율(19~39세),23.9,11,21030,A,%,T001,DT_1YL20643,청년인구비율,인구총조사 청년인구비율(시도/시/군/구),2024,2025-07-29,동구,%,101,청년인구비율 지표
행정구역별,청년인구(19~39세),20468.0,12,21030,A,In person,T001,DT_1YL20643,청년인구비율,인구총조사 청년인구비율(시도/시/군/구),2024,2025-07-29,동구,명,101,청년인구비율 지표
행정구역별,전체인구,85665.0,13,21030,A,In person,T001,DT_1YL20643,청년인구비율,인구총조사 청년인구비율(시도/시/군/구),2024,2025-07-29,동구,명,101,청년인구비율 지표
행정구역별,청년인구비율(19~34세),18.1,21,21030,A,%,T001,DT_1YL20643,청년인구비율,인구총조사 청년인구비율(시도/시/군/구),2024,2025-07-29,동구,%,101,청년인구비율 지표
행정구역별,청년인구(19~34세),15534.0,22,21030,A,In person,T001,DT_1YL20643,청년인구비율,인구총조사 청년인구비율(시도/시/군/구),2024,2025-07-29,동구,명,101,청년인구비율 지표
행정구역별,전체인구,85665.0,23,21030,A,In person,T001,DT_1YL20643,청년인구비율,인구총조사 청년인구비율(시도/시/군/구),2024,2025-07-29,동구,명,101,청년인구비율 지표
행정구역별,청년여성비율(19~39세),11.9,31,21030,A,%,T001,DT_1YL20643,청년인구비율,인구총조사 청년인구비율(시도/시/군/구),2024,2025-07-29,동구,%,101,청년인구비율 지표
행정구역별,청년여성인구(19~39세),10226.0,32,21030,A,In person,T001,DT_1YL20643,청년인구비율,인구총조사 청년인구비율(시도/시/군/구),2024,2025-07-29,동구,명,101,청년인구비율 지표
행정구역별,전체인구,85665.0,33,21030,A,In person,T001,DT_1YL20643,청년인구비율,인구총조사 청년인구비율(시도/시/군/구),2024,2025-07-29,동구,명,101,청년인구비율 지표
행정구역별,청년인구비율(19~39세),21.9,11,21040,A,%,T001,DT_1YL20643,청년인구비율,인구총조사 청년인구비율(시도/시/군/구),2024,2025-07-29,영도구,%,101,청년인구비율 지표
행정구역별,청년인구(19~39세),23430.0,12,21040,A,In person,T001,DT_1YL20643,청년인구비율,인구총조사 청년인구비율(시도/시/군/구),2024,2025-07-29,영도구,명,101,청년인구비율 지표
행정구역별,전체인구,106825.0,13,21040,A,In person,T001,DT_1YL20643,청년인구비율,인구총조사 청년인구비율(시도/시/군/구),2024,2025-07-29,영도구,명,101,청년인구비율 지표
행정구역별,청년인구비율(19~34세),17.6,21,21040,A,%,T001,DT_1YL20643,청년인구비율,인구총조사 청년인구비율(시도/시/군/구),2024,2025-07-29,영도구,%,101,청년인구비율 지표
행정구역별,청년인구(19~34세),18766.0,22,21040,A,In person,T001,DT_1YL20643,청년인구비율,인구총조사 청년인구비율(시도/시/군/구),2024,2025-07-29,영도구,명,101,청년인구비율 지표
행정구역별,전체인구,106825.0,23,21040,A,In person,T001,DT_1YL20643,청년인구비율,인구총조사 청년인구비율(시도/시/군/구),2024,2025-07-29,영도구,명,101,청년인구비율 지표
행정구역별,청년여성비율(19~39세),9.2,31,21040,A,%,T001,DT_1YL20643,청년인구비율,인구총조사 청년인구비율(시도/시/군/구),2024,2025-07-29,영도구,%,101,청년인구비율 지표
행정구역별,청년여성인구(19~39세),9860.0,32,21040,A,In person,T001,DT_1YL20643,청년인구비율,인구총조사 청년인구비율(시도/시/군/구),2024,2025-07-29,영도구,명,101,청년인구비율 지표
행정구역별,전체인구,106825.0,33,21040,A,In person,T001,DT_1YL20643,청년인구비율,인구총조사 청년인구비율(시도/시/군/구),2024,2025-07-29,영도구,명,101,청년인구비율 지표
행정구역별,청년인구비율(19~39세),29.1,11,21050,A,%,T001,DT_1YL20643,청년인구비율,인구총조사 청년인구비율(시도/시/군/구),2024,2025-07-29,부산진구,%,101,청년인구비율 지표
행정구역별,청년인구(19~39세),103908.0,12,21050,A,In person,T001,DT_1YL20643,청년인구비율,인구총조사 청년인구비율(시도/시/군/구),2024,2025-07-29,부산진구,명,101,청년인구비율 지표
행정구역별,전체인구,356874.0,13,21050,A,In person,T001,DT_1YL20643,청년인구비율,인구총조사 청년인구비율(시도/시/군/구),2024,2025-07-29,부산진구,명,101,청년인구비율 지표
행정구역별,청년인구비율(19~34세),22.8,21,21050,A,%,T001,DT_1YL20643,청년인구비율,인구총조사 청년인구비율(시도/시/군/구),2024,2025-07-29,부산진구,%,101,청년인구비율 지표
행정구역별,청년인구(19~34세),81285.0,22,21050,A,In person,T001,DT_1YL20643,청년인구비율,인구총조사 청년인구비율(시도/시/군/구),2024,2025-07-29,부산진구,명,101,청년인구비율 지표
행정구역별,전체인구,356874.0,23,21050,A,In person,T001,DT_1YL20643,청년인구비율,인구총조사 청년인구비율(시도/시/군/구),2024,2025-07-29,부산진구,명,101,청년인구비율 지표
행정구역별,청년여성비율(19~39세),14.9,31,21050,A,%,T001,DT_1YL20643,청년인구비율,인구총조사 청년인구비율(시도/시/군/구),2024,2025-07-29,부산진구,%,101,청년인구비율 지표
행정구역별,청년여성인구(19~39세),53150.0,32,21050,A,In person,T001,DT_1YL20643,청년인구비율,인구총조사 청년인구비율(시도/시/군/구),2024,2025-07-29,부산진구,명,101,청년인구비율 지표
행정구역별,전체인구,356874.0,33,21050,A,In person,T001,DT_1YL20643,청년인구비율,인구총조사 청년인구비율(시도/시/군/구),2024,2025-07-29,부산진구,명,101,청년인구비율 지표
행정구역별,청년인구비율(19~39세),22.0,11,21060,A,%,T001,DT_1YL20643,청년인구비율,인구총조사 청년인구비율(시도/시/군/구),2024,2025-07-29,동래구,%,101,청년인구비율 지표
행정구역별,청년인구(19~39세),58360.0,12,21060,A,In person,T001,DT_1YL20643,청년인구비율,인구총조사 청년인구비율(시도/시/군/구),2024,2025-07-29,동래구,명,101,청년인구비율 지표
행정구역별,전체인구,265089.0,13,21060,A,In person,T001,DT_1YL20643,청년인구비율,인구총조사 청년인구비율(시도/시/군/구),2024,2025-07-29,동래구,명,101,청년인구비율 지표
행정구역별,청년인구비율(19~34세),16.1,21,21060,A,%,T001,DT_1YL20643,청년인구비율,인구총조사 청년인구비율(시도/시/군/구),2024,2025-07-29,동래구,%,101,청년인구비율 지표
행정구역별,청년인구(19~34세),42759.0,22,21060,A,In person,T001,DT_1YL20643,청년인구비율,인구총조사 청년인구비율(시도/시/군/구),2024,2025-07-29,동래구,명,101,청년인구비율 지표
행정구역별,전체인구,265089.0,23,21060,A,In person,T001,DT_1YL20643,청년인구비율,인구총조사 청년인구비율(시도/시/군/구),2024,2025-07-29,동래구,명,101,청년인구비율 지표
행정구역별,청년여성비율(19~39세),10.8,31,21060,A,%,T001,DT_1YL20643,청년인구비율,인구총조사 청년인구비율(시도/시/군/구),2024,2025-07-29,동래구,%,101,청년인구비율 지표
행정구역별,청년여성인구(19~39세),28732.0,32,21060,A,In person,T001,DT_1YL20643,청년인구비율,인구총조사 청년인구비율(시도/시/군/구),2024,2025-07-29,동래구,명,101,청년인구비율 지표
행정구역별,전체인구,265089.0,33,21060,A,In person,T001,DT_1YL20643,청년인구비율,인구총조사 청년인구비율(시도/시/군/구),2024,2025-07-29,동래구,명,101,청년인구비율 지표
행정구역별,청년인구비율(19~39세),26.9,11,21070,A,%,T001,DT_1YL20643,청년인구비율,인구총조사 청년인구비율(시도/시/군/구),2024,2025-07-29,남구,%,101,청년인구비율 지표
행정구역별,청년인구(19~39세),69972.0,12,21070,A,In person,T001,DT_1YL20643,청년인구비율,인구총조사 청년인구비율(시도/시/군/구),2024,2025-07-29,남구,명,101,청년인구비율 지표
행정구역별,전체인구,260090.0,13,21070,A,In person,T001,DT_1YL20643,청년인구비율,인구총조사 청년인구비율(시도/시/군/구),2024,2025-07-29,남구,명,101,청년인구비율 지표
행정구역별,청년인구비율(19~34세),21.9,21,21070,A,%,T001,DT_1YL20643,청년인구비율,인구총조사 청년인구비율(시도/시/군/구),2024,2025-07-29,남구,%,101,청년인구비율 지표
행정구역별,청년인구(19~34세),56868.0,22,21070,A,In person,T001,DT_1YL20643,청년인구비율,인구총조사 청년인구비율(시도/시/군/구),2024,2025-07-29,남구,명,101,청년인구비율 지표
행정구역별,전체인구,260090.0,23,21070,A,In person,T001,DT_1YL20643,청년인구비율,인구총조사 청년인구비율(시도/시/군/구),2024,2025-07-29,남구,명,101,청년인구비율 지표
행정구역별,청년여성비율(19~39세),12.9,31,21070,A,%,T001,DT_1YL20643,청년인구비율,인구총조사 청년인구비율(시도/시/군/구),2024,2025-07-29,남구,%,101,청년인구비율 지표
행정구역별,청년여성인구(19~39세),33481.0,32,21070,A,In person,T001,DT_1YL20643,청년인구비율,인구총조사 청년인구비율(시도/시/군/구),2024,2025-07-29,남구,명,101,청년인구비율 지표
행정구역별,전체인구,260090.0,33,21070,A,In person,T001,DT_1YL20643,청년인구비율,인구총조사 청년인구비율(시도/시/군/구),2024,2025-07-29,남구,명,101,청년인구비율 지표
행정구역별,청년인구비율(19~39세),23.2,11,21080,A,%,T001,DT_1YL20643,청년인구비율,인구총조사 청년인구비율(시도/시/군/구),2024,2025-07-29,북구,%,101,청년인구비율 지표
행정구역별,청년인구(19~39세),61472.0,12,21080,A,In person,T001,DT_1YL20643,청년인구비율,인구총조사 청년인구비율(시도/시/군/구),2024,2025-07-29,북구,명,101,청년인구비율 지표
행정구역별,전체인구,265364.0,13,21080,A,In person,T001,DT_1YL20643,청년인구비율,인구총조사 청년인구비율(시도/시/군/구),2024,2025-07-29,북구,명,101,청년인구비율 지표
행정구역별,청년인구비율(19~34세),17.6,21,21080,A,%,T001,DT_1YL20643,청년인구비율,인구총조사 청년인구비율(시도/시/군/구),2024,2025-07-29,북구,%,101,청년인구비율 지표
행정구역별,청년인구(19~34세),46652.0,22,21080,A,In person,T001,DT_1YL20643,청년인구비율,인구총조사 청년인구비율(시도/시/군/구),2024,2025-07-29,북구,명,101,청년인구비율 지표
행정구역별,전체인구,265364.0,23,21080,A,In person,T001,DT_1YL20643,청년인구비율,인구총조사 청년인구비율(시도/시/군/구),2024,2025-07-29,북구,명,101,청년인구비율 지표
행정구역별,청년여성비율(19~39세),10.9,31,21080,A,%,T001,DT_1YL20643,청년인구비율,인구총조사 청년인구비율(시도/시/군/구),2024,2025-07-29,북구,%,101,청년인구비율 지표
행정구역별,청년여성인구(19~39세),28868.0,32,21080,A,In person,T001,DT_1YL20643,청년인구비율,인구총조사 청년인구비율(시도/시/군/구),2024,2025-07-29,북구,명,101,청년인구비율 지표
행정구역별,전체인구,265364.0,33,21080,A,In person,T001,DT_1YL20643,청년인구비율,인구총조사 청년인구비율(시도/시/군/구),2024,2025-07-29,북구,명,101,청년인구비율 지표
행정구역별,청년인구비율(19~39세),21.4,11,21090,A,%,T001,DT_1YL20643,청년인구비율,인구총조사 청년인구비율(시도/시/군/구),2024,2025-07-29,해운대구,%,101,청년인구비율 지표
행정구역별,청년인구(19~39세),78260.0,12,21090,A,In person,T001,DT_1YL20643,청년인구비율,인구총조사 청년인구비율(시도/시/군/구),2024,2025-07-29,해운대구,명,101,청년인구비율 지표
행정구역별,전체인구,365974.0,13,21090,A,In person,T001,DT_1YL20643,청년인구비율,인구총조사 청년인구비율(시도/시/군/구),2024,2025-07-29,해운대구,명,101,청년인구비율 지표
행정구역별,청년인구비율(19~34세),16.0,21,21090,A,%,T001,DT_1YL20643,청년인구비율,인구총조사 청년인구비율(시도/시/군/구),2024,2025-07-29,해운대구,%,101,청년인구비율 지표
행정구역별,청년인구(19~34세),58512.0,22,21090,A,In person,T001,DT_1YL20643,청년인구비율,인구총조사 청년인구비율(시도/시/군/구),2024,2025-07-29,해운대구,명,101,청년인구비율 지표
행정구역별,전체인구,365974.0,23,21090,A,In person,T001,DT_1YL20643,청년인구비율,인구총조사 청년인구비율(시도/시/군/구),2024,2025-07-29,해운대구,명,101,청년인구비율 지표
행정구역별,청년여성비율(19~39세),10.4,31,21090,A,%,T001,DT_1YL20643,청년인구비율,인구총조사 청년인구비율(시도/시/군/구),2024,2025-07-29,해운대구,%,101,청년인구비율 지표
행정구역별,청년여성인구(19~39세),38229.0,32,21090,A,In person,T001,DT_1YL20643,청년인구비율,인구총조사 청년인구비율(시도/시/군/구),2024,2025-07-29,해운대구,명,101,청년인구비율 지표
행정구역별,전체인구,365974.0,33,21090,A,In person,T001,DT_1YL20643,청년인구비율,인구총조사 청년인구비율(시도/시/군/구),2024,2025-07-29,해운대구,명,101,청년인구비율 지표
행정구역별,청년인구비율(19~39세),23.3,11,21100,A,%,T001,DT_1YL20643,청년인구비율,인구총조사 청년인구비율(시도/시/군/구),2024,2025-07-29,사하구,%,101,청년인구비율 지표
행정구역별,청년인구(19~39세),68328.0,12,21100,A,In person,T001,DT_1YL20643,청년인구비율,인구총조사 청년인구비율(시도/시/군/구),2024,2025-07-29,사하구,명,101,청년인구비율 지표
행정구역별,전체인구,293036.0,13,21100,A,In person,T001,DT_1YL20643,청년인구비율,인구총조사 청년인구비율(시도/시/군/구),2024,2025-07-29,사하구,명,101,청년인구비율 지표
행정구역별,청년인구비율(19~34세),18.1,21,21100,A,%,T001,DT_1YL20643,청년인구비율,인구총조사 청년인구비율(시도/시/군/구),2024,2025-07-29,사하구,%,101,청년인구비율 지표
행정구역별,청년인구(19~34세),52987.0,22,21100,A,In person,T001,DT_1YL20643,청년인구비율,인구총조사 청년인구비율(시도/시/군/구),2024,2025-07-29,사하구,명,101,청년인구비율 지표
행정구역별,전체인구,293036.0,23,21100,A,In person,T001,DT_1YL20643,청년인구비율,인구총조사 청년인구비율(시도/시/군/구),2024,2025-07-29,사하구,명,101,청년인구비율 지표
행정구역별,청년여성비율(19~39세),10.6,31,21100,A,%,T001,DT_1YL20643,청년인구비율,인구총조사 청년인구비율(시도/시/군/구),2024,2025-07-29,사하구,%,101,청년인구비율 지표
행정구역별,청년여성인구(19~39세),31153.0,32,21100,A,In person,T001,DT_1YL20643,청년인구비율,인구총조사 청년인구비율(시도/시/군/구),2024,2025-07-29,사하구,명,101,청년인구비율 지표
행정구역별,전체인구,293036.0,33,21100,A,In person,T001,DT_1YL20643,청년인구비율,인구총조사 청년인구비율(시도/시/군/구),2024,2025-07-29,사하구,명,101,청년인구비율 지표
행정구역별,청년인구비율(19~39세),26.4,11,21110,A,%,T001,DT_1YL20643,청년인구비율,인구총조사 청년인구비율(시도/시/군/구),2024,2025-07-29,금정구,%,101,청년인구비율 지표
행정구역별,청년인구(19~39세),56905.0,12,21110,A,In person,T001,DT_1YL20643,청년인구비율,인구총조사 청년인구비율(시도/시/군/구),2024,2025-07-29,금정구,명,101,청년인구비율 지표
행정구역별,전체인구,215539.0,13,21110,A,In person,T001,DT_1YL20643,청년인구비율,인구총조사 청년인구비율(시도/시/군/구),2024,2025-07-29,금정구,명,101,청년인구비율 지표
행정구역별,청년인구비율(19~34세),21.9,21,21110,A,%,T001,DT_1YL20643,청년인구비율,인구총조사 청년인구비율(시도/시/군/구),2024,2025-07-29,금정구,%,101,청년인구비율 지표
행정구역별,청년인구(19~34세),47273.0,22,21110,A,In person,T001,DT_1YL20643,청년인구비율,인구총조사 청년인구비율(시도/시/군/구),2024,2025-07-29,금정구,명,101,청년인구비율 지표
행정구역별,전체인구,215539.0,23,21110,A,In person,T001,DT_1YL20643,청년인구비율,인구총조사 청년인구비율(시도/시/군/구),2024,2025-07-29,금정구,명,101,청년인구비율 지표
행정구역별,청년여성비율(19~39세),12.6,31,21110,A,%,T001,DT_1YL20643,청년인구비율,인구총조사 청년인구비율(시도/시/군/구),2024,2025-07-29,금정구,%,101,청년인구비율 지표
행정구역별,청년여성인구(19~39세),27146.0,32,21110,A,In person,T001,DT_1YL20643,청년인구비율,인구총조사 청년인구비율(시도/시/군/구),2024,2025-07-29,금정구,명,101,청년인구비율 지표
행정구역별,전체인구,215539.0,33,21110,A,In person,T001,DT_1YL20643,청년인구비율,인구총조사 청년인구비율(시도/시/군/구),2024,2025-07-29,금정구,명,101,청년인구비율 지표
행정구역별,청년인구비율(19~39세),26.4,11,21120,A,%,T001,DT_1YL20643,청년인구비율,인구총조사 청년인구비율(시도/시/군/구),2024,2025-07-29,강서구,%,101,청년인구비율 지표
행정구역별,청년인구(19~39세),38448.0,12,21120,A,In person,T001,DT_1YL20643,청년인구비율,인구총조사 청년인구비율(시도/시/군/구),2024,2025-07-29,강서구,명,101,청년인구비율 지표
행정구역별,전체인구,145762.0,13,21120,A,In person,T001,DT_1YL20643,청년인구비율,인구총조사 청년인구비율(시도/시/군/구),2024,2025-07-29,강서구,명,101,청년인구비율 지표
행정구역별,청년인구비율(19~34세),17.0,21,21120,A,%,T001,DT_1YL20643,청년인구비율,인구총조사 청년인구비율(시도/시/군/구),2024,2025-07-29,강서구,%,101,청년인구비율 지표
행정구역별,청년인구(19~34세),24739.0,22,21120,A,In person,T001,DT_1YL20643,청년인구비율,인구총조사 청년인구비율(시도/시/군/구),2024,2025-07-29,강서구,명,101,청년인구비율 지표
행정구역별,전체인구,145762.0,23,21120,A,In person,T001,DT_1YL20643,청년인구비율,인구총조사 청년인구비율(시도/시/군/구),2024,2025-07-29,강서구,명,101,청년인구비율 지표
행정구역별,청년여성비율(19~39세),11.1,31,21120,A,%,T001,DT_1YL20643,청년인구비율,인구총조사 청년인구비율(시도/시/군/구),2024,2025-07-29,강서구,%,101,청년인구비율 지표
행정구역별,청년여성인구(19~39세),16182.0,32,21120,A,In person,T001,DT_1YL20643,청년인구비율,인구총조사 청년인구비율(시도/시/군/구),2024,2025-07-29,강서구,명,101,청년인구비율 지표
행정구역별,전체인구,145762.0,33,21120,A,In person,T001,DT_1YL20643,청년인구비율,인구총조사 청년인구비율(시도/시/군/구),2024,2025-07-29,강서구,명,101,청년인구비율 지표
행정구역별,청년인구비율(19~39세),24.3,11,21130,A,%,T001,DT_1YL20643,청년인구비율,인구총조사 청년인구비율(시도/시/군/구),2024,2025-07-29,연제구,%,101,청년인구비율 지표
행정구역별,청년인구(19~39세),50548.0,12,21130,A,In person,T001,DT_1YL20643,청년인구비율,인구총조사 청년인구비율(시도/시/군/구),2024,2025-07-29,연제구,명,101,청년인구비율 지표
행정구역별,전체인구,207871.0,13,21130,A,In person,T001,DT_1YL20643,청년인구비율,인구총조사 청년인구비율(시도/시/군/구),2024,2025-07-29,연제구,명,101,청년인구비율 지표
행정구역별,청년인구비율(19~34세),18.1,21,21130,A,%,T001,DT_1YL20643,청년인구비율,인구총조사 청년인구비율(시도/시/군/구),2024,2025-07-29,연제구,%,101,청년인구비율 지표
행정구역별,청년인구(19~34세),37548.0,22,21130,A,In person,T001,DT_1YL20643,청년인구비율,인구총조사 청년인구비율(시도/시/군/구),2024,2025-07-29,연제구,명,101,청년인구비율 지표
행정구역별,전체인구,207871.0,23,21130,A,In person,T001,DT_1YL20643,청년인구비율,인구총조사 청년인구비율(시도/시/군/구),2024,2025-07-29,연제구,명,101,청년인구비율 지표
행정구역별,청년여성비율(19~39세),12.3,31,21130,A,%,T001,DT_1YL20643,청년인구비율,인구총조사 청년인구비율(시도/시/군/구),2024,2025-07-29,연제구,%,101,청년인구비율 지표
행정구역별,청년여성인구(19~39세),25592.0,32,21130,A,In person,T001,DT_1YL20643,청년인구비율,인구총조사 청년인구비율(시도/시/군/구),2024,2025-07-29,연제구,명,101,청년인구비율 지표
행정구역별,전체인구,207871.0,33,21130,A,In person,T001,DT_1YL20643,청년인구비율,인구총조사 청년인구비율(시도/시/군/구),2024,2025-07-29,연제구,명,101,청년인구비율 지표
행정구역별,청년인구비율(19~39세),26.2,11,21140,A,%,T001,DT_1YL20643,청년인구비율,인구총조사 청년인구비율(시도/시/군/구),2024,2025-07-29,수영구,%,101,청년인구비율 지표
행정구역별,청년인구(19~39세),44015.0,12,21140,A,In person,T001,DT_1YL20643,청년인구비율,인구총조사 청년인구비율(시도/시/군/구),2024,2025-07-29,수영구,명,101,청년인구비율 지표
행정구역별,전체인구,167787.0,13,21140,A,In person,T001,DT_1YL20643,청년인구비율,인구총조사 청년인구비율(시도/시/군/구),2024,2025-07-29,수영구,명,101,청년인구비율 지표
행정구역별,청년인구비율(19~34세),20.3,21,21140,A,%,T001,DT_1YL20643,청년인구비율,인구총조사 청년인구비율(시도/시/군/구),2024,2025-07-29,수영구,%,101,청년인구비율 지표
행정구역별,청년인구(19~34세),34018.0,22,21140,A,In person,T001,DT_1YL20643,청년인구비율,인구총조사 청년인구비율(시도/시/군/구),2024,2025-07-29,수영구,명,101,청년인구비율 지표
행정구역별,전체인구,167787.0,23,21140,A,In person,T001,DT_1YL20643,청년인구비율,인구총조사 청년인구비율(시도/시/군/구),2024,2025-07-29,수영구,명,101,청년인구비율 지표
행정구역별,청년여성비율(19~39세),13.5,31,21140,A,%,T001,DT_1YL20643,청년인구비율,인구총조사 청년인구비율(시도/시/군/구),2024,2025-07-29,수영구,%,101,청년인구비율 지표
행정구역별,청년여성인구(19~39세),22628.0,32,21140,A,In person,T001,DT_1YL20643,청년인구비율,인구총조사 청년인구비율(시도/시/군/구),2024,2025-07-29,수영구,명,101,청년인구비율 지표
행정구역별,전체인구,167787.0,33,21140,A,In person,T001,DT_1YL20643,청년인구비율,인구총조사 청년인구비율(시도/시/군/구),2024,2025-07-29,수영구,명,101,청년인구비율 지표
행정구역별,청년인구비율(19~39세),26.7,11,21150,A,%,T001,DT_1YL20643,청년인구비율,인구총조사 청년인구비율(시도/시/군/구),2024,2025-07-29,사상구,%,101,청년인구비율 지표
행정구역별,청년인구(19~39세),54744.0,12,21150,A,In person,T001,DT_1YL20643,청년인구비율,인구총조사 청년인구비율(시도/시/군/구),2024,2025-07-29,사상구,명,101,청년인구비율 지표
행정구역별,전체인구,205140.0,13,21150,A,In person,T001,DT_1YL20643,청년인구비율,인구총조사 청년인구비율(시도/시/군/구),2024,2025-07-29,사상구,명,101,청년인구비율 지표
행정구역별,청년인구비율(19~34세),21.3,21,21150,A,%,T001,DT_1YL20643,청년인구비율,인구총조사 청년인구비율(시도/시/군/구),2024,2025-07-29,사상구,%,101,청년인구비율 지표
행정구역별,청년인구(19~34세),43713.0,22,21150,A,In person,T001,DT_1YL20643,청년인구비율,인구총조사 청년인구비율(시도/시/군/구),2024,2025-07-29,사상구,명,101,청년인구비율 지표
행정구역별,전체인구,205140.0,23,21150,A,In person,T001,DT_1YL20643,청년인구비율,인구총조사 청년인구비율(시도/시/군/구),2024,2025-07-29,사상구,명,101,청년인구비율 지표
행정구역별,청년여성비율(19~39세),12.5,31,21150,A,%,T001,DT_1YL20643,청년인구비율,인구총조사 청년인구비율(시도/시/군/구),2024,2025-07-29,사상구,%,101,청년인구비율 지표
행정구역별,청년여성인구(19~39세),25689.0,32,21150,A,In person,T001,DT_1YL20643,청년인구비율,인구총조사 청년인구비율(시도/시/군/구),2024,2025-07-29,사상구,명,101,청년인구비율 지표
행정구역별,전체인구,205140.0,33,21150,A,In person,T001,DT_1YL20643,청년인구비율,인구총조사 청년인구비율(시도/시/군/구),2024,2025-07-29,사상구,명,101,청년인구비율 지표
행정구역별,청년인구비율(19~39세),21.8,11,21510,A,%,T001,DT_1YL20643,청년인구비율,인구총조사 청년인구비율(시도/시/군/구),2024,2025-07-29,기장군,%,101,청년인구비율 지표
행정구역별,청년인구(19~39세),37802.0,12,21510,A,In person,T001,DT_1YL20643,청년인구비율,인구총조사 청년인구비율(시도/시/군/구),2024,2025-07-29,기장군,명,101,청년인구비율 지표
행정구역별,전체인구,173228.0,13,21510,A,In person,T001,DT_1YL20643,청년인구비율,인구총조사 청년인구비율(시도/시/군/구),2024,2025-07-29,기장군,명,101,청년인구비율 지표
행정구역별,청년인구비율(19~34세),15.3,21,21510,A,%,T001,DT_1YL20643,청년인구비율,인구총조사 청년인구비율(시도/시/군/구),2024,2025-07-29,기장군,%,101,청년인구비율 지표
행정구역별,청년인구(19~34세),26424.0,22,21510,A,In person,T001,DT_1YL20643,청년인구비율,인구총조사 청년인구비율(시도/시/군/구),2024,2025-07-29,기장군,명,101,청년인구비율 지표
행정구역별,전체인구,173228.0,23,21510,A,In person,T001,DT_1YL20643,청년인구비율,인구총조사 청년인구비율(시도/시/군/구),2024,2025-07-29,기장군,명,101,청년인구비율 지표
행정구역별,청년여성비율(19~39세),10.1,31,21510,A,%,T001,DT_1YL20643,청년인구비율,인구총조사 청년인구비율(시도/시/군/구),2024,2025-07-29,기장군,%,101,청년인구비율 지표
행정구역별,청년여성인구(19~39세),17569.0,32,21510,A,In person,T001,DT_1YL20643,청년인구비율,인구총조사 청년인구비율(시도/시/군/구),2024,2025-07-29,기장군,명,101,청년인구비율 지표
행정구역별,전체인구,173228.0,33,21510,A,In person,T001,DT_1YL20643,청년인구비율,인구총조사 청년인구비율(시도/시/군/구),2024,2025-07-29,기장군,명,101,청년인구비율 지표
행정구역별,청년인구비율(19~39세),24.8,11,22,A,%,T001,DT_1YL20643,청년인구비율,인구총조사 청년인구비율(시도/시/군/구),2024,2025-07-29,대구광역시,%,101,청년인구비율 지표
행정구역별,청년인구(19~39세),587067.0,12,22,A,In person,T001,DT_1YL20643,청년인구비율,인구총조사 청년인구비율(시도/시/군/구),2024,2025-07-29,대구광역시,명,101,청년인구비율 지표
행정구역별,전체인구,2369335.0,13,22,A,In person,T001,DT_1YL20643,청년인구비율,인구총조사 청년인구비율(시도/시/군/구),2024,2025-07-29,대구광역시,명,101,청년인구비율 지표
행정구역별,청년인구비율(19~34세),19.0,21,22,A,%,T001,DT_1YL20643,청년인구비율,인구총조사 청년인구비율(시도/시/군/구),2024,2025-07-29,대구광역시,%,101,청년인구비율 지표
행정구역별,청년인구(19~34세),450627.0,22,22,A,In person,T001,DT_1YL20643,청년인구비율,인구총조사 청년인구비율(시도/시/군/구),2024,2025-07-29,대구광역시,명,101,청년인구비율 지표
행정구역별,전체인구,2369335.0,23,22,A,In person,T001,DT_1YL20643,청년인구비율,인구총조사 청년인구비율(시도/시/군/구),2024,2025-07-29,대구광역시,명,101,청년인구비율 지표
행정구역별,청년여성비율(19~39세),11.6,31,22,A,%,T001,DT_1YL20643,청년인구비율,인구총조사 청년인구비율(시도/시/군/구),2024,2025-07-29,대구광역시,%,101,청년인구비율 지표
행정구역별,청년여성인구(19~39세),275110.0,32,22,A,In person,T001,DT_1YL20643,청년인구비율,인구총조사 청년인구비율(시도/시/군/구),2024,2025-07-29,대구광역시,명,101,청년인구비율 지표
행정구역별,전체인구,2369335.0,33,22,A,In person,T001,DT_1YL20643,청년인구비율,인구총조사 청년인구비율(시도/시/군/구),2024,2025-07-29,대구광역시,명,101,청년인구비율 지표
행정구역별,청년인구비율(19~39세),32.2,11,22010,A,%,T001,DT_1YL20643,청년인구비율,인구총조사 청년인구비율(시도/시/군/구),2024,2025-07-29,중구,%,101,청년인구비율 지표
행정구역별,청년인구(19~39세),30303.0,12,22010,A,In person,T001,DT_1YL20643,청년인구비율,인구총조사 청년인구비율(시도/시/군/구),2024,2025-07-29,중구,명,101,청년인구비율 지표
행정구역별,전체인구,94128.0,13,22010,A,In person,T001,DT_1YL20643,청년인구비율,인구총조사 청년인구비율(시도/시/군/구),2024,2025-07-29,중구,명,101,청년인구비율 지표
행정구역별,청년인구비율(19~34세),24.1,21,22010,A,%,T001,DT_1YL20643,청년인구비율,인구총조사 청년인구비율(시도/시/군/구),2024,2025-07-29,중구,%,101,청년인구비율 지표
행정구역별,청년인구(19~34세),22708.0,22,22010,A,In person,T001,DT_1YL20643,청년인구비율,인구총조사 청년인구비율(시도/시/군/구),2024,2025-07-29,중구,명,101,청년인구비율 지표
행정구역별,전체인구,94128.0,23,22010,A,In person,T001,DT_1YL20643,청년인구비율,인구총조사 청년인구비율(시도/시/군/구),2024,2025-07-29,중구,명,101,청년인구비율 지표
행정구역별,청년여성비율(19~39세),16.4,31,22010,A,%,T001,DT_1YL20643,청년인구비율,인구총조사 청년인구비율(시도/시/군/구),2024,2025-07-29,중구,%,101,청년인구비율 지표
행정구역별,청년여성인구(19~39세),15446.0,32,22010,A,In person,T001,DT_1YL20643,청년인구비율,인구총조사 청년인구비율(시도/시/군/구),2024,2025-07-29,중구,명,101,청년인구비율 지표
행정구역별,전체인구,94128.0,33,22010,A,In person,T001,DT_1YL20643,청년인구비율,인구총조사 청년인구비율(시도/시/군/구),2024,2025-07-29,중구,명,101,청년인구비율 지표
행정구역별,청년인구비율(19~39세),23.9,11,22020,A,%,T001,DT_1YL20643,청년인구비율,인구총조사 청년인구비율(시도/시/군/구),2024,2025-07-29,동구,%,101,청년인구비율 지표
행정구역별,청년인구(19~39세),80303.0,12,22020,A,In person,T001,DT_1YL20643,청년인구비율,인구총조사 청년인구비율(시도/시/군/구),2024,2025-07-29,동구,명,101,청년인구비율 지표
행정구역별,전체인구,336051.0,13,22020,A,In person,T001,DT_1YL20643,청년인구비율,인구총조사 청년인구비율(시도/시/군/구),2024,2025-07-29,동구,명,101,청년인구비율 지표
행정구역별,청년인구비율(19~34세),17.7,21,22020,A,%,T001,DT_1YL20643,청년인구비율,인구총조사 청년인구비율(시도/시/군/구),2024,2025-07-29,동구,%,101,청년인구비율 지표
행정구역별,청년인구(19~34세),59647.0,22,22020,A,In person,T001,DT_1YL20643,청년인구비율,인구총조사 청년인구비율(시도/시/군/구),2024,2025-07-29,동구,명,101,청년인구비율 지표
행정구역별,전체인구,336051.0,23,22020,A,In person,T001,DT_1YL20643,청년인구비율,인구총조사 청년인구비율(시도/시/군/구),2024,2025-07-29,동구,명,101,청년인구비율 지표
행정구역별,청년여성비율(19~39세),11.3,31,22020,A,%,T001,DT_1YL20643,청년인구비율,인구총조사 청년인구비율(시도/시/군/구),2024,2025-07-29,동구,%,101,청년인구비율 지표
행정구역별,청년여성인구(19~39세),38064.0,32,22020,A,In person,T001,DT_1YL20643,청년인구비율,인구총조사 청년인구비율(시도/시/군/구),2024,2025-07-29,동구,명,101,청년인구비율 지표
행정구역별,전체인구,336051.0,33,22020,A,In person,T001,DT_1YL20643,청년인구비율,인구총조사 청년인구비율(시도/시/군/구),2024,2025-07-29,동구,명,101,청년인구비율 지표
행정구역별,청년인구비율(19~39세),22.6,11,22030,A,%,T001,DT_1YL20643,청년인구비율,인구총조사 청년인구비율(시도/시/군/구),2024,2025-07-29,서구,%,101,청년인구비율 지표
행정구역별,청년인구(19~39세),37069.0,12,22030,A,In person,T001,DT_1YL20643,청년인구비율,인구총조사 청년인구비율(시도/시/군/구),2024,2025-07-29,서구,명,101,청년인구비율 지표
행정구역별,전체인구,164110.0,13,22030,A,In person,T001,DT_1YL20643,청년인구비율,인구총조사 청년인구비율(시도/시/군/구),2024,2025-07-29,서구,명,101,청년인구비율 지표
행정구역별,청년인구비율(19~34세),17.2,21,22030,A,%,T001,DT_1YL20643,청년인구비율,인구총조사 청년인구비율(시도/시/군/구),2024,2025-07-29,서구,%,101,청년인구비율 지표
행정구역별,청년인구(19~34세),28280.0,22,22030,A,In person,T001,DT_1YL20643,청년인구비율,인구총조사 청년인구비율(시도/시/군/구),2024,2025-07-29,서구,명,101,청년인구비율 지표
행정구역별,전체인구,164110.0,23,22030,A,In person,T001,DT_1YL20643,청년인구비율,인구총조사 청년인구비율(시도/시/군/구),2024,2025-07-29,서구,명,101,청년인구비율 지표
행정구역별,청년여성비율(19~39세),10.0,31,22030,A,%,T001,DT_1YL20643,청년인구비율,인구총조사 청년인구비율(시도/시/군/구),2024,2025-07-29,서구,%,101,청년인구비율 지표
행정구역별,청년여성인구(19~39세),16401.0,32,22030,A,In person,T001,DT_1YL20643,청년인구비율,인구총조사 청년인구비율(시도/시/군/구),2024,2025-07-29,서구,명,101,청년인구비율 지표
행정구역별,전체인구,164110.0,33,22030,A,In person,T001,DT_1YL20643,청년인구비율,인구총조사 청년인구비율(시도/시/군/구),2024,2025-07-29,서구,명,101,청년인구비율 지표
행정구역별,청년인구비율(19~39세),25.7,11,22040,A,%,T001,DT_1YL20643,청년인구비율,인구총조사 청년인구비율(시도/시/군/구),2024,2025-07-29,남구,%,101,청년인구비율 지표
행정구역별,청년인구(19~39세),35014.0,12,22040,A,In person,T001,DT_1YL20643,청년인구비율,인구총조사 청년인구비율(시도/시/군/구),2024,2025-07-29,남구,명,101,청년인구비율 지표
행정구역별,전체인구,136118.0,13,22040,A,In person,T001,DT_1YL20643,청년인구비율,인구총조사 청년인구비율(시도/시/군/구),2024,2025-07-29,남구,명,101,청년인구비율 지표
행정구역별,청년인구비율(19~34세),20.7,21,22040,A,%,T001,DT_1YL20643,청년인구비율,인구총조사 청년인구비율(시도/시/군/구),2024,2025-07-29,남구,%,101,청년인구비율 지표
행정구역별,청년인구(19~34세),28131.0,22,22040,A,In person,T001,DT_1YL20643,청년인구비율,인구총조사 청년인구비율(시도/시/군/구),2024,2025-07-29,남구,명,101,청년인구비율 지표
행정구역별,전체인구,136118.0,23,22040,A,In person,T001,DT_1YL20643,청년인구비율,인구총조사 청년인구비율(시도/시/군/구),2024,2025-07-29,남구,명,101,청년인구비율 지표
행정구역별,청년여성비율(19~39세),12.8,31,22040,A,%,T001,DT_1YL20643,청년인구비율,인구총조사 청년인구비율(시도/시/군/구),2024,2025-07-29,남구,%,101,청년인구비율 지표
행정구역별,청년여성인구(19~39세),17450.0,32,22040,A,In person,T001,DT_1YL20643,청년인구비율,인구총조사 청년인구비율(시도/시/군/구),2024,2025-07-29,남구,명,101,청년인구비율 지표
행정구역별,전체인구,136118.0,33,22040,A,In person,T001,DT_1YL20643,청년인구비율,인구총조사 청년인구비율(시도/시/군/구),2024,2025-07-29,남구,명,101,청년인구비율 지표
행정구역별,청년인구비율(19~39세),27.0,11,22050,A,%,T001,DT_1YL20643,청년인구비율,인구총조사 청년인구비율(시도/시/군/구),2024,2025-07-29,북구,%,101,청년인구비율 지표
행정구역별,청년인구(19~39세),114308.0,12,22050,A,In person,T001,DT_1YL20643,청년인구비율,인구총조사 청년인구비율(시도/시/군/구),2024,2025-07-29,북구,명,101,청년인구비율 지표
행정구역별,전체인구,422633.0,13,22050,A,In person,T001,DT_1YL20643,청년인구비율,인구총조사 청년인구비율(시도/시/군/구),2024,2025-07-29,북구,명,101,청년인구비율 지표
행정구역별,청년인구비율(19~34세),21.6,21,22050,A,%,T001,DT_1YL20643,청년인구비율,인구총조사 청년인구비율(시도/시/군/구),2024,2025-07-29,북구,%,101,청년인구비율 지표
행정구역별,청년인구(19~34세),91265.0,22,22050,A,In person,T001,DT_1YL20643,청년인구비율,인구총조사 청년인구비율(시도/시/군/구),2024,2025-07-29,북구,명,101,청년인구비율 지표
행정구역별,전체인구,422633.0,23,22050,A,In person,T001,DT_1YL20643,청년인구비율,인구총조사 청년인구비율(시도/시/군/구),2024,2025-07-29,북구,명,101,청년인구비율 지표
행정구역별,청년여성비율(19~39세),12.6,31,22050,A,%,T001,DT_1YL20643,청년인구비율,인구총조사 청년인구비율(시도/시/군/구),2024,2025-07-29,북구,%,101,청년인구비율 지표
행정구역별,청년여성인구(19~39세),53082.0,32,22050,A,In person,T001,DT_1YL20643,청년인구비율,인구총조사 청년인구비율(시도/시/군/구),2024,2025-07-29,북구,명,101,청년인구비율 지표
행정구역별,전체인구,422633.0,33,22050,A,In person,T001,DT_1YL20643,청년인구비율,인구총조사 청년인구비율(시도/시/군/구),2024,2025-07-29,북구,명,101,청년인구비율 지표
행정구역별,청년인구비율(19~39세),21.3,11,22060,A,%,T001,DT_1YL20643,청년인구비율,인구총조사 청년인구비율(시도/시/군/구),2024,2025-07-29,수성구,%,101,청년인구비율 지표
행정구역별,청년인구(19~39세),85087.0,12,22060,A,In person,T001,DT_1YL20643,청년인구비율,인구총조사 청년인구비율(시도/시/군/구),2024,2025-07-29,수성구,명,101,청년인구비율 지표
행정구역별,전체인구,398685.0,13,22060,A,In person,T001,DT_1YL20643,청년인구비율,인구총조사 청년인구비율(시도/시/군/구),2024,2025-07-29,수성구,명,101,청년인구비율 지표
행정구역별,청년인구비율(19~34세),16.4,21,22060,A,%,T001,DT_1YL20643,청년인구비율,인구총조사 청년인구비율(시도/시/군/구),2024,2025-07-29,수성구,%,101,청년인구비율 지표
행정구역별,청년인구(19~34세),65287.0,22,22060,A,In person,T001,DT_1YL20643,청년인구비율,인구총조사 청년인구비율(시도/시/군/구),2024,2025-07-29,수성구,명,101,청년인구비율 지표
행정구역별,전체인구,398685.0,23,22060,A,In person,T001,DT_1YL20643,청년인구비율,인구총조사 청년인구비율(시도/시/군/구),2024,2025-07-29,수성구,명,101,청년인구비율 지표
행정구역별,청년여성비율(19~39세),10.2,31,22060,A,%,T001,DT_1YL20643,청년인구비율,인구총조사 청년인구비율(시도/시/군/구),2024,2025-07-29,수성구,%,101,청년인구비율 지표
행정구역별,청년여성인구(19~39세),40864.0,32,22060,A,In person,T001,DT_1YL20643,청년인구비율,인구총조사 청년인구비율(시도/시/군/구),2024,2025-07-29,수성구,명,101,청년인구비율 지표
행정구역별,전체인구,398685.0,33,22060,A,In person,T001,DT_1YL20643,청년인구비율,인구총조사 청년인구비율(시도/시/군/구),2024,2025-07-29,수성구,명,101,청년인구비율 지표
행정구역별,청년인구비율(19~39세),25.8,11,22070,A,%,T001,DT_1YL20643,청년인구비율,인구총조사 청년인구비율(시도/시/군/구),2024,2025-07-29,달서구,%,101,청년인구비율 지표
행정구역별,청년인구(19~39세),137482.0,12,22070,A,In person,T001,DT_1YL20643,청년인구비율,인구총조사 청년인구비율(시도/시/군/구),2024,2025-07-29,달서구,명,101,청년인구비율 지표
행정구역별,전체인구,533000.0,13,22070,A,In person,T001,DT_1YL20643,청년인구비율,인구총조사 청년인구비율(시도/시/군/구),2024,2025-07-29,달서구,명,101,청년인구비율 지표
행정구역별,청년인구비율(19~34세),20.3,21,22070,A,%,T001,DT_1YL20643,청년인구비율,인구총조사 청년인구비율(시도/시/군/구),2024,2025-07-29,달서구,%,101,청년인구비율 지표
행정구역별,청년인구(19~34세),108084.0,22,22070,A,In person,T001,DT_1YL20643,청년인구비율,인구총조사 청년인구비율(시도/시/군/구),2024,2025-07-29,달서구,명,101,청년인구비율 지표
행정구역별,전체인구,533000.0,23,22070,A,In person,T001,DT_1YL20643,청년인구비율,인구총조사 청년인구비율(시도/시/군/구),2024,2025-07-29,달서구,명,101,청년인구비율 지표
행정구역별,청년여성비율(19~39세),12.1,31,22070,A,%,T001,DT_1YL20643,청년인구비율,인구총조사 청년인구비율(시도/시/군/구),2024,2025-07-29,달서구,%,101,청년인구비율 지표
행정구역별,청년여성인구(19~39세),64391.0,32,22070,A,In person,T001,DT_1YL20643,청년인구비율,인구총조사 청년인구비율(시도/시/군/구),2024,2025-07-29,달서구,명,101,청년인구비율 지표
행정구역별,전체인구,533000.0,33,22070,A,In person,T001,DT_1YL20643,청년인구비율,인구총조사 청년인구비율(시도/시/군/구),2024,2025-07-29,달서구,명,101,청년인구비율 지표
행정구역별,청년인구비율(19~39세),24.7,11,22510,A,%,T001,DT_1YL20643,청년인구비율,인구총조사 청년인구비율(시도/시/군/구),2024,2025-07-29,달성군,%,101,청년인구비율 지표
행정구역별,청년인구(19~39세),65099.0,12,22510,A,In person,T001,DT_1YL20643,청년인구비율,인구총조사 청년인구비율(시도/시/군/구),2024,2025-07-29,달성군,명,101,청년인구비율 지표
행정구역별,전체인구,263117.0,13,22510,A,In person,T001,DT_1YL20643,청년인구비율,인구총조사 청년인구비율(시도/시/군/구),2024,2025-07-29,달성군,명,101,청년인구비율 지표
행정구역별,청년인구비율(19~34세),17.3,21,22510,A,%,T001,DT_1YL20643,청년인구비율,인구총조사 청년인구비율(시도/시/군/구),2024,2025-07-29,달성군,%,101,청년인구비율 지표
행정구역별,청년인구(19~34세),45472.0,22,22510,A,In person,T001,DT_1YL20643,청년인구비율,인구총조사 청년인구비율(시도/시/군/구),2024,2025-07-29,달성군,명,101,청년인구비율 지표
행정구역별,전체인구,263117.0,23,22510,A,In person,T001,DT_1YL20643,청년인구비율,인구총조사 청년인구비율(시도/시/군/구),2024,2025-07-29,달성군,명,101,청년인구비율 지표
행정구역별,청년여성비율(19~39세),10.8,31,22510,A,%,T001,DT_1YL20643,청년인구비율,인구총조사 청년인구비율(시도/시/군/구),2024,2025-07-29,달성군,%,101,청년인구비율 지표
행정구역별,청년여성인구(19~39세),28533.0,32,22510,A,In person,T001,DT_1YL20643,청년인구비율,인구총조사 청년인구비율(시도/시/군/구),2024,2025-07-29,달성군,명,101,청년인구비율 지표
행정구역별,전체인구,263117.0,33,22510,A,In person,T001,DT_1YL20643,청년인구비율,인구총조사 청년인구비율(시도/시/군/구),2024,2025-07-29,달성군,명,101,청년인구비율 지표
행정구역별,청년인구비율(19~39세),11.2,11,22520,A,%,T001,DT_1YL20643,청년인구비율,인구총조사 청년인구비율(시도/시/군/구),2024,2025-07-29,군위군,%,101,청년인구비율 지표
행정구역별,청년인구(19~39세),2402.0,12,22520,A,In person,T001,DT_1YL20643,청년인구비율,인구총조사 청년인구비율(시도/시/군/구),2024,2025-07-29,군위군,명,101,청년인구비율 지표
행정구역별,전체인구,21493.0,13,22520,A,In person,T001,DT_1YL20643,청년인구비율,인구총조사 청년인구비율(시도/시/군/구),2024,2025-07-29,군위군,명,101,청년인구비율 지표
행정구역별,청년인구비율(19~34세),8.2,21,22520,A,%,T001,DT_1YL20643,청년인구비율,인구총조사 청년인구비율(시도/시/군/구),2024,2025-07-29,군위군,%,101,청년인구비율 지표
행정구역별,청년인구(19~34세),1753.0,22,22520,A,In person,T001,DT_1YL20643,청년인구비율,인구총조사 청년인구비율(시도/시/군/구),2024,2025-07-29,군위군,명,101,청년인구비율 지표
행정구역별,전체인구,21493.0,23,22520,A,In person,T001,DT_1YL20643,청년인구비율,인구총조사 청년인구비율(시도/시/군/구),2024,2025-07-29,군위군,명,101,청년인구비율 지표
행정구역별,청년여성비율(19~39세),4.1,31,22520,A,%,T001,DT_1YL20643,청년인구비율,인구총조사 청년인구비율(시도/시/군/구),2024,2025-07-29,군위군,%,101,청년인구비율 지표
행정구역별,청년여성인구(19~39세),879.0,32,22520,A,In person,T001,DT_1YL20643,청년인구비율,인구총조사 청년인구비율(시도/시/군/구),2024,2025-07-29,군위군,명,101,청년인구비율 지표
행정구역별,전체인구,21493.0,33,22520,A,In person,T001,DT_1YL20643,청년인구비율,인구총조사 청년인구비율(시도/시/군/구),2024,2025-07-29,군위군,명,101,청년인구비율 지표
행정구역별,청년인구비율(19~39세),26.9,11,23,A,%,T001,DT_1YL20643,청년인구비율,인구총조사 청년인구비율(시도/시/군/구),2024,2025-07-29,인천광역시,%,101,청년인구비율 지표
행정구역별,청년인구(19~39세),822644.0,12,23,A,In person,T001,DT_1YL20643,청년인구비율,인구총조사 청년인구비율(시도/시/군/구),2024,2025-07-29,인천광역시,명,101,청년인구비율 지표
행정구역별,전체인구,3058033.0,13,23,A,In person,T001,DT_1YL20643,청년인구비율,인구총조사 청년인구비율(시도/시/군/구),2024,2025-07-29,인천광역시,명,101,청년인구비율 지표
행정구역별,청년인구비율(19~34세),20.0,21,23,A,%,T001,DT_1YL20643,청년인구비율,인구총조사 청년인구비율(시도/시/군/구),2024,2025-07-29,인천광역시,%,101,청년인구비율 지표
행정구역별,청년인구(19~34세),611881.0,22,23,A,In person,T001,DT_1YL20643,청년인구비율,인구총조사 청년인구비율(시도/시/군/구),2024,2025-07-29,인천광역시,명,101,청년인구비율 지표
행정구역별,전체인구,3058033.0,23,23,A,In person,T001,DT_1YL20643,청년인구비율,인구총조사 청년인구비율(시도/시/군/구),2024,2025-07-29,인천광역시,명,101,청년인구비율 지표
행정구역별,청년여성비율(19~39세),12.7,31,23,A,%,T001,DT_1YL20643,청년인구비율,인구총조사 청년인구비율(시도/시/군/구),2024,2025-07-29,인천광역시,%,101,청년인구비율 지표
행정구역별,청년여성인구(19~39세),389205.0,32,23,A,In person,T001,DT_1YL20643,청년인구비율,인구총조사 청년인구비율(시도/시/군/구),2024,2025-07-29,인천광역시,명,101,청년인구비율 지표
행정구역별,전체인구,3058033.0,33,23,A,In person,T001,DT_1YL20643,청년인구비율,인구총조사 청년인구비율(시도/시/군/구),2024,2025-07-29,인천광역시,명,101,청년인구비율 지표
행정구역별,청년인구비율(19~39세),29.3,11,23010,A,%,T001,DT_1YL20643,청년인구비율,인구총조사 청년인구비율(시도/시/군/구),2024,2025-07-29,중구,%,101,청년인구비율 지표
행정구역별,청년인구(19~39세),48391.0,12,23010,A,In person,T001,DT_1YL20643,청년인구비율,인구총조사 청년인구비율(시도/시/군/구),2024,2025-07-29,중구,명,101,청년인구비율 지표
행정구역별,전체인구,164937.0,13,23010,A,In person,T001,DT_1YL20643,청년인구비율,인구총조사 청년인구비율(시도/시/군/구),2024,2025-07-29,중구,명,101,청년인구비율 지표
행정구역별,청년인구비율(19~34세),21.5,21,23010,A,%,T001,DT_1YL20643,청년인구비율,인구총조사 청년인구비율(시도/시/군/구),2024,2025-07-29,중구,%,101,청년인구비율 지표
행정구역별,청년인구(19~34세),35510.0,22,23010,A,In person,T001,DT_1YL20643,청년인구비율,인구총조사 청년인구비율(시도/시/군/구),2024,2025-07-29,중구,명,101,청년인구비율 지표
행정구역별,전체인구,164937.0,23,23010,A,In person,T001,DT_1YL20643,청년인구비율,인구총조사 청년인구비율(시도/시/군/구),2024,2025-07-29,중구,명,101,청년인구비율 지표
행정구역별,청년여성비율(19~39세),13.9,31,23010,A,%,T001,DT_1YL20643,청년인구비율,인구총조사 청년인구비율(시도/시/군/구),2024,2025-07-29,중구,%,101,청년인구비율 지표
행정구역별,청년여성인구(19~39세),22931.0,32,23010,A,In person,T001,DT_1YL20643,청년인구비율,인구총조사 청년인구비율(시도/시/군/구),2024,2025-07-29,중구,명,101,청년인구비율 지표
행정구역별,전체인구,164937.0,33,23010,A,In person,T001,DT_1YL20643,청년인구비율,인구총조사 청년인구비율(시도/시/군/구),2024,2025-07-29,중구,명,101,청년인구비율 지표
행정구역별,청년인구비율(19~39세),21.7,11,23020,A,%,T001,DT_1YL20643,청년인구비율,인구총조사 청년인구비율(시도/시/군/구),2024,2025-07-29,동구,%,101,청년인구비율 지표
행정구역별,청년인구(19~39세),12597.0,12,23020,A,In person,T001,DT_1YL20643,청년인구비율,인구총조사 청년인구비율(시도/시/군/구),2024,2025-07-29,동구,명,101,청년인구비율 지표
행정구역별,전체인구,57944.0,13,23020,A,In person,T001,DT_1YL20643,청년인구비율,인구총조사 청년인구비율(시도/시/군/구),2024,2025-07-29,동구,명,101,청년인구비율 지표
행정구역별,청년인구비율(19~34세),16.4,21,23020,A,%,T001,DT_1YL20643,청년인구비율,인구총조사 청년인구비율(시도/시/군/구),2024,2025-07-29,동구,%,101,청년인구비율 지표
행정구역별,청년인구(19~34세),9479.0,22,23020,A,In person,T001,DT_1YL20643,청년인구비율,인구총조사 청년인구비율(시도/시/군/구),2024,2025-07-29,동구,명,101,청년인구비율 지표
행정구역별,전체인구,57944.0,23,23020,A,In person,T001,DT_1YL20643,청년인구비율,인구총조사 청년인구비율(시도/시/군/구),2024,2025-07-29,동구,명,101,청년인구비율 지표
행정구역별,청년여성비율(19~39세),10.0,31,23020,A,%,T001,DT_1YL20643,청년인구비율,인구총조사 청년인구비율(시도/시/군/구),2024,2025-07-29,동구,%,101,청년인구비율 지표
행정구역별,청년여성인구(19~39세),5787.0,32,23020,A,In person,T001,DT_1YL20643,청년인구비율,인구총조사 청년인구비율(시도/시/군/구),2024,2025-07-29,동구,명,101,청년인구비율 지표
행정구역별,전체인구,57944.0,33,23020,A,In person,T001,DT_1YL20643,청년인구비율,인구총조사 청년인구비율(시도/시/군/구),2024,2025-07-29,동구,명,101,청년인구비율 지표
행정구역별,청년인구비율(19~39세),28.0,11,23040,A,%,T001,DT_1YL20643,청년인구비율,인구총조사 청년인구비율(시도/시/군/구),2024,2025-07-29,연수구,%,101,청년인구비율 지표
행정구역별,청년인구(19~39세),116898.0,12,23040,A,In person,T001,DT_1YL20643,청년인구비율,인구총조사 청년인구비율(시도/시/군/구),2024,2025-07-29,연수구,명,101,청년인구비율 지표
행정구역별,전체인구,417391.0,13,23040,A,In person,T001,DT_1YL20643,청년인구비율,인구총조사 청년인구비율(시도/시/군/구),2024,2025-07-29,연수구,명,101,청년인구비율 지표
행정구역별,청년인구비율(19~34세),20.7,21,23040,A,%,T001,DT_1YL20643,청년인구비율,인구총조사 청년인구비율(시도/시/군/구),2024,2025-07-29,연수구,%,101,청년인구비율 지표
행정구역별,청년인구(19~34세),86271.0,22,23040,A,In person,T001,DT_1YL20643,청년인구비율,인구총조사 청년인구비율(시도/시/군/구),2024,2025-07-29,연수구,명,101,청년인구비율 지표
행정구역별,전체인구,417391.0,23,23040,A,In person,T001,DT_1YL20643,청년인구비율,인구총조사 청년인구비율(시도/시/군/구),2024,2025-07-29,연수구,명,101,청년인구비율 지표
행정구역별,청년여성비율(19~39세),13.6,31,23040,A,%,T001,DT_1YL20643,청년인구비율,인구총조사 청년인구비율(시도/시/군/구),2024,2025-07-29,연수구,%,101,청년인구비율 지표
행정구역별,청년여성인구(19~39세),56899.0,32,23040,A,In person,T001,DT_1YL20643,청년인구비율,인구총조사 청년인구비율(시도/시/군/구),2024,2025-07-29,연수구,명,101,청년인구비율 지표
행정구역별,전체인구,417391.0,33,23040,A,In person,T001,DT_1YL20643,청년인구비율,인구총조사 청년인구비율(시도/시/군/구),2024,2025-07-29,연수구,명,101,청년인구비율 지표
행정구역별,청년인구비율(19~39세),25.5,11,23050,A,%,T001,DT_1YL20643,청년인구비율,인구총조사 청년인구비율(시도/시/군/구),2024,2025-07-29,남동구,%,101,청년인구비율 지표
행정구역별,청년인구(19~39세),125453.0,12,23050,A,In person,T001,DT_1YL20643,청년인구비율,인구총조사 청년인구비율(시도/시/군/구),2024,2025-07-29,남동구,명,101,청년인구비율 지표
행정구역별,전체인구,492920.0,13,23050,A,In person,T001,DT_1YL20643,청년인구비율,인구총조사 청년인구비율(시도/시/군/구),2024,2025-07-29,남동구,명,101,청년인구비율 지표
행정구역별,청년인구비율(19~34세),19.4,21,23050,A,%,T001,DT_1YL20643,청년인구비율,인구총조사 청년인구비율(시도/시/군/구),2024,2025-07-29,남동구,%,101,청년인구비율 지표
행정구역별,청년인구(19~34세),95458.0,22,23050,A,In person,T001,DT_1YL20643,청년인구비율,인구총조사 청년인구비율(시도/시/군/구),2024,2025-07-29,남동구,명,101,청년인구비율 지표
행정구역별,전체인구,492920.0,23,23050,A,In person,T001,DT_1YL20643,청년인구비율,인구총조사 청년인구비율(시도/시/군/구),2024,2025-07-29,남동구,명,101,청년인구비율 지표
행정구역별,청년여성비율(19~39세),11.8,31,23050,A,%,T001,DT_1YL20643,청년인구비율,인구총조사 청년인구비율(시도/시/군/구),2024,2025-07-29,남동구,%,101,청년인구비율 지표
행정구역별,청년여성인구(19~39세),58091.0,32,23050,A,In person,T001,DT_1YL20643,청년인구비율,인구총조사 청년인구비율(시도/시/군/구),2024,2025-07-29,남동구,명,101,청년인구비율 지표
행정구역별,전체인구,492920.0,33,23050,A,In person,T001,DT_1YL20643,청년인구비율,인구총조사 청년인구비율(시도/시/군/구),2024,2025-07-29,남동구,명,101,청년인구비율 지표
행정구역별,청년인구비율(19~39세),27.3,11,23060,A,%,T001,DT_1YL20643,청년인구비율,인구총조사 청년인구비율(시도/시/군/구),2024,2025-07-29,부평구,%,101,청년인구비율 지표
행정구역별,청년인구(19~39세),137912.0,12,23060,A,In person,T001,DT_1YL20643,청년인구비율,인구총조사 청년인구비율(시도/시/군/구),2024,2025-07-29,부평구,명,101,청년인구비율 지표
행정구역별,전체인구,504885.0,13,23060,A,In person,T001,DT_1YL20643,청년인구비율,인구총조사 청년인구비율(시도/시/군/구),2024,2025-07-29,부평구,명,101,청년인구비율 지표
행정구역별,청년인구비율(19~34세),20.2,21,23060,A,%,T001,DT_1YL20643,청년인구비율,인구총조사 청년인구비율(시도/시/군/구),2024,2025-07-29,부평구,%,101,청년인구비율 지표
행정구역별,청년인구(19~34세),102218.0,22,23060,A,In person,T001,DT_1YL20643,청년인구비율,인구총조사 청년인구비율(시도/시/군/구),2024,2025-07-29,부평구,명,101,청년인구비율 지표
행정구역별,전체인구,504885.0,23,23060,A,In person,T001,DT_1YL20643,청년인구비율,인구총조사 청년인구비율(시도/시/군/구),2024,2025-07-29,부평구,명,101,청년인구비율 지표
행정구역별,청년여성비율(19~39세),13.2,31,23060,A,%,T001,DT_1YL20643,청년인구비율,인구총조사 청년인구비율(시도/시/군/구),2024,2025-07-29,부평구,%,101,청년인구비율 지표
행정구역별,청년여성인구(19~39세),66755.0,32,23060,A,In person,T001,DT_1YL20643,청년인구비율,인구총조사 청년인구비율(시도/시/군/구),2024,2025-07-29,부평구,명,101,청년인구비율 지표
행정구역별,전체인구,504885.0,33,23060,A,In person,T001,DT_1YL20643,청년인구비율,인구총조사 청년인구비율(시도/시/군/구),2024,2025-07-29,부평구,명,101,청년인구비율 지표
행정구역별,청년인구비율(19~39세),26.1,11,23070,A,%,T001,DT_1YL20643,청년인구비율,인구총조사 청년인구비율(시도/시/군/구),2024,2025-07-29,계양구,%,101,청년인구비율 지표
행정구역별,청년인구(19~39세),72791.0,12,23070,A,In person,T001,DT_1YL20643,청년인구비율,인구총조사 청년인구비율(시도/시/군/구),2024,2025-07-29,계양구,명,101,청년인구비율 지표
행정구역별,전체인구,278600.0,13,23070,A,In person,T001,DT_1YL20643,청년인구비율,인구총조사 청년인구비율(시도/시/군/구),2024,2025-07-29,계양구,명,101,청년인구비율 지표
행정구역별,청년인구비율(19~34세),20.2,21,23070,A,%,T001,DT_1YL20643,청년인구비율,인구총조사 청년인구비율(시도/시/군/구),2024,2025-07-29,계양구,%,101,청년인구비율 지표
행정구역별,청년인구(19~34세),56364.0,22,23070,A,In person,T001,DT_1YL20643,청년인구비율,인구총조사 청년인구비율(시도/시/군/구),2024,2025-07-29,계양구,명,101,청년인구비율 지표
행정구역별,전체인구,278600.0,23,23070,A,In person,T001,DT_1YL20643,청년인구비율,인구총조사 청년인구비율(시도/시/군/구),2024,2025-07-29,계양구,명,101,청년인구비율 지표
행정구역별,청년여성비율(19~39세),12.5,31,23070,A,%,T001,DT_1YL20643,청년인구비율,인구총조사 청년인구비율(시도/시/군/구),2024,2025-07-29,계양구,%,101,청년인구비율 지표
행정구역별,청년여성인구(19~39세),34770.0,32,23070,A,In person,T001,DT_1YL20643,청년인구비율,인구총조사 청년인구비율(시도/시/군/구),2024,2025-07-29,계양구,명,101,청년인구비율 지표
행정구역별,전체인구,278600.0,33,23070,A,In person,T001,DT_1YL20643,청년인구비율,인구총조사 청년인구비율(시도/시/군/구),2024,2025-07-29,계양구,명,101,청년인구비율 지표
행정구역별,청년인구비율(19~39세),27.8,11,23080,A,%,T001,DT_1YL20643,청년인구비율,인구총조사 청년인구비율(시도/시/군/구),2024,2025-07-29,서구,%,101,청년인구비율 지표
행정구역별,청년인구(19~39세),176210.0,12,23080,A,In person,T001,DT_1YL20643,청년인구비율,인구총조사 청년인구비율(시도/시/군/구),2024,2025-07-29,서구,명,101,청년인구비율 지표
행정구역별,전체인구,634066.0,13,23080,A,In person,T001,DT_1YL20643,청년인구비율,인구총조사 청년인구비율(시도/시/군/구),2024,2025-07-29,서구,명,101,청년인구비율 지표
행정구역별,청년인구비율(19~34세),19.7,21,23080,A,%,T001,DT_1YL20643,청년인구비율,인구총조사 청년인구비율(시도/시/군/구),2024,2025-07-29,서구,%,101,청년인구비율 지표
행정구역별,청년인구(19~34세),125215.0,22,23080,A,In person,T001,DT_1YL20643,청년인구비율,인구총조사 청년인구비율(시도/시/군/구),2024,2025-07-29,서구,명,101,청년인구비율 지표
행정구역별,전체인구,634066.0,23,23080,A,In person,T001,DT_1YL20643,청년인구비율,인구총조사 청년인구비율(시도/시/군/구),2024,2025-07-29,서구,명,101,청년인구비율 지표
행정구역별,청년여성비율(19~39세),13.2,31,23080,A,%,T001,DT_1YL20643,청년인구비율,인구총조사 청년인구비율(시도/시/군/구),2024,2025-07-29,서구,%,101,청년인구비율 지표
행정구역별,청년여성인구(19~39세),83722.0,32,23080,A,In person,T001,DT_1YL20643,청년인구비율,인구총조사 청년인구비율(시도/시/군/구),2024,2025-07-29,서구,명,101,청년인구비율 지표
행정구역별,전체인구,634066.0,33,23080,A,In person,T001,DT_1YL20643,청년인구비율,인구총조사 청년인구비율(시도/시/군/구),2024,2025-07-29,서구,명,101,청년인구비율 지표
행정구역별,청년인구비율(19~39세),28.2,11,23090,A,%,T001,DT_1YL20643,청년인구비율,인구총조사 청년인구비율(시도/시/군/구),2024,2025-07-29,미추홀구,%,101,청년인구비율 지표
행정구역별,청년인구(19~39세),118948.0,12,23090,A,In person,T001,DT_1YL20643,청년인구비율,인구총조사 청년인구비율(시도/시/군/구),2024,2025-07-29,미추홀구,명,101,청년인구비율 지표
행정구역별,전체인구,421789.0,13,23090,A,In person,T001,DT_1YL20643,청년인구비율,인구총조사 청년인구비율(시도/시/군/구),2024,2025-07-29,미추홀구,명,101,청년인구비율 지표
행정구역별,청년인구비율(19~34세),21.6,21,23090,A,%,T001,DT_1YL20643,청년인구비율,인구총조사 청년인구비율(시도/시/군/구),2024,2025-07-29,미추홀구,%,101,청년인구비율 지표
행정구역별,청년인구(19~34세),91073.0,22,23090,A,In person,T001,DT_1YL20643,청년인구비율,인구총조사 청년인구비율(시도/시/군/구),2024,2025-07-29,미추홀구,명,101,청년인구비율 지표
행정구역별,전체인구,421789.0,23,23090,A,In person,T001,DT_1YL20643,청년인구비율,인구총조사 청년인구비율(시도/시/군/구),2024,2025-07-29,미추홀구,명,101,청년인구비율 지표
행정구역별,청년여성비율(19~39세),13.1,31,23090,A,%,T001,DT_1YL20643,청년인구비율,인구총조사 청년인구비율(시도/시/군/구),2024,2025-07-29,미추홀구,%,101,청년인구비율 지표
행정구역별,청년여성인구(19~39세),55291.0,32,23090,A,In person,T001,DT_1YL20643,청년인구비율,인구총조사 청년인구비율(시도/시/군/구),2024,2025-07-29,미추홀구,명,101,청년인구비율 지표
행정구역별,전체인구,421789.0,33,23090,A,In person,T001,DT_1YL20643,청년인구비율,인구총조사 청년인구비율(시도/시/군/구),2024,2025-07-29,미추홀구,명,101,청년인구비율 지표
행정구역별,청년인구비율(19~39세),14.0,11,23510,A,%,T001,DT_1YL20643,청년인구비율,인구총조사 청년인구비율(시도/시/군/구),2024,2025-07-29,강화군,%,101,청년인구비율 지표
행정구역별,청년인구(19~39세),9267.0,12,23510,A,In person,T001,DT_1YL20643,청년인구비율,인구총조사 청년인구비율(시도/시/군/구),2024,2025-07-29,강화군,명,101,청년인구비율 지표
행정구역별,전체인구,66309.0,13,23510,A,In person,T001,DT_1YL20643,청년인구비율,인구총조사 청년인구비율(시도/시/군/구),2024,2025-07-29,강화군,명,101,청년인구비율 지표
행정구역별,청년인구비율(19~34세),10.4,21,23510,A,%,T001,DT_1YL20643,청년인구비율,인구총조사 청년인구비율(시도/시/군/구),2024,2025-07-29,강화군,%,101,청년인구비율 지표
행정구역별,청년인구(19~34세),6884.0,22,23510,A,In person,T001,DT_1YL20643,청년인구비율,인구총조사 청년인구비율(시도/시/군/구),2024,2025-07-29,강화군,명,101,청년인구비율 지표
행정구역별,전체인구,66309.0,23,23510,A,In person,T001,DT_1YL20643,청년인구비율,인구총조사 청년인구비율(시도/시/군/구),2024,2025-07-29,강화군,명,101,청년인구비율 지표
행정구역별,청년여성비율(19~39세),5.8,31,23510,A,%,T001,DT_1YL20643,청년인구비율,인구총조사 청년인구비율(시도/시/군/구),2024,2025-07-29,강화군,%,101,청년인구비율 지표
행정구역별,청년여성인구(19~39세),3840.0,32,23510,A,In person,T001,DT_1YL20643,청년인구비율,인구총조사 청년인구비율(시도/시/군/구),2024,2025-07-29,강화군,명,101,청년인구비율 지표
행정구역별,전체인구,66309.0,33,23510,A,In person,T001,DT_1YL20643,청년인구비율,인구총조사 청년인구비율(시도/시/군/구),2024,2025-07-29,강화군,명,101,청년인구비율 지표
행정구역별,청년인구비율(19~39세),21.8,11,23520,A,%,T001,DT_1YL20643,청년인구비율,인구총조사 청년인구비율(시도/시/군/구),2024,2025-07-29,옹진군,%,101,청년인구비율 지표
행정구역별,청년인구(19~39세),4177.0,12,23520,A,In person,T001,DT_1YL20643,청년인구비율,인구총조사 청년인구비율(시도/시/군/구),2024,2025-07-29,옹진군,명,101,청년인구비율 지표
행정구역별,전체인구,19192.0,13,23520,A,In person,T001,DT_1YL20643,청년인구비율,인구총조사 청년인구비율(시도/시/군/구),2024,2025-07-29,옹진군,명,101,청년인구비율 지표
행정구역별,청년인구비율(19~34세),17.8,21,23520,A,%,T001,DT_1YL20643,청년인구비율,인구총조사 청년인구비율(시도/시/군/구),2024,2025-07-29,옹진군,%,101,청년인구비율 지표
행정구역별,청년인구(19~34세),3409.0,22,23520,A,In person,T001,DT_1YL20643,청년인구비율,인구총조사 청년인구비율(시도/시/군/구),2024,2025-07-29,옹진군,명,101,청년인구비율 지표
행정구역별,전체인구,19192.0,23,23520,A,In person,T001,DT_1YL20643,청년인구비율,인구총조사 청년인구비율(시도/시/군/구),2024,2025-07-29,옹진군,명,101,청년인구비율 지표
행정구역별,청년여성비율(19~39세),5.8,31,23520,A,%,T001,DT_1YL20643,청년인구비율,인구총조사 청년인구비율(시도/시/군/구),2024,2025-07-29,옹진군,%,101,청년인구비율 지표
행정구역별,청년여성인구(19~39세),1119.0,32,23520,A,In person,T001,DT_1YL20643,청년인구비율,인구총조사 청년인구비율(시도/시/군/구),2024,2025-07-29,옹진군,명,101,청년인구비율 지표
행정구역별,전체인구,19192.0,33,23520,A,In person,T001,DT_1YL20643,청년인구비율,인구총조사 청년인구비율(시도/시/군/구),2024,2025-07-29,옹진군,명,101,청년인구비율 지표
행정구역별,청년인구비율(19~39세),27.1,11,24,A,%,T001,DT_1YL20643,청년인구비율,인구총조사 청년인구비율(시도/시/군/구),2024,2025-07-29,광주광역시,%,101,청년인구비율 지표
행정구역별,청년인구(19~39세),391800.0,12,24,A,In person,T001,DT_1YL20643,청년인구비율,인구총조사 청년인구비율(시도/시/군/구),2024,2025-07-29,광주광역시,명,101,청년인구비율 지표
행정구역별,전체인구,1444171.0,13,24,A,In person,T001,DT_1YL20643,청년인구비율,인구총조사 청년인구비율(시도/시/군/구),2024,2025-07-29,광주광역시,명,101,청년인구비율 지표
행정구역별,청년인구비율(19~34세),21.3,21,24,A,%,T001,DT_1YL20643,청년인구비율,인구총조사 청년인구비율(시도/시/군/구),2024,2025-07-29,광주광역시,%,101,청년인구비율 지표
행정구역별,청년인구(19~34세),307770.0,22,24,A,In person,T001,DT_1YL20643,청년인구비율,인구총조사 청년인구비율(시도/시/군/구),2024,2025-07-29,광주광역시,명,101,청년인구비율 지표
행정구역별,전체인구,1444171.0,23,24,A,In person,T001,DT_1YL20643,청년인구비율,인구총조사 청년인구비율(시도/시/군/구),2024,2025-07-29,광주광역시,명,101,청년인구비율 지표
행정구역별,청년여성비율(19~39세),13.0,31,24,A,%,T001,DT_1YL20643,청년인구비율,인구총조사 청년인구비율(시도/시/군/구),2024,2025-07-29,광주광역시,%,101,청년인구비율 지표
행정구역별,청년여성인구(19~39세),187330.0,32,24,A,In person,T001,DT_1YL20643,청년인구비율,인구총조사 청년인구비율(시도/시/군/구),2024,2025-07-29,광주광역시,명,101,청년인구비율 지표
행정구역별,전체인구,1444171.0,33,24,A,In person,T001,DT_1YL20643,청년인구비율,인구총조사 청년인구비율(시도/시/군/구),2024,2025-07-29,광주광역시,명,101,청년인구비율 지표
행정구역별,청년인구비율(19~39세),30.2,11,24010,A,%,T001,DT_1YL20643,청년인구비율,인구총조사 청년인구비율(시도/시/군/구),2024,2025-07-29,동구,%,101,청년인구비율 지표
행정구역별,청년인구(19~39세),33569.0,12,24010,A,In person,T001,DT_1YL20643,청년인구비율,인구총조사 청년인구비율(시도/시/군/구),2024,2025-07-29,동구,명,101,청년인구비율 지표
행정구역별,전체인구,111289.0,13,24010,A,In person,T001,DT_1YL20643,청년인구비율,인구총조사 청년인구비율(시도/시/군/구),2024,2025-07-29,동구,명,101,청년인구비율 지표
행정구역별,청년인구비율(19~34세),24.0,21,24010,A,%,T001,DT_1YL20643,청년인구비율,인구총조사 청년인구비율(시도/시/군/구),2024,2025-07-29,동구,%,101,청년인구비율 지표
행정구역별,청년인구(19~34세),26680.0,22,24010,A,In person,T001,DT_1YL20643,청년인구비율,인구총조사 청년인구비율(시도/시/군/구),2024,2025-07-29,동구,명,101,청년인구비율 지표
행정구역별,전체인구,111289.0,23,24010,A,In person,T001,DT_1YL20643,청년인구비율,인구총조사 청년인구비율(시도/시/군/구),2024,2025-07-29,동구,명,101,청년인구비율 지표
행정구역별,청년여성비율(19~39세),14.6,31,24010,A,%,T001,DT_1YL20643,청년인구비율,인구총조사 청년인구비율(시도/시/군/구),2024,2025-07-29,동구,%,101,청년인구비율 지표
행정구역별,청년여성인구(19~39세),16249.0,32,24010,A,In person,T001,DT_1YL20643,청년인구비율,인구총조사 청년인구비율(시도/시/군/구),2024,2025-07-29,동구,명,101,청년인구비율 지표
행정구역별,전체인구,111289.0,33,24010,A,In person,T001,DT_1YL20643,청년인구비율,인구총조사 청년인구비율(시도/시/군/구),2024,2025-07-29,동구,명,101,청년인구비율 지표
행정구역별,청년인구비율(19~39세),26.3,11,24020,A,%,T001,DT_1YL20643,청년인구비율,인구총조사 청년인구비율(시도/시/군/구),2024,2025-07-29,서구,%,101,청년인구비율 지표
행정구역별,청년인구(19~39세),73185.0,12,24020,A,In person,T001,DT_1YL20643,청년인구비율,인구총조사 청년인구비율(시도/시/군/구),2024,2025-07-29,서구,명,101,청년인구비율 지표
행정구역별,전체인구,278639.0,13,24020,A,In person,T001,DT_1YL20643,청년인구비율,인구총조사 청년인구비율(시도/시/군/구),2024,2025-07-29,서구,명,101,청년인구비율 지표
행정구역별,청년인구비율(19~34세),20.8,21,24020,A,%,T001,DT_1YL20643,청년인구비율,인구총조사 청년인구비율(시도/시/군/구),2024,2025-07-29,서구,%,101,청년인구비율 지표
행정구역별,청년인구(19~34세),58057.0,22,24020,A,In person,T001,DT_1YL20643,청년인구비율,인구총조사 청년인구비율(시도/시/군/구),2024,2025-07-29,서구,명,101,청년인구비율 지표
행정구역별,전체인구,278639.0,23,24020,A,In person,T001,DT_1YL20643,청년인구비율,인구총조사 청년인구비율(시도/시/군/구),2024,2025-07-29,서구,명,101,청년인구비율 지표
행정구역별,청년여성비율(19~39세),12.7,31,24020,A,%,T001,DT_1YL20643,청년인구비율,인구총조사 청년인구비율(시도/시/군/구),2024,2025-07-29,서구,%,101,청년인구비율 지표
행정구역별,청년여성인구(19~39세),35432.0,32,24020,A,In person,T001,DT_1YL20643,청년인구비율,인구총조사 청년인구비율(시도/시/군/구),2024,2025-07-29,서구,명,101,청년인구비율 지표
행정구역별,전체인구,278639.0,33,24020,A,In person,T001,DT_1YL20643,청년인구비율,인구총조사 청년인구비율(시도/시/군/구),2024,2025-07-29,서구,명,101,청년인구비율 지표
행정구역별,청년인구비율(19~39세),23.3,11,24030,A,%,T001,DT_1YL20643,청년인구비율,인구총조사 청년인구비율(시도/시/군/구),2024,2025-07-29,남구,%,101,청년인구비율 지표
행정구역별,청년인구(19~39세),48548.0,12,24030,A,In person,T001,DT_1YL20643,청년인구비율,인구총조사 청년인구비율(시도/시/군/구),2024,2025-07-29,남구,명,101,청년인구비율 지표
행정구역별,전체인구,208707.0,13,24030,A,In person,T001,DT_1YL20643,청년인구비율,인구총조사 청년인구비율(시도/시/군/구),2024,2025-07-29,남구,명,101,청년인구비율 지표
행정구역별,청년인구비율(19~34세),18.0,21,24030,A,%,T001,DT_1YL20643,청년인구비율,인구총조사 청년인구비율(시도/시/군/구),2024,2025-07-29,남구,%,101,청년인구비율 지표
행정구역별,청년인구(19~34세),37509.0,22,24030,A,In person,T001,DT_1YL20643,청년인구비율,인구총조사 청년인구비율(시도/시/군/구),2024,2025-07-29,남구,명,101,청년인구비율 지표
행정구역별,전체인구,208707.0,23,24030,A,In person,T001,DT_1YL20643,청년인구비율,인구총조사 청년인구비율(시도/시/군/구),2024,2025-07-29,남구,명,101,청년인구비율 지표
행정구역별,청년여성비율(19~39세),11.6,31,24030,A,%,T001,DT_1YL20643,청년인구비율,인구총조사 청년인구비율(시도/시/군/구),2024,2025-07-29,남구,%,101,청년인구비율 지표
행정구역별,청년여성인구(19~39세),24239.0,32,24030,A,In person,T001,DT_1YL20643,청년인구비율,인구총조사 청년인구비율(시도/시/군/구),2024,2025-07-29,남구,명,101,청년인구비율 지표
행정구역별,전체인구,208707.0,33,24030,A,In person,T001,DT_1YL20643,청년인구비율,인구총조사 청년인구비율(시도/시/군/구),2024,2025-07-29,남구,명,101,청년인구비율 지표
행정구역별,청년인구비율(19~39세),27.3,11,24040,A,%,T001,DT_1YL20643,청년인구비율,인구총조사 청년인구비율(시도/시/군/구),2024,2025-07-29,북구,%,101,청년인구비율 지표
행정구역별,청년인구(19~39세),118178.0,12,24040,A,In person,T001,DT_1YL20643,청년인구비율,인구총조사 청년인구비율(시도/시/군/구),2024,2025-07-29,북구,명,101,청년인구비율 지표
행정구역별,전체인구,433089.0,13,24040,A,In person,T001,DT_1YL20643,청년인구비율,인구총조사 청년인구비율(시도/시/군/구),2024,2025-07-29,북구,명,101,청년인구비율 지표
행정구역별,청년인구비율(19~34세),21.4,21,24040,A,%,T001,DT_1YL20643,청년인구비율,인구총조사 청년인구비율(시도/시/군/구),2024,2025-07-29,북구,%,101,청년인구비율 지표
행정구역별,청년인구(19~34세),92609.0,22,24040,A,In person,T001,DT_1YL20643,청년인구비율,인구총조사 청년인구비율(시도/시/군/구),2024,2025-07-29,북구,명,101,청년인구비율 지표
행정구역별,전체인구,433089.0,23,24040,A,In person,T001,DT_1YL20643,청년인구비율,인구총조사 청년인구비율(시도/시/군/구),2024,2025-07-29,북구,명,101,청년인구비율 지표
행정구역별,청년여성비율(19~39세),13.0,31,24040,A,%,T001,DT_1YL20643,청년인구비율,인구총조사 청년인구비율(시도/시/군/구),2024,2025-07-29,북구,%,101,청년인구비율 지표
행정구역별,청년여성인구(19~39세),56329.0,32,24040,A,In person,T001,DT_1YL20643,청년인구비율,인구총조사 청년인구비율(시도/시/군/구),2024,2025-07-29,북구,명,101,청년인구비율 지표
행정구역별,전체인구,433089.0,33,24040,A,In person,T001,DT_1YL20643,청년인구비율,인구총조사 청년인구비율(시도/시/군/구),2024,2025-07-29,북구,명,101,청년인구비율 지표
행정구역별,청년인구비율(19~39세),28.7,11,24050,A,%,T001,DT_1YL20643,청년인구비율,인구총조사 청년인구비율(시도/시/군/구),2024,2025-07-29,광산구,%,101,청년인구비율 지표
행정구역별,청년인구(19~39세),118320.0,12,24050,A,In person,T001,DT_1YL20643,청년인구비율,인구총조사 청년인구비율(시도/시/군/구),2024,2025-07-29,광산구,명,101,청년인구비율 지표
행정구역별,전체인구,412447.0,13,24050,A,In person,T001,DT_1YL20643,청년인구비율,인구총조사 청년인구비율(시도/시/군/구),2024,2025-07-29,광산구,명,101,청년인구비율 지표
행정구역별,청년인구비율(19~34세),22.5,21,24050,A,%,T001,DT_1YL20643,청년인구비율,인구총조사 청년인구비율(시도/시/군/구),2024,2025-07-29,광산구,%,101,청년인구비율 지표
행정구역별,청년인구(19~34세),92915.0,22,24050,A,In person,T001,DT_1YL20643,청년인구비율,인구총조사 청년인구비율(시도/시/군/구),2024,2025-07-29,광산구,명,101,청년인구비율 지표
행정구역별,전체인구,412447.0,23,24050,A,In person,T001,DT_1YL20643,청년인구비율,인구총조사 청년인구비율(시도/시/군/구),2024,2025-07-29,광산구,명,101,청년인구비율 지표
행정구역별,청년여성비율(19~39세),13.4,31,24050,A,%,T001,DT_1YL20643,청년인구비율,인구총조사 청년인구비율(시도/시/군/구),2024,2025-07-29,광산구,%,101,청년인구비율 지표
행정구역별,청년여성인구(19~39세),55081.0,32,24050,A,In person,T001,DT_1YL20643,청년인구비율,인구총조사 청년인구비율(시도/시/군/구),2024,2025-07-29,광산구,명,101,청년인구비율 지표
행정구역별,전체인구,412447.0,33,24050,A,In person,T001,DT_1YL20643,청년인구비율,인구총조사 청년인구비율(시도/시/군/구),2024,2025-07-29,광산구,명,101,청년인구비율 지표
행정구역별,청년인구비율(19~39세),29.3,11,25,A,%,T001,DT_1YL20643,청년인구비율,인구총조사 청년인구비율(시도/시/군/구),2024,2025-07-29,대전광역시,%,101,청년인구비율 지표
행정구역별,청년인구(19~39세),429802.0,12,25,A,In person,T001,DT_1YL20643,청년인구비율,인구총조사 청년인구비율(시도/시/군/구),2024,2025-07-29,대전광역시,명,101,청년인구비율 지표
행정구역별,전체인구,1467093.0,13,25,A,In person,T001,DT_1YL20643,청년인구비율,인구총조사 청년인구비율(시도/시/군/구),2024,2025-07-29,대전광역시,명,101,청년인구비율 지표
행정구역별,청년인구비율(19~34세),23.3,21,25,A,%,T001,DT_1YL20643,청년인구비율,인구총조사 청년인구비율(시도/시/군/구),2024,2025-07-29,대전광역시,%,101,청년인구비율 지표
행정구역별,청년인구(19~34세),341284.0,22,25,A,In person,T001,DT_1YL20643,청년인구비율,인구총조사 청년인구비율(시도/시/군/구),2024,2025-07-29,대전광역시,명,101,청년인구비율 지표
행정구역별,전체인구,1467093.0,23,25,A,In person,T001,DT_1YL20643,청년인구비율,인구총조사 청년인구비율(시도/시/군/구),2024,2025-07-29,대전광역시,명,101,청년인구비율 지표
행정구역별,청년여성비율(19~39세),13.8,31,25,A,%,T001,DT_1YL20643,청년인구비율,인구총조사 청년인구비율(시도/시/군/구),2024,2025-07-29,대전광역시,%,101,청년인구비율 지표
행정구역별,청년여성인구(19~39세),202707.0,32,25,A,In person,T001,DT_1YL20643,청년인구비율,인구총조사 청년인구비율(시도/시/군/구),2024,2025-07-29,대전광역시,명,101,청년인구비율 지표
행정구역별,전체인구,1467093.0,33,25,A,In person,T001,DT_1YL20643,청년인구비율,인구총조사 청년인구비율(시도/시/군/구),2024,2025-07-29,대전광역시,명,101,청년인구비율 지표
행정구역별,청년인구비율(19~39세),29.1,11,25010,A,%,T001,DT_1YL20643,청년인구비율,인구총조사 청년인구비율(시도/시/군/구),2024,2025-07-29,동구,%,101,청년인구비율 지표
행정구역별,청년인구(19~39세),66885.0,12,25010,A,In person,T001,DT_1YL20643,청년인구비율,인구총조사 청년인구비율(시도/시/군/구),2024,2025-07-29,동구,명,101,청년인구비율 지표
행정구역별,전체인구,229875.0,13,25010,A,In person,T001,DT_1YL20643,청년인구비율,인구총조사 청년인구비율(시도/시/군/구),2024,2025-07-29,동구,명,101,청년인구비율 지표
행정구역별,청년인구비율(19~34세),23.9,21,25010,A,%,T001,DT_1YL20643,청년인구비율,인구총조사 청년인구비율(시도/시/군/구),2024,2025-07-29,동구,%,101,청년인구비율 지표
행정구역별,청년인구(19~34세),55046.0,22,25010,A,In person,T001,DT_1YL20643,청년인구비율,인구총조사 청년인구비율(시도/시/군/구),2024,2025-07-29,동구,명,101,청년인구비율 지표
행정구역별,전체인구,229875.0,23,25010,A,In person,T001,DT_1YL20643,청년인구비율,인구총조사 청년인구비율(시도/시/군/구),2024,2025-07-29,동구,명,101,청년인구비율 지표
행정구역별,청년여성비율(19~39세),13.6,31,25010,A,%,T001,DT_1YL20643,청년인구비율,인구총조사 청년인구비율(시도/시/군/구),2024,2025-07-29,동구,%,101,청년인구비율 지표
행정구역별,청년여성인구(19~39세),31260.0,32,25010,A,In person,T001,DT_1YL20643,청년인구비율,인구총조사 청년인구비율(시도/시/군/구),2024,2025-07-29,동구,명,101,청년인구비율 지표
행정구역별,전체인구,229875.0,33,25010,A,In person,T001,DT_1YL20643,청년인구비율,인구총조사 청년인구비율(시도/시/군/구),2024,2025-07-29,동구,명,101,청년인구비율 지표
행정구역별,청년인구비율(19~39세),23.3,11,25020,A,%,T001,DT_1YL20643,청년인구비율,인구총조사 청년인구비율(시도/시/군/구),2024,2025-07-29,중구,%,101,청년인구비율 지표
행정구역별,청년인구(19~39세),51353.0,12,25020,A,In person,T001,DT_1YL20643,청년인구비율,인구총조사 청년인구비율(시도/시/군/구),2024,2025-07-29,중구,명,101,청년인구비율 지표
행정구역별,전체인구,220497.0,13,25020,A,In person,T001,DT_1YL20643,청년인구비율,인구총조사 청년인구비율(시도/시/군/구),2024,2025-07-29,중구,명,101,청년인구비율 지표
행정구역별,청년인구비율(19~34세),18.1,21,25020,A,%,T001,DT_1YL20643,청년인구비율,인구총조사 청년인구비율(시도/시/군/구),2024,2025-07-29,중구,%,101,청년인구비율 지표
행정구역별,청년인구(19~34세),39969.0,22,25020,A,In person,T001,DT_1YL20643,청년인구비율,인구총조사 청년인구비율(시도/시/군/구),2024,2025-07-29,중구,명,101,청년인구비율 지표
행정구역별,전체인구,220497.0,23,25020,A,In person,T001,DT_1YL20643,청년인구비율,인구총조사 청년인구비율(시도/시/군/구),2024,2025-07-29,중구,명,101,청년인구비율 지표
행정구역별,청년여성비율(19~39세),11.4,31,25020,A,%,T001,DT_1YL20643,청년인구비율,인구총조사 청년인구비율(시도/시/군/구),2024,2025-07-29,중구,%,101,청년인구비율 지표
행정구역별,청년여성인구(19~39세),25132.0,32,25020,A,In person,T001,DT_1YL20643,청년인구비율,인구총조사 청년인구비율(시도/시/군/구),2024,2025-07-29,중구,명,101,청년인구비율 지표
행정구역별,전체인구,220497.0,33,25020,A,In person,T001,DT_1YL20643,청년인구비율,인구총조사 청년인구비율(시도/시/군/구),2024,2025-07-29,중구,명,101,청년인구비율 지표
행정구역별,청년인구비율(19~39세),29.9,11,25030,A,%,T001,DT_1YL20643,청년인구비율,인구총조사 청년인구비율(시도/시/군/구),2024,2025-07-29,서구,%,101,청년인구비율 지표
행정구역별,청년인구(19~39세),138194.0,12,25030,A,In person,T001,DT_1YL20643,청년인구비율,인구총조사 청년인구비율(시도/시/군/구),2024,2025-07-29,서구,명,101,청년인구비율 지표
행정구역별,전체인구,462226.0,13,25030,A,In person,T001,DT_1YL20643,청년인구비율,인구총조사 청년인구비율(시도/시/군/구),2024,2025-07-29,서구,명,101,청년인구비율 지표
행정구역별,청년인구비율(19~34세),23.8,21,25030,A,%,T001,DT_1YL20643,청년인구비율,인구총조사 청년인구비율(시도/시/군/구),2024,2025-07-29,서구,%,101,청년인구비율 지표
행정구역별,청년인구(19~34세),110123.0,22,25030,A,In person,T001,DT_1YL20643,청년인구비율,인구총조사 청년인구비율(시도/시/군/구),2024,2025-07-29,서구,명,101,청년인구비율 지표
행정구역별,전체인구,462226.0,23,25030,A,In person,T001,DT_1YL20643,청년인구비율,인구총조사 청년인구비율(시도/시/군/구),2024,2025-07-29,서구,명,101,청년인구비율 지표
행정구역별,청년여성비율(19~39세),14.7,31,25030,A,%,T001,DT_1YL20643,청년인구비율,인구총조사 청년인구비율(시도/시/군/구),2024,2025-07-29,서구,%,101,청년인구비율 지표
행정구역별,청년여성인구(19~39세),67959.0,32,25030,A,In person,T001,DT_1YL20643,청년인구비율,인구총조사 청년인구비율(시도/시/군/구),2024,2025-07-29,서구,명,101,청년인구비율 지표
행정구역별,전체인구,462226.0,33,25030,A,In person,T001,DT_1YL20643,청년인구비율,인구총조사 청년인구비율(시도/시/군/구),2024,2025-07-29,서구,명,101,청년인구비율 지표
행정구역별,청년인구비율(19~39세),33.6,11,25040,A,%,T001,DT_1YL20643,청년인구비율,인구총조사 청년인구비율(시도/시/군/구),2024,2025-07-29,유성구,%,101,청년인구비율 지표
행정구역별,청년인구(19~39세),129110.0,12,25040,A,In person,T001,DT_1YL20643,청년인구비율,인구총조사 청년인구비율(시도/시/군/구),2024,2025-07-29,유성구,명,101,청년인구비율 지표
행정구역별,전체인구,384024.0,13,25040,A,In person,T001,DT_1YL20643,청년인구비율,인구총조사 청년인구비율(시도/시/군/구),2024,2025-07-29,유성구,명,101,청년인구비율 지표
행정구역별,청년인구비율(19~34세),26.3,21,25040,A,%,T001,DT_1YL20643,청년인구비율,인구총조사 청년인구비율(시도/시/군/구),2024,2025-07-29,유성구,%,101,청년인구비율 지표
행정구역별,청년인구(19~34세),100951.0,22,25040,A,In person,T001,DT_1YL20643,청년인구비율,인구총조사 청년인구비율(시도/시/군/구),2024,2025-07-29,유성구,명,101,청년인구비율 지표
행정구역별,전체인구,384024.0,23,25040,A,In person,T001,DT_1YL20643,청년인구비율,인구총조사 청년인구비율(시도/시/군/구),2024,2025-07-29,유성구,명,101,청년인구비율 지표
행정구역별,청년여성비율(19~39세),15.3,31,25040,A,%,T001,DT_1YL20643,청년인구비율,인구총조사 청년인구비율(시도/시/군/구),2024,2025-07-29,유성구,%,101,청년인구비율 지표
행정구역별,청년여성인구(19~39세),58581.0,32,25040,A,In person,T001,DT_1YL20643,청년인구비율,인구총조사 청년인구비율(시도/시/군/구),2024,2025-07-29,유성구,명,101,청년인구비율 지표
행정구역별,전체인구,384024.0,33,25040,A,In person,T001,DT_1YL20643,청년인구비율,인구총조사 청년인구비율(시도/시/군/구),2024,2025-07-29,유성구,명,101,청년인구비율 지표
행정구역별,청년인구비율(19~39세),26.0,11,25050,A,%,T001,DT_1YL20643,청년인구비율,인구총조사 청년인구비율(시도/시/군/구),2024,2025-07-29,대덕구,%,101,청년인구비율 지표
행정구역별,청년인구(19~39세),44260.0,12,25050,A,In person,T001,DT_1YL20643,청년인구비율,인구총조사 청년인구비율(시도/시/군/구),2024,2025-07-29,대덕구,명,101,청년인구비율 지표
행정구역별,전체인구,170471.0,13,25050,A,In person,T001,DT_1YL20643,청년인구비율,인구총조사 청년인구비율(시도/시/군/구),2024,2025-07-29,대덕구,명,101,청년인구비율 지표
행정구역별,청년인구비율(19~34세),20.6,21,25050,A,%,T001,DT_1YL20643,청년인구비율,인구총조사 청년인구비율(시도/시/군/구),2024,2025-07-29,대덕구,%,101,청년인구비율 지표
행정구역별,청년인구(19~34세),35195.0,22,25050,A,In person,T001,DT_1YL20643,청년인구비율,인구총조사 청년인구비율(시도/시/군/구),2024,2025-07-29,대덕구,명,101,청년인구비율 지표
행정구역별,전체인구,170471.0,23,25050,A,In person,T001,DT_1YL20643,청년인구비율,인구총조사 청년인구비율(시도/시/군/구),2024,2025-07-29,대덕구,명,101,청년인구비율 지표
행정구역별,청년여성비율(19~39세),11.6,31,25050,A,%,T001,DT_1YL20643,청년인구비율,인구총조사 청년인구비율(시도/시/군/구),2024,2025-07-29,대덕구,%,101,청년인구비율 지표
행정구역별,청년여성인구(19~39세),19775.0,32,25050,A,In person,T001,DT_1YL20643,청년인구비율,인구총조사 청년인구비율(시도/시/군/구),2024,2025-07-29,대덕구,명,101,청년인구비율 지표
행정구역별,전체인구,170471.0,33,25050,A,In person,T001,DT_1YL20643,청년인구비율,인구총조사 청년인구비율(시도/시/군/구),2024,2025-07-29,대덕구,명,101,청년인구비율 지표
행정구역별,청년인구비율(19~39세),24.5,11,26,A,%,T001,DT_1YL20643,청년인구비율,인구총조사 청년인구비율(시도/시/군/구),2024,2025-07-29,울산광역시,%,101,청년인구비율 지표
행정구역별,청년인구(19~39세),271654.0,12,26,A,In person,T001,DT_1YL20643,청년인구비율,인구총조사 청년인구비율(시도/시/군/구),2024,2025-07-29,울산광역시,명,101,청년인구비율 지표
행정구역별,전체인구,1106895.0,13,26,A,In person,T001,DT_1YL20643,청년인구비율,인구총조사 청년인구비율(시도/시/군/구),2024,2025-07-29,울산광역시,명,101,청년인구비율 지표
행정구역별,청년인구비율(19~34세),18.2,21,26,A,%,T001,DT_1YL20643,청년인구비율,인구총조사 청년인구비율(시도/시/군/구),2024,2025-07-29,울산광역시,%,101,청년인구비율 지표
행정구역별,청년인구(19~34세),201220.0,22,26,A,In person,T001,DT_1YL20643,청년인구비율,인구총조사 청년인구비율(시도/시/군/구),2024,2025-07-29,울산광역시,명,101,청년인구비율 지표
행정구역별,전체인구,1106895.0,23,26,A,In person,T001,DT_1YL20643,청년인구비율,인구총조사 청년인구비율(시도/시/군/구),2024,2025-07-29,울산광역시,명,101,청년인구비율 지표
행정구역별,청년여성비율(19~39세),10.3,31,26,A,%,T001,DT_1YL20643,청년인구비율,인구총조사 청년인구비율(시도/시/군/구),2024,2025-07-29,울산광역시,%,101,청년인구비율 지표
행정구역별,청년여성인구(19~39세),114492.0,32,26,A,In person,T001,DT_1YL20643,청년인구비율,인구총조사 청년인구비율(시도/시/군/구),2024,2025-07-29,울산광역시,명,101,청년인구비율 지표
행정구역별,전체인구,1106895.0,33,26,A,In person,T001,DT_1YL20643,청년인구비율,인구총조사 청년인구비율(시도/시/군/구),2024,2025-07-29,울산광역시,명,101,청년인구비율 지표
행정구역별,청년인구비율(19~39세),22.1,11,26010,A,%,T001,DT_1YL20643,청년인구비율,인구총조사 청년인구비율(시도/시/군/구),2024,2025-07-29,중구,%,101,청년인구비율 지표
행정구역별,청년인구(19~39세),45122.0,12,26010,A,In person,T001,DT_1YL20643,청년인구비율,인구총조사 청년인구비율(시도/시/군/구),2024,2025-07-29,중구,명,101,청년인구비율 지표
행정구역별,전체인구,203766.0,13,26010,A,In person,T001,DT_1YL20643,청년인구비율,인구총조사 청년인구비율(시도/시/군/구),2024,2025-07-29,중구,명,101,청년인구비율 지표
행정구역별,청년인구비율(19~34세),16.3,21,26010,A,%,T001,DT_1YL20643,청년인구비율,인구총조사 청년인구비율(시도/시/군/구),2024,2025-07-29,중구,%,101,청년인구비율 지표
행정구역별,청년인구(19~34세),33249.0,22,26010,A,In person,T001,DT_1YL20643,청년인구비율,인구총조사 청년인구비율(시도/시/군/구),2024,2025-07-29,중구,명,101,청년인구비율 지표
행정구역별,전체인구,203766.0,23,26010,A,In person,T001,DT_1YL20643,청년인구비율,인구총조사 청년인구비율(시도/시/군/구),2024,2025-07-29,중구,명,101,청년인구비율 지표
행정구역별,청년여성비율(19~39세),9.8,31,26010,A,%,T001,DT_1YL20643,청년인구비율,인구총조사 청년인구비율(시도/시/군/구),2024,2025-07-29,중구,%,101,청년인구비율 지표
행정구역별,청년여성인구(19~39세),20045.0,32,26010,A,In person,T001,DT_1YL20643,청년인구비율,인구총조사 청년인구비율(시도/시/군/구),2024,2025-07-29,중구,명,101,청년인구비율 지표
행정구역별,전체인구,203766.0,33,26010,A,In person,T001,DT_1YL20643,청년인구비율,인구총조사 청년인구비율(시도/시/군/구),2024,2025-07-29,중구,명,101,청년인구비율 지표
행정구역별,청년인구비율(19~39세),26.4,11,26020,A,%,T001,DT_1YL20643,청년인구비율,인구총조사 청년인구비율(시도/시/군/구),2024,2025-07-29,남구,%,101,청년인구비율 지표
행정구역별,청년인구(19~39세),80500.0,12,26020,A,In person,T001,DT_1YL20643,청년인구비율,인구총조사 청년인구비율(시도/시/군/구),2024,2025-07-29,남구,명,101,청년인구비율 지표
행정구역별,전체인구,305176.0,13,26020,A,In person,T001,DT_1YL20643,청년인구비율,인구총조사 청년인구비율(시도/시/군/구),2024,2025-07-29,남구,명,101,청년인구비율 지표
행정구역별,청년인구비율(19~34세),20.1,21,26020,A,%,T001,DT_1YL20643,청년인구비율,인구총조사 청년인구비율(시도/시/군/구),2024,2025-07-29,남구,%,101,청년인구비율 지표
행정구역별,청년인구(19~34세),61372.0,22,26020,A,In person,T001,DT_1YL20643,청년인구비율,인구총조사 청년인구비율(시도/시/군/구),2024,2025-07-29,남구,명,101,청년인구비율 지표
행정구역별,전체인구,305176.0,23,26020,A,In person,T001,DT_1YL20643,청년인구비율,인구총조사 청년인구비율(시도/시/군/구),2024,2025-07-29,남구,명,101,청년인구비율 지표
행정구역별,청년여성비율(19~39세),11.6,31,26020,A,%,T001,DT_1YL20643,청년인구비율,인구총조사 청년인구비율(시도/시/군/구),2024,2025-07-29,남구,%,101,청년인구비율 지표
행정구역별,청년여성인구(19~39세),35268.0,32,26020,A,In person,T001,DT_1YL20643,청년인구비율,인구총조사 청년인구비율(시도/시/군/구),2024,2025-07-29,남구,명,101,청년인구비율 지표
행정구역별,전체인구,305176.0,33,26020,A,In person,T001,DT_1YL20643,청년인구비율,인구총조사 청년인구비율(시도/시/군/구),2024,2025-07-29,남구,명,101,청년인구비율 지표
행정구역별,청년인구비율(19~39세),25.2,11,26030,A,%,T001,DT_1YL20643,청년인구비율,인구총조사 청년인구비율(시도/시/군/구),2024,2025-07-29,동구,%,101,청년인구비율 지표
행정구역별,청년인구(19~39세),39842.0,12,26030,A,In person,T001,DT_1YL20643,청년인구비율,인구총조사 청년인구비율(시도/시/군/구),2024,2025-07-29,동구,명,101,청년인구비율 지표
행정구역별,전체인구,158268.0,13,26030,A,In person,T001,DT_1YL20643,청년인구비율,인구총조사 청년인구비율(시도/시/군/구),2024,2025-07-29,동구,명,101,청년인구비율 지표
행정구역별,청년인구비율(19~34세),17.9,21,26030,A,%,T001,DT_1YL20643,청년인구비율,인구총조사 청년인구비율(시도/시/군/구),2024,2025-07-29,동구,%,101,청년인구비율 지표
행정구역별,청년인구(19~34세),28295.0,22,26030,A,In person,T001,DT_1YL20643,청년인구비율,인구총조사 청년인구비율(시도/시/군/구),2024,2025-07-29,동구,명,101,청년인구비율 지표
행정구역별,전체인구,158268.0,23,26030,A,In person,T001,DT_1YL20643,청년인구비율,인구총조사 청년인구비율(시도/시/군/구),2024,2025-07-29,동구,명,101,청년인구비율 지표
행정구역별,청년여성비율(19~39세),9.6,31,26030,A,%,T001,DT_1YL20643,청년인구비율,인구총조사 청년인구비율(시도/시/군/구),2024,2025-07-29,동구,%,101,청년인구비율 지표
행정구역별,청년여성인구(19~39세),15200.0,32,26030,A,In person,T001,DT_1YL20643,청년인구비율,인구총조사 청년인구비율(시도/시/군/구),2024,2025-07-29,동구,명,101,청년인구비율 지표
행정구역별,전체인구,158268.0,33,26030,A,In person,T001,DT_1YL20643,청년인구비율,인구총조사 청년인구비율(시도/시/군/구),2024,2025-07-29,동구,명,101,청년인구비율 지표
행정구역별,청년인구비율(19~39세),24.8,11,26040,A,%,T001,DT_1YL20643,청년인구비율,인구총조사 청년인구비율(시도/시/군/구),2024,2025-07-29,북구,%,101,청년인구비율 지표
행정구역별,청년인구(19~39세),53445.0,12,26040,A,In person,T001,DT_1YL20643,청년인구비율,인구총조사 청년인구비율(시도/시/군/구),2024,2025-07-29,북구,명,101,청년인구비율 지표
행정구역별,전체인구,215421.0,13,26040,A,In person,T001,DT_1YL20643,청년인구비율,인구총조사 청년인구비율(시도/시/군/구),2024,2025-07-29,북구,명,101,청년인구비율 지표
행정구역별,청년인구비율(19~34세),17.8,21,26040,A,%,T001,DT_1YL20643,청년인구비율,인구총조사 청년인구비율(시도/시/군/구),2024,2025-07-29,북구,%,101,청년인구비율 지표
행정구역별,청년인구(19~34세),38255.0,22,26040,A,In person,T001,DT_1YL20643,청년인구비율,인구총조사 청년인구비율(시도/시/군/구),2024,2025-07-29,북구,명,101,청년인구비율 지표
행정구역별,전체인구,215421.0,23,26040,A,In person,T001,DT_1YL20643,청년인구비율,인구총조사 청년인구비율(시도/시/군/구),2024,2025-07-29,북구,명,101,청년인구비율 지표
행정구역별,청년여성비율(19~39세),10.6,31,26040,A,%,T001,DT_1YL20643,청년인구비율,인구총조사 청년인구비율(시도/시/군/구),2024,2025-07-29,북구,%,101,청년인구비율 지표
행정구역별,청년여성인구(19~39세),22834.0,32,26040,A,In person,T001,DT_1YL20643,청년인구비율,인구총조사 청년인구비율(시도/시/군/구),2024,2025-07-29,북구,명,101,청년인구비율 지표
행정구역별,전체인구,215421.0,33,26040,A,In person,T001,DT_1YL20643,청년인구비율,인구총조사 청년인구비율(시도/시/군/구),2024,2025-07-29,북구,명,101,청년인구비율 지표
행정구역별,청년인구비율(19~39세),23.5,11,26510,A,%,T001,DT_1YL20643,청년인구비율,인구총조사 청년인구비율(시도/시/군/구),2024,2025-07-29,울주군,%,101,청년인구비율 지표
행정구역별,청년인구(19~39세),52745.0,12,26510,A,In person,T001,DT_1YL20643,청년인구비율,인구총조사 청년인구비율(시도/시/군/구),2024,2025-07-29,울주군,명,101,청년인구비율 지표
행정구역별,전체인구,224264.0,13,26510,A,In person,T001,DT_1YL20643,청년인구비율,인구총조사 청년인구비율(시도/시/군/구),2024,2025-07-29,울주군,명,101,청년인구비율 지표
행정구역별,청년인구비율(19~34세),17.9,21,26510,A,%,T001,DT_1YL20643,청년인구비율,인구총조사 청년인구비율(시도/시/군/구),2024,2025-07-29,울주군,%,101,청년인구비율 지표
행정구역별,청년인구(19~34세),40049.0,22,26510,A,In person,T001,DT_1YL20643,청년인구비율,인구총조사 청년인구비율(시도/시/군/구),2024,2025-07-29,울주군,명,101,청년인구비율 지표
행정구역별,전체인구,224264.0,23,26510,A,In person,T001,DT_1YL20643,청년인구비율,인구총조사 청년인구비율(시도/시/군/구),2024,2025-07-29,울주군,명,101,청년인구비율 지표
행정구역별,청년여성비율(19~39세),9.4,31,26510,A,%,T001,DT_1YL20643,청년인구비율,인구총조사 청년인구비율(시도/시/군/구),2024,2025-07-29,울주군,%,101,청년인구비율 지표
행정구역별,청년여성인구(19~39세),21145.0,32,26510,A,In person,T001,DT_1YL20643,청년인구비율,인구총조사 청년인구비율(시도/시/군/구),2024,2025-07-29,울주군,명,101,청년인구비율 지표
행정구역별,전체인구,224264.0,33,26510,A,In person,T001,DT_1YL20643,청년인구비율,인구총조사 청년인구비율(시도/시/군/구),2024,2025-07-29,울주군,명,101,청년인구비율 지표
행정구역별,청년인구비율(19~39세),27.0,11,29,A,%,T001,DT_1YL20643,청년인구비율,인구총조사 청년인구비율(시도/시/군/구),2024,2025-07-29,세종특별자치시,%,101,청년인구비율 지표
행정구역별,청년인구(19~39세),105482.0,12,29,A,In person,T001,DT_1YL20643,청년인구비율,인구총조사 청년인구비율(시도/시/군/구),2024,2025-07-29,세종특별자치시,명,101,청년인구비율 지표
행정구역별,전체인구,390156.0,13,29,A,In person,T001,DT_1YL20643,청년인구비율,인구총조사 청년인구비율(시도/시/군/구),2024,2025-07-29,세종특별자치시,명,101,청년인구비율 지표
행정구역별,청년인구비율(19~34세),19.0,21,29,A,%,T001,DT_1YL20643,청년인구비율,인구총조사 청년인구비율(시도/시/군/구),2024,2025-07-29,세종특별자치시,%,101,청년인구비율 지표
행정구역별,청년인구(19~34세),74117.0,22,29,A,In person,T001,DT_1YL20643,청년인구비율,인구총조사 청년인구비율(시도/시/군/구),2024,2025-07-29,세종특별자치시,명,101,청년인구비율 지표
행정구역별,전체인구,390156.0,23,29,A,In person,T001,DT_1YL20643,청년인구비율,인구총조사 청년인구비율(시도/시/군/구),2024,2025-07-29,세종특별자치시,명,101,청년인구비율 지표
행정구역별,청년여성비율(19~39세),13.2,31,29,A,%,T001,DT_1YL20643,청년인구비율,인구총조사 청년인구비율(시도/시/군/구),2024,2025-07-29,세종특별자치시,%,101,청년인구비율 지표
행정구역별,청년여성인구(19~39세),51306.0,32,29,A,In person,T001,DT_1YL20643,청년인구비율,인구총조사 청년인구비율(시도/시/군/구),2024,2025-07-29,세종특별자치시,명,101,청년인구비율 지표
행정구역별,전체인구,390156.0,33,29,A,In person,T001,DT_1YL20643,청년인구비율,인구총조사 청년인구비율(시도/시/군/구),2024,2025-07-29,세종특별자치시,명,101,청년인구비율 지표
행정구역별,청년인구비율(19~39세),27.0,11,29010,A,%,T001,DT_1YL20643,청년인구비율,인구총조사 청년인구비율(시도/시/군/구),2024,2025-07-29,세종시,%,101,청년인구비율 지표
행정구역별,청년인구(19~39세),105482.0,12,29010,A,In person,T001,DT_1YL20643,청년인구비율,인구총조사 청년인구비율(시도/시/군/구),2024,2025-07-29,세종시,명,101,청년인구비율 지표
행정구역별,전체인구,390156.0,13,29010,A,In person,T001,DT_1YL20643,청년인구비율,인구총조사 청년인구비율(시도/시/군/구),2024,2025-07-29,세종시,명,101,청년인구비율 지표
행정구역별,청년인구비율(19~34세),19.0,21,29010,A,%,T001,DT_1YL20643,청년인구비율,인구총조사 청년인구비율(시도/시/군/구),2024,2025-07-29,세종시,%,101,청년인구비율 지표
행정구역별,청년인구(19~34세),74117.0,22,29010,A,In person,T001,DT_1YL20643,청년인구비율,인구총조사 청년인구비율(시도/시/군/구),2024,2025-07-29,세종시,명,101,청년인구비율 지표
행정구역별,전체인구,390156.0,23,29010,A,In person,T001,DT_1YL20643,청년인구비율,인구총조사 청년인구비율(시도/시/군/구),2024,2025-07-29,세종시,명,101,청년인구비율 지표
행정구역별,청년여성비율(19~39세),13.2,31,29010,A,%,T001,DT_1YL20643,청년인구비율,인구총조사 청년인구비율(시도/시/군/구),2024,2025-07-29,세종시,%,101,청년인구비율 지표
행정구역별,청년여성인구(19~39세),51306.0,32,29010,A,In person,T001,DT_1YL20643,청년인구비율,인구총조사 청년인구비율(시도/시/군/구),2024,2025-07-29,세종시,명,101,청년인구비율 지표
행정구역별,전체인구,390156.0,33,29010,A,In person,T001,DT_1YL20643,청년인구비율,인구총조사 청년인구비율(시도/시/군/구),2024,2025-07-29,세종시,명,101,청년인구비율 지표
행정구역별,청년인구비율(19~39세),27.3,11,31,A,%,T001,DT_1YL20643,청년인구비율,인구총조사 청년인구비율(시도/시/군/구),2024,2025-07-29,경기도,%,101,청년인구비율 지표
행정구역별,청년인구(19~39세),3802125.0,12,31,A,In person,T001,DT_1YL20643,청년인구비율,인구총조사 청년인구비율(시도/시/군/구),2024,2025-07-29,경기도,명,101,청년인구비율 지표
행정구역별,전체인구,13914479.0,13,31,A,In person,T001,DT_1YL20643,청년인구비율,인구총조사 청년인구비율(시도/시/군/구),2024,2025-07-29,경기도,명,101,청년인구비율 지표
행정구역별,청년인구비율(19~34세),20.3,21,31,A,%,T001,DT_1YL20643,청년인구비율,인구총조사 청년인구비율(시도/시/군/구),2024,2025-07-29,경기도,%,101,청년인구비율 지표
행정구역별,청년인구(19~34세),2826382.0,22,31,A,In person,T001,DT_1YL20643,청년인구비율,인구총조사 청년인구비율(시도/시/군/구),2024,2025-07-29,경기도,명,101,청년인구비율 지표
행정구역별,전체인구,13914479.0,23,31,A,In person,T001,DT_1YL20643,청년인구비율,인구총조사 청년인구비율(시도/시/군/구),2024,2025-07-29,경기도,명,101,청년인구비율 지표
행정구역별,청년여성비율(19~39세),12.7,31,31,A,%,T001,DT_1YL20643,청년인구비율,인구총조사 청년인구비율(시도/시/군/구),2024,2025-07-29,경기도,%,101,청년인구비율 지표
행정구역별,청년여성인구(19~39세),1763182.0,32,31,A,In person,T001,DT_1YL20643,청년인구비율,인구총조사 청년인구비율(시도/시/군/구),2024,2025-07-29,경기도,명,101,청년인구비율 지표
행정구역별,전체인구,13914479.0,33,31,A,In person,T001,DT_1YL20643,청년인구비율,인구총조사 청년인구비율(시도/시/군/구),2024,2025-07-29,경기도,명,101,청년인구비율 지표
행정구역별,청년인구비율(19~39세),31.0,11,31010,A,%,T001,DT_1YL20643,청년인구비율,인구총조사 청년인구비율(시도/시/군/구),2024,2025-07-29,수원시,%,101,청년인구비율 지표
행정구역별,청년인구(19~39세),379915.0,12,31010,A,In person,T001,DT_1YL20643,청년인구비율,인구총조사 청년인구비율(시도/시/군/구),2024,2025-07-29,수원시,명,101,청년인구비율 지표
행정구역별,전체인구,1224979.0,13,31010,A,In person,T001,DT_1YL20643,청년인구비율,인구총조사 청년인구비율(시도/시/군/구),2024,2025-07-29,수원시,명,101,청년인구비율 지표
행정구역별,청년인구비율(19~34세),23.8,21,31010,A,%,T001,DT_1YL20643,청년인구비율,인구총조사 청년인구비율(시도/시/군/구),2024,2025-07-29,수원시,%,101,청년인구비율 지표
행정구역별,청년인구(19~34세),291881.0,22,31010,A,In person,T001,DT_1YL20643,청년인구비율,인구총조사 청년인구비율(시도/시/군/구),2024,2025-07-29,수원시,명,101,청년인구비율 지표
행정구역별,전체인구,1224979.0,23,31010,A,In person,T001,DT_1YL20643,청년인구비율,인구총조사 청년인구비율(시도/시/군/구),2024,2025-07-29,수원시,명,101,청년인구비율 지표
행정구역별,청년여성비율(19~39세),14.7,31,31010,A,%,T001,DT_1YL20643,청년인구비율,인구총조사 청년인구비율(시도/시/군/구),2024,2025-07-29,수원시,%,101,청년인구비율 지표
행정구역별,청년여성인구(19~39세),180067.0,32,31010,A,In person,T001,DT_1YL20643,청년인구비율,인구총조사 청년인구비율(시도/시/군/구),2024,2025-07-29,수원시,명,101,청년인구비율 지표
행정구역별,전체인구,1224979.0,33,31010,A,In person,T001,DT_1YL20643,청년인구비율,인구총조사 청년인구비율(시도/시/군/구),2024,2025-07-29,수원시,명,101,청년인구비율 지표
행정구역별,청년인구비율(19~39세),27.7,11,31020,A,%,T001,DT_1YL20643,청년인구비율,인구총조사 청년인구비율(시도/시/군/구),2024,2025-07-29,성남시,%,101,청년인구비율 지표
행정구역별,청년인구(19~39세),249626.0,12,31020,A,In person,T001,DT_1YL20643,청년인구비율,인구총조사 청년인구비율(시도/시/군/구),2024,2025-07-29,성남시,명,101,청년인구비율 지표
행정구역별,전체인구,900867.0,13,31020,A,In person,T001,DT_1YL20643,청년인구비율,인구총조사 청년인구비율(시도/시/군/구),2024,2025-07-29,성남시,명,101,청년인구비율 지표
행정구역별,청년인구비율(19~34세),20.7,21,31020,A,%,T001,DT_1YL20643,청년인구비율,인구총조사 청년인구비율(시도/시/군/구),2024,2025-07-29,성남시,%,101,청년인구비율 지표
행정구역별,청년인구(19~34세),186560.0,22,31020,A,In person,T001,DT_1YL20643,청년인구비율,인구총조사 청년인구비율(시도/시/군/구),2024,2025-07-29,성남시,명,101,청년인구비율 지표
행정구역별,전체인구,900867.0,23,31020,A,In person,T001,DT_1YL20643,청년인구비율,인구총조사 청년인구비율(시도/시/군/구),2024,2025-07-29,성남시,명,101,청년인구비율 지표
행정구역별,청년여성비율(19~39세),13.5,31,31020,A,%,T001,DT_1YL20643,청년인구비율,인구총조사 청년인구비율(시도/시/군/구),2024,2025-07-29,성남시,%,101,청년인구비율 지표
행정구역별,청년여성인구(19~39세),121530.0,32,31020,A,In person,T001,DT_1YL20643,청년인구비율,인구총조사 청년인구비율(시도/시/군/구),2024,2025-07-29,성남시,명,101,청년인구비율 지표
행정구역별,전체인구,900867.0,33,31020,A,In person,T001,DT_1YL20643,청년인구비율,인구총조사 청년인구비율(시도/시/군/구),2024,2025-07-29,성남시,명,101,청년인구비율 지표
행정구역별,청년인구비율(19~39세),26.2,11,31030,A,%,T001,DT_1YL20643,청년인구비율,인구총조사 청년인구비율(시도/시/군/구),2024,2025-07-29,의정부시,%,101,청년인구비율 지표
행정구역별,청년인구(19~39세),119596.0,12,31030,A,In person,T001,DT_1YL20643,청년인구비율,인구총조사 청년인구비율(시도/시/군/구),2024,2025-07-29,의정부시,명,101,청년인구비율 지표
행정구역별,전체인구,456516.0,13,31030,A,In person,T001,DT_1YL20643,청년인구비율,인구총조사 청년인구비율(시도/시/군/구),2024,2025-07-29,의정부시,명,101,청년인구비율 지표
행정구역별,청년인구비율(19~34세),20.0,21,31030,A,%,T001,DT_1YL20643,청년인구비율,인구총조사 청년인구비율(시도/시/군/구),2024,2025-07-29,의정부시,%,101,청년인구비율 지표
행정구역별,청년인구(19~34세),91372.0,22,31030,A,In person,T001,DT_1YL20643,청년인구비율,인구총조사 청년인구비율(시도/시/군/구),2024,2025-07-29,의정부시,명,101,청년인구비율 지표
행정구역별,전체인구,456516.0,23,31030,A,In person,T001,DT_1YL20643,청년인구비율,인구총조사 청년인구비율(시도/시/군/구),2024,2025-07-29,의정부시,명,101,청년인구비율 지표
행정구역별,청년여성비율(19~39세),12.9,31,31030,A,%,T001,DT_1YL20643,청년인구비율,인구총조사 청년인구비율(시도/시/군/구),2024,2025-07-29,의정부시,%,101,청년인구비율 지표
행정구역별,청년여성인구(19~39세),58997.0,32,31030,A,In person,T001,DT_1YL20643,청년인구비율,인구총조사 청년인구비율(시도/시/군/구),2024,2025-07-29,의정부시,명,101,청년인구비율 지표
행정구역별,전체인구,456516.0,33,31030,A,In person,T001,DT_1YL20643,청년인구비율,인구총조사 청년인구비율(시도/시/군/구),2024,2025-07-29,의정부시,명,101,청년인구비율 지표
행정구역별,청년인구비율(19~39세),27.5,11,31040,A,%,T001,DT_1YL20643,청년인구비율,인구총조사 청년인구비율(시도/시/군/구),2024,2025-07-29,안양시,%,101,청년인구비율 지표
행정구역별,청년인구(19~39세),150033.0,12,31040,A,In person,T001,DT_1YL20643,청년인구비율,인구총조사 청년인구비율(시도/시/군/구),2024,2025-07-29,안양시,명,101,청년인구비율 지표
행정구역별,전체인구,545800.0,13,31040,A,In person,T001,DT_1YL20643,청년인구비율,인구총조사 청년인구비율(시도/시/군/구),2024,2025-07-29,안양시,명,101,청년인구비율 지표
행정구역별,청년인구비율(19~34세),20.4,21,31040,A,%,T001,DT_1YL20643,청년인구비율,인구총조사 청년인구비율(시도/시/군/구),2024,2025-07-29,안양시,%,101,청년인구비율 지표
행정구역별,청년인구(19~34세),111195.0,22,31040,A,In person,T001,DT_1YL20643,청년인구비율,인구총조사 청년인구비율(시도/시/군/구),2024,2025-07-29,안양시,명,101,청년인구비율 지표
행정구역별,전체인구,545800.0,23,31040,A,In person,T001,DT_1YL20643,청년인구비율,인구총조사 청년인구비율(시도/시/군/구),2024,2025-07-29,안양시,명,101,청년인구비율 지표
행정구역별,청년여성비율(19~39세),13.3,31,31040,A,%,T001,DT_1YL20643,청년인구비율,인구총조사 청년인구비율(시도/시/군/구),2024,2025-07-29,안양시,%,101,청년인구비율 지표
행정구역별,청년여성인구(19~39세),72847.0,32,31040,A,In person,T001,DT_1YL20643,청년인구비율,인구총조사 청년인구비율(시도/시/군/구),2024,2025-07-29,안양시,명,101,청년인구비율 지표
행정구역별,전체인구,545800.0,33,31040,A,In person,T001,DT_1YL20643,청년인구비율,인구총조사 청년인구비율(시도/시/군/구),2024,2025-07-29,안양시,명,101,청년인구비율 지표
행정구역별,청년인구비율(19~39세),26.5,11,31050,A,%,T001,DT_1YL20643,청년인구비율,인구총조사 청년인구비율(시도/시/군/구),2024,2025-07-29,부천시,%,101,청년인구비율 지표
행정구역별,청년인구(19~39세),210495.0,12,31050,A,In person,T001,DT_1YL20643,청년인구비율,인구총조사 청년인구비율(시도/시/군/구),2024,2025-07-29,부천시,명,101,청년인구비율 지표
행정구역별,전체인구,794082.0,13,31050,A,In person,T001,DT_1YL20643,청년인구비율,인구총조사 청년인구비율(시도/시/군/구),2024,2025-07-29,부천시,명,101,청년인구비율 지표
행정구역별,청년인구비율(19~34세),19.8,21,31050,A,%,T001,DT_1YL20643,청년인구비율,인구총조사 청년인구비율(시도/시/군/구),2024,2025-07-29,부천시,%,101,청년인구비율 지표
행정구역별,청년인구(19~34세),156961.0,22,31050,A,In person,T001,DT_1YL20643,청년인구비율,인구총조사 청년인구비율(시도/시/군/구),2024,2025-07-29,부천시,명,101,청년인구비율 지표
행정구역별,전체인구,794082.0,23,31050,A,In person,T001,DT_1YL20643,청년인구비율,인구총조사 청년인구비율(시도/시/군/구),2024,2025-07-29,부천시,명,101,청년인구비율 지표
행정구역별,청년여성비율(19~39세),12.9,31,31050,A,%,T001,DT_1YL20643,청년인구비율,인구총조사 청년인구비율(시도/시/군/구),2024,2025-07-29,부천시,%,101,청년인구비율 지표
행정구역별,청년여성인구(19~39세),102203.0,32,31050,A,In person,T001,DT_1YL20643,청년인구비율,인구총조사 청년인구비율(시도/시/군/구),2024,2025-07-29,부천시,명,101,청년인구비율 지표
행정구역별,전체인구,794082.0,33,31050,A,In person,T001,DT_1YL20643,청년인구비율,인구총조사 청년인구비율(시도/시/군/구),2024,2025-07-29,부천시,명,101,청년인구비율 지표
행정구역별,청년인구비율(19~39세),25.1,11,31060,A,%,T001,DT_1YL20643,청년인구비율,인구총조사 청년인구비율(시도/시/군/구),2024,2025-07-29,광명시,%,101,청년인구비율 지표
행정구역별,청년인구(19~39세),68351.0,12,31060,A,In person,T001,DT_1YL20643,청년인구비율,인구총조사 청년인구비율(시도/시/군/구),2024,2025-07-29,광명시,명,101,청년인구비율 지표
행정구역별,전체인구,272371.0,13,31060,A,In person,T001,DT_1YL20643,청년인구비율,인구총조사 청년인구비율(시도/시/군/구),2024,2025-07-29,광명시,명,101,청년인구비율 지표
행정구역별,청년인구비율(19~34세),18.6,21,31060,A,%,T001,DT_1YL20643,청년인구비율,인구총조사 청년인구비율(시도/시/군/구),2024,2025-07-29,광명시,%,101,청년인구비율 지표
행정구역별,청년인구(19~34세),50697.0,22,31060,A,In person,T001,DT_1YL20643,청년인구비율,인구총조사 청년인구비율(시도/시/군/구),2024,2025-07-29,광명시,명,101,청년인구비율 지표
행정구역별,전체인구,272371.0,23,31060,A,In person,T001,DT_1YL20643,청년인구비율,인구총조사 청년인구비율(시도/시/군/구),2024,2025-07-29,광명시,명,101,청년인구비율 지표
행정구역별,청년여성비율(19~39세),12.2,31,31060,A,%,T001,DT_1YL20643,청년인구비율,인구총조사 청년인구비율(시도/시/군/구),2024,2025-07-29,광명시,%,101,청년인구비율 지표
행정구역별,청년여성인구(19~39세),33213.0,32,31060,A,In person,T001,DT_1YL20643,청년인구비율,인구총조사 청년인구비율(시도/시/군/구),2024,2025-07-29,광명시,명,101,청년인구비율 지표
행정구역별,전체인구,272371.0,33,31060,A,In person,T001,DT_1YL20643,청년인구비율,인구총조사 청년인구비율(시도/시/군/구),2024,2025-07-29,광명시,명,101,청년인구비율 지표
행정구역별,청년인구비율(19~39세),30.1,11,31070,A,%,T001,DT_1YL20643,청년인구비율,인구총조사 청년인구비율(시도/시/군/구),2024,2025-07-29,평택시,%,101,청년인구비율 지표
행정구역별,청년인구(19~39세),185397.0,12,31070,A,In person,T001,DT_1YL20643,청년인구비율,인구총조사 청년인구비율(시도/시/군/구),2024,2025-07-29,평택시,명,101,청년인구비율 지표
행정구역별,전체인구,615755.0,13,31070,A,In person,T001,DT_1YL20643,청년인구비율,인구총조사 청년인구비율(시도/시/군/구),2024,2025-07-29,평택시,명,101,청년인구비율 지표
행정구역별,청년인구비율(19~34세),22.1,21,31070,A,%,T001,DT_1YL20643,청년인구비율,인구총조사 청년인구비율(시도/시/군/구),2024,2025-07-29,평택시,%,101,청년인구비율 지표
행정구역별,청년인구(19~34세),136264.0,22,31070,A,In person,T001,DT_1YL20643,청년인구비율,인구총조사 청년인구비율(시도/시/군/구),2024,2025-07-29,평택시,명,101,청년인구비율 지표
행정구역별,전체인구,615755.0,23,31070,A,In person,T001,DT_1YL20643,청년인구비율,인구총조사 청년인구비율(시도/시/군/구),2024,2025-07-29,평택시,명,101,청년인구비율 지표
행정구역별,청년여성비율(19~39세),12.9,31,31070,A,%,T001,DT_1YL20643,청년인구비율,인구총조사 청년인구비율(시도/시/군/구),2024,2025-07-29,평택시,%,101,청년인구비율 지표
행정구역별,청년여성인구(19~39세),79264.0,32,31070,A,In person,T001,DT_1YL20643,청년인구비율,인구총조사 청년인구비율(시도/시/군/구),2024,2025-07-29,평택시,명,101,청년인구비율 지표
행정구역별,전체인구,615755.0,33,31070,A,In person,T001,DT_1YL20643,청년인구비율,인구총조사 청년인구비율(시도/시/군/구),2024,2025-07-29,평택시,명,101,청년인구비율 지표
행정구역별,청년인구비율(19~39세),22.4,11,31080,A,%,T001,DT_1YL20643,청년인구비율,인구총조사 청년인구비율(시도/시/군/구),2024,2025-07-29,동두천시,%,101,청년인구비율 지표
행정구역별,청년인구(19~39세),20075.0,12,31080,A,In person,T001,DT_1YL20643,청년인구비율,인구총조사 청년인구비율(시도/시/군/구),2024,2025-07-29,동두천시,명,101,청년인구비율 지표
행정구역별,전체인구,89466.0,13,31080,A,In person,T001,DT_1YL20643,청년인구비율,인구총조사 청년인구비율(시도/시/군/구),2024,2025-07-29,동두천시,명,101,청년인구비율 지표
행정구역별,청년인구비율(19~34세),17.4,21,31080,A,%,T001,DT_1YL20643,청년인구비율,인구총조사 청년인구비율(시도/시/군/구),2024,2025-07-29,동두천시,%,101,청년인구비율 지표
행정구역별,청년인구(19~34세),15590.0,22,31080,A,In person,T001,DT_1YL20643,청년인구비율,인구총조사 청년인구비율(시도/시/군/구),2024,2025-07-29,동두천시,명,101,청년인구비율 지표
행정구역별,전체인구,89466.0,23,31080,A,In person,T001,DT_1YL20643,청년인구비율,인구총조사 청년인구비율(시도/시/군/구),2024,2025-07-29,동두천시,명,101,청년인구비율 지표
행정구역별,청년여성비율(19~39세),10.3,31,31080,A,%,T001,DT_1YL20643,청년인구비율,인구총조사 청년인구비율(시도/시/군/구),2024,2025-07-29,동두천시,%,101,청년인구비율 지표
행정구역별,청년여성인구(19~39세),9240.0,32,31080,A,In person,T001,DT_1YL20643,청년인구비율,인구총조사 청년인구비율(시도/시/군/구),2024,2025-07-29,동두천시,명,101,청년인구비율 지표
행정구역별,전체인구,89466.0,33,31080,A,In person,T001,DT_1YL20643,청년인구비율,인구총조사 청년인구비율(시도/시/군/구),2024,2025-07-29,동두천시,명,101,청년인구비율 지표
행정구역별,청년인구비율(19~39세),29.5,11,31090,A,%,T001,DT_1YL20643,청년인구비율,인구총조사 청년인구비율(시도/시/군/구),2024,2025-07-29,안산시,%,101,청년인구비율 지표
행정구역별,청년인구(19~39세),206953.0,12,31090,A,In person,T001,DT_1YL20643,청년인구비율,인구총조사 청년인구비율(시도/시/군/구),2024,2025-07-29,안산시,명,101,청년인구비율 지표
행정구역별,전체인구,701551.0,13,31090,A,In person,T001,DT_1YL20643,청년인구비율,인구총조사 청년인구비율(시도/시/군/구),2024,2025-07-29,안산시,명,101,청년인구비율 지표
행정구역별,청년인구비율(19~34세),22.8,21,31090,A,%,T001,DT_1YL20643,청년인구비율,인구총조사 청년인구비율(시도/시/군/구),2024,2025-07-29,안산시,%,101,청년인구비율 지표
행정구역별,청년인구(19~34세),159848.0,22,31090,A,In person,T001,DT_1YL20643,청년인구비율,인구총조사 청년인구비율(시도/시/군/구),2024,2025-07-29,안산시,명,101,청년인구비율 지표
행정구역별,전체인구,701551.0,23,31090,A,In person,T001,DT_1YL20643,청년인구비율,인구총조사 청년인구비율(시도/시/군/구),2024,2025-07-29,안산시,명,101,청년인구비율 지표
행정구역별,청년여성비율(19~39세),13.2,31,31090,A,%,T001,DT_1YL20643,청년인구비율,인구총조사 청년인구비율(시도/시/군/구),2024,2025-07-29,안산시,%,101,청년인구비율 지표
행정구역별,청년여성인구(19~39세),92307.0,32,31090,A,In person,T001,DT_1YL20643,청년인구비율,인구총조사 청년인구비율(시도/시/군/구),2024,2025-07-29,안산시,명,101,청년인구비율 지표
행정구역별,전체인구,701551.0,33,31090,A,In person,T001,DT_1YL20643,청년인구비율,인구총조사 청년인구비율(시도/시/군/구),2024,2025-07-29,안산시,명,101,청년인구비율 지표
행정구역별,청년인구비율(19~39세),25.7,11,31100,A,%,T001,DT_1YL20643,청년인구비율,인구총조사 청년인구비율(시도/시/군/구),2024,2025-07-29,고양시,%,101,청년인구비율 지표
행정구역별,청년인구(19~39세),268688.0,12,31100,A,In person,T001,DT_1YL20643,청년인구비율,인구총조사 청년인구비율(시도/시/군/구),2024,2025-07-29,고양시,명,101,청년인구비율 지표
행정구역별,전체인구,1044968.0,13,31100,A,In person,T001,DT_1YL20643,청년인구비율,인구총조사 청년인구비율(시도/시/군/구),2024,2025-07-29,고양시,명,101,청년인구비율 지표
행정구역별,청년인구비율(19~34세),19.2,21,31100,A,%,T001,DT_1YL20643,청년인구비율,인구총조사 청년인구비율(시도/시/군/구),2024,2025-07-29,고양시,%,101,청년인구비율 지표
행정구역별,청년인구(19~34세),200566.0,22,31100,A,In person,T001,DT_1YL20643,청년인구비율,인구총조사 청년인구비율(시도/시/군/구),2024,2025-07-29,고양시,명,101,청년인구비율 지표
행정구역별,전체인구,1044968.0,23,31100,A,In person,T001,DT_1YL20643,청년인구비율,인구총조사 청년인구비율(시도/시/군/구),2024,2025-07-29,고양시,명,101,청년인구비율 지표
행정구역별,청년여성비율(19~39세),12.7,31,31100,A,%,T001,DT_1YL20643,청년인구비율,인구총조사 청년인구비율(시도/시/군/구),2024,2025-07-29,고양시,%,101,청년인구비율 지표
행정구역별,청년여성인구(19~39세),132718.0,32,31100,A,In person,T001,DT_1YL20643,청년인구비율,인구총조사 청년인구비율(시도/시/군/구),2024,2025-07-29,고양시,명,101,청년인구비율 지표
행정구역별,전체인구,1044968.0,33,31100,A,In person,T001,DT_1YL20643,청년인구비율,인구총조사 청년인구비율(시도/시/군/구),2024,2025-07-29,고양시,명,101,청년인구비율 지표
행정구역별,청년인구비율(19~39세),26.4,11,31110,A,%,T001,DT_1YL20643,청년인구비율,인구총조사 청년인구비율(시도/시/군/구),2024,2025-07-29,과천시,%,101,청년인구비율 지표
행정구역별,청년인구(19~39세),21456.0,12,31110,A,In person,T001,DT_1YL20643,청년인구비율,인구총조사 청년인구비율(시도/시/군/구),2024,2025-07-29,과천시,명,101,청년인구비율 지표
행정구역별,전체인구,81213.0,13,31110,A,In person,T001,DT_1YL20643,청년인구비율,인구총조사 청년인구비율(시도/시/군/구),2024,2025-07-29,과천시,명,101,청년인구비율 지표
행정구역별,청년인구비율(19~34세),18.3,21,31110,A,%,T001,DT_1YL20643,청년인구비율,인구총조사 청년인구비율(시도/시/군/구),2024,2025-07-29,과천시,%,101,청년인구비율 지표
행정구역별,청년인구(19~34세),14867.0,22,31110,A,In person,T001,DT_1YL20643,청년인구비율,인구총조사 청년인구비율(시도/시/군/구),2024,2025-07-29,과천시,명,101,청년인구비율 지표
행정구역별,전체인구,81213.0,23,31110,A,In person,T001,DT_1YL20643,청년인구비율,인구총조사 청년인구비율(시도/시/군/구),2024,2025-07-29,과천시,명,101,청년인구비율 지표
행정구역별,청년여성비율(19~39세),13.3,31,31110,A,%,T001,DT_1YL20643,청년인구비율,인구총조사 청년인구비율(시도/시/군/구),2024,2025-07-29,과천시,%,101,청년인구비율 지표
행정구역별,청년여성인구(19~39세),10805.0,32,31110,A,In person,T001,DT_1YL20643,청년인구비율,인구총조사 청년인구비율(시도/시/군/구),2024,2025-07-29,과천시,명,101,청년인구비율 지표
행정구역별,전체인구,81213.0,33,31110,A,In person,T001,DT_1YL20643,청년인구비율,인구총조사 청년인구비율(시도/시/군/구),2024,2025-07-29,과천시,명,101,청년인구비율 지표
행정구역별,청년인구비율(19~39세),25.4,11,31120,A,%,T001,DT_1YL20643,청년인구비율,인구총조사 청년인구비율(시도/시/군/구),2024,2025-07-29,구리시,%,101,청년인구비율 지표
행정구역별,청년인구(19~39세),46343.0,12,31120,A,In person,T001,DT_1YL20643,청년인구비율,인구총조사 청년인구비율(시도/시/군/구),2024,2025-07-29,구리시,명,101,청년인구비율 지표
행정구역별,전체인구,182102.0,13,31120,A,In person,T001,DT_1YL20643,청년인구비율,인구총조사 청년인구비율(시도/시/군/구),2024,2025-07-29,구리시,명,101,청년인구비율 지표
행정구역별,청년인구비율(19~34세),19.2,21,31120,A,%,T001,DT_1YL20643,청년인구비율,인구총조사 청년인구비율(시도/시/군/구),2024,2025-07-29,구리시,%,101,청년인구비율 지표
행정구역별,청년인구(19~34세),35024.0,22,31120,A,In person,T001,DT_1YL20643,청년인구비율,인구총조사 청년인구비율(시도/시/군/구),2024,2025-07-29,구리시,명,101,청년인구비율 지표
행정구역별,전체인구,182102.0,23,31120,A,In person,T001,DT_1YL20643,청년인구비율,인구총조사 청년인구비율(시도/시/군/구),2024,2025-07-29,구리시,명,101,청년인구비율 지표
행정구역별,청년여성비율(19~39세),12.5,31,31120,A,%,T001,DT_1YL20643,청년인구비율,인구총조사 청년인구비율(시도/시/군/구),2024,2025-07-29,구리시,%,101,청년인구비율 지표
행정구역별,청년여성인구(19~39세),22692.0,32,31120,A,In person,T001,DT_1YL20643,청년인구비율,인구총조사 청년인구비율(시도/시/군/구),2024,2025-07-29,구리시,명,101,청년인구비율 지표
행정구역별,전체인구,182102.0,33,31120,A,In person,T001,DT_1YL20643,청년인구비율,인구총조사 청년인구비율(시도/시/군/구),2024,2025-07-29,구리시,명,101,청년인구비율 지표
행정구역별,청년인구비율(19~39세),23.3,11,31130,A,%,T001,DT_1YL20643,청년인구비율,인구총조사 청년인구비율(시도/시/군/구),2024,2025-07-29,남양주시,%,101,청년인구비율 지표
행정구역별,청년인구(19~39세),167356.0,12,31130,A,In person,T001,DT_1YL20643,청년인구비율,인구총조사 청년인구비율(시도/시/군/구),2024,2025-07-29,남양주시,명,101,청년인구비율 지표
행정구역별,전체인구,718385.0,13,31130,A,In person,T001,DT_1YL20643,청년인구비율,인구총조사 청년인구비율(시도/시/군/구),2024,2025-07-29,남양주시,명,101,청년인구비율 지표
행정구역별,청년인구비율(19~34세),17.4,21,31130,A,%,T001,DT_1YL20643,청년인구비율,인구총조사 청년인구비율(시도/시/군/구),2024,2025-07-29,남양주시,%,101,청년인구비율 지표
행정구역별,청년인구(19~34세),124798.0,22,31130,A,In person,T001,DT_1YL20643,청년인구비율,인구총조사 청년인구비율(시도/시/군/구),2024,2025-07-29,남양주시,명,101,청년인구비율 지표
행정구역별,전체인구,718385.0,23,31130,A,In person,T001,DT_1YL20643,청년인구비율,인구총조사 청년인구비율(시도/시/군/구),2024,2025-07-29,남양주시,명,101,청년인구비율 지표
행정구역별,청년여성비율(19~39세),11.3,31,31130,A,%,T001,DT_1YL20643,청년인구비율,인구총조사 청년인구비율(시도/시/군/구),2024,2025-07-29,남양주시,%,101,청년인구비율 지표
행정구역별,청년여성인구(19~39세),81320.0,32,31130,A,In person,T001,DT_1YL20643,청년인구비율,인구총조사 청년인구비율(시도/시/군/구),2024,2025-07-29,남양주시,명,101,청년인구비율 지표
행정구역별,전체인구,718385.0,33,31130,A,In person,T001,DT_1YL20643,청년인구비율,인구총조사 청년인구비율(시도/시/군/구),2024,2025-07-29,남양주시,명,101,청년인구비율 지표
행정구역별,청년인구비율(19~39세),28.8,11,31140,A,%,T001,DT_1YL20643,청년인구비율,인구총조사 청년인구비율(시도/시/군/구),2024,2025-07-29,오산시,%,101,청년인구비율 지표
행정구역별,청년인구(19~39세),73160.0,12,31140,A,In person,T001,DT_1YL20643,청년인구비율,인구총조사 청년인구비율(시도/시/군/구),2024,2025-07-29,오산시,명,101,청년인구비율 지표
행정구역별,전체인구,254071.0,13,31140,A,In person,T001,DT_1YL20643,청년인구비율,인구총조사 청년인구비율(시도/시/군/구),2024,2025-07-29,오산시,명,101,청년인구비율 지표
행정구역별,청년인구비율(19~34세),20.6,21,31140,A,%,T001,DT_1YL20643,청년인구비율,인구총조사 청년인구비율(시도/시/군/구),2024,2025-07-29,오산시,%,101,청년인구비율 지표
행정구역별,청년인구(19~34세),52315.0,22,31140,A,In person,T001,DT_1YL20643,청년인구비율,인구총조사 청년인구비율(시도/시/군/구),2024,2025-07-29,오산시,명,101,청년인구비율 지표
행정구역별,전체인구,254071.0,23,31140,A,In person,T001,DT_1YL20643,청년인구비율,인구총조사 청년인구비율(시도/시/군/구),2024,2025-07-29,오산시,명,101,청년인구비율 지표
행정구역별,청년여성비율(19~39세),12.9,31,31140,A,%,T001,DT_1YL20643,청년인구비율,인구총조사 청년인구비율(시도/시/군/구),2024,2025-07-29,오산시,%,101,청년인구비율 지표
행정구역별,청년여성인구(19~39세),32880.0,32,31140,A,In person,T001,DT_1YL20643,청년인구비율,인구총조사 청년인구비율(시도/시/군/구),2024,2025-07-29,오산시,명,101,청년인구비율 지표
행정구역별,전체인구,254071.0,33,31140,A,In person,T001,DT_1YL20643,청년인구비율,인구총조사 청년인구비율(시도/시/군/구),2024,2025-07-29,오산시,명,101,청년인구비율 지표
행정구역별,청년인구비율(19~39세),28.4,11,31150,A,%,T001,DT_1YL20643,청년인구비율,인구총조사 청년인구비율(시도/시/군/구),2024,2025-07-29,시흥시,%,101,청년인구비율 지표
행정구역별,청년인구(19~39세),162683.0,12,31150,A,In person,T001,DT_1YL20643,청년인구비율,인구총조사 청년인구비율(시도/시/군/구),2024,2025-07-29,시흥시,명,101,청년인구비율 지표
행정구역별,전체인구,571982.0,13,31150,A,In person,T001,DT_1YL20643,청년인구비율,인구총조사 청년인구비율(시도/시/군/구),2024,2025-07-29,시흥시,명,101,청년인구비율 지표
행정구역별,청년인구비율(19~34세),20.4,21,31150,A,%,T001,DT_1YL20643,청년인구비율,인구총조사 청년인구비율(시도/시/군/구),2024,2025-07-29,시흥시,%,101,청년인구비율 지표
행정구역별,청년인구(19~34세),116424.0,22,31150,A,In person,T001,DT_1YL20643,청년인구비율,인구총조사 청년인구비율(시도/시/군/구),2024,2025-07-29,시흥시,명,101,청년인구비율 지표
행정구역별,전체인구,571982.0,23,31150,A,In person,T001,DT_1YL20643,청년인구비율,인구총조사 청년인구비율(시도/시/군/구),2024,2025-07-29,시흥시,명,101,청년인구비율 지표
행정구역별,청년여성비율(19~39세),12.5,31,31150,A,%,T001,DT_1YL20643,청년인구비율,인구총조사 청년인구비율(시도/시/군/구),2024,2025-07-29,시흥시,%,101,청년인구비율 지표
행정구역별,청년여성인구(19~39세),71428.0,32,31150,A,In person,T001,DT_1YL20643,청년인구비율,인구총조사 청년인구비율(시도/시/군/구),2024,2025-07-29,시흥시,명,101,청년인구비율 지표
행정구역별,전체인구,571982.0,33,31150,A,In person,T001,DT_1YL20643,청년인구비율,인구총조사 청년인구비율(시도/시/군/구),2024,2025-07-29,시흥시,명,101,청년인구비율 지표
행정구역별,청년인구비율(19~39세),26.5,11,31160,A,%,T001,DT_1YL20643,청년인구비율,인구총조사 청년인구비율(시도/시/군/구),2024,2025-07-29,군포시,%,101,청년인구비율 지표
행정구역별,청년인구(19~39세),68458.0,12,31160,A,In person,T001,DT_1YL20643,청년인구비율,인구총조사 청년인구비율(시도/시/군/구),2024,2025-07-29,군포시,명,101,청년인구비율 지표
행정구역별,전체인구,258110.0,13,31160,A,In person,T001,DT_1YL20643,청년인구비율,인구총조사 청년인구비율(시도/시/군/구),2024,2025-07-29,군포시,명,101,청년인구비율 지표
행정구역별,청년인구비율(19~34세),20.1,21,31160,A,%,T001,DT_1YL20643,청년인구비율,인구총조사 청년인구비율(시도/시/군/구),2024,2025-07-29,군포시,%,101,청년인구비율 지표
행정구역별,청년인구(19~34세),51930.0,22,31160,A,In person,T001,DT_1YL20643,청년인구비율,인구총조사 청년인구비율(시도/시/군/구),2024,2025-07-29,군포시,명,101,청년인구비율 지표
행정구역별,전체인구,258110.0,23,31160,A,In person,T001,DT_1YL20643,청년인구비율,인구총조사 청년인구비율(시도/시/군/구),2024,2025-07-29,군포시,명,101,청년인구비율 지표
행정구역별,청년여성비율(19~39세),12.5,31,31160,A,%,T001,DT_1YL20643,청년인구비율,인구총조사 청년인구비율(시도/시/군/구),2024,2025-07-29,군포시,%,101,청년인구비율 지표
행정구역별,청년여성인구(19~39세),32152.0,32,31160,A,In person,T001,DT_1YL20643,청년인구비율,인구총조사 청년인구비율(시도/시/군/구),2024,2025-07-29,군포시,명,101,청년인구비율 지표
행정구역별,전체인구,258110.0,33,31160,A,In person,T001,DT_1YL20643,청년인구비율,인구총조사 청년인구비율(시도/시/군/구),2024,2025-07-29,군포시,명,101,청년인구비율 지표
행정구역별,청년인구비율(19~39세),26.8,11,31170,A,%,T001,DT_1YL20643,청년인구비율,인구총조사 청년인구비율(시도/시/군/구),2024,2025-07-29,의왕시,%,101,청년인구비율 지표
행정구역별,청년인구(19~39세),40556.0,12,31170,A,In person,T001,DT_1YL20643,청년인구비율,인구총조사 청년인구비율(시도/시/군/구),2024,2025-07-29,의왕시,명,101,청년인구비율 지표
행정구역별,전체인구,151306.0,13,31170,A,In person,T001,DT_1YL20643,청년인구비율,인구총조사 청년인구비율(시도/시/군/구),2024,2025-07-29,의왕시,명,101,청년인구비율 지표
행정구역별,청년인구비율(19~34세),19.9,21,31170,A,%,T001,DT_1YL20643,청년인구비율,인구총조사 청년인구비율(시도/시/군/구),2024,2025-07-29,의왕시,%,101,청년인구비율 지표
행정구역별,청년인구(19~34세),30059.0,22,31170,A,In person,T001,DT_1YL20643,청년인구비율,인구총조사 청년인구비율(시도/시/군/구),2024,2025-07-29,의왕시,명,101,청년인구비율 지표
행정구역별,전체인구,151306.0,23,31170,A,In person,T001,DT_1YL20643,청년인구비율,인구총조사 청년인구비율(시도/시/군/구),2024,2025-07-29,의왕시,명,101,청년인구비율 지표
행정구역별,청년여성비율(19~39세),12.9,31,31170,A,%,T001,DT_1YL20643,청년인구비율,인구총조사 청년인구비율(시도/시/군/구),2024,2025-07-29,의왕시,%,101,청년인구비율 지표
행정구역별,청년여성인구(19~39세),19486.0,32,31170,A,In person,T001,DT_1YL20643,청년인구비율,인구총조사 청년인구비율(시도/시/군/구),2024,2025-07-29,의왕시,명,101,청년인구비율 지표
행정구역별,전체인구,151306.0,33,31170,A,In person,T001,DT_1YL20643,청년인구비율,인구총조사 청년인구비율(시도/시/군/구),2024,2025-07-29,의왕시,명,101,청년인구비율 지표
행정구역별,청년인구비율(19~39세),26.2,11,31180,A,%,T001,DT_1YL20643,청년인구비율,인구총조사 청년인구비율(시도/시/군/구),2024,2025-07-29,하남시,%,101,청년인구비율 지표
행정구역별,청년인구(19~39세),84013.0,12,31180,A,In person,T001,DT_1YL20643,청년인구비율,인구총조사 청년인구비율(시도/시/군/구),2024,2025-07-29,하남시,명,101,청년인구비율 지표
행정구역별,전체인구,320872.0,13,31180,A,In person,T001,DT_1YL20643,청년인구비율,인구총조사 청년인구비율(시도/시/군/구),2024,2025-07-29,하남시,명,101,청년인구비율 지표
행정구역별,청년인구비율(19~34세),18.3,21,31180,A,%,T001,DT_1YL20643,청년인구비율,인구총조사 청년인구비율(시도/시/군/구),2024,2025-07-29,하남시,%,101,청년인구비율 지표
행정구역별,청년인구(19~34세),58583.0,22,31180,A,In person,T001,DT_1YL20643,청년인구비율,인구총조사 청년인구비율(시도/시/군/구),2024,2025-07-29,하남시,명,101,청년인구비율 지표
행정구역별,전체인구,320872.0,23,31180,A,In person,T001,DT_1YL20643,청년인구비율,인구총조사 청년인구비율(시도/시/군/구),2024,2025-07-29,하남시,명,101,청년인구비율 지표
행정구역별,청년여성비율(19~39세),13.2,31,31180,A,%,T001,DT_1YL20643,청년인구비율,인구총조사 청년인구비율(시도/시/군/구),2024,2025-07-29,하남시,%,101,청년인구비율 지표
행정구역별,청년여성인구(19~39세),42330.0,32,31180,A,In person,T001,DT_1YL20643,청년인구비율,인구총조사 청년인구비율(시도/시/군/구),2024,2025-07-29,하남시,명,101,청년인구비율 지표
행정구역별,전체인구,320872.0,33,31180,A,In person,T001,DT_1YL20643,청년인구비율,인구총조사 청년인구비율(시도/시/군/구),2024,2025-07-29,하남시,명,101,청년인구비율 지표
행정구역별,청년인구비율(19~39세),26.4,11,31190,A,%,T001,DT_1YL20643,청년인구비율,인구총조사 청년인구비율(시도/시/군/구),2024,2025-07-29,용인시,%,101,청년인구비율 지표
행정구역별,청년인구(19~39세),284694.0,12,31190,A,In person,T001,DT_1YL20643,청년인구비율,인구총조사 청년인구비율(시도/시/군/구),2024,2025-07-29,용인시,명,101,청년인구비율 지표
행정구역별,전체인구,1077481.0,13,31190,A,In person,T001,DT_1YL20643,청년인구비율,인구총조사 청년인구비율(시도/시/군/구),2024,2025-07-29,용인시,명,101,청년인구비율 지표
행정구역별,청년인구비율(19~34세),20.1,21,31190,A,%,T001,DT_1YL20643,청년인구비율,인구총조사 청년인구비율(시도/시/군/구),2024,2025-07-29,용인시,%,101,청년인구비율 지표
행정구역별,청년인구(19~34세),217025.0,22,31190,A,In person,T001,DT_1YL20643,청년인구비율,인구총조사 청년인구비율(시도/시/군/구),2024,2025-07-29,용인시,명,101,청년인구비율 지표
행정구역별,전체인구,1077481.0,23,31190,A,In person,T001,DT_1YL20643,청년인구비율,인구총조사 청년인구비율(시도/시/군/구),2024,2025-07-29,용인시,명,101,청년인구비율 지표
행정구역별,청년여성비율(19~39세),12.6,31,31190,A,%,T001,DT_1YL20643,청년인구비율,인구총조사 청년인구비율(시도/시/군/구),2024,2025-07-29,용인시,%,101,청년인구비율 지표
행정구역별,청년여성인구(19~39세),135355.0,32,31190,A,In person,T001,DT_1YL20643,청년인구비율,인구총조사 청년인구비율(시도/시/군/구),2024,2025-07-29,용인시,명,101,청년인구비율 지표
행정구역별,전체인구,1077481.0,33,31190,A,In person,T001,DT_1YL20643,청년인구비율,인구총조사 청년인구비율(시도/시/군/구),2024,2025-07-29,용인시,명,101,청년인구비율 지표
행정구역별,청년인구비율(19~39세),26.6,11,31200,A,%,T001,DT_1YL20643,청년인구비율,인구총조사 청년인구비율(시도/시/군/구),2024,2025-07-29,파주시,%,101,청년인구비율 지표
행정구역별,청년인구(19~39세),135622.0,12,31200,A,In person,T001,DT_1YL20643,청년인구비율,인구총조사 청년인구비율(시도/시/군/구),2024,2025-07-29,파주시,명,101,청년인구비율 지표
행정구역별,전체인구,510689.0,13,31200,A,In person,T001,DT_1YL20643,청년인구비율,인구총조사 청년인구비율(시도/시/군/구),2024,2025-07-29,파주시,명,101,청년인구비율 지표
행정구역별,청년인구비율(19~34세),19.0,21,31200,A,%,T001,DT_1YL20643,청년인구비율,인구총조사 청년인구비율(시도/시/군/구),2024,2025-07-29,파주시,%,101,청년인구비율 지표
행정구역별,청년인구(19~34세),97093.0,22,31200,A,In person,T001,DT_1YL20643,청년인구비율,인구총조사 청년인구비율(시도/시/군/구),2024,2025-07-29,파주시,명,101,청년인구비율 지표
행정구역별,전체인구,510689.0,23,31200,A,In person,T001,DT_1YL20643,청년인구비율,인구총조사 청년인구비율(시도/시/군/구),2024,2025-07-29,파주시,명,101,청년인구비율 지표
행정구역별,청년여성비율(19~39세),11.8,31,31200,A,%,T001,DT_1YL20643,청년인구비율,인구총조사 청년인구비율(시도/시/군/구),2024,2025-07-29,파주시,%,101,청년인구비율 지표
행정구역별,청년여성인구(19~39세),60318.0,32,31200,A,In person,T001,DT_1YL20643,청년인구비율,인구총조사 청년인구비율(시도/시/군/구),2024,2025-07-29,파주시,명,101,청년인구비율 지표
행정구역별,전체인구,510689.0,33,31200,A,In person,T001,DT_1YL20643,청년인구비율,인구총조사 청년인구비율(시도/시/군/구),2024,2025-07-29,파주시,명,101,청년인구비율 지표
행정구역별,청년인구비율(19~39세),29.6,11,31210,A,%,T001,DT_1YL20643,청년인구비율,인구총조사 청년인구비율(시도/시/군/구),2024,2025-07-29,이천시,%,101,청년인구비율 지표
행정구역별,청년인구(19~39세),68155.0,12,31210,A,In person,T001,DT_1YL20643,청년인구비율,인구총조사 청년인구비율(시도/시/군/구),2024,2025-07-29,이천시,명,101,청년인구비율 지표
행정구역별,전체인구,230189.0,13,31210,A,In person,T001,DT_1YL20643,청년인구비율,인구총조사 청년인구비율(시도/시/군/구),2024,2025-07-29,이천시,명,101,청년인구비율 지표
행정구역별,청년인구비율(19~34세),22.7,21,31210,A,%,T001,DT_1YL20643,청년인구비율,인구총조사 청년인구비율(시도/시/군/구),2024,2025-07-29,이천시,%,101,청년인구비율 지표
행정구역별,청년인구(19~34세),52184.0,22,31210,A,In person,T001,DT_1YL20643,청년인구비율,인구총조사 청년인구비율(시도/시/군/구),2024,2025-07-29,이천시,명,101,청년인구비율 지표
행정구역별,전체인구,230189.0,23,31210,A,In person,T001,DT_1YL20643,청년인구비율,인구총조사 청년인구비율(시도/시/군/구),2024,2025-07-29,이천시,명,101,청년인구비율 지표
행정구역별,청년여성비율(19~39세),12.5,31,31210,A,%,T001,DT_1YL20643,청년인구비율,인구총조사 청년인구비율(시도/시/군/구),2024,2025-07-29,이천시,%,101,청년인구비율 지표
행정구역별,청년여성인구(19~39세),28855.0,32,31210,A,In person,T001,DT_1YL20643,청년인구비율,인구총조사 청년인구비율(시도/시/군/구),2024,2025-07-29,이천시,명,101,청년인구비율 지표
행정구역별,전체인구,230189.0,33,31210,A,In person,T001,DT_1YL20643,청년인구비율,인구총조사 청년인구비율(시도/시/군/구),2024,2025-07-29,이천시,명,101,청년인구비율 지표
행정구역별,청년인구비율(19~39세),28.7,11,31220,A,%,T001,DT_1YL20643,청년인구비율,인구총조사 청년인구비율(시도/시/군/구),2024,2025-07-29,안성시,%,101,청년인구비율 지표
행정구역별,청년인구(19~39세),61824.0,12,31220,A,In person,T001,DT_1YL20643,청년인구비율,인구총조사 청년인구비율(시도/시/군/구),2024,2025-07-29,안성시,명,101,청년인구비율 지표
행정구역별,전체인구,215739.0,13,31220,A,In person,T001,DT_1YL20643,청년인구비율,인구총조사 청년인구비율(시도/시/군/구),2024,2025-07-29,안성시,명,101,청년인구비율 지표
행정구역별,청년인구비율(19~34세),22.1,21,31220,A,%,T001,DT_1YL20643,청년인구비율,인구총조사 청년인구비율(시도/시/군/구),2024,2025-07-29,안성시,%,101,청년인구비율 지표
행정구역별,청년인구(19~34세),47715.0,22,31220,A,In person,T001,DT_1YL20643,청년인구비율,인구총조사 청년인구비율(시도/시/군/구),2024,2025-07-29,안성시,명,101,청년인구비율 지표
행정구역별,전체인구,215739.0,23,31220,A,In person,T001,DT_1YL20643,청년인구비율,인구총조사 청년인구비율(시도/시/군/구),2024,2025-07-29,안성시,명,101,청년인구비율 지표
행정구역별,청년여성비율(19~39세),12.2,31,31220,A,%,T001,DT_1YL20643,청년인구비율,인구총조사 청년인구비율(시도/시/군/구),2024,2025-07-29,안성시,%,101,청년인구비율 지표
행정구역별,청년여성인구(19~39세),26227.0,32,31220,A,In person,T001,DT_1YL20643,청년인구비율,인구총조사 청년인구비율(시도/시/군/구),2024,2025-07-29,안성시,명,101,청년인구비율 지표
행정구역별,전체인구,215739.0,33,31220,A,In person,T001,DT_1YL20643,청년인구비율,인구총조사 청년인구비율(시도/시/군/구),2024,2025-07-29,안성시,명,101,청년인구비율 지표
행정구역별,청년인구비율(19~39세),25.8,11,31230,A,%,T001,DT_1YL20643,청년인구비율,인구총조사 청년인구비율(시도/시/군/구),2024,2025-07-29,김포시,%,101,청년인구비율 지표
행정구역별,청년인구(19~39세),129031.0,12,31230,A,In person,T001,DT_1YL20643,청년인구비율,인구총조사 청년인구비율(시도/시/군/구),2024,2025-07-29,김포시,명,101,청년인구비율 지표
행정구역별,전체인구,499536.0,13,31230,A,In person,T001,DT_1YL20643,청년인구비율,인구총조사 청년인구비율(시도/시/군/구),2024,2025-07-29,김포시,명,101,청년인구비율 지표
행정구역별,청년인구비율(19~34세),18.1,21,31230,A,%,T001,DT_1YL20643,청년인구비율,인구총조사 청년인구비율(시도/시/군/구),2024,2025-07-29,김포시,%,101,청년인구비율 지표
행정구역별,청년인구(19~34세),90604.0,22,31230,A,In person,T001,DT_1YL20643,청년인구비율,인구총조사 청년인구비율(시도/시/군/구),2024,2025-07-29,김포시,명,101,청년인구비율 지표
행정구역별,전체인구,499536.0,23,31230,A,In person,T001,DT_1YL20643,청년인구비율,인구총조사 청년인구비율(시도/시/군/구),2024,2025-07-29,김포시,명,101,청년인구비율 지표
행정구역별,청년여성비율(19~39세),11.5,31,31230,A,%,T001,DT_1YL20643,청년인구비율,인구총조사 청년인구비율(시도/시/군/구),2024,2025-07-29,김포시,%,101,청년인구비율 지표
행정구역별,청년여성인구(19~39세),57517.0,32,31230,A,In person,T001,DT_1YL20643,청년인구비율,인구총조사 청년인구비율(시도/시/군/구),2024,2025-07-29,김포시,명,101,청년인구비율 지표
행정구역별,전체인구,499536.0,33,31230,A,In person,T001,DT_1YL20643,청년인구비율,인구총조사 청년인구비율(시도/시/군/구),2024,2025-07-29,김포시,명,101,청년인구비율 지표
행정구역별,청년인구비율(19~39세),30.8,11,31240,A,%,T001,DT_1YL20643,청년인구비율,인구총조사 청년인구비율(시도/시/군/구),2024,2025-07-29,화성시,%,101,청년인구비율 지표
행정구역별,청년인구(19~39세),309251.0,12,31240,A,In person,T001,DT_1YL20643,청년인구비율,인구총조사 청년인구비율(시도/시/군/구),2024,2025-07-29,화성시,명,101,청년인구비율 지표
행정구역별,전체인구,1004079.0,13,31240,A,In person,T001,DT_1YL20643,청년인구비율,인구총조사 청년인구비율(시도/시/군/구),2024,2025-07-29,화성시,명,101,청년인구비율 지표
행정구역별,청년인구비율(19~34세),21.9,21,31240,A,%,T001,DT_1YL20643,청년인구비율,인구총조사 청년인구비율(시도/시/군/구),2024,2025-07-29,화성시,%,101,청년인구비율 지표
행정구역별,청년인구(19~34세),220208.0,22,31240,A,In person,T001,DT_1YL20643,청년인구비율,인구총조사 청년인구비율(시도/시/군/구),2024,2025-07-29,화성시,명,101,청년인구비율 지표
행정구역별,전체인구,1004079.0,23,31240,A,In person,T001,DT_1YL20643,청년인구비율,인구총조사 청년인구비율(시도/시/군/구),2024,2025-07-29,화성시,명,101,청년인구비율 지표
행정구역별,청년여성비율(19~39세),13.3,31,31240,A,%,T001,DT_1YL20643,청년인구비율,인구총조사 청년인구비율(시도/시/군/구),2024,2025-07-29,화성시,%,101,청년인구비율 지표
행정구역별,청년여성인구(19~39세),133757.0,32,31240,A,In person,T001,DT_1YL20643,청년인구비율,인구총조사 청년인구비율(시도/시/군/구),2024,2025-07-29,화성시,명,101,청년인구비율 지표
행정구역별,전체인구,1004079.0,33,31240,A,In person,T001,DT_1YL20643,청년인구비율,인구총조사 청년인구비율(시도/시/군/구),2024,2025-07-29,화성시,명,101,청년인구비율 지표
행정구역별,청년인구비율(19~39세),25.6,11,31250,A,%,T001,DT_1YL20643,청년인구비율,인구총조사 청년인구비율(시도/시/군/구),2024,2025-07-29,광주시,%,101,청년인구비율 지표
행정구역별,청년인구(19~39세),102945.0,12,31250,A,In person,T001,DT_1YL20643,청년인구비율,인구총조사 청년인구비율(시도/시/군/구),2024,2025-07-29,광주시,명,101,청년인구비율 지표
행정구역별,전체인구,402335.0,13,31250,A,In person,T001,DT_1YL20643,청년인구비율,인구총조사 청년인구비율(시도/시/군/구),2024,2025-07-29,광주시,명,101,청년인구비율 지표
행정구역별,청년인구비율(19~34세),18.5,21,31250,A,%,T001,DT_1YL20643,청년인구비율,인구총조사 청년인구비율(시도/시/군/구),2024,2025-07-29,광주시,%,101,청년인구비율 지표
행정구역별,청년인구(19~34세),74383.0,22,31250,A,In person,T001,DT_1YL20643,청년인구비율,인구총조사 청년인구비율(시도/시/군/구),2024,2025-07-29,광주시,명,101,청년인구비율 지표
행정구역별,전체인구,402335.0,23,31250,A,In person,T001,DT_1YL20643,청년인구비율,인구총조사 청년인구비율(시도/시/군/구),2024,2025-07-29,광주시,명,101,청년인구비율 지표
행정구역별,청년여성비율(19~39세),11.4,31,31250,A,%,T001,DT_1YL20643,청년인구비율,인구총조사 청년인구비율(시도/시/군/구),2024,2025-07-29,광주시,%,101,청년인구비율 지표
행정구역별,청년여성인구(19~39세),45946.0,32,31250,A,In person,T001,DT_1YL20643,청년인구비율,인구총조사 청년인구비율(시도/시/군/구),2024,2025-07-29,광주시,명,101,청년인구비율 지표
행정구역별,전체인구,402335.0,33,31250,A,In person,T001,DT_1YL20643,청년인구비율,인구총조사 청년인구비율(시도/시/군/구),2024,2025-07-29,광주시,명,101,청년인구비율 지표
행정구역별,청년인구비율(19~39세),26.3,11,31260,A,%,T001,DT_1YL20643,청년인구비율,인구총조사 청년인구비율(시도/시/군/구),2024,2025-07-29,양주시,%,101,청년인구비율 지표
행정구역별,청년인구(19~39세),76970.0,12,31260,A,In person,T001,DT_1YL20643,청년인구비율,인구총조사 청년인구비율(시도/시/군/구),2024,2025-07-29,양주시,명,101,청년인구비율 지표
행정구역별,전체인구,293000.0,13,31260,A,In person,T001,DT_1YL20643,청년인구비율,인구총조사 청년인구비율(시도/시/군/구),2024,2025-07-29,양주시,명,101,청년인구비율 지표
행정구역별,청년인구비율(19~34세),19.4,21,31260,A,%,T001,DT_1YL20643,청년인구비율,인구총조사 청년인구비율(시도/시/군/구),2024,2025-07-29,양주시,%,101,청년인구비율 지표
행정구역별,청년인구(19~34세),56785.0,22,31260,A,In person,T001,DT_1YL20643,청년인구비율,인구총조사 청년인구비율(시도/시/군/구),2024,2025-07-29,양주시,명,101,청년인구비율 지표
행정구역별,전체인구,293000.0,23,31260,A,In person,T001,DT_1YL20643,청년인구비율,인구총조사 청년인구비율(시도/시/군/구),2024,2025-07-29,양주시,명,101,청년인구비율 지표
행정구역별,청년여성비율(19~39세),11.9,31,31260,A,%,T001,DT_1YL20643,청년인구비율,인구총조사 청년인구비율(시도/시/군/구),2024,2025-07-29,양주시,%,101,청년인구비율 지표
행정구역별,청년여성인구(19~39세),34901.0,32,31260,A,In person,T001,DT_1YL20643,청년인구비율,인구총조사 청년인구비율(시도/시/군/구),2024,2025-07-29,양주시,명,101,청년인구비율 지표
행정구역별,전체인구,293000.0,33,31260,A,In person,T001,DT_1YL20643,청년인구비율,인구총조사 청년인구비율(시도/시/군/구),2024,2025-07-29,양주시,명,101,청년인구비율 지표
행정구역별,청년인구비율(19~39세),27.6,11,31270,A,%,T001,DT_1YL20643,청년인구비율,인구총조사 청년인구비율(시도/시/군/구),2024,2025-07-29,포천시,%,101,청년인구비율 지표
행정구역별,청년인구(19~39세),43446.0,12,31270,A,In person,T001,DT_1YL20643,청년인구비율,인구총조사 청년인구비율(시도/시/군/구),2024,2025-07-29,포천시,명,101,청년인구비율 지표
행정구역별,전체인구,157166.0,13,31270,A,In person,T001,DT_1YL20643,청년인구비율,인구총조사 청년인구비율(시도/시/군/구),2024,2025-07-29,포천시,명,101,청년인구비율 지표
행정구역별,청년인구비율(19~34세),21.8,21,31270,A,%,T001,DT_1YL20643,청년인구비율,인구총조사 청년인구비율(시도/시/군/구),2024,2025-07-29,포천시,%,101,청년인구비율 지표
행정구역별,청년인구(19~34세),34340.0,22,31270,A,In person,T001,DT_1YL20643,청년인구비율,인구총조사 청년인구비율(시도/시/군/구),2024,2025-07-29,포천시,명,101,청년인구비율 지표
행정구역별,전체인구,157166.0,23,31270,A,In person,T001,DT_1YL20643,청년인구비율,인구총조사 청년인구비율(시도/시/군/구),2024,2025-07-29,포천시,명,101,청년인구비율 지표
행정구역별,청년여성비율(19~39세),10.2,31,31270,A,%,T001,DT_1YL20643,청년인구비율,인구총조사 청년인구비율(시도/시/군/구),2024,2025-07-29,포천시,%,101,청년인구비율 지표
행정구역별,청년여성인구(19~39세),16029.0,32,31270,A,In person,T001,DT_1YL20643,청년인구비율,인구총조사 청년인구비율(시도/시/군/구),2024,2025-07-29,포천시,명,101,청년인구비율 지표
행정구역별,전체인구,157166.0,33,31270,A,In person,T001,DT_1YL20643,청년인구비율,인구총조사 청년인구비율(시도/시/군/구),2024,2025-07-29,포천시,명,101,청년인구비율 지표
행정구역별,청년인구비율(19~39세),22.8,11,31280,A,%,T001,DT_1YL20643,청년인구비율,인구총조사 청년인구비율(시도/시/군/구),2024,2025-07-29,여주시,%,101,청년인구비율 지표
행정구역별,청년인구(19~39세),26753.0,12,31280,A,In person,T001,DT_1YL20643,청년인구비율,인구총조사 청년인구비율(시도/시/군/구),2024,2025-07-29,여주시,명,101,청년인구비율 지표
행정구역별,전체인구,117477.0,13,31280,A,In person,T001,DT_1YL20643,청년인구비율,인구총조사 청년인구비율(시도/시/군/구),2024,2025-07-29,여주시,명,101,청년인구비율 지표
행정구역별,청년인구비율(19~34세),17.4,21,31280,A,%,T001,DT_1YL20643,청년인구비율,인구총조사 청년인구비율(시도/시/군/구),2024,2025-07-29,여주시,%,101,청년인구비율 지표
행정구역별,청년인구(19~34세),20470.0,22,31280,A,In person,T001,DT_1YL20643,청년인구비율,인구총조사 청년인구비율(시도/시/군/구),2024,2025-07-29,여주시,명,101,청년인구비율 지표
행정구역별,전체인구,117477.0,23,31280,A,In person,T001,DT_1YL20643,청년인구비율,인구총조사 청년인구비율(시도/시/군/구),2024,2025-07-29,여주시,명,101,청년인구비율 지표
행정구역별,청년여성비율(19~39세),9.9,31,31280,A,%,T001,DT_1YL20643,청년인구비율,인구총조사 청년인구비율(시도/시/군/구),2024,2025-07-29,여주시,%,101,청년인구비율 지표
행정구역별,청년여성인구(19~39세),11590.0,32,31280,A,In person,T001,DT_1YL20643,청년인구비율,인구총조사 청년인구비율(시도/시/군/구),2024,2025-07-29,여주시,명,101,청년인구비율 지표
행정구역별,전체인구,117477.0,33,31280,A,In person,T001,DT_1YL20643,청년인구비율,인구총조사 청년인구비율(시도/시/군/구),2024,2025-07-29,여주시,명,101,청년인구비율 지표
행정구역별,청년인구비율(19~39세),21.5,11,31550,A,%,T001,DT_1YL20643,청년인구비율,인구총조사 청년인구비율(시도/시/군/구),2024,2025-07-29,연천군,%,101,청년인구비율 지표
행정구역별,청년인구(19~39세),8699.0,12,31550,A,In person,T001,DT_1YL20643,청년인구비율,인구총조사 청년인구비율(시도/시/군/구),2024,2025-07-29,연천군,명,101,청년인구비율 지표
행정구역별,전체인구,40386.0,13,31550,A,In person,T001,DT_1YL20643,청년인구비율,인구총조사 청년인구비율(시도/시/군/구),2024,2025-07-29,연천군,명,101,청년인구비율 지표
행정구역별,청년인구비율(19~34세),16.9,21,31550,A,%,T001,DT_1YL20643,청년인구비율,인구총조사 청년인구비율(시도/시/군/구),2024,2025-07-29,연천군,%,101,청년인구비율 지표
행정구역별,청년인구(19~34세),6838.0,22,31550,A,In person,T001,DT_1YL20643,청년인구비율,인구총조사 청년인구비율(시도/시/군/구),2024,2025-07-29,연천군,명,101,청년인구비율 지표
행정구역별,전체인구,40386.0,23,31550,A,In person,T001,DT_1YL20643,청년인구비율,인구총조사 청년인구비율(시도/시/군/구),2024,2025-07-29,연천군,명,101,청년인구비율 지표
행정구역별,청년여성비율(19~39세),7.7,31,31550,A,%,T001,DT_1YL20643,청년인구비율,인구총조사 청년인구비율(시도/시/군/구),2024,2025-07-29,연천군,%,101,청년인구비율 지표
행정구역별,청년여성인구(19~39세),3119.0,32,31550,A,In person,T001,DT_1YL20643,청년인구비율,인구총조사 청년인구비율(시도/시/군/구),2024,2025-07-29,연천군,명,101,청년인구비율 지표
행정구역별,전체인구,40386.0,33,31550,A,In person,T001,DT_1YL20643,청년인구비율,인구총조사 청년인구비율(시도/시/군/구),2024,2025-07-29,연천군,명,101,청년인구비율 지표
행정구역별,청년인구비율(19~39세),18.3,11,31570,A,%,T001,DT_1YL20643,청년인구비율,인구총조사 청년인구비율(시도/시/군/구),2024,2025-07-29,가평군,%,101,청년인구비율 지표
행정구역별,청년인구(19~39세),11046.0,12,31570,A,In person,T001,DT_1YL20643,청년인구비율,인구총조사 청년인구비율(시도/시/군/구),2024,2025-07-29,가평군,명,101,청년인구비율 지표
행정구역별,전체인구,60384.0,13,31570,A,In person,T001,DT_1YL20643,청년인구비율,인구총조사 청년인구비율(시도/시/군/구),2024,2025-07-29,가평군,명,101,청년인구비율 지표
행정구역별,청년인구비율(19~34세),14.0,21,31570,A,%,T001,DT_1YL20643,청년인구비율,인구총조사 청년인구비율(시도/시/군/구),2024,2025-07-29,가평군,%,101,청년인구비율 지표
행정구역별,청년인구(19~34세),8454.0,22,31570,A,In person,T001,DT_1YL20643,청년인구비율,인구총조사 청년인구비율(시도/시/군/구),2024,2025-07-29,가평군,명,101,청년인구비율 지표
행정구역별,전체인구,60384.0,23,31570,A,In person,T001,DT_1YL20643,청년인구비율,인구총조사 청년인구비율(시도/시/군/구),2024,2025-07-29,가평군,명,101,청년인구비율 지표
행정구역별,청년여성비율(19~39세),8.0,31,31570,A,%,T001,DT_1YL20643,청년인구비율,인구총조사 청년인구비율(시도/시/군/구),2024,2025-07-29,가평군,%,101,청년인구비율 지표
행정구역별,청년여성인구(19~39세),4808.0,32,31570,A,In person,T001,DT_1YL20643,청년인구비율,인구총조사 청년인구비율(시도/시/군/구),2024,2025-07-29,가평군,명,101,청년인구비율 지표
행정구역별,전체인구,60384.0,33,31570,A,In person,T001,DT_1YL20643,청년인구비율,인구총조사 청년인구비율(시도/시/군/구),2024,2025-07-29,가평군,명,101,청년인구비율 지표
행정구역별,청년인구비율(19~39세),16.9,11,31580,A,%,T001,DT_1YL20643,청년인구비율,인구총조사 청년인구비율(시도/시/군/구),2024,2025-07-29,양평군,%,101,청년인구비율 지표
행정구역별,청년인구(19~39세),20535.0,12,31580,A,In person,T001,DT_1YL20643,청년인구비율,인구총조사 청년인구비율(시도/시/군/구),2024,2025-07-29,양평군,명,101,청년인구비율 지표
행정구역별,전체인구,121622.0,13,31580,A,In person,T001,DT_1YL20643,청년인구비율,인구총조사 청년인구비율(시도/시/군/구),2024,2025-07-29,양평군,명,101,청년인구비율 지표
행정구역별,청년인구비율(19~34세),12.6,21,31580,A,%,T001,DT_1YL20643,청년인구비율,인구총조사 청년인구비율(시도/시/군/구),2024,2025-07-29,양평군,%,101,청년인구비율 지표
행정구역별,청년인구(19~34세),15349.0,22,31580,A,In person,T001,DT_1YL20643,청년인구비율,인구총조사 청년인구비율(시도/시/군/구),2024,2025-07-29,양평군,명,101,청년인구비율 지표
행정구역별,전체인구,121622.0,23,31580,A,In person,T001,DT_1YL20643,청년인구비율,인구총조사 청년인구비율(시도/시/군/구),2024,2025-07-29,양평군,명,101,청년인구비율 지표
행정구역별,청년여성비율(19~39세),7.6,31,31580,A,%,T001,DT_1YL20643,청년인구비율,인구총조사 청년인구비율(시도/시/군/구),2024,2025-07-29,양평군,%,101,청년인구비율 지표
행정구역별,청년여성인구(19~39세),9281.0,32,31580,A,In person,T001,DT_1YL20643,청년인구비율,인구총조사 청년인구비율(시도/시/군/구),2024,2025-07-29,양평군,명,101,청년인구비율 지표
행정구역별,전체인구,121622.0,33,31580,A,In person,T001,DT_1YL20643,청년인구비율,인구총조사 청년인구비율(시도/시/군/구),2024,2025-07-29,양평군,명,101,청년인구비율 지표
행정구역별,청년인구비율(19~39세),22.9,11,32,A,%,T001,DT_1YL20643,청년인구비율,인구총조사 청년인구비율(시도/시/군/구),2024,2025-07-29,강원특별자치도,%,101,청년인구비율 지표
행정구역별,청년인구(19~39세),349461.0,12,32,A,In person,T001,DT_1YL20643,청년인구비율,인구총조사 청년인구비율(시도/시/군/구),2024,2025-07-29,강원특별자치도,명,101,청년인구비율 지표
행정구역별,전체인구,1522881.0,13,32,A,In person,T001,DT_1YL20643,청년인구비율,인구총조사 청년인구비율(시도/시/군/구),2024,2025-07-29,강원특별자치도,명,101,청년인구비율 지표
행정구역별,청년인구비율(19~34세),17.8,21,32,A,%,T001,DT_1YL20643,청년인구비율,인구총조사 청년인구비율(시도/시/군/구),2024,2025-07-29,강원특별자치도,%,101,청년인구비율 지표
행정구역별,청년인구(19~34세),270430.0,22,32,A,In person,T001,DT_1YL20643,청년인구비율,인구총조사 청년인구비율(시도/시/군/구),2024,2025-07-29,강원특별자치도,명,101,청년인구비율 지표
행정구역별,전체인구,1522881.0,23,32,A,In person,T001,DT_1YL20643,청년인구비율,인구총조사 청년인구비율(시도/시/군/구),2024,2025-07-29,강원특별자치도,명,101,청년인구비율 지표
행정구역별,청년여성비율(19~39세),10.2,31,32,A,%,T001,DT_1YL20643,청년인구비율,인구총조사 청년인구비율(시도/시/군/구),2024,2025-07-29,강원특별자치도,%,101,청년인구비율 지표
행정구역별,청년여성인구(19~39세),155592.0,32,32,A,In person,T001,DT_1YL20643,청년인구비율,인구총조사 청년인구비율(시도/시/군/구),2024,2025-07-29,강원특별자치도,명,101,청년인구비율 지표
행정구역별,전체인구,1522881.0,33,32,A,In person,T001,DT_1YL20643,청년인구비율,인구총조사 청년인구비율(시도/시/군/구),2024,2025-07-29,강원특별자치도,명,101,청년인구비율 지표
행정구역별,청년인구비율(19~39세),27.9,11,32010,A,%,T001,DT_1YL20643,청년인구비율,인구총조사 청년인구비율(시도/시/군/구),2024,2025-07-29,춘천시,%,101,청년인구비율 지표
행정구역별,청년인구(19~39세),81367.0,12,32010,A,In person,T001,DT_1YL20643,청년인구비율,인구총조사 청년인구비율(시도/시/군/구),2024,2025-07-29,춘천시,명,101,청년인구비율 지표
행정구역별,전체인구,291783.0,13,32010,A,In person,T001,DT_1YL20643,청년인구비율,인구총조사 청년인구비율(시도/시/군/구),2024,2025-07-29,춘천시,명,101,청년인구비율 지표
행정구역별,청년인구비율(19~34세),22.2,21,32010,A,%,T001,DT_1YL20643,청년인구비율,인구총조사 청년인구비율(시도/시/군/구),2024,2025-07-29,춘천시,%,101,청년인구비율 지표
행정구역별,청년인구(19~34세),64797.0,22,32010,A,In person,T001,DT_1YL20643,청년인구비율,인구총조사 청년인구비율(시도/시/군/구),2024,2025-07-29,춘천시,명,101,청년인구비율 지표
행정구역별,전체인구,291783.0,23,32010,A,In person,T001,DT_1YL20643,청년인구비율,인구총조사 청년인구비율(시도/시/군/구),2024,2025-07-29,춘천시,명,101,청년인구비율 지표
행정구역별,청년여성비율(19~39세),13.3,31,32010,A,%,T001,DT_1YL20643,청년인구비율,인구총조사 청년인구비율(시도/시/군/구),2024,2025-07-29,춘천시,%,101,청년인구비율 지표
행정구역별,청년여성인구(19~39세),38714.0,32,32010,A,In person,T001,DT_1YL20643,청년인구비율,인구총조사 청년인구비율(시도/시/군/구),2024,2025-07-29,춘천시,명,101,청년인구비율 지표
행정구역별,전체인구,291783.0,33,32010,A,In person,T001,DT_1YL20643,청년인구비율,인구총조사 청년인구비율(시도/시/군/구),2024,2025-07-29,춘천시,명,101,청년인구비율 지표
행정구역별,청년인구비율(19~39세),26.2,11,32020,A,%,T001,DT_1YL20643,청년인구비율,인구총조사 청년인구비율(시도/시/군/구),2024,2025-07-29,원주시,%,101,청년인구비율 지표
행정구역별,청년인구(19~39세),95694.0,12,32020,A,In person,T001,DT_1YL20643,청년인구비율,인구총조사 청년인구비율(시도/시/군/구),2024,2025-07-29,원주시,명,101,청년인구비율 지표
행정구역별,전체인구,365720.0,13,32020,A,In person,T001,DT_1YL20643,청년인구비율,인구총조사 청년인구비율(시도/시/군/구),2024,2025-07-29,원주시,명,101,청년인구비율 지표
행정구역별,청년인구비율(19~34세),20.1,21,32020,A,%,T001,DT_1YL20643,청년인구비율,인구총조사 청년인구비율(시도/시/군/구),2024,2025-07-29,원주시,%,101,청년인구비율 지표
행정구역별,청년인구(19~34세),73429.0,22,32020,A,In person,T001,DT_1YL20643,청년인구비율,인구총조사 청년인구비율(시도/시/군/구),2024,2025-07-29,원주시,명,101,청년인구비율 지표
행정구역별,전체인구,365720.0,23,32020,A,In person,T001,DT_1YL20643,청년인구비율,인구총조사 청년인구비율(시도/시/군/구),2024,2025-07-29,원주시,명,101,청년인구비율 지표
행정구역별,청년여성비율(19~39세),12.4,31,32020,A,%,T001,DT_1YL20643,청년인구비율,인구총조사 청년인구비율(시도/시/군/구),2024,2025-07-29,원주시,%,101,청년인구비율 지표
행정구역별,청년여성인구(19~39세),45355.0,32,32020,A,In person,T001,DT_1YL20643,청년인구비율,인구총조사 청년인구비율(시도/시/군/구),2024,2025-07-29,원주시,명,101,청년인구비율 지표
행정구역별,전체인구,365720.0,33,32020,A,In person,T001,DT_1YL20643,청년인구비율,인구총조사 청년인구비율(시도/시/군/구),2024,2025-07-29,원주시,명,101,청년인구비율 지표
행정구역별,청년인구비율(19~39세),23.4,11,32030,A,%,T001,DT_1YL20643,청년인구비율,인구총조사 청년인구비율(시도/시/군/구),2024,2025-07-29,강릉시,%,101,청년인구비율 지표
행정구역별,청년인구(19~39세),49678.0,12,32030,A,In person,T001,DT_1YL20643,청년인구비율,인구총조사 청년인구비율(시도/시/군/구),2024,2025-07-29,강릉시,명,101,청년인구비율 지표
행정구역별,전체인구,212352.0,13,32030,A,In person,T001,DT_1YL20643,청년인구비율,인구총조사 청년인구비율(시도/시/군/구),2024,2025-07-29,강릉시,명,101,청년인구비율 지표
행정구역별,청년인구비율(19~34세),18.7,21,32030,A,%,T001,DT_1YL20643,청년인구비율,인구총조사 청년인구비율(시도/시/군/구),2024,2025-07-29,강릉시,%,101,청년인구비율 지표
행정구역별,청년인구(19~34세),39645.0,22,32030,A,In person,T001,DT_1YL20643,청년인구비율,인구총조사 청년인구비율(시도/시/군/구),2024,2025-07-29,강릉시,명,101,청년인구비율 지표
행정구역별,전체인구,212352.0,23,32030,A,In person,T001,DT_1YL20643,청년인구비율,인구총조사 청년인구비율(시도/시/군/구),2024,2025-07-29,강릉시,명,101,청년인구비율 지표
행정구역별,청년여성비율(19~39세),10.5,31,32030,A,%,T001,DT_1YL20643,청년인구비율,인구총조사 청년인구비율(시도/시/군/구),2024,2025-07-29,강릉시,%,101,청년인구비율 지표
행정구역별,청년여성인구(19~39세),22196.0,32,32030,A,In person,T001,DT_1YL20643,청년인구비율,인구총조사 청년인구비율(시도/시/군/구),2024,2025-07-29,강릉시,명,101,청년인구비율 지표
행정구역별,전체인구,212352.0,33,32030,A,In person,T001,DT_1YL20643,청년인구비율,인구총조사 청년인구비율(시도/시/군/구),2024,2025-07-29,강릉시,명,101,청년인구비율 지표
행정구역별,청년인구비율(19~39세),18.5,11,32040,A,%,T001,DT_1YL20643,청년인구비율,인구총조사 청년인구비율(시도/시/군/구),2024,2025-07-29,동해시,%,101,청년인구비율 지표
행정구역별,청년인구(19~39세),15854.0,12,32040,A,In person,T001,DT_1YL20643,청년인구비율,인구총조사 청년인구비율(시도/시/군/구),2024,2025-07-29,동해시,명,101,청년인구비율 지표
행정구역별,전체인구,85673.0,13,32040,A,In person,T001,DT_1YL20643,청년인구비율,인구총조사 청년인구비율(시도/시/군/구),2024,2025-07-29,동해시,명,101,청년인구비율 지표
행정구역별,청년인구비율(19~34세),13.7,21,32040,A,%,T001,DT_1YL20643,청년인구비율,인구총조사 청년인구비율(시도/시/군/구),2024,2025-07-29,동해시,%,101,청년인구비율 지표
행정구역별,청년인구(19~34세),11729.0,22,32040,A,In person,T001,DT_1YL20643,청년인구비율,인구총조사 청년인구비율(시도/시/군/구),2024,2025-07-29,동해시,명,101,청년인구비율 지표
행정구역별,전체인구,85673.0,23,32040,A,In person,T001,DT_1YL20643,청년인구비율,인구총조사 청년인구비율(시도/시/군/구),2024,2025-07-29,동해시,명,101,청년인구비율 지표
행정구역별,청년여성비율(19~39세),7.7,31,32040,A,%,T001,DT_1YL20643,청년인구비율,인구총조사 청년인구비율(시도/시/군/구),2024,2025-07-29,동해시,%,101,청년인구비율 지표
행정구역별,청년여성인구(19~39세),6598.0,32,32040,A,In person,T001,DT_1YL20643,청년인구비율,인구총조사 청년인구비율(시도/시/군/구),2024,2025-07-29,동해시,명,101,청년인구비율 지표
행정구역별,전체인구,85673.0,33,32040,A,In person,T001,DT_1YL20643,청년인구비율,인구총조사 청년인구비율(시도/시/군/구),2024,2025-07-29,동해시,명,101,청년인구비율 지표
행정구역별,청년인구비율(19~39세),14.3,11,32050,A,%,T001,DT_1YL20643,청년인구비율,인구총조사 청년인구비율(시도/시/군/구),2024,2025-07-29,태백시,%,101,청년인구비율 지표
행정구역별,청년인구(19~39세),5390.0,12,32050,A,In person,T001,DT_1YL20643,청년인구비율,인구총조사 청년인구비율(시도/시/군/구),2024,2025-07-29,태백시,명,101,청년인구비율 지표
행정구역별,전체인구,37590.0,13,32050,A,In person,T001,DT_1YL20643,청년인구비율,인구총조사 청년인구비율(시도/시/군/구),2024,2025-07-29,태백시,명,101,청년인구비율 지표
행정구역별,청년인구비율(19~34세),10.3,21,32050,A,%,T001,DT_1YL20643,청년인구비율,인구총조사 청년인구비율(시도/시/군/구),2024,2025-07-29,태백시,%,101,청년인구비율 지표
행정구역별,청년인구(19~34세),3861.0,22,32050,A,In person,T001,DT_1YL20643,청년인구비율,인구총조사 청년인구비율(시도/시/군/구),2024,2025-07-29,태백시,명,101,청년인구비율 지표
행정구역별,전체인구,37590.0,23,32050,A,In person,T001,DT_1YL20643,청년인구비율,인구총조사 청년인구비율(시도/시/군/구),2024,2025-07-29,태백시,명,101,청년인구비율 지표
행정구역별,청년여성비율(19~39세),6.2,31,32050,A,%,T001,DT_1YL20643,청년인구비율,인구총조사 청년인구비율(시도/시/군/구),2024,2025-07-29,태백시,%,101,청년인구비율 지표
행정구역별,청년여성인구(19~39세),2315.0,32,32050,A,In person,T001,DT_1YL20643,청년인구비율,인구총조사 청년인구비율(시도/시/군/구),2024,2025-07-29,태백시,명,101,청년인구비율 지표
행정구역별,전체인구,37590.0,33,32050,A,In person,T001,DT_1YL20643,청년인구비율,인구총조사 청년인구비율(시도/시/군/구),2024,2025-07-29,태백시,명,101,청년인구비율 지표
행정구역별,청년인구비율(19~39세),20.8,11,32060,A,%,T001,DT_1YL20643,청년인구비율,인구총조사 청년인구비율(시도/시/군/구),2024,2025-07-29,속초시,%,101,청년인구비율 지표
행정구역별,청년인구(19~39세),16578.0,12,32060,A,In person,T001,DT_1YL20643,청년인구비율,인구총조사 청년인구비율(시도/시/군/구),2024,2025-07-29,속초시,명,101,청년인구비율 지표
행정구역별,전체인구,79758.0,13,32060,A,In person,T001,DT_1YL20643,청년인구비율,인구총조사 청년인구비율(시도/시/군/구),2024,2025-07-29,속초시,명,101,청년인구비율 지표
행정구역별,청년인구비율(19~34세),15.3,21,32060,A,%,T001,DT_1YL20643,청년인구비율,인구총조사 청년인구비율(시도/시/군/구),2024,2025-07-29,속초시,%,101,청년인구비율 지표
행정구역별,청년인구(19~34세),12180.0,22,32060,A,In person,T001,DT_1YL20643,청년인구비율,인구총조사 청년인구비율(시도/시/군/구),2024,2025-07-29,속초시,명,101,청년인구비율 지표
행정구역별,전체인구,79758.0,23,32060,A,In person,T001,DT_1YL20643,청년인구비율,인구총조사 청년인구비율(시도/시/군/구),2024,2025-07-29,속초시,명,101,청년인구비율 지표
행정구역별,청년여성비율(19~39세),9.0,31,32060,A,%,T001,DT_1YL20643,청년인구비율,인구총조사 청년인구비율(시도/시/군/구),2024,2025-07-29,속초시,%,101,청년인구비율 지표
행정구역별,청년여성인구(19~39세),7170.0,32,32060,A,In person,T001,DT_1YL20643,청년인구비율,인구총조사 청년인구비율(시도/시/군/구),2024,2025-07-29,속초시,명,101,청년인구비율 지표
행정구역별,전체인구,79758.0,33,32060,A,In person,T001,DT_1YL20643,청년인구비율,인구총조사 청년인구비율(시도/시/군/구),2024,2025-07-29,속초시,명,101,청년인구비율 지표
행정구역별,청년인구비율(19~39세),22.0,11,32070,A,%,T001,DT_1YL20643,청년인구비율,인구총조사 청년인구비율(시도/시/군/구),2024,2025-07-29,삼척시,%,101,청년인구비율 지표
행정구역별,청년인구(19~39세),13855.0,12,32070,A,In person,T001,DT_1YL20643,청년인구비율,인구총조사 청년인구비율(시도/시/군/구),2024,2025-07-29,삼척시,명,101,청년인구비율 지표
행정구역별,전체인구,62953.0,13,32070,A,In person,T001,DT_1YL20643,청년인구비율,인구총조사 청년인구비율(시도/시/군/구),2024,2025-07-29,삼척시,명,101,청년인구비율 지표
행정구역별,청년인구비율(19~34세),18.0,21,32070,A,%,T001,DT_1YL20643,청년인구비율,인구총조사 청년인구비율(시도/시/군/구),2024,2025-07-29,삼척시,%,101,청년인구비율 지표
행정구역별,청년인구(19~34세),11304.0,22,32070,A,In person,T001,DT_1YL20643,청년인구비율,인구총조사 청년인구비율(시도/시/군/구),2024,2025-07-29,삼척시,명,101,청년인구비율 지표
행정구역별,전체인구,62953.0,23,32070,A,In person,T001,DT_1YL20643,청년인구비율,인구총조사 청년인구비율(시도/시/군/구),2024,2025-07-29,삼척시,명,101,청년인구비율 지표
행정구역별,청년여성비율(19~39세),8.8,31,32070,A,%,T001,DT_1YL20643,청년인구비율,인구총조사 청년인구비율(시도/시/군/구),2024,2025-07-29,삼척시,%,101,청년인구비율 지표
행정구역별,청년여성인구(19~39세),5569.0,32,32070,A,In person,T001,DT_1YL20643,청년인구비율,인구총조사 청년인구비율(시도/시/군/구),2024,2025-07-29,삼척시,명,101,청년인구비율 지표
행정구역별,전체인구,62953.0,33,32070,A,In person,T001,DT_1YL20643,청년인구비율,인구총조사 청년인구비율(시도/시/군/구),2024,2025-07-29,삼척시,명,101,청년인구비율 지표
행정구역별,청년인구비율(19~39세),17.7,11,32510,A,%,T001,DT_1YL20643,청년인구비율,인구총조사 청년인구비율(시도/시/군/구),2024,2025-07-29,홍천군,%,101,청년인구비율 지표
행정구역별,청년인구(19~39세),11661.0,12,32510,A,In person,T001,DT_1YL20643,청년인구비율,인구총조사 청년인구비율(시도/시/군/구),2024,2025-07-29,홍천군,명,101,청년인구비율 지표
행정구역별,전체인구,65719.0,13,32510,A,In person,T001,DT_1YL20643,청년인구비율,인구총조사 청년인구비율(시도/시/군/구),2024,2025-07-29,홍천군,명,101,청년인구비율 지표
행정구역별,청년인구비율(19~34세),13.3,21,32510,A,%,T001,DT_1YL20643,청년인구비율,인구총조사 청년인구비율(시도/시/군/구),2024,2025-07-29,홍천군,%,101,청년인구비율 지표
행정구역별,청년인구(19~34세),8730.0,22,32510,A,In person,T001,DT_1YL20643,청년인구비율,인구총조사 청년인구비율(시도/시/군/구),2024,2025-07-29,홍천군,명,101,청년인구비율 지표
행정구역별,전체인구,65719.0,23,32510,A,In person,T001,DT_1YL20643,청년인구비율,인구총조사 청년인구비율(시도/시/군/구),2024,2025-07-29,홍천군,명,101,청년인구비율 지표
행정구역별,청년여성비율(19~39세),7.0,31,32510,A,%,T001,DT_1YL20643,청년인구비율,인구총조사 청년인구비율(시도/시/군/구),2024,2025-07-29,홍천군,%,101,청년인구비율 지표
행정구역별,청년여성인구(19~39세),4608.0,32,32510,A,In person,T001,DT_1YL20643,청년인구비율,인구총조사 청년인구비율(시도/시/군/구),2024,2025-07-29,홍천군,명,101,청년인구비율 지표
행정구역별,전체인구,65719.0,33,32510,A,In person,T001,DT_1YL20643,청년인구비율,인구총조사 청년인구비율(시도/시/군/구),2024,2025-07-29,홍천군,명,101,청년인구비율 지표
행정구역별,청년인구비율(19~39세),15.8,11,32520,A,%,T001,DT_1YL20643,청년인구비율,인구총조사 청년인구비율(시도/시/군/구),2024,2025-07-29,횡성군,%,101,청년인구비율 지표
행정구역별,청년인구(19~39세),7238.0,12,32520,A,In person,T001,DT_1YL20643,청년인구비율,인구총조사 청년인구비율(시도/시/군/구),2024,2025-07-29,횡성군,명,101,청년인구비율 지표
행정구역별,전체인구,45947.0,13,32520,A,In person,T001,DT_1YL20643,청년인구비율,인구총조사 청년인구비율(시도/시/군/구),2024,2025-07-29,횡성군,명,101,청년인구비율 지표
행정구역별,청년인구비율(19~34세),11.8,21,32520,A,%,T001,DT_1YL20643,청년인구비율,인구총조사 청년인구비율(시도/시/군/구),2024,2025-07-29,횡성군,%,101,청년인구비율 지표
행정구역별,청년인구(19~34세),5425.0,22,32520,A,In person,T001,DT_1YL20643,청년인구비율,인구총조사 청년인구비율(시도/시/군/구),2024,2025-07-29,횡성군,명,101,청년인구비율 지표
행정구역별,전체인구,45947.0,23,32520,A,In person,T001,DT_1YL20643,청년인구비율,인구총조사 청년인구비율(시도/시/군/구),2024,2025-07-29,횡성군,명,101,청년인구비율 지표
행정구역별,청년여성비율(19~39세),6.4,31,32520,A,%,T001,DT_1YL20643,청년인구비율,인구총조사 청년인구비율(시도/시/군/구),2024,2025-07-29,횡성군,%,101,청년인구비율 지표
행정구역별,청년여성인구(19~39세),2953.0,32,32520,A,In person,T001,DT_1YL20643,청년인구비율,인구총조사 청년인구비율(시도/시/군/구),2024,2025-07-29,횡성군,명,101,청년인구비율 지표
행정구역별,전체인구,45947.0,33,32520,A,In person,T001,DT_1YL20643,청년인구비율,인구총조사 청년인구비율(시도/시/군/구),2024,2025-07-29,횡성군,명,101,청년인구비율 지표
행정구역별,청년인구비율(19~39세),13.8,11,32530,A,%,T001,DT_1YL20643,청년인구비율,인구총조사 청년인구비율(시도/시/군/구),2024,2025-07-29,영월군,%,101,청년인구비율 지표
행정구역별,청년인구(19~39세),4891.0,12,32530,A,In person,T001,DT_1YL20643,청년인구비율,인구총조사 청년인구비율(시도/시/군/구),2024,2025-07-29,영월군,명,101,청년인구비율 지표
행정구역별,전체인구,35449.0,13,32530,A,In person,T001,DT_1YL20643,청년인구비율,인구총조사 청년인구비율(시도/시/군/구),2024,2025-07-29,영월군,명,101,청년인구비율 지표
행정구역별,청년인구비율(19~34세),10.3,21,32530,A,%,T001,DT_1YL20643,청년인구비율,인구총조사 청년인구비율(시도/시/군/구),2024,2025-07-29,영월군,%,101,청년인구비율 지표
행정구역별,청년인구(19~34세),3659.0,22,32530,A,In person,T001,DT_1YL20643,청년인구비율,인구총조사 청년인구비율(시도/시/군/구),2024,2025-07-29,영월군,명,101,청년인구비율 지표
행정구역별,전체인구,35449.0,23,32530,A,In person,T001,DT_1YL20643,청년인구비율,인구총조사 청년인구비율(시도/시/군/구),2024,2025-07-29,영월군,명,101,청년인구비율 지표
행정구역별,청년여성비율(19~39세),5.9,31,32530,A,%,T001,DT_1YL20643,청년인구비율,인구총조사 청년인구비율(시도/시/군/구),2024,2025-07-29,영월군,%,101,청년인구비율 지표
행정구역별,청년여성인구(19~39세),2084.0,32,32530,A,In person,T001,DT_1YL20643,청년인구비율,인구총조사 청년인구비율(시도/시/군/구),2024,2025-07-29,영월군,명,101,청년인구비율 지표
행정구역별,전체인구,35449.0,33,32530,A,In person,T001,DT_1YL20643,청년인구비율,인구총조사 청년인구비율(시도/시/군/구),2024,2025-07-29,영월군,명,101,청년인구비율 지표
행정구역별,청년인구비율(19~39세),14.7,11,32540,A,%,T001,DT_1YL20643,청년인구비율,인구총조사 청년인구비율(시도/시/군/구),2024,2025-07-29,평창군,%,101,청년인구비율 지표
행정구역별,청년인구(19~39세),5745.0,12,32540,A,In person,T001,DT_1YL20643,청년인구비율,인구총조사 청년인구비율(시도/시/군/구),2024,2025-07-29,평창군,명,101,청년인구비율 지표
행정구역별,전체인구,39016.0,13,32540,A,In person,T001,DT_1YL20643,청년인구비율,인구총조사 청년인구비율(시도/시/군/구),2024,2025-07-29,평창군,명,101,청년인구비율 지표
행정구역별,청년인구비율(19~34세),11.1,21,32540,A,%,T001,DT_1YL20643,청년인구비율,인구총조사 청년인구비율(시도/시/군/구),2024,2025-07-29,평창군,%,101,청년인구비율 지표
행정구역별,청년인구(19~34세),4316.0,22,32540,A,In person,T001,DT_1YL20643,청년인구비율,인구총조사 청년인구비율(시도/시/군/구),2024,2025-07-29,평창군,명,101,청년인구비율 지표
행정구역별,전체인구,39016.0,23,32540,A,In person,T001,DT_1YL20643,청년인구비율,인구총조사 청년인구비율(시도/시/군/구),2024,2025-07-29,평창군,명,101,청년인구비율 지표
행정구역별,청년여성비율(19~39세),6.0,31,32540,A,%,T001,DT_1YL20643,청년인구비율,인구총조사 청년인구비율(시도/시/군/구),2024,2025-07-29,평창군,%,101,청년인구비율 지표
행정구역별,청년여성인구(19~39세),2339.0,32,32540,A,In person,T001,DT_1YL20643,청년인구비율,인구총조사 청년인구비율(시도/시/군/구),2024,2025-07-29,평창군,명,101,청년인구비율 지표
행정구역별,전체인구,39016.0,33,32540,A,In person,T001,DT_1YL20643,청년인구비율,인구총조사 청년인구비율(시도/시/군/구),2024,2025-07-29,평창군,명,101,청년인구비율 지표
행정구역별,청년인구비율(19~39세),13.5,11,32550,A,%,T001,DT_1YL20643,청년인구비율,인구총조사 청년인구비율(시도/시/군/구),2024,2025-07-29,정선군,%,101,청년인구비율 지표
행정구역별,청년인구(19~39세),4393.0,12,32550,A,In person,T001,DT_1YL20643,청년인구비율,인구총조사 청년인구비율(시도/시/군/구),2024,2025-07-29,정선군,명,101,청년인구비율 지표
행정구역별,전체인구,32503.0,13,32550,A,In person,T001,DT_1YL20643,청년인구비율,인구총조사 청년인구비율(시도/시/군/구),2024,2025-07-29,정선군,명,101,청년인구비율 지표
행정구역별,청년인구비율(19~34세),9.5,21,32550,A,%,T001,DT_1YL20643,청년인구비율,인구총조사 청년인구비율(시도/시/군/구),2024,2025-07-29,정선군,%,101,청년인구비율 지표
행정구역별,청년인구(19~34세),3077.0,22,32550,A,In person,T001,DT_1YL20643,청년인구비율,인구총조사 청년인구비율(시도/시/군/구),2024,2025-07-29,정선군,명,101,청년인구비율 지표
행정구역별,전체인구,32503.0,23,32550,A,In person,T001,DT_1YL20643,청년인구비율,인구총조사 청년인구비율(시도/시/군/구),2024,2025-07-29,정선군,명,101,청년인구비율 지표
행정구역별,청년여성비율(19~39세),5.8,31,32550,A,%,T001,DT_1YL20643,청년인구비율,인구총조사 청년인구비율(시도/시/군/구),2024,2025-07-29,정선군,%,101,청년인구비율 지표
행정구역별,청년여성인구(19~39세),1899.0,32,32550,A,In person,T001,DT_1YL20643,청년인구비율,인구총조사 청년인구비율(시도/시/군/구),2024,2025-07-29,정선군,명,101,청년인구비율 지표
행정구역별,전체인구,32503.0,33,32550,A,In person,T001,DT_1YL20643,청년인구비율,인구총조사 청년인구비율(시도/시/군/구),2024,2025-07-29,정선군,명,101,청년인구비율 지표
행정구역별,청년인구비율(19~39세),22.2,11,32560,A,%,T001,DT_1YL20643,청년인구비율,인구총조사 청년인구비율(시도/시/군/구),2024,2025-07-29,철원군,%,101,청년인구비율 지표
행정구역별,청년인구(19~39세),8885.0,12,32560,A,In person,T001,DT_1YL20643,청년인구비율,인구총조사 청년인구비율(시도/시/군/구),2024,2025-07-29,철원군,명,101,청년인구비율 지표
행정구역별,전체인구,40069.0,13,32560,A,In person,T001,DT_1YL20643,청년인구비율,인구총조사 청년인구비율(시도/시/군/구),2024,2025-07-29,철원군,명,101,청년인구비율 지표
행정구역별,청년인구비율(19~34세),17.0,21,32560,A,%,T001,DT_1YL20643,청년인구비율,인구총조사 청년인구비율(시도/시/군/구),2024,2025-07-29,철원군,%,101,청년인구비율 지표
행정구역별,청년인구(19~34세),6817.0,22,32560,A,In person,T001,DT_1YL20643,청년인구비율,인구총조사 청년인구비율(시도/시/군/구),2024,2025-07-29,철원군,명,101,청년인구비율 지표
행정구역별,전체인구,40069.0,23,32560,A,In person,T001,DT_1YL20643,청년인구비율,인구총조사 청년인구비율(시도/시/군/구),2024,2025-07-29,철원군,명,101,청년인구비율 지표
행정구역별,청년여성비율(19~39세),8.6,31,32560,A,%,T001,DT_1YL20643,청년인구비율,인구총조사 청년인구비율(시도/시/군/구),2024,2025-07-29,철원군,%,101,청년인구비율 지표
행정구역별,청년여성인구(19~39세),3430.0,32,32560,A,In person,T001,DT_1YL20643,청년인구비율,인구총조사 청년인구비율(시도/시/군/구),2024,2025-07-29,철원군,명,101,청년인구비율 지표
행정구역별,전체인구,40069.0,33,32560,A,In person,T001,DT_1YL20643,청년인구비율,인구총조사 청년인구비율(시도/시/군/구),2024,2025-07-29,철원군,명,101,청년인구비율 지표
행정구역별,청년인구비율(19~39세),24.0,11,32570,A,%,T001,DT_1YL20643,청년인구비율,인구총조사 청년인구비율(시도/시/군/구),2024,2025-07-29,화천군,%,101,청년인구비율 지표
행정구역별,청년인구(19~39세),5349.0,12,32570,A,In person,T001,DT_1YL20643,청년인구비율,인구총조사 청년인구비율(시도/시/군/구),2024,2025-07-29,화천군,명,101,청년인구비율 지표
행정구역별,전체인구,22278.0,13,32570,A,In person,T001,DT_1YL20643,청년인구비율,인구총조사 청년인구비율(시도/시/군/구),2024,2025-07-29,화천군,명,101,청년인구비율 지표
행정구역별,청년인구비율(19~34세),18.7,21,32570,A,%,T001,DT_1YL20643,청년인구비율,인구총조사 청년인구비율(시도/시/군/구),2024,2025-07-29,화천군,%,101,청년인구비율 지표
행정구역별,청년인구(19~34세),4174.0,22,32570,A,In person,T001,DT_1YL20643,청년인구비율,인구총조사 청년인구비율(시도/시/군/구),2024,2025-07-29,화천군,명,101,청년인구비율 지표
행정구역별,전체인구,22278.0,23,32570,A,In person,T001,DT_1YL20643,청년인구비율,인구총조사 청년인구비율(시도/시/군/구),2024,2025-07-29,화천군,명,101,청년인구비율 지표
행정구역별,청년여성비율(19~39세),8.7,31,32570,A,%,T001,DT_1YL20643,청년인구비율,인구총조사 청년인구비율(시도/시/군/구),2024,2025-07-29,화천군,%,101,청년인구비율 지표
행정구역별,청년여성인구(19~39세),1948.0,32,32570,A,In person,T001,DT_1YL20643,청년인구비율,인구총조사 청년인구비율(시도/시/군/구),2024,2025-07-29,화천군,명,101,청년인구비율 지표
행정구역별,전체인구,22278.0,33,32570,A,In person,T001,DT_1YL20643,청년인구비율,인구총조사 청년인구비율(시도/시/군/구),2024,2025-07-29,화천군,명,101,청년인구비율 지표
행정구역별,청년인구비율(19~39세),22.6,11,32580,A,%,T001,DT_1YL20643,청년인구비율,인구총조사 청년인구비율(시도/시/군/구),2024,2025-07-29,양구군,%,101,청년인구비율 지표
행정구역별,청년인구(19~39세),4628.0,12,32580,A,In person,T001,DT_1YL20643,청년인구비율,인구총조사 청년인구비율(시도/시/군/구),2024,2025-07-29,양구군,명,101,청년인구비율 지표
행정구역별,전체인구,20443.0,13,32580,A,In person,T001,DT_1YL20643,청년인구비율,인구총조사 청년인구비율(시도/시/군/구),2024,2025-07-29,양구군,명,101,청년인구비율 지표
행정구역별,청년인구비율(19~34세),16.8,21,32580,A,%,T001,DT_1YL20643,청년인구비율,인구총조사 청년인구비율(시도/시/군/구),2024,2025-07-29,양구군,%,101,청년인구비율 지표
행정구역별,청년인구(19~34세),3436.0,22,32580,A,In person,T001,DT_1YL20643,청년인구비율,인구총조사 청년인구비율(시도/시/군/구),2024,2025-07-29,양구군,명,101,청년인구비율 지표
행정구역별,전체인구,20443.0,23,32580,A,In person,T001,DT_1YL20643,청년인구비율,인구총조사 청년인구비율(시도/시/군/구),2024,2025-07-29,양구군,명,101,청년인구비율 지표
행정구역별,청년여성비율(19~39세),8.4,31,32580,A,%,T001,DT_1YL20643,청년인구비율,인구총조사 청년인구비율(시도/시/군/구),2024,2025-07-29,양구군,%,101,청년인구비율 지표
행정구역별,청년여성인구(19~39세),1708.0,32,32580,A,In person,T001,DT_1YL20643,청년인구비율,인구총조사 청년인구비율(시도/시/군/구),2024,2025-07-29,양구군,명,101,청년인구비율 지표
행정구역별,전체인구,20443.0,33,32580,A,In person,T001,DT_1YL20643,청년인구비율,인구총조사 청년인구비율(시도/시/군/구),2024,2025-07-29,양구군,명,101,청년인구비율 지표
행정구역별,청년인구비율(19~39세),25.2,11,32590,A,%,T001,DT_1YL20643,청년인구비율,인구총조사 청년인구비율(시도/시/군/구),2024,2025-07-29,인제군,%,101,청년인구비율 지표
행정구역별,청년인구(19~39세),7864.0,12,32590,A,In person,T001,DT_1YL20643,청년인구비율,인구총조사 청년인구비율(시도/시/군/구),2024,2025-07-29,인제군,명,101,청년인구비율 지표
행정구역별,전체인구,31167.0,13,32590,A,In person,T001,DT_1YL20643,청년인구비율,인구총조사 청년인구비율(시도/시/군/구),2024,2025-07-29,인제군,명,101,청년인구비율 지표
행정구역별,청년인구비율(19~34세),18.9,21,32590,A,%,T001,DT_1YL20643,청년인구비율,인구총조사 청년인구비율(시도/시/군/구),2024,2025-07-29,인제군,%,101,청년인구비율 지표
행정구역별,청년인구(19~34세),5892.0,22,32590,A,In person,T001,DT_1YL20643,청년인구비율,인구총조사 청년인구비율(시도/시/군/구),2024,2025-07-29,인제군,명,101,청년인구비율 지표
행정구역별,전체인구,31167.0,23,32590,A,In person,T001,DT_1YL20643,청년인구비율,인구총조사 청년인구비율(시도/시/군/구),2024,2025-07-29,인제군,명,101,청년인구비율 지표
행정구역별,청년여성비율(19~39세),8.8,31,32590,A,%,T001,DT_1YL20643,청년인구비율,인구총조사 청년인구비율(시도/시/군/구),2024,2025-07-29,인제군,%,101,청년인구비율 지표
행정구역별,청년여성인구(19~39세),2754.0,32,32590,A,In person,T001,DT_1YL20643,청년인구비율,인구총조사 청년인구비율(시도/시/군/구),2024,2025-07-29,인제군,명,101,청년인구비율 지표
행정구역별,전체인구,31167.0,33,32590,A,In person,T001,DT_1YL20643,청년인구비율,인구총조사 청년인구비율(시도/시/군/구),2024,2025-07-29,인제군,명,101,청년인구비율 지표
행정구역별,청년인구비율(19~39세),22.6,11,32600,A,%,T001,DT_1YL20643,청년인구비율,인구총조사 청년인구비율(시도/시/군/구),2024,2025-07-29,고성군,%,101,청년인구비율 지표
행정구역별,청년인구(19~39세),6289.0,12,32600,A,In person,T001,DT_1YL20643,청년인구비율,인구총조사 청년인구비율(시도/시/군/구),2024,2025-07-29,고성군,명,101,청년인구비율 지표
행정구역별,전체인구,27774.0,13,32600,A,In person,T001,DT_1YL20643,청년인구비율,인구총조사 청년인구비율(시도/시/군/구),2024,2025-07-29,고성군,명,101,청년인구비율 지표
행정구역별,청년인구비율(19~34세),17.9,21,32600,A,%,T001,DT_1YL20643,청년인구비율,인구총조사 청년인구비율(시도/시/군/구),2024,2025-07-29,고성군,%,101,청년인구비율 지표
행정구역별,청년인구(19~34세),4963.0,22,32600,A,In person,T001,DT_1YL20643,청년인구비율,인구총조사 청년인구비율(시도/시/군/구),2024,2025-07-29,고성군,명,101,청년인구비율 지표
행정구역별,전체인구,27774.0,23,32600,A,In person,T001,DT_1YL20643,청년인구비율,인구총조사 청년인구비율(시도/시/군/구),2024,2025-07-29,고성군,명,101,청년인구비율 지표
행정구역별,청년여성비율(19~39세),8.2,31,32600,A,%,T001,DT_1YL20643,청년인구비율,인구총조사 청년인구비율(시도/시/군/구),2024,2025-07-29,고성군,%,101,청년인구비율 지표
행정구역별,청년여성인구(19~39세),2285.0,32,32600,A,In person,T001,DT_1YL20643,청년인구비율,인구총조사 청년인구비율(시도/시/군/구),2024,2025-07-29,고성군,명,101,청년인구비율 지표
행정구역별,전체인구,27774.0,33,32600,A,In person,T001,DT_1YL20643,청년인구비율,인구총조사 청년인구비율(시도/시/군/구),2024,2025-07-29,고성군,명,101,청년인구비율 지표
행정구역별,청년인구비율(19~39세),15.4,11,32610,A,%,T001,DT_1YL20643,청년인구비율,인구총조사 청년인구비율(시도/시/군/구),2024,2025-07-29,양양군,%,101,청년인구비율 지표
행정구역별,청년인구(19~39세),4102.0,12,32610,A,In person,T001,DT_1YL20643,청년인구비율,인구총조사 청년인구비율(시도/시/군/구),2024,2025-07-29,양양군,명,101,청년인구비율 지표
행정구역별,전체인구,26687.0,13,32610,A,In person,T001,DT_1YL20643,청년인구비율,인구총조사 청년인구비율(시도/시/군/구),2024,2025-07-29,양양군,명,101,청년인구비율 지표
행정구역별,청년인구비율(19~34세),11.2,21,32610,A,%,T001,DT_1YL20643,청년인구비율,인구총조사 청년인구비율(시도/시/군/구),2024,2025-07-29,양양군,%,101,청년인구비율 지표
행정구역별,청년인구(19~34세),2996.0,22,32610,A,In person,T001,DT_1YL20643,청년인구비율,인구총조사 청년인구비율(시도/시/군/구),2024,2025-07-29,양양군,명,101,청년인구비율 지표
행정구역별,전체인구,26687.0,23,32610,A,In person,T001,DT_1YL20643,청년인구비율,인구총조사 청년인구비율(시도/시/군/구),2024,2025-07-29,양양군,명,101,청년인구비율 지표
행정구역별,청년여성비율(19~39세),6.2,31,32610,A,%,T001,DT_1YL20643,청년인구비율,인구총조사 청년인구비율(시도/시/군/구),2024,2025-07-29,양양군,%,101,청년인구비율 지표
행정구역별,청년여성인구(19~39세),1667.0,32,32610,A,In person,T001,DT_1YL20643,청년인구비율,인구총조사 청년인구비율(시도/시/군/구),2024,2025-07-29,양양군,명,101,청년인구비율 지표
행정구역별,전체인구,26687.0,33,32610,A,In person,T001,DT_1YL20643,청년인구비율,인구총조사 청년인구비율(시도/시/군/구),2024,2025-07-29,양양군,명,101,청년인구비율 지표
행정구역별,청년인구비율(19~39세),26.0,11,33,A,%,T001,DT_1YL20643,청년인구비율,인구총조사 청년인구비율(시도/시/군/구),2024,2025-07-29,충청북도,%,101,청년인구비율 지표
행정구역별,청년인구(19~39세),428277.0,12,33,A,In person,T001,DT_1YL20643,청년인구비율,인구총조사 청년인구비율(시도/시/군/구),2024,2025-07-29,충청북도,명,101,청년인구비율 지표
행정구역별,전체인구,1646328.0,13,33,A,In person,T001,DT_1YL20643,청년인구비율,인구총조사 청년인구비율(시도/시/군/구),2024,2025-07-29,충청북도,명,101,청년인구비율 지표
행정구역별,청년인구비율(19~34세),20.0,21,33,A,%,T001,DT_1YL20643,청년인구비율,인구총조사 청년인구비율(시도/시/군/구),2024,2025-07-29,충청북도,%,101,청년인구비율 지표
행정구역별,청년인구(19~34세),329972.0,22,33,A,In person,T001,DT_1YL20643,청년인구비율,인구총조사 청년인구비율(시도/시/군/구),2024,2025-07-29,충청북도,명,101,청년인구비율 지표
행정구역별,전체인구,1646328.0,23,33,A,In person,T001,DT_1YL20643,청년인구비율,인구총조사 청년인구비율(시도/시/군/구),2024,2025-07-29,충청북도,명,101,청년인구비율 지표
행정구역별,청년여성비율(19~39세),11.3,31,33,A,%,T001,DT_1YL20643,청년인구비율,인구총조사 청년인구비율(시도/시/군/구),2024,2025-07-29,충청북도,%,101,청년인구비율 지표
행정구역별,청년여성인구(19~39세),185587.0,32,33,A,In person,T001,DT_1YL20643,청년인구비율,인구총조사 청년인구비율(시도/시/군/구),2024,2025-07-29,충청북도,명,101,청년인구비율 지표
행정구역별,전체인구,1646328.0,33,33,A,In person,T001,DT_1YL20643,청년인구비율,인구총조사 청년인구비율(시도/시/군/구),2024,2025-07-29,충청북도,명,101,청년인구비율 지표
행정구역별,청년인구비율(19~39세),25.0,11,33020,A,%,T001,DT_1YL20643,청년인구비율,인구총조사 청년인구비율(시도/시/군/구),2024,2025-07-29,충주시,%,101,청년인구비율 지표
행정구역별,청년인구(19~39세),53870.0,12,33020,A,In person,T001,DT_1YL20643,청년인구비율,인구총조사 청년인구비율(시도/시/군/구),2024,2025-07-29,충주시,명,101,청년인구비율 지표
행정구역별,전체인구,215904.0,13,33020,A,In person,T001,DT_1YL20643,청년인구비율,인구총조사 청년인구비율(시도/시/군/구),2024,2025-07-29,충주시,명,101,청년인구비율 지표
행정구역별,청년인구비율(19~34세),19.6,21,33020,A,%,T001,DT_1YL20643,청년인구비율,인구총조사 청년인구비율(시도/시/군/구),2024,2025-07-29,충주시,%,101,청년인구비율 지표
행정구역별,청년인구(19~34세),42348.0,22,33020,A,In person,T001,DT_1YL20643,청년인구비율,인구총조사 청년인구비율(시도/시/군/구),2024,2025-07-29,충주시,명,101,청년인구비율 지표
행정구역별,전체인구,215904.0,23,33020,A,In person,T001,DT_1YL20643,청년인구비율,인구총조사 청년인구비율(시도/시/군/구),2024,2025-07-29,충주시,명,101,청년인구비율 지표
행정구역별,청년여성비율(19~39세),10.5,31,33020,A,%,T001,DT_1YL20643,청년인구비율,인구총조사 청년인구비율(시도/시/군/구),2024,2025-07-29,충주시,%,101,청년인구비율 지표
행정구역별,청년여성인구(19~39세),22668.0,32,33020,A,In person,T001,DT_1YL20643,청년인구비율,인구총조사 청년인구비율(시도/시/군/구),2024,2025-07-29,충주시,명,101,청년인구비율 지표
행정구역별,전체인구,215904.0,33,33020,A,In person,T001,DT_1YL20643,청년인구비율,인구총조사 청년인구비율(시도/시/군/구),2024,2025-07-29,충주시,명,101,청년인구비율 지표
행정구역별,청년인구비율(19~39세),22.2,11,33030,A,%,T001,DT_1YL20643,청년인구비율,인구총조사 청년인구비율(시도/시/군/구),2024,2025-07-29,제천시,%,101,청년인구비율 지표
행정구역별,청년인구(19~39세),28997.0,12,33030,A,In person,T001,DT_1YL20643,청년인구비율,인구총조사 청년인구비율(시도/시/군/구),2024,2025-07-29,제천시,명,101,청년인구비율 지표
행정구역별,전체인구,130733.0,13,33030,A,In person,T001,DT_1YL20643,청년인구비율,인구총조사 청년인구비율(시도/시/군/구),2024,2025-07-29,제천시,명,101,청년인구비율 지표
행정구역별,청년인구비율(19~34세),17.7,21,33030,A,%,T001,DT_1YL20643,청년인구비율,인구총조사 청년인구비율(시도/시/군/구),2024,2025-07-29,제천시,%,101,청년인구비율 지표
행정구역별,청년인구(19~34세),23135.0,22,33030,A,In person,T001,DT_1YL20643,청년인구비율,인구총조사 청년인구비율(시도/시/군/구),2024,2025-07-29,제천시,명,101,청년인구비율 지표
행정구역별,전체인구,130733.0,23,33030,A,In person,T001,DT_1YL20643,청년인구비율,인구총조사 청년인구비율(시도/시/군/구),2024,2025-07-29,제천시,명,101,청년인구비율 지표
행정구역별,청년여성비율(19~39세),9.9,31,33030,A,%,T001,DT_1YL20643,청년인구비율,인구총조사 청년인구비율(시도/시/군/구),2024,2025-07-29,제천시,%,101,청년인구비율 지표
행정구역별,청년여성인구(19~39세),12912.0,32,33030,A,In person,T001,DT_1YL20643,청년인구비율,인구총조사 청년인구비율(시도/시/군/구),2024,2025-07-29,제천시,명,101,청년인구비율 지표
행정구역별,전체인구,130733.0,33,33030,A,In person,T001,DT_1YL20643,청년인구비율,인구총조사 청년인구비율(시도/시/군/구),2024,2025-07-29,제천시,명,101,청년인구비율 지표
행정구역별,청년인구비율(19~39세),28.9,11,33040,A,%,T001,DT_1YL20643,청년인구비율,인구총조사 청년인구비율(시도/시/군/구),2024,2025-07-29,청주시,%,101,청년인구비율 지표
행정구역별,청년인구(19~39세),252250.0,12,33040,A,In person,T001,DT_1YL20643,청년인구비율,인구총조사 청년인구비율(시도/시/군/구),2024,2025-07-29,청주시,명,101,청년인구비율 지표
행정구역별,전체인구,873368.0,13,33040,A,In person,T001,DT_1YL20643,청년인구비율,인구총조사 청년인구비율(시도/시/군/구),2024,2025-07-29,청주시,명,101,청년인구비율 지표
행정구역별,청년인구비율(19~34세),22.2,21,33040,A,%,T001,DT_1YL20643,청년인구비율,인구총조사 청년인구비율(시도/시/군/구),2024,2025-07-29,청주시,%,101,청년인구비율 지표
행정구역별,청년인구(19~34세),193956.0,22,33040,A,In person,T001,DT_1YL20643,청년인구비율,인구총조사 청년인구비율(시도/시/군/구),2024,2025-07-29,청주시,명,101,청년인구비율 지표
행정구역별,전체인구,873368.0,23,33040,A,In person,T001,DT_1YL20643,청년인구비율,인구총조사 청년인구비율(시도/시/군/구),2024,2025-07-29,청주시,명,101,청년인구비율 지표
행정구역별,청년여성비율(19~39세),13.1,31,33040,A,%,T001,DT_1YL20643,청년인구비율,인구총조사 청년인구비율(시도/시/군/구),2024,2025-07-29,청주시,%,101,청년인구비율 지표
행정구역별,청년여성인구(19~39세),114735.0,32,33040,A,In person,T001,DT_1YL20643,청년인구비율,인구총조사 청년인구비율(시도/시/군/구),2024,2025-07-29,청주시,명,101,청년인구비율 지표
행정구역별,전체인구,873368.0,33,33040,A,In person,T001,DT_1YL20643,청년인구비율,인구총조사 청년인구비율(시도/시/군/구),2024,2025-07-29,청주시,명,101,청년인구비율 지표
행정구역별,청년인구비율(19~39세),13.0,11,33520,A,%,T001,DT_1YL20643,청년인구비율,인구총조사 청년인구비율(시도/시/군/구),2024,2025-07-29,보은군,%,101,청년인구비율 지표
행정구역별,청년인구(19~39세),3895.0,12,33520,A,In person,T001,DT_1YL20643,청년인구비율,인구총조사 청년인구비율(시도/시/군/구),2024,2025-07-29,보은군,명,101,청년인구비율 지표
행정구역별,전체인구,29858.0,13,33520,A,In person,T001,DT_1YL20643,청년인구비율,인구총조사 청년인구비율(시도/시/군/구),2024,2025-07-29,보은군,명,101,청년인구비율 지표
행정구역별,청년인구비율(19~34세),9.7,21,33520,A,%,T001,DT_1YL20643,청년인구비율,인구총조사 청년인구비율(시도/시/군/구),2024,2025-07-29,보은군,%,101,청년인구비율 지표
행정구역별,청년인구(19~34세),2892.0,22,33520,A,In person,T001,DT_1YL20643,청년인구비율,인구총조사 청년인구비율(시도/시/군/구),2024,2025-07-29,보은군,명,101,청년인구비율 지표
행정구역별,전체인구,29858.0,23,33520,A,In person,T001,DT_1YL20643,청년인구비율,인구총조사 청년인구비율(시도/시/군/구),2024,2025-07-29,보은군,명,101,청년인구비율 지표
행정구역별,청년여성비율(19~39세),5.3,31,33520,A,%,T001,DT_1YL20643,청년인구비율,인구총조사 청년인구비율(시도/시/군/구),2024,2025-07-29,보은군,%,101,청년인구비율 지표
행정구역별,청년여성인구(19~39세),1583.0,32,33520,A,In person,T001,DT_1YL20643,청년인구비율,인구총조사 청년인구비율(시도/시/군/구),2024,2025-07-29,보은군,명,101,청년인구비율 지표
행정구역별,전체인구,29858.0,33,33520,A,In person,T001,DT_1YL20643,청년인구비율,인구총조사 청년인구비율(시도/시/군/구),2024,2025-07-29,보은군,명,101,청년인구비율 지표
행정구역별,청년인구비율(19~39세),15.5,11,33530,A,%,T001,DT_1YL20643,청년인구비율,인구총조사 청년인구비율(시도/시/군/구),2024,2025-07-29,옥천군,%,101,청년인구비율 지표
행정구역별,청년인구(19~39세),7351.0,12,33530,A,In person,T001,DT_1YL20643,청년인구비율,인구총조사 청년인구비율(시도/시/군/구),2024,2025-07-29,옥천군,명,101,청년인구비율 지표
행정구역별,전체인구,47416.0,13,33530,A,In person,T001,DT_1YL20643,청년인구비율,인구총조사 청년인구비율(시도/시/군/구),2024,2025-07-29,옥천군,명,101,청년인구비율 지표
행정구역별,청년인구비율(19~34세),11.9,21,33530,A,%,T001,DT_1YL20643,청년인구비율,인구총조사 청년인구비율(시도/시/군/구),2024,2025-07-29,옥천군,%,101,청년인구비율 지표
행정구역별,청년인구(19~34세),5632.0,22,33530,A,In person,T001,DT_1YL20643,청년인구비율,인구총조사 청년인구비율(시도/시/군/구),2024,2025-07-29,옥천군,명,101,청년인구비율 지표
행정구역별,전체인구,47416.0,23,33530,A,In person,T001,DT_1YL20643,청년인구비율,인구총조사 청년인구비율(시도/시/군/구),2024,2025-07-29,옥천군,명,101,청년인구비율 지표
행정구역별,청년여성비율(19~39세),6.4,31,33530,A,%,T001,DT_1YL20643,청년인구비율,인구총조사 청년인구비율(시도/시/군/구),2024,2025-07-29,옥천군,%,101,청년인구비율 지표
행정구역별,청년여성인구(19~39세),3030.0,32,33530,A,In person,T001,DT_1YL20643,청년인구비율,인구총조사 청년인구비율(시도/시/군/구),2024,2025-07-29,옥천군,명,101,청년인구비율 지표
행정구역별,전체인구,47416.0,33,33530,A,In person,T001,DT_1YL20643,청년인구비율,인구총조사 청년인구비율(시도/시/군/구),2024,2025-07-29,옥천군,명,101,청년인구비율 지표
행정구역별,청년인구비율(19~39세),15.9,11,33540,A,%,T001,DT_1YL20643,청년인구비율,인구총조사 청년인구비율(시도/시/군/구),2024,2025-07-29,영동군,%,101,청년인구비율 지표
행정구역별,청년인구(19~39세),6943.0,12,33540,A,In person,T001,DT_1YL20643,청년인구비율,인구총조사 청년인구비율(시도/시/군/구),2024,2025-07-29,영동군,명,101,청년인구비율 지표
행정구역별,전체인구,43730.0,13,33540,A,In person,T001,DT_1YL20643,청년인구비율,인구총조사 청년인구비율(시도/시/군/구),2024,2025-07-29,영동군,명,101,청년인구비율 지표
행정구역별,청년인구비율(19~34세),12.6,21,33540,A,%,T001,DT_1YL20643,청년인구비율,인구총조사 청년인구비율(시도/시/군/구),2024,2025-07-29,영동군,%,101,청년인구비율 지표
행정구역별,청년인구(19~34세),5505.0,22,33540,A,In person,T001,DT_1YL20643,청년인구비율,인구총조사 청년인구비율(시도/시/군/구),2024,2025-07-29,영동군,명,101,청년인구비율 지표
행정구역별,전체인구,43730.0,23,33540,A,In person,T001,DT_1YL20643,청년인구비율,인구총조사 청년인구비율(시도/시/군/구),2024,2025-07-29,영동군,명,101,청년인구비율 지표
행정구역별,청년여성비율(19~39세),6.8,31,33540,A,%,T001,DT_1YL20643,청년인구비율,인구총조사 청년인구비율(시도/시/군/구),2024,2025-07-29,영동군,%,101,청년인구비율 지표
행정구역별,청년여성인구(19~39세),2973.0,32,33540,A,In person,T001,DT_1YL20643,청년인구비율,인구총조사 청년인구비율(시도/시/군/구),2024,2025-07-29,영동군,명,101,청년인구비율 지표
행정구역별,전체인구,43730.0,33,33540,A,In person,T001,DT_1YL20643,청년인구비율,인구총조사 청년인구비율(시도/시/군/구),2024,2025-07-29,영동군,명,101,청년인구비율 지표
행정구역별,청년인구비율(19~39세),26.8,11,33550,A,%,T001,DT_1YL20643,청년인구비율,인구총조사 청년인구비율(시도/시/군/구),2024,2025-07-29,진천군,%,101,청년인구비율 지표
행정구역별,청년인구(19~39세),25881.0,12,33550,A,In person,T001,DT_1YL20643,청년인구비율,인구총조사 청년인구비율(시도/시/군/구),2024,2025-07-29,진천군,명,101,청년인구비율 지표
행정구역별,전체인구,96544.0,13,33550,A,In person,T001,DT_1YL20643,청년인구비율,인구총조사 청년인구비율(시도/시/군/구),2024,2025-07-29,진천군,명,101,청년인구비율 지표
행정구역별,청년인구비율(19~34세),19.3,21,33550,A,%,T001,DT_1YL20643,청년인구비율,인구총조사 청년인구비율(시도/시/군/구),2024,2025-07-29,진천군,%,101,청년인구비율 지표
행정구역별,청년인구(19~34세),18657.0,22,33550,A,In person,T001,DT_1YL20643,청년인구비율,인구총조사 청년인구비율(시도/시/군/구),2024,2025-07-29,진천군,명,101,청년인구비율 지표
행정구역별,전체인구,96544.0,23,33550,A,In person,T001,DT_1YL20643,청년인구비율,인구총조사 청년인구비율(시도/시/군/구),2024,2025-07-29,진천군,명,101,청년인구비율 지표
행정구역별,청년여성비율(19~39세),10.1,31,33550,A,%,T001,DT_1YL20643,청년인구비율,인구총조사 청년인구비율(시도/시/군/구),2024,2025-07-29,진천군,%,101,청년인구비율 지표
행정구역별,청년여성인구(19~39세),9736.0,32,33550,A,In person,T001,DT_1YL20643,청년인구비율,인구총조사 청년인구비율(시도/시/군/구),2024,2025-07-29,진천군,명,101,청년인구비율 지표
행정구역별,전체인구,96544.0,33,33550,A,In person,T001,DT_1YL20643,청년인구비율,인구총조사 청년인구비율(시도/시/군/구),2024,2025-07-29,진천군,명,101,청년인구비율 지표
행정구역별,청년인구비율(19~39세),17.2,11,33560,A,%,T001,DT_1YL20643,청년인구비율,인구총조사 청년인구비율(시도/시/군/구),2024,2025-07-29,괴산군,%,101,청년인구비율 지표
행정구역별,청년인구(19~39세),6435.0,12,33560,A,In person,T001,DT_1YL20643,청년인구비율,인구총조사 청년인구비율(시도/시/군/구),2024,2025-07-29,괴산군,명,101,청년인구비율 지표
행정구역별,전체인구,37346.0,13,33560,A,In person,T001,DT_1YL20643,청년인구비율,인구총조사 청년인구비율(시도/시/군/구),2024,2025-07-29,괴산군,명,101,청년인구비율 지표
행정구역별,청년인구비율(19~34세),14.0,21,33560,A,%,T001,DT_1YL20643,청년인구비율,인구총조사 청년인구비율(시도/시/군/구),2024,2025-07-29,괴산군,%,101,청년인구비율 지표
행정구역별,청년인구(19~34세),5214.0,22,33560,A,In person,T001,DT_1YL20643,청년인구비율,인구총조사 청년인구비율(시도/시/군/구),2024,2025-07-29,괴산군,명,101,청년인구비율 지표
행정구역별,전체인구,37346.0,23,33560,A,In person,T001,DT_1YL20643,청년인구비율,인구총조사 청년인구비율(시도/시/군/구),2024,2025-07-29,괴산군,명,101,청년인구비율 지표
행정구역별,청년여성비율(19~39세),6.3,31,33560,A,%,T001,DT_1YL20643,청년인구비율,인구총조사 청년인구비율(시도/시/군/구),2024,2025-07-29,괴산군,%,101,청년인구비율 지표
행정구역별,청년여성인구(19~39세),2355.0,32,33560,A,In person,T001,DT_1YL20643,청년인구비율,인구총조사 청년인구비율(시도/시/군/구),2024,2025-07-29,괴산군,명,101,청년인구비율 지표
행정구역별,전체인구,37346.0,33,33560,A,In person,T001,DT_1YL20643,청년인구비율,인구총조사 청년인구비율(시도/시/군/구),2024,2025-07-29,괴산군,명,101,청년인구비율 지표
행정구역별,청년인구비율(19~39세),27.7,11,33570,A,%,T001,DT_1YL20643,청년인구비율,인구총조사 청년인구비율(시도/시/군/구),2024,2025-07-29,음성군,%,101,청년인구비율 지표
행정구역별,청년인구(19~39세),29503.0,12,33570,A,In person,T001,DT_1YL20643,청년인구비율,인구총조사 청년인구비율(시도/시/군/구),2024,2025-07-29,음성군,명,101,청년인구비율 지표
행정구역별,전체인구,106652.0,13,33570,A,In person,T001,DT_1YL20643,청년인구비율,인구총조사 청년인구비율(시도/시/군/구),2024,2025-07-29,음성군,명,101,청년인구비율 지표
행정구역별,청년인구비율(19~34세),21.3,21,33570,A,%,T001,DT_1YL20643,청년인구비율,인구총조사 청년인구비율(시도/시/군/구),2024,2025-07-29,음성군,%,101,청년인구비율 지표
행정구역별,청년인구(19~34세),22761.0,22,33570,A,In person,T001,DT_1YL20643,청년인구비율,인구총조사 청년인구비율(시도/시/군/구),2024,2025-07-29,음성군,명,101,청년인구비율 지표
행정구역별,전체인구,106652.0,23,33570,A,In person,T001,DT_1YL20643,청년인구비율,인구총조사 청년인구비율(시도/시/군/구),2024,2025-07-29,음성군,명,101,청년인구비율 지표
행정구역별,청년여성비율(19~39세),9.4,31,33570,A,%,T001,DT_1YL20643,청년인구비율,인구총조사 청년인구비율(시도/시/군/구),2024,2025-07-29,음성군,%,101,청년인구비율 지표
행정구역별,청년여성인구(19~39세),10016.0,32,33570,A,In person,T001,DT_1YL20643,청년인구비율,인구총조사 청년인구비율(시도/시/군/구),2024,2025-07-29,음성군,명,101,청년인구비율 지표
행정구역별,전체인구,106652.0,33,33570,A,In person,T001,DT_1YL20643,청년인구비율,인구총조사 청년인구비율(시도/시/군/구),2024,2025-07-29,음성군,명,101,청년인구비율 지표
행정구역별,청년인구비율(19~39세),12.9,11,33580,A,%,T001,DT_1YL20643,청년인구비율,인구총조사 청년인구비율(시도/시/군/구),2024,2025-07-29,단양군,%,101,청년인구비율 지표
행정구역별,청년인구(19~39세),3442.0,12,33580,A,In person,T001,DT_1YL20643,청년인구비율,인구총조사 청년인구비율(시도/시/군/구),2024,2025-07-29,단양군,명,101,청년인구비율 지표
행정구역별,전체인구,26597.0,13,33580,A,In person,T001,DT_1YL20643,청년인구비율,인구총조사 청년인구비율(시도/시/군/구),2024,2025-07-29,단양군,명,101,청년인구비율 지표
행정구역별,청년인구비율(19~34세),9.5,21,33580,A,%,T001,DT_1YL20643,청년인구비율,인구총조사 청년인구비율(시도/시/군/구),2024,2025-07-29,단양군,%,101,청년인구비율 지표
행정구역별,청년인구(19~34세),2526.0,22,33580,A,In person,T001,DT_1YL20643,청년인구비율,인구총조사 청년인구비율(시도/시/군/구),2024,2025-07-29,단양군,명,101,청년인구비율 지표
행정구역별,전체인구,26597.0,23,33580,A,In person,T001,DT_1YL20643,청년인구비율,인구총조사 청년인구비율(시도/시/군/구),2024,2025-07-29,단양군,명,101,청년인구비율 지표
행정구역별,청년여성비율(19~39세),5.3,31,33580,A,%,T001,DT_1YL20643,청년인구비율,인구총조사 청년인구비율(시도/시/군/구),2024,2025-07-29,단양군,%,101,청년인구비율 지표
행정구역별,청년여성인구(19~39세),1411.0,32,33580,A,In person,T001,DT_1YL20643,청년인구비율,인구총조사 청년인구비율(시도/시/군/구),2024,2025-07-29,단양군,명,101,청년인구비율 지표
행정구역별,전체인구,26597.0,33,33580,A,In person,T001,DT_1YL20643,청년인구비율,인구총조사 청년인구비율(시도/시/군/구),2024,2025-07-29,단양군,명,101,청년인구비율 지표
행정구역별,청년인구비율(19~39세),25.4,11,33590,A,%,T001,DT_1YL20643,청년인구비율,인구총조사 청년인구비율(시도/시/군/구),2024,2025-07-29,증평군,%,101,청년인구비율 지표
행정구역별,청년인구(19~39세),9710.0,12,33590,A,In person,T001,DT_1YL20643,청년인구비율,인구총조사 청년인구비율(시도/시/군/구),2024,2025-07-29,증평군,명,101,청년인구비율 지표
행정구역별,전체인구,38180.0,13,33590,A,In person,T001,DT_1YL20643,청년인구비율,인구총조사 청년인구비율(시도/시/군/구),2024,2025-07-29,증평군,명,101,청년인구비율 지표
행정구역별,청년인구비율(19~34세),19.2,21,33590,A,%,T001,DT_1YL20643,청년인구비율,인구총조사 청년인구비율(시도/시/군/구),2024,2025-07-29,증평군,%,101,청년인구비율 지표
행정구역별,청년인구(19~34세),7346.0,22,33590,A,In person,T001,DT_1YL20643,청년인구비율,인구총조사 청년인구비율(시도/시/군/구),2024,2025-07-29,증평군,명,101,청년인구비율 지표
행정구역별,전체인구,38180.0,23,33590,A,In person,T001,DT_1YL20643,청년인구비율,인구총조사 청년인구비율(시도/시/군/구),2024,2025-07-29,증평군,명,101,청년인구비율 지표
행정구역별,청년여성비율(19~39세),10.9,31,33590,A,%,T001,DT_1YL20643,청년인구비율,인구총조사 청년인구비율(시도/시/군/구),2024,2025-07-29,증평군,%,101,청년인구비율 지표
행정구역별,청년여성인구(19~39세),4168.0,32,33590,A,In person,T001,DT_1YL20643,청년인구비율,인구총조사 청년인구비율(시도/시/군/구),2024,2025-07-29,증평군,명,101,청년인구비율 지표
행정구역별,전체인구,38180.0,33,33590,A,In person,T001,DT_1YL20643,청년인구비율,인구총조사 청년인구비율(시도/시/군/구),2024,2025-07-29,증평군,명,101,청년인구비율 지표
행정구역별,청년인구비율(19~39세),25.7,11,34,A,%,T001,DT_1YL20643,청년인구비율,인구총조사 청년인구비율(시도/시/군/구),2024,2025-07-29,충청남도,%,101,청년인구비율 지표
행정구역별,청년인구(19~39세),574436.0,12,34,A,In person,T001,DT_1YL20643,청년인구비율,인구총조사 청년인구비율(시도/시/군/구),2024,2025-07-29,충청남도,명,101,청년인구비율 지표
행정구역별,전체인구,2238243.0,13,34,A,In person,T001,DT_1YL20643,청년인구비율,인구총조사 청년인구비율(시도/시/군/구),2024,2025-07-29,충청남도,명,101,청년인구비율 지표
행정구역별,청년인구비율(19~34세),19.3,21,34,A,%,T001,DT_1YL20643,청년인구비율,인구총조사 청년인구비율(시도/시/군/구),2024,2025-07-29,충청남도,%,101,청년인구비율 지표
행정구역별,청년인구(19~34세),431981.0,22,34,A,In person,T001,DT_1YL20643,청년인구비율,인구총조사 청년인구비율(시도/시/군/구),2024,2025-07-29,충청남도,명,101,청년인구비율 지표
행정구역별,전체인구,2238243.0,23,34,A,In person,T001,DT_1YL20643,청년인구비율,인구총조사 청년인구비율(시도/시/군/구),2024,2025-07-29,충청남도,명,101,청년인구비율 지표
행정구역별,청년여성비율(19~39세),11.2,31,34,A,%,T001,DT_1YL20643,청년인구비율,인구총조사 청년인구비율(시도/시/군/구),2024,2025-07-29,충청남도,%,101,청년인구비율 지표
행정구역별,청년여성인구(19~39세),250790.0,32,34,A,In person,T001,DT_1YL20643,청년인구비율,인구총조사 청년인구비율(시도/시/군/구),2024,2025-07-29,충청남도,명,101,청년인구비율 지표
행정구역별,전체인구,2238243.0,33,34,A,In person,T001,DT_1YL20643,청년인구비율,인구총조사 청년인구비율(시도/시/군/구),2024,2025-07-29,충청남도,명,101,청년인구비율 지표
행정구역별,청년인구비율(19~39세),31.2,11,34010,A,%,T001,DT_1YL20643,청년인구비율,인구총조사 청년인구비율(시도/시/군/구),2024,2025-07-29,천안시,%,101,청년인구비율 지표
행정구역별,청년인구(19~39세),216423.0,12,34010,A,In person,T001,DT_1YL20643,청년인구비율,인구총조사 청년인구비율(시도/시/군/구),2024,2025-07-29,천안시,명,101,청년인구비율 지표
행정구역별,전체인구,694765.0,13,34010,A,In person,T001,DT_1YL20643,청년인구비율,인구총조사 청년인구비율(시도/시/군/구),2024,2025-07-29,천안시,명,101,청년인구비율 지표
행정구역별,청년인구비율(19~34세),23.8,21,34010,A,%,T001,DT_1YL20643,청년인구비율,인구총조사 청년인구비율(시도/시/군/구),2024,2025-07-29,천안시,%,101,청년인구비율 지표
행정구역별,청년인구(19~34세),165376.0,22,34010,A,In person,T001,DT_1YL20643,청년인구비율,인구총조사 청년인구비율(시도/시/군/구),2024,2025-07-29,천안시,명,101,청년인구비율 지표
행정구역별,전체인구,694765.0,23,34010,A,In person,T001,DT_1YL20643,청년인구비율,인구총조사 청년인구비율(시도/시/군/구),2024,2025-07-29,천안시,명,101,청년인구비율 지표
행정구역별,청년여성비율(19~39세),14.3,31,34010,A,%,T001,DT_1YL20643,청년인구비율,인구총조사 청년인구비율(시도/시/군/구),2024,2025-07-29,천안시,%,101,청년인구비율 지표
행정구역별,청년여성인구(19~39세),99290.0,32,34010,A,In person,T001,DT_1YL20643,청년인구비율,인구총조사 청년인구비율(시도/시/군/구),2024,2025-07-29,천안시,명,101,청년인구비율 지표
행정구역별,전체인구,694765.0,33,34010,A,In person,T001,DT_1YL20643,청년인구비율,인구총조사 청년인구비율(시도/시/군/구),2024,2025-07-29,천안시,명,101,청년인구비율 지표
행정구역별,청년인구비율(19~39세),22.7,11,34020,A,%,T001,DT_1YL20643,청년인구비율,인구총조사 청년인구비율(시도/시/군/구),2024,2025-07-29,공주시,%,101,청년인구비율 지표
행정구역별,청년인구(19~39세),23735.0,12,34020,A,In person,T001,DT_1YL20643,청년인구비율,인구총조사 청년인구비율(시도/시/군/구),2024,2025-07-29,공주시,명,101,청년인구비율 지표
행정구역별,전체인구,104393.0,13,34020,A,In person,T001,DT_1YL20643,청년인구비율,인구총조사 청년인구비율(시도/시/군/구),2024,2025-07-29,공주시,명,101,청년인구비율 지표
행정구역별,청년인구비율(19~34세),18.5,21,34020,A,%,T001,DT_1YL20643,청년인구비율,인구총조사 청년인구비율(시도/시/군/구),2024,2025-07-29,공주시,%,101,청년인구비율 지표
행정구역별,청년인구(19~34세),19276.0,22,34020,A,In person,T001,DT_1YL20643,청년인구비율,인구총조사 청년인구비율(시도/시/군/구),2024,2025-07-29,공주시,명,101,청년인구비율 지표
행정구역별,전체인구,104393.0,23,34020,A,In person,T001,DT_1YL20643,청년인구비율,인구총조사 청년인구비율(시도/시/군/구),2024,2025-07-29,공주시,명,101,청년인구비율 지표
행정구역별,청년여성비율(19~39세),11.0,31,34020,A,%,T001,DT_1YL20643,청년인구비율,인구총조사 청년인구비율(시도/시/군/구),2024,2025-07-29,공주시,%,101,청년인구비율 지표
행정구역별,청년여성인구(19~39세),11507.0,32,34020,A,In person,T001,DT_1YL20643,청년인구비율,인구총조사 청년인구비율(시도/시/군/구),2024,2025-07-29,공주시,명,101,청년인구비율 지표
행정구역별,전체인구,104393.0,33,34020,A,In person,T001,DT_1YL20643,청년인구비율,인구총조사 청년인구비율(시도/시/군/구),2024,2025-07-29,공주시,명,101,청년인구비율 지표
행정구역별,청년인구비율(19~39세),19.8,11,34030,A,%,T001,DT_1YL20643,청년인구비율,인구총조사 청년인구비율(시도/시/군/구),2024,2025-07-29,보령시,%,101,청년인구비율 지표
행정구역별,청년인구(19~39세),19064.0,12,34030,A,In person,T001,DT_1YL20643,청년인구비율,인구총조사 청년인구비율(시도/시/군/구),2024,2025-07-29,보령시,명,101,청년인구비율 지표
행정구역별,전체인구,96182.0,13,34030,A,In person,T001,DT_1YL20643,청년인구비율,인구총조사 청년인구비율(시도/시/군/구),2024,2025-07-29,보령시,명,101,청년인구비율 지표
행정구역별,청년인구비율(19~34세),14.8,21,34030,A,%,T001,DT_1YL20643,청년인구비율,인구총조사 청년인구비율(시도/시/군/구),2024,2025-07-29,보령시,%,101,청년인구비율 지표
행정구역별,청년인구(19~34세),14267.0,22,34030,A,In person,T001,DT_1YL20643,청년인구비율,인구총조사 청년인구비율(시도/시/군/구),2024,2025-07-29,보령시,명,101,청년인구비율 지표
행정구역별,전체인구,96182.0,23,34030,A,In person,T001,DT_1YL20643,청년인구비율,인구총조사 청년인구비율(시도/시/군/구),2024,2025-07-29,보령시,명,101,청년인구비율 지표
행정구역별,청년여성비율(19~39세),7.2,31,34030,A,%,T001,DT_1YL20643,청년인구비율,인구총조사 청년인구비율(시도/시/군/구),2024,2025-07-29,보령시,%,101,청년인구비율 지표
행정구역별,청년여성인구(19~39세),6972.0,32,34030,A,In person,T001,DT_1YL20643,청년인구비율,인구총조사 청년인구비율(시도/시/군/구),2024,2025-07-29,보령시,명,101,청년인구비율 지표
행정구역별,전체인구,96182.0,33,34030,A,In person,T001,DT_1YL20643,청년인구비율,인구총조사 청년인구비율(시도/시/군/구),2024,2025-07-29,보령시,명,101,청년인구비율 지표
행정구역별,청년인구비율(19~39세),30.1,11,34040,A,%,T001,DT_1YL20643,청년인구비율,인구총조사 청년인구비율(시도/시/군/구),2024,2025-07-29,아산시,%,101,청년인구비율 지표
행정구역별,청년인구(19~39세),118262.0,12,34040,A,In person,T001,DT_1YL20643,청년인구비율,인구총조사 청년인구비율(시도/시/군/구),2024,2025-07-29,아산시,명,101,청년인구비율 지표
행정구역별,전체인구,392509.0,13,34040,A,In person,T001,DT_1YL20643,청년인구비율,인구총조사 청년인구비율(시도/시/군/구),2024,2025-07-29,아산시,명,101,청년인구비율 지표
행정구역별,청년인구비율(19~34세),22.1,21,34040,A,%,T001,DT_1YL20643,청년인구비율,인구총조사 청년인구비율(시도/시/군/구),2024,2025-07-29,아산시,%,101,청년인구비율 지표
행정구역별,청년인구(19~34세),86563.0,22,34040,A,In person,T001,DT_1YL20643,청년인구비율,인구총조사 청년인구비율(시도/시/군/구),2024,2025-07-29,아산시,명,101,청년인구비율 지표
행정구역별,전체인구,392509.0,23,34040,A,In person,T001,DT_1YL20643,청년인구비율,인구총조사 청년인구비율(시도/시/군/구),2024,2025-07-29,아산시,명,101,청년인구비율 지표
행정구역별,청년여성비율(19~39세),13.1,31,34040,A,%,T001,DT_1YL20643,청년인구비율,인구총조사 청년인구비율(시도/시/군/구),2024,2025-07-29,아산시,%,101,청년인구비율 지표
행정구역별,청년여성인구(19~39세),51543.0,32,34040,A,In person,T001,DT_1YL20643,청년인구비율,인구총조사 청년인구비율(시도/시/군/구),2024,2025-07-29,아산시,명,101,청년인구비율 지표
행정구역별,전체인구,392509.0,33,34040,A,In person,T001,DT_1YL20643,청년인구비율,인구총조사 청년인구비율(시도/시/군/구),2024,2025-07-29,아산시,명,101,청년인구비율 지표
행정구역별,청년인구비율(19~39세),22.8,11,34050,A,%,T001,DT_1YL20643,청년인구비율,인구총조사 청년인구비율(시도/시/군/구),2024,2025-07-29,서산시,%,101,청년인구비율 지표
행정구역별,청년인구(19~39세),40679.0,12,34050,A,In person,T001,DT_1YL20643,청년인구비율,인구총조사 청년인구비율(시도/시/군/구),2024,2025-07-29,서산시,명,101,청년인구비율 지표
행정구역별,전체인구,178586.0,13,34050,A,In person,T001,DT_1YL20643,청년인구비율,인구총조사 청년인구비율(시도/시/군/구),2024,2025-07-29,서산시,명,101,청년인구비율 지표
행정구역별,청년인구비율(19~34세),16.7,21,34050,A,%,T001,DT_1YL20643,청년인구비율,인구총조사 청년인구비율(시도/시/군/구),2024,2025-07-29,서산시,%,101,청년인구비율 지표
행정구역별,청년인구(19~34세),29862.0,22,34050,A,In person,T001,DT_1YL20643,청년인구비율,인구총조사 청년인구비율(시도/시/군/구),2024,2025-07-29,서산시,명,101,청년인구비율 지표
행정구역별,전체인구,178586.0,23,34050,A,In person,T001,DT_1YL20643,청년인구비율,인구총조사 청년인구비율(시도/시/군/구),2024,2025-07-29,서산시,명,101,청년인구비율 지표
행정구역별,청년여성비율(19~39세),9.2,31,34050,A,%,T001,DT_1YL20643,청년인구비율,인구총조사 청년인구비율(시도/시/군/구),2024,2025-07-29,서산시,%,101,청년인구비율 지표
행정구역별,청년여성인구(19~39세),16428.0,32,34050,A,In person,T001,DT_1YL20643,청년인구비율,인구총조사 청년인구비율(시도/시/군/구),2024,2025-07-29,서산시,명,101,청년인구비율 지표
행정구역별,전체인구,178586.0,33,34050,A,In person,T001,DT_1YL20643,청년인구비율,인구총조사 청년인구비율(시도/시/군/구),2024,2025-07-29,서산시,명,101,청년인구비율 지표
행정구역별,청년인구비율(19~39세),21.7,11,34060,A,%,T001,DT_1YL20643,청년인구비율,인구총조사 청년인구비율(시도/시/군/구),2024,2025-07-29,논산시,%,101,청년인구비율 지표
행정구역별,청년인구(19~39세),24850.0,12,34060,A,In person,T001,DT_1YL20643,청년인구비율,인구총조사 청년인구비율(시도/시/군/구),2024,2025-07-29,논산시,명,101,청년인구비율 지표
행정구역별,전체인구,114692.0,13,34060,A,In person,T001,DT_1YL20643,청년인구비율,인구총조사 청년인구비율(시도/시/군/구),2024,2025-07-29,논산시,명,101,청년인구비율 지표
행정구역별,청년인구비율(19~34세),16.9,21,34060,A,%,T001,DT_1YL20643,청년인구비율,인구총조사 청년인구비율(시도/시/군/구),2024,2025-07-29,논산시,%,101,청년인구비율 지표
행정구역별,청년인구(19~34세),19349.0,22,34060,A,In person,T001,DT_1YL20643,청년인구비율,인구총조사 청년인구비율(시도/시/군/구),2024,2025-07-29,논산시,명,101,청년인구비율 지표
행정구역별,전체인구,114692.0,23,34060,A,In person,T001,DT_1YL20643,청년인구비율,인구총조사 청년인구비율(시도/시/군/구),2024,2025-07-29,논산시,명,101,청년인구비율 지표
행정구역별,청년여성비율(19~39세),9.8,31,34060,A,%,T001,DT_1YL20643,청년인구비율,인구총조사 청년인구비율(시도/시/군/구),2024,2025-07-29,논산시,%,101,청년인구비율 지표
행정구역별,청년여성인구(19~39세),11194.0,32,34060,A,In person,T001,DT_1YL20643,청년인구비율,인구총조사 청년인구비율(시도/시/군/구),2024,2025-07-29,논산시,명,101,청년인구비율 지표
행정구역별,전체인구,114692.0,33,34060,A,In person,T001,DT_1YL20643,청년인구비율,인구총조사 청년인구비율(시도/시/군/구),2024,2025-07-29,논산시,명,101,청년인구비율 지표
행정구역별,청년인구비율(19~39세),21.2,11,34070,A,%,T001,DT_1YL20643,청년인구비율,인구총조사 청년인구비율(시도/시/군/구),2024,2025-07-29,계룡시,%,101,청년인구비율 지표
행정구역별,청년인구(19~39세),9551.0,12,34070,A,In person,T001,DT_1YL20643,청년인구비율,인구총조사 청년인구비율(시도/시/군/구),2024,2025-07-29,계룡시,명,101,청년인구비율 지표
행정구역별,전체인구,45026.0,13,34070,A,In person,T001,DT_1YL20643,청년인구비율,인구총조사 청년인구비율(시도/시/군/구),2024,2025-07-29,계룡시,명,101,청년인구비율 지표
행정구역별,청년인구비율(19~34세),15.1,21,34070,A,%,T001,DT_1YL20643,청년인구비율,인구총조사 청년인구비율(시도/시/군/구),2024,2025-07-29,계룡시,%,101,청년인구비율 지표
행정구역별,청년인구(19~34세),6804.0,22,34070,A,In person,T001,DT_1YL20643,청년인구비율,인구총조사 청년인구비율(시도/시/군/구),2024,2025-07-29,계룡시,명,101,청년인구비율 지표
행정구역별,전체인구,45026.0,23,34070,A,In person,T001,DT_1YL20643,청년인구비율,인구총조사 청년인구비율(시도/시/군/구),2024,2025-07-29,계룡시,명,101,청년인구비율 지표
행정구역별,청년여성비율(19~39세),9.6,31,34070,A,%,T001,DT_1YL20643,청년인구비율,인구총조사 청년인구비율(시도/시/군/구),2024,2025-07-29,계룡시,%,101,청년인구비율 지표
행정구역별,청년여성인구(19~39세),4316.0,32,34070,A,In person,T001,DT_1YL20643,청년인구비율,인구총조사 청년인구비율(시도/시/군/구),2024,2025-07-29,계룡시,명,101,청년인구비율 지표
행정구역별,전체인구,45026.0,33,34070,A,In person,T001,DT_1YL20643,청년인구비율,인구총조사 청년인구비율(시도/시/군/구),2024,2025-07-29,계룡시,명,101,청년인구비율 지표
행정구역별,청년인구비율(19~39세),23.1,11,34080,A,%,T001,DT_1YL20643,청년인구비율,인구총조사 청년인구비율(시도/시/군/구),2024,2025-07-29,당진시,%,101,청년인구비율 지표
행정구역별,청년인구(19~39세),40987.0,12,34080,A,In person,T001,DT_1YL20643,청년인구비율,인구총조사 청년인구비율(시도/시/군/구),2024,2025-07-29,당진시,명,101,청년인구비율 지표
행정구역별,전체인구,177715.0,13,34080,A,In person,T001,DT_1YL20643,청년인구비율,인구총조사 청년인구비율(시도/시/군/구),2024,2025-07-29,당진시,명,101,청년인구비율 지표
행정구역별,청년인구비율(19~34세),16.1,21,34080,A,%,T001,DT_1YL20643,청년인구비율,인구총조사 청년인구비율(시도/시/군/구),2024,2025-07-29,당진시,%,101,청년인구비율 지표
행정구역별,청년인구(19~34세),28558.0,22,34080,A,In person,T001,DT_1YL20643,청년인구비율,인구총조사 청년인구비율(시도/시/군/구),2024,2025-07-29,당진시,명,101,청년인구비율 지표
행정구역별,전체인구,177715.0,23,34080,A,In person,T001,DT_1YL20643,청년인구비율,인구총조사 청년인구비율(시도/시/군/구),2024,2025-07-29,당진시,명,101,청년인구비율 지표
행정구역별,청년여성비율(19~39세),9.1,31,34080,A,%,T001,DT_1YL20643,청년인구비율,인구총조사 청년인구비율(시도/시/군/구),2024,2025-07-29,당진시,%,101,청년인구비율 지표
행정구역별,청년여성인구(19~39세),16124.0,32,34080,A,In person,T001,DT_1YL20643,청년인구비율,인구총조사 청년인구비율(시도/시/군/구),2024,2025-07-29,당진시,명,101,청년인구비율 지표
행정구역별,전체인구,177715.0,33,34080,A,In person,T001,DT_1YL20643,청년인구비율,인구총조사 청년인구비율(시도/시/군/구),2024,2025-07-29,당진시,명,101,청년인구비율 지표
행정구역별,청년인구비율(19~39세),20.3,11,34510,A,%,T001,DT_1YL20643,청년인구비율,인구총조사 청년인구비율(시도/시/군/구),2024,2025-07-29,금산군,%,101,청년인구비율 지표
행정구역별,청년인구(19~39세),10795.0,12,34510,A,In person,T001,DT_1YL20643,청년인구비율,인구총조사 청년인구비율(시도/시/군/구),2024,2025-07-29,금산군,명,101,청년인구비율 지표
행정구역별,전체인구,53212.0,13,34510,A,In person,T001,DT_1YL20643,청년인구비율,인구총조사 청년인구비율(시도/시/군/구),2024,2025-07-29,금산군,명,101,청년인구비율 지표
행정구역별,청년인구비율(19~34세),16.3,21,34510,A,%,T001,DT_1YL20643,청년인구비율,인구총조사 청년인구비율(시도/시/군/구),2024,2025-07-29,금산군,%,101,청년인구비율 지표
행정구역별,청년인구(19~34세),8697.0,22,34510,A,In person,T001,DT_1YL20643,청년인구비율,인구총조사 청년인구비율(시도/시/군/구),2024,2025-07-29,금산군,명,101,청년인구비율 지표
행정구역별,전체인구,53212.0,23,34510,A,In person,T001,DT_1YL20643,청년인구비율,인구총조사 청년인구비율(시도/시/군/구),2024,2025-07-29,금산군,명,101,청년인구비율 지표
행정구역별,청년여성비율(19~39세),9.5,31,34510,A,%,T001,DT_1YL20643,청년인구비율,인구총조사 청년인구비율(시도/시/군/구),2024,2025-07-29,금산군,%,101,청년인구비율 지표
행정구역별,청년여성인구(19~39세),5040.0,32,34510,A,In person,T001,DT_1YL20643,청년인구비율,인구총조사 청년인구비율(시도/시/군/구),2024,2025-07-29,금산군,명,101,청년인구비율 지표
행정구역별,전체인구,53212.0,33,34510,A,In person,T001,DT_1YL20643,청년인구비율,인구총조사 청년인구비율(시도/시/군/구),2024,2025-07-29,금산군,명,101,청년인구비율 지표
행정구역별,청년인구비율(19~39세),15.6,11,34530,A,%,T001,DT_1YL20643,청년인구비율,인구총조사 청년인구비율(시도/시/군/구),2024,2025-07-29,부여군,%,101,청년인구비율 지표
행정구역별,청년인구(19~39세),9321.0,12,34530,A,In person,T001,DT_1YL20643,청년인구비율,인구총조사 청년인구비율(시도/시/군/구),2024,2025-07-29,부여군,명,101,청년인구비율 지표
행정구역별,전체인구,59930.0,13,34530,A,In person,T001,DT_1YL20643,청년인구비율,인구총조사 청년인구비율(시도/시/군/구),2024,2025-07-29,부여군,명,101,청년인구비율 지표
행정구역별,청년인구비율(19~34세),11.9,21,34530,A,%,T001,DT_1YL20643,청년인구비율,인구총조사 청년인구비율(시도/시/군/구),2024,2025-07-29,부여군,%,101,청년인구비율 지표
행정구역별,청년인구(19~34세),7113.0,22,34530,A,In person,T001,DT_1YL20643,청년인구비율,인구총조사 청년인구비율(시도/시/군/구),2024,2025-07-29,부여군,명,101,청년인구비율 지표
행정구역별,전체인구,59930.0,23,34530,A,In person,T001,DT_1YL20643,청년인구비율,인구총조사 청년인구비율(시도/시/군/구),2024,2025-07-29,부여군,명,101,청년인구비율 지표
행정구역별,청년여성비율(19~39세),6.8,31,34530,A,%,T001,DT_1YL20643,청년인구비율,인구총조사 청년인구비율(시도/시/군/구),2024,2025-07-29,부여군,%,101,청년인구비율 지표
행정구역별,청년여성인구(19~39세),4096.0,32,34530,A,In person,T001,DT_1YL20643,청년인구비율,인구총조사 청년인구비율(시도/시/군/구),2024,2025-07-29,부여군,명,101,청년인구비율 지표
행정구역별,전체인구,59930.0,33,34530,A,In person,T001,DT_1YL20643,청년인구비율,인구총조사 청년인구비율(시도/시/군/구),2024,2025-07-29,부여군,명,101,청년인구비율 지표
행정구역별,청년인구비율(19~39세),15.1,11,34540,A,%,T001,DT_1YL20643,청년인구비율,인구총조사 청년인구비율(시도/시/군/구),2024,2025-07-29,서천군,%,101,청년인구비율 지표
행정구역별,청년인구(19~39세),7343.0,12,34540,A,In person,T001,DT_1YL20643,청년인구비율,인구총조사 청년인구비율(시도/시/군/구),2024,2025-07-29,서천군,명,101,청년인구비율 지표
행정구역별,전체인구,48575.0,13,34540,A,In person,T001,DT_1YL20643,청년인구비율,인구총조사 청년인구비율(시도/시/군/구),2024,2025-07-29,서천군,명,101,청년인구비율 지표
행정구역별,청년인구비율(19~34세),11.4,21,34540,A,%,T001,DT_1YL20643,청년인구비율,인구총조사 청년인구비율(시도/시/군/구),2024,2025-07-29,서천군,%,101,청년인구비율 지표
행정구역별,청년인구(19~34세),5528.0,22,34540,A,In person,T001,DT_1YL20643,청년인구비율,인구총조사 청년인구비율(시도/시/군/구),2024,2025-07-29,서천군,명,101,청년인구비율 지표
행정구역별,전체인구,48575.0,23,34540,A,In person,T001,DT_1YL20643,청년인구비율,인구총조사 청년인구비율(시도/시/군/구),2024,2025-07-29,서천군,명,101,청년인구비율 지표
행정구역별,청년여성비율(19~39세),5.4,31,34540,A,%,T001,DT_1YL20643,청년인구비율,인구총조사 청년인구비율(시도/시/군/구),2024,2025-07-29,서천군,%,101,청년인구비율 지표
행정구역별,청년여성인구(19~39세),2602.0,32,34540,A,In person,T001,DT_1YL20643,청년인구비율,인구총조사 청년인구비율(시도/시/군/구),2024,2025-07-29,서천군,명,101,청년인구비율 지표
행정구역별,전체인구,48575.0,33,34540,A,In person,T001,DT_1YL20643,청년인구비율,인구총조사 청년인구비율(시도/시/군/구),2024,2025-07-29,서천군,명,101,청년인구비율 지표
행정구역별,청년인구비율(19~39세),17.2,11,34550,A,%,T001,DT_1YL20643,청년인구비율,인구총조사 청년인구비율(시도/시/군/구),2024,2025-07-29,청양군,%,101,청년인구비율 지표
행정구역별,청년인구(19~39세),5124.0,12,34550,A,In person,T001,DT_1YL20643,청년인구비율,인구총조사 청년인구비율(시도/시/군/구),2024,2025-07-29,청양군,명,101,청년인구비율 지표
행정구역별,전체인구,29818.0,13,34550,A,In person,T001,DT_1YL20643,청년인구비율,인구총조사 청년인구비율(시도/시/군/구),2024,2025-07-29,청양군,명,101,청년인구비율 지표
행정구역별,청년인구비율(19~34세),13.4,21,34550,A,%,T001,DT_1YL20643,청년인구비율,인구총조사 청년인구비율(시도/시/군/구),2024,2025-07-29,청양군,%,101,청년인구비율 지표
행정구역별,청년인구(19~34세),3997.0,22,34550,A,In person,T001,DT_1YL20643,청년인구비율,인구총조사 청년인구비율(시도/시/군/구),2024,2025-07-29,청양군,명,101,청년인구비율 지표
행정구역별,전체인구,29818.0,23,34550,A,In person,T001,DT_1YL20643,청년인구비율,인구총조사 청년인구비율(시도/시/군/구),2024,2025-07-29,청양군,명,101,청년인구비율 지표
행정구역별,청년여성비율(19~39세),7.0,31,34550,A,%,T001,DT_1YL20643,청년인구비율,인구총조사 청년인구비율(시도/시/군/구),2024,2025-07-29,청양군,%,101,청년인구비율 지표
행정구역별,청년여성인구(19~39세),2094.0,32,34550,A,In person,T001,DT_1YL20643,청년인구비율,인구총조사 청년인구비율(시도/시/군/구),2024,2025-07-29,청양군,명,101,청년인구비율 지표
행정구역별,전체인구,29818.0,33,34550,A,In person,T001,DT_1YL20643,청년인구비율,인구총조사 청년인구비율(시도/시/군/구),2024,2025-07-29,청양군,명,101,청년인구비율 지표
행정구역별,청년인구비율(19~39세),22.3,11,34560,A,%,T001,DT_1YL20643,청년인구비율,인구총조사 청년인구비율(시도/시/군/구),2024,2025-07-29,홍성군,%,101,청년인구비율 지표
행정구역별,청년인구(19~39세),22761.0,12,34560,A,In person,T001,DT_1YL20643,청년인구비율,인구총조사 청년인구비율(시도/시/군/구),2024,2025-07-29,홍성군,명,101,청년인구비율 지표
행정구역별,전체인구,102178.0,13,34560,A,In person,T001,DT_1YL20643,청년인구비율,인구총조사 청년인구비율(시도/시/군/구),2024,2025-07-29,홍성군,명,101,청년인구비율 지표
행정구역별,청년인구비율(19~34세),17.0,21,34560,A,%,T001,DT_1YL20643,청년인구비율,인구총조사 청년인구비율(시도/시/군/구),2024,2025-07-29,홍성군,%,101,청년인구비율 지표
행정구역별,청년인구(19~34세),17379.0,22,34560,A,In person,T001,DT_1YL20643,청년인구비율,인구총조사 청년인구비율(시도/시/군/구),2024,2025-07-29,홍성군,명,101,청년인구비율 지표
행정구역별,전체인구,102178.0,23,34560,A,In person,T001,DT_1YL20643,청년인구비율,인구총조사 청년인구비율(시도/시/군/구),2024,2025-07-29,홍성군,명,101,청년인구비율 지표
행정구역별,청년여성비율(19~39세),9.7,31,34560,A,%,T001,DT_1YL20643,청년인구비율,인구총조사 청년인구비율(시도/시/군/구),2024,2025-07-29,홍성군,%,101,청년인구비율 지표
행정구역별,청년여성인구(19~39세),9946.0,32,34560,A,In person,T001,DT_1YL20643,청년인구비율,인구총조사 청년인구비율(시도/시/군/구),2024,2025-07-29,홍성군,명,101,청년인구비율 지표
행정구역별,전체인구,102178.0,33,34560,A,In person,T001,DT_1YL20643,청년인구비율,인구총조사 청년인구비율(시도/시/군/구),2024,2025-07-29,홍성군,명,101,청년인구비율 지표
행정구역별,청년인구비율(19~39세),18.6,11,34570,A,%,T001,DT_1YL20643,청년인구비율,인구총조사 청년인구비율(시도/시/군/구),2024,2025-07-29,예산군,%,101,청년인구비율 지표
행정구역별,청년인구(19~39세),14859.0,12,34570,A,In person,T001,DT_1YL20643,청년인구비율,인구총조사 청년인구비율(시도/시/군/구),2024,2025-07-29,예산군,명,101,청년인구비율 지표
행정구역별,전체인구,79848.0,13,34570,A,In person,T001,DT_1YL20643,청년인구비율,인구총조사 청년인구비율(시도/시/군/구),2024,2025-07-29,예산군,명,101,청년인구비율 지표
행정구역별,청년인구비율(19~34세),13.8,21,34570,A,%,T001,DT_1YL20643,청년인구비율,인구총조사 청년인구비율(시도/시/군/구),2024,2025-07-29,예산군,%,101,청년인구비율 지표
행정구역별,청년인구(19~34세),11011.0,22,34570,A,In person,T001,DT_1YL20643,청년인구비율,인구총조사 청년인구비율(시도/시/군/구),2024,2025-07-29,예산군,명,101,청년인구비율 지표
행정구역별,전체인구,79848.0,23,34570,A,In person,T001,DT_1YL20643,청년인구비율,인구총조사 청년인구비율(시도/시/군/구),2024,2025-07-29,예산군,명,101,청년인구비율 지표
행정구역별,청년여성비율(19~39세),7.6,31,34570,A,%,T001,DT_1YL20643,청년인구비율,인구총조사 청년인구비율(시도/시/군/구),2024,2025-07-29,예산군,%,101,청년인구비율 지표
행정구역별,청년여성인구(19~39세),6050.0,32,34570,A,In person,T001,DT_1YL20643,청년인구비율,인구총조사 청년인구비율(시도/시/군/구),2024,2025-07-29,예산군,명,101,청년인구비율 지표
행정구역별,전체인구,79848.0,33,34570,A,In person,T001,DT_1YL20643,청년인구비율,인구총조사 청년인구비율(시도/시/군/구),2024,2025-07-29,예산군,명,101,청년인구비율 지표
행정구역별,청년인구비율(19~39세),17.6,11,34580,A,%,T001,DT_1YL20643,청년인구비율,인구총조사 청년인구비율(시도/시/군/구),2024,2025-07-29,태안군,%,101,청년인구비율 지표
행정구역별,청년인구(19~39세),10682.0,12,34580,A,In person,T001,DT_1YL20643,청년인구비율,인구총조사 청년인구비율(시도/시/군/구),2024,2025-07-29,태안군,명,101,청년인구비율 지표
행정구역별,전체인구,60814.0,13,34580,A,In person,T001,DT_1YL20643,청년인구비율,인구총조사 청년인구비율(시도/시/군/구),2024,2025-07-29,태안군,명,101,청년인구비율 지표
행정구역별,청년인구비율(19~34세),13.5,21,34580,A,%,T001,DT_1YL20643,청년인구비율,인구총조사 청년인구비율(시도/시/군/구),2024,2025-07-29,태안군,%,101,청년인구비율 지표
행정구역별,청년인구(19~34세),8201.0,22,34580,A,In person,T001,DT_1YL20643,청년인구비율,인구총조사 청년인구비율(시도/시/군/구),2024,2025-07-29,태안군,명,101,청년인구비율 지표
행정구역별,전체인구,60814.0,23,34580,A,In person,T001,DT_1YL20643,청년인구비율,인구총조사 청년인구비율(시도/시/군/구),2024,2025-07-29,태안군,명,101,청년인구비율 지표
행정구역별,청년여성비율(19~39세),5.9,31,34580,A,%,T001,DT_1YL20643,청년인구비율,인구총조사 청년인구비율(시도/시/군/구),2024,2025-07-29,태안군,%,101,청년인구비율 지표
행정구역별,청년여성인구(19~39세),3588.0,32,34580,A,In person,T001,DT_1YL20643,청년인구비율,인구총조사 청년인구비율(시도/시/군/구),2024,2025-07-29,태안군,명,101,청년인구비율 지표
행정구역별,전체인구,60814.0,33,34580,A,In person,T001,DT_1YL20643,청년인구비율,인구총조사 청년인구비율(시도/시/군/구),2024,2025-07-29,태안군,명,101,청년인구비율 지표
행정구역별,청년인구비율(19~39세),23.1,11,35,A,%,T001,DT_1YL20643,청년인구비율,인구총조사 청년인구비율(시도/시/군/구),2024,2025-07-29,전북특별자치도,%,101,청년인구비율 지표
행정구역별,청년인구(19~39세),405418.0,12,35,A,In person,T001,DT_1YL20643,청년인구비율,인구총조사 청년인구비율(시도/시/군/구),2024,2025-07-29,전북특별자치도,명,101,청년인구비율 지표
행정구역별,전체인구,1758836.0,13,35,A,In person,T001,DT_1YL20643,청년인구비율,인구총조사 청년인구비율(시도/시/군/구),2024,2025-07-29,전북특별자치도,명,101,청년인구비율 지표
행정구역별,청년인구비율(19~34세),18.0,21,35,A,%,T001,DT_1YL20643,청년인구비율,인구총조사 청년인구비율(시도/시/군/구),2024,2025-07-29,전북특별자치도,%,101,청년인구비율 지표
행정구역별,청년인구(19~34세),316484.0,22,35,A,In person,T001,DT_1YL20643,청년인구비율,인구총조사 청년인구비율(시도/시/군/구),2024,2025-07-29,전북특별자치도,명,101,청년인구비율 지표
행정구역별,전체인구,1758836.0,23,35,A,In person,T001,DT_1YL20643,청년인구비율,인구총조사 청년인구비율(시도/시/군/구),2024,2025-07-29,전북특별자치도,명,101,청년인구비율 지표
행정구역별,청년여성비율(19~39세),10.5,31,35,A,%,T001,DT_1YL20643,청년인구비율,인구총조사 청년인구비율(시도/시/군/구),2024,2025-07-29,전북특별자치도,%,101,청년인구비율 지표
행정구역별,청년여성인구(19~39세),184567.0,32,35,A,In person,T001,DT_1YL20643,청년인구비율,인구총조사 청년인구비율(시도/시/군/구),2024,2025-07-29,전북특별자치도,명,101,청년인구비율 지표
행정구역별,전체인구,1758836.0,33,35,A,In person,T001,DT_1YL20643,청년인구비율,인구총조사 청년인구비율(시도/시/군/구),2024,2025-07-29,전북특별자치도,명,101,청년인구비율 지표
행정구역별,청년인구비율(19~39세),26.9,11,35010,A,%,T001,DT_1YL20643,청년인구비율,인구총조사 청년인구비율(시도/시/군/구),2024,2025-07-29,전주시,%,101,청년인구비율 지표
행정구역별,청년인구(19~39세),175007.0,12,35010,A,In person,T001,DT_1YL20643,청년인구비율,인구총조사 청년인구비율(시도/시/군/구),2024,2025-07-29,전주시,명,101,청년인구비율 지표
행정구역별,전체인구,649634.0,13,35010,A,In person,T001,DT_1YL20643,청년인구비율,인구총조사 청년인구비율(시도/시/군/구),2024,2025-07-29,전주시,명,101,청년인구비율 지표
행정구역별,청년인구비율(19~34세),21.3,21,35010,A,%,T001,DT_1YL20643,청년인구비율,인구총조사 청년인구비율(시도/시/군/구),2024,2025-07-29,전주시,%,101,청년인구비율 지표
행정구역별,청년인구(19~34세),138425.0,22,35010,A,In person,T001,DT_1YL20643,청년인구비율,인구총조사 청년인구비율(시도/시/군/구),2024,2025-07-29,전주시,명,101,청년인구비율 지표
행정구역별,전체인구,649634.0,23,35010,A,In person,T001,DT_1YL20643,청년인구비율,인구총조사 청년인구비율(시도/시/군/구),2024,2025-07-29,전주시,명,101,청년인구비율 지표
행정구역별,청년여성비율(19~39세),12.9,31,35010,A,%,T001,DT_1YL20643,청년인구비율,인구총조사 청년인구비율(시도/시/군/구),2024,2025-07-29,전주시,%,101,청년인구비율 지표
행정구역별,청년여성인구(19~39세),83652.0,32,35010,A,In person,T001,DT_1YL20643,청년인구비율,인구총조사 청년인구비율(시도/시/군/구),2024,2025-07-29,전주시,명,101,청년인구비율 지표
행정구역별,전체인구,649634.0,33,35010,A,In person,T001,DT_1YL20643,청년인구비율,인구총조사 청년인구비율(시도/시/군/구),2024,2025-07-29,전주시,명,101,청년인구비율 지표
행정구역별,청년인구비율(19~39세),23.1,11,35020,A,%,T001,DT_1YL20643,청년인구비율,인구총조사 청년인구비율(시도/시/군/구),2024,2025-07-29,군산시,%,101,청년인구비율 지표
행정구역별,청년인구(19~39세),61450.0,12,35020,A,In person,T001,DT_1YL20643,청년인구비율,인구총조사 청년인구비율(시도/시/군/구),2024,2025-07-29,군산시,명,101,청년인구비율 지표
행정구역별,전체인구,265473.0,13,35020,A,In person,T001,DT_1YL20643,청년인구비율,인구총조사 청년인구비율(시도/시/군/구),2024,2025-07-29,군산시,명,101,청년인구비율 지표
행정구역별,청년인구비율(19~34세),17.7,21,35020,A,%,T001,DT_1YL20643,청년인구비율,인구총조사 청년인구비율(시도/시/군/구),2024,2025-07-29,군산시,%,101,청년인구비율 지표
행정구역별,청년인구(19~34세),47034.0,22,35020,A,In person,T001,DT_1YL20643,청년인구비율,인구총조사 청년인구비율(시도/시/군/구),2024,2025-07-29,군산시,명,101,청년인구비율 지표
행정구역별,전체인구,265473.0,23,35020,A,In person,T001,DT_1YL20643,청년인구비율,인구총조사 청년인구비율(시도/시/군/구),2024,2025-07-29,군산시,명,101,청년인구비율 지표
행정구역별,청년여성비율(19~39세),9.9,31,35020,A,%,T001,DT_1YL20643,청년인구비율,인구총조사 청년인구비율(시도/시/군/구),2024,2025-07-29,군산시,%,101,청년인구비율 지표
행정구역별,청년여성인구(19~39세),26299.0,32,35020,A,In person,T001,DT_1YL20643,청년인구비율,인구총조사 청년인구비율(시도/시/군/구),2024,2025-07-29,군산시,명,101,청년인구비율 지표
행정구역별,전체인구,265473.0,33,35020,A,In person,T001,DT_1YL20643,청년인구비율,인구총조사 청년인구비율(시도/시/군/구),2024,2025-07-29,군산시,명,101,청년인구비율 지표
행정구역별,청년인구비율(19~39세),24.4,11,35030,A,%,T001,DT_1YL20643,청년인구비율,인구총조사 청년인구비율(시도/시/군/구),2024,2025-07-29,익산시,%,101,청년인구비율 지표
행정구역별,청년인구(19~39세),66458.0,12,35030,A,In person,T001,DT_1YL20643,청년인구비율,인구총조사 청년인구비율(시도/시/군/구),2024,2025-07-29,익산시,명,101,청년인구비율 지표
행정구역별,전체인구,272392.0,13,35030,A,In person,T001,DT_1YL20643,청년인구비율,인구총조사 청년인구비율(시도/시/군/구),2024,2025-07-29,익산시,명,101,청년인구비율 지표
행정구역별,청년인구비율(19~34세),19.7,21,35030,A,%,T001,DT_1YL20643,청년인구비율,인구총조사 청년인구비율(시도/시/군/구),2024,2025-07-29,익산시,%,101,청년인구비율 지표
행정구역별,청년인구(19~34세),53573.0,22,35030,A,In person,T001,DT_1YL20643,청년인구비율,인구총조사 청년인구비율(시도/시/군/구),2024,2025-07-29,익산시,명,101,청년인구비율 지표
행정구역별,전체인구,272392.0,23,35030,A,In person,T001,DT_1YL20643,청년인구비율,인구총조사 청년인구비율(시도/시/군/구),2024,2025-07-29,익산시,명,101,청년인구비율 지표
행정구역별,청년여성비율(19~39세),11.1,31,35030,A,%,T001,DT_1YL20643,청년인구비율,인구총조사 청년인구비율(시도/시/군/구),2024,2025-07-29,익산시,%,101,청년인구비율 지표
행정구역별,청년여성인구(19~39세),30121.0,32,35030,A,In person,T001,DT_1YL20643,청년인구비율,인구총조사 청년인구비율(시도/시/군/구),2024,2025-07-29,익산시,명,101,청년인구비율 지표
행정구역별,전체인구,272392.0,33,35030,A,In person,T001,DT_1YL20643,청년인구비율,인구총조사 청년인구비율(시도/시/군/구),2024,2025-07-29,익산시,명,101,청년인구비율 지표
행정구역별,청년인구비율(19~39세),18.2,11,35040,A,%,T001,DT_1YL20643,청년인구비율,인구총조사 청년인구비율(시도/시/군/구),2024,2025-07-29,정읍시,%,101,청년인구비율 지표
행정구역별,청년인구(19~39세),18589.0,12,35040,A,In person,T001,DT_1YL20643,청년인구비율,인구총조사 청년인구비율(시도/시/군/구),2024,2025-07-29,정읍시,명,101,청년인구비율 지표
행정구역별,전체인구,101887.0,13,35040,A,In person,T001,DT_1YL20643,청년인구비율,인구총조사 청년인구비율(시도/시/군/구),2024,2025-07-29,정읍시,명,101,청년인구비율 지표
행정구역별,청년인구비율(19~34세),13.9,21,35040,A,%,T001,DT_1YL20643,청년인구비율,인구총조사 청년인구비율(시도/시/군/구),2024,2025-07-29,정읍시,%,101,청년인구비율 지표
행정구역별,청년인구(19~34세),14191.0,22,35040,A,In person,T001,DT_1YL20643,청년인구비율,인구총조사 청년인구비율(시도/시/군/구),2024,2025-07-29,정읍시,명,101,청년인구비율 지표
행정구역별,전체인구,101887.0,23,35040,A,In person,T001,DT_1YL20643,청년인구비율,인구총조사 청년인구비율(시도/시/군/구),2024,2025-07-29,정읍시,명,101,청년인구비율 지표
행정구역별,청년여성비율(19~39세),7.8,31,35040,A,%,T001,DT_1YL20643,청년인구비율,인구총조사 청년인구비율(시도/시/군/구),2024,2025-07-29,정읍시,%,101,청년인구비율 지표
행정구역별,청년여성인구(19~39세),7953.0,32,35040,A,In person,T001,DT_1YL20643,청년인구비율,인구총조사 청년인구비율(시도/시/군/구),2024,2025-07-29,정읍시,명,101,청년인구비율 지표
행정구역별,전체인구,101887.0,33,35040,A,In person,T001,DT_1YL20643,청년인구비율,인구총조사 청년인구비율(시도/시/군/구),2024,2025-07-29,정읍시,명,101,청년인구비율 지표
행정구역별,청년인구비율(19~39세),15.8,11,35050,A,%,T001,DT_1YL20643,청년인구비율,인구총조사 청년인구비율(시도/시/군/구),2024,2025-07-29,남원시,%,101,청년인구비율 지표
행정구역별,청년인구(19~39세),11681.0,12,35050,A,In person,T001,DT_1YL20643,청년인구비율,인구총조사 청년인구비율(시도/시/군/구),2024,2025-07-29,남원시,명,101,청년인구비율 지표
행정구역별,전체인구,73781.0,13,35050,A,In person,T001,DT_1YL20643,청년인구비율,인구총조사 청년인구비율(시도/시/군/구),2024,2025-07-29,남원시,명,101,청년인구비율 지표
행정구역별,청년인구비율(19~34세),11.8,21,35050,A,%,T001,DT_1YL20643,청년인구비율,인구총조사 청년인구비율(시도/시/군/구),2024,2025-07-29,남원시,%,101,청년인구비율 지표
행정구역별,청년인구(19~34세),8727.0,22,35050,A,In person,T001,DT_1YL20643,청년인구비율,인구총조사 청년인구비율(시도/시/군/구),2024,2025-07-29,남원시,명,101,청년인구비율 지표
행정구역별,전체인구,73781.0,23,35050,A,In person,T001,DT_1YL20643,청년인구비율,인구총조사 청년인구비율(시도/시/군/구),2024,2025-07-29,남원시,명,101,청년인구비율 지표
행정구역별,청년여성비율(19~39세),7.2,31,35050,A,%,T001,DT_1YL20643,청년인구비율,인구총조사 청년인구비율(시도/시/군/구),2024,2025-07-29,남원시,%,101,청년인구비율 지표
행정구역별,청년여성인구(19~39세),5326.0,32,35050,A,In person,T001,DT_1YL20643,청년인구비율,인구총조사 청년인구비율(시도/시/군/구),2024,2025-07-29,남원시,명,101,청년인구비율 지표
행정구역별,전체인구,73781.0,33,35050,A,In person,T001,DT_1YL20643,청년인구비율,인구총조사 청년인구비율(시도/시/군/구),2024,2025-07-29,남원시,명,101,청년인구비율 지표
행정구역별,청년인구비율(19~39세),18.8,11,35060,A,%,T001,DT_1YL20643,청년인구비율,인구총조사 청년인구비율(시도/시/군/구),2024,2025-07-29,김제시,%,101,청년인구비율 지표
행정구역별,청년인구(19~39세),14979.0,12,35060,A,In person,T001,DT_1YL20643,청년인구비율,인구총조사 청년인구비율(시도/시/군/구),2024,2025-07-29,김제시,명,101,청년인구비율 지표
행정구역별,전체인구,79692.0,13,35060,A,In person,T001,DT_1YL20643,청년인구비율,인구총조사 청년인구비율(시도/시/군/구),2024,2025-07-29,김제시,명,101,청년인구비율 지표
행정구역별,청년인구비율(19~34세),14.3,21,35060,A,%,T001,DT_1YL20643,청년인구비율,인구총조사 청년인구비율(시도/시/군/구),2024,2025-07-29,김제시,%,101,청년인구비율 지표
행정구역별,청년인구(19~34세),11372.0,22,35060,A,In person,T001,DT_1YL20643,청년인구비율,인구총조사 청년인구비율(시도/시/군/구),2024,2025-07-29,김제시,명,101,청년인구비율 지표
행정구역별,전체인구,79692.0,23,35060,A,In person,T001,DT_1YL20643,청년인구비율,인구총조사 청년인구비율(시도/시/군/구),2024,2025-07-29,김제시,명,101,청년인구비율 지표
행정구역별,청년여성비율(19~39세),7.7,31,35060,A,%,T001,DT_1YL20643,청년인구비율,인구총조사 청년인구비율(시도/시/군/구),2024,2025-07-29,김제시,%,101,청년인구비율 지표
행정구역별,청년여성인구(19~39세),6146.0,32,35060,A,In person,T001,DT_1YL20643,청년인구비율,인구총조사 청년인구비율(시도/시/군/구),2024,2025-07-29,김제시,명,101,청년인구비율 지표
행정구역별,전체인구,79692.0,33,35060,A,In person,T001,DT_1YL20643,청년인구비율,인구총조사 청년인구비율(시도/시/군/구),2024,2025-07-29,김제시,명,101,청년인구비율 지표
행정구역별,청년인구비율(19~39세),25.1,11,35510,A,%,T001,DT_1YL20643,청년인구비율,인구총조사 청년인구비율(시도/시/군/구),2024,2025-07-29,완주군,%,101,청년인구비율 지표
행정구역별,청년인구(19~39세),25807.0,12,35510,A,In person,T001,DT_1YL20643,청년인구비율,인구총조사 청년인구비율(시도/시/군/구),2024,2025-07-29,완주군,명,101,청년인구비율 지표
행정구역별,전체인구,102877.0,13,35510,A,In person,T001,DT_1YL20643,청년인구비율,인구총조사 청년인구비율(시도/시/군/구),2024,2025-07-29,완주군,명,101,청년인구비율 지표
행정구역별,청년인구비율(19~34세),19.5,21,35510,A,%,T001,DT_1YL20643,청년인구비율,인구총조사 청년인구비율(시도/시/군/구),2024,2025-07-29,완주군,%,101,청년인구비율 지표
행정구역별,청년인구(19~34세),20033.0,22,35510,A,In person,T001,DT_1YL20643,청년인구비율,인구총조사 청년인구비율(시도/시/군/구),2024,2025-07-29,완주군,명,101,청년인구비율 지표
행정구역별,전체인구,102877.0,23,35510,A,In person,T001,DT_1YL20643,청년인구비율,인구총조사 청년인구비율(시도/시/군/구),2024,2025-07-29,완주군,명,101,청년인구비율 지표
행정구역별,청년여성비율(19~39세),11.1,31,35510,A,%,T001,DT_1YL20643,청년인구비율,인구총조사 청년인구비율(시도/시/군/구),2024,2025-07-29,완주군,%,101,청년인구비율 지표
행정구역별,청년여성인구(19~39세),11390.0,32,35510,A,In person,T001,DT_1YL20643,청년인구비율,인구총조사 청년인구비율(시도/시/군/구),2024,2025-07-29,완주군,명,101,청년인구비율 지표
행정구역별,전체인구,102877.0,33,35510,A,In person,T001,DT_1YL20643,청년인구비율,인구총조사 청년인구비율(시도/시/군/구),2024,2025-07-29,완주군,명,101,청년인구비율 지표
행정구역별,청년인구비율(19~39세),13.9,11,35520,A,%,T001,DT_1YL20643,청년인구비율,인구총조사 청년인구비율(시도/시/군/구),2024,2025-07-29,진안군,%,101,청년인구비율 지표
행정구역별,청년인구(19~39세),3182.0,12,35520,A,In person,T001,DT_1YL20643,청년인구비율,인구총조사 청년인구비율(시도/시/군/구),2024,2025-07-29,진안군,명,101,청년인구비율 지표
행정구역별,전체인구,22855.0,13,35520,A,In person,T001,DT_1YL20643,청년인구비율,인구총조사 청년인구비율(시도/시/군/구),2024,2025-07-29,진안군,명,101,청년인구비율 지표
행정구역별,청년인구비율(19~34세),10.3,21,35520,A,%,T001,DT_1YL20643,청년인구비율,인구총조사 청년인구비율(시도/시/군/구),2024,2025-07-29,진안군,%,101,청년인구비율 지표
행정구역별,청년인구(19~34세),2355.0,22,35520,A,In person,T001,DT_1YL20643,청년인구비율,인구총조사 청년인구비율(시도/시/군/구),2024,2025-07-29,진안군,명,101,청년인구비율 지표
행정구역별,전체인구,22855.0,23,35520,A,In person,T001,DT_1YL20643,청년인구비율,인구총조사 청년인구비율(시도/시/군/구),2024,2025-07-29,진안군,명,101,청년인구비율 지표
행정구역별,청년여성비율(19~39세),6.3,31,35520,A,%,T001,DT_1YL20643,청년인구비율,인구총조사 청년인구비율(시도/시/군/구),2024,2025-07-29,진안군,%,101,청년인구비율 지표
행정구역별,청년여성인구(19~39세),1437.0,32,35520,A,In person,T001,DT_1YL20643,청년인구비율,인구총조사 청년인구비율(시도/시/군/구),2024,2025-07-29,진안군,명,101,청년인구비율 지표
행정구역별,전체인구,22855.0,33,35520,A,In person,T001,DT_1YL20643,청년인구비율,인구총조사 청년인구비율(시도/시/군/구),2024,2025-07-29,진안군,명,101,청년인구비율 지표
행정구역별,청년인구비율(19~39세),14.8,11,35530,A,%,T001,DT_1YL20643,청년인구비율,인구총조사 청년인구비율(시도/시/군/구),2024,2025-07-29,무주군,%,101,청년인구비율 지표
행정구역별,청년인구(19~39세),3390.0,12,35530,A,In person,T001,DT_1YL20643,청년인구비율,인구총조사 청년인구비율(시도/시/군/구),2024,2025-07-29,무주군,명,101,청년인구비율 지표
행정구역별,전체인구,22904.0,13,35530,A,In person,T001,DT_1YL20643,청년인구비율,인구총조사 청년인구비율(시도/시/군/구),2024,2025-07-29,무주군,명,101,청년인구비율 지표
행정구역별,청년인구비율(19~34세),10.7,21,35530,A,%,T001,DT_1YL20643,청년인구비율,인구총조사 청년인구비율(시도/시/군/구),2024,2025-07-29,무주군,%,101,청년인구비율 지표
행정구역별,청년인구(19~34세),2455.0,22,35530,A,In person,T001,DT_1YL20643,청년인구비율,인구총조사 청년인구비율(시도/시/군/구),2024,2025-07-29,무주군,명,101,청년인구비율 지표
행정구역별,전체인구,22904.0,23,35530,A,In person,T001,DT_1YL20643,청년인구비율,인구총조사 청년인구비율(시도/시/군/구),2024,2025-07-29,무주군,명,101,청년인구비율 지표
행정구역별,청년여성비율(19~39세),6.2,31,35530,A,%,T001,DT_1YL20643,청년인구비율,인구총조사 청년인구비율(시도/시/군/구),2024,2025-07-29,무주군,%,101,청년인구비율 지표
행정구역별,청년여성인구(19~39세),1413.0,32,35530,A,In person,T001,DT_1YL20643,청년인구비율,인구총조사 청년인구비율(시도/시/군/구),2024,2025-07-29,무주군,명,101,청년인구비율 지표
행정구역별,전체인구,22904.0,33,35530,A,In person,T001,DT_1YL20643,청년인구비율,인구총조사 청년인구비율(시도/시/군/구),2024,2025-07-29,무주군,명,101,청년인구비율 지표
행정구역별,청년인구비율(19~39세),13.5,11,35540,A,%,T001,DT_1YL20643,청년인구비율,인구총조사 청년인구비율(시도/시/군/구),2024,2025-07-29,장수군,%,101,청년인구비율 지표
행정구역별,청년인구(19~39세),2676.0,12,35540,A,In person,T001,DT_1YL20643,청년인구비율,인구총조사 청년인구비율(시도/시/군/구),2024,2025-07-29,장수군,명,101,청년인구비율 지표
행정구역별,전체인구,19838.0,13,35540,A,In person,T001,DT_1YL20643,청년인구비율,인구총조사 청년인구비율(시도/시/군/구),2024,2025-07-29,장수군,명,101,청년인구비율 지표
행정구역별,청년인구비율(19~34세),9.8,21,35540,A,%,T001,DT_1YL20643,청년인구비율,인구총조사 청년인구비율(시도/시/군/구),2024,2025-07-29,장수군,%,101,청년인구비율 지표
행정구역별,청년인구(19~34세),1946.0,22,35540,A,In person,T001,DT_1YL20643,청년인구비율,인구총조사 청년인구비율(시도/시/군/구),2024,2025-07-29,장수군,명,101,청년인구비율 지표
행정구역별,전체인구,19838.0,23,35540,A,In person,T001,DT_1YL20643,청년인구비율,인구총조사 청년인구비율(시도/시/군/구),2024,2025-07-29,장수군,명,101,청년인구비율 지표
행정구역별,청년여성비율(19~39세),5.8,31,35540,A,%,T001,DT_1YL20643,청년인구비율,인구총조사 청년인구비율(시도/시/군/구),2024,2025-07-29,장수군,%,101,청년인구비율 지표
행정구역별,청년여성인구(19~39세),1155.0,32,35540,A,In person,T001,DT_1YL20643,청년인구비율,인구총조사 청년인구비율(시도/시/군/구),2024,2025-07-29,장수군,명,101,청년인구비율 지표
행정구역별,전체인구,19838.0,33,35540,A,In person,T001,DT_1YL20643,청년인구비율,인구총조사 청년인구비율(시도/시/군/구),2024,2025-07-29,장수군,명,101,청년인구비율 지표
행정구역별,청년인구비율(19~39세),15.2,11,35550,A,%,T001,DT_1YL20643,청년인구비율,인구총조사 청년인구비율(시도/시/군/구),2024,2025-07-29,임실군,%,101,청년인구비율 지표
행정구역별,청년인구(19~39세),3695.0,12,35550,A,In person,T001,DT_1YL20643,청년인구비율,인구총조사 청년인구비율(시도/시/군/구),2024,2025-07-29,임실군,명,101,청년인구비율 지표
행정구역별,전체인구,24275.0,13,35550,A,In person,T001,DT_1YL20643,청년인구비율,인구총조사 청년인구비율(시도/시/군/구),2024,2025-07-29,임실군,명,101,청년인구비율 지표
행정구역별,청년인구비율(19~34세),11.8,21,35550,A,%,T001,DT_1YL20643,청년인구비율,인구총조사 청년인구비율(시도/시/군/구),2024,2025-07-29,임실군,%,101,청년인구비율 지표
행정구역별,청년인구(19~34세),2854.0,22,35550,A,In person,T001,DT_1YL20643,청년인구비율,인구총조사 청년인구비율(시도/시/군/구),2024,2025-07-29,임실군,명,101,청년인구비율 지표
행정구역별,전체인구,24275.0,23,35550,A,In person,T001,DT_1YL20643,청년인구비율,인구총조사 청년인구비율(시도/시/군/구),2024,2025-07-29,임실군,명,101,청년인구비율 지표
행정구역별,청년여성비율(19~39세),6.5,31,35550,A,%,T001,DT_1YL20643,청년인구비율,인구총조사 청년인구비율(시도/시/군/구),2024,2025-07-29,임실군,%,101,청년인구비율 지표
행정구역별,청년여성인구(19~39세),1582.0,32,35550,A,In person,T001,DT_1YL20643,청년인구비율,인구총조사 청년인구비율(시도/시/군/구),2024,2025-07-29,임실군,명,101,청년인구비율 지표
행정구역별,전체인구,24275.0,33,35550,A,In person,T001,DT_1YL20643,청년인구비율,인구총조사 청년인구비율(시도/시/군/구),2024,2025-07-29,임실군,명,101,청년인구비율 지표
행정구역별,청년인구비율(19~39세),14.0,11,35560,A,%,T001,DT_1YL20643,청년인구비율,인구총조사 청년인구비율(시도/시/군/구),2024,2025-07-29,순창군,%,101,청년인구비율 지표
행정구역별,청년인구(19~39세),3574.0,12,35560,A,In person,T001,DT_1YL20643,청년인구비율,인구총조사 청년인구비율(시도/시/군/구),2024,2025-07-29,순창군,명,101,청년인구비율 지표
행정구역별,전체인구,25494.0,13,35560,A,In person,T001,DT_1YL20643,청년인구비율,인구총조사 청년인구비율(시도/시/군/구),2024,2025-07-29,순창군,명,101,청년인구비율 지표
행정구역별,청년인구비율(19~34세),10.4,21,35560,A,%,T001,DT_1YL20643,청년인구비율,인구총조사 청년인구비율(시도/시/군/구),2024,2025-07-29,순창군,%,101,청년인구비율 지표
행정구역별,청년인구(19~34세),2654.0,22,35560,A,In person,T001,DT_1YL20643,청년인구비율,인구총조사 청년인구비율(시도/시/군/구),2024,2025-07-29,순창군,명,101,청년인구비율 지표
행정구역별,전체인구,25494.0,23,35560,A,In person,T001,DT_1YL20643,청년인구비율,인구총조사 청년인구비율(시도/시/군/구),2024,2025-07-29,순창군,명,101,청년인구비율 지표
행정구역별,청년여성비율(19~39세),6.5,31,35560,A,%,T001,DT_1YL20643,청년인구비율,인구총조사 청년인구비율(시도/시/군/구),2024,2025-07-29,순창군,%,101,청년인구비율 지표
행정구역별,청년여성인구(19~39세),1650.0,32,35560,A,In person,T001,DT_1YL20643,청년인구비율,인구총조사 청년인구비율(시도/시/군/구),2024,2025-07-29,순창군,명,101,청년인구비율 지표
행정구역별,전체인구,25494.0,33,35560,A,In person,T001,DT_1YL20643,청년인구비율,인구총조사 청년인구비율(시도/시/군/구),2024,2025-07-29,순창군,명,101,청년인구비율 지표
행정구역별,청년인구비율(19~39세),15.7,11,35570,A,%,T001,DT_1YL20643,청년인구비율,인구총조사 청년인구비율(시도/시/군/구),2024,2025-07-29,고창군,%,101,청년인구비율 지표
행정구역별,청년인구(19~39세),8090.0,12,35570,A,In person,T001,DT_1YL20643,청년인구비율,인구총조사 청년인구비율(시도/시/군/구),2024,2025-07-29,고창군,명,101,청년인구비율 지표
행정구역별,전체인구,51371.0,13,35570,A,In person,T001,DT_1YL20643,청년인구비율,인구총조사 청년인구비율(시도/시/군/구),2024,2025-07-29,고창군,명,101,청년인구비율 지표
행정구역별,청년인구비율(19~34세),11.3,21,35570,A,%,T001,DT_1YL20643,청년인구비율,인구총조사 청년인구비율(시도/시/군/구),2024,2025-07-29,고창군,%,101,청년인구비율 지표
행정구역별,청년인구(19~34세),5811.0,22,35570,A,In person,T001,DT_1YL20643,청년인구비율,인구총조사 청년인구비율(시도/시/군/구),2024,2025-07-29,고창군,명,101,청년인구비율 지표
행정구역별,전체인구,51371.0,23,35570,A,In person,T001,DT_1YL20643,청년인구비율,인구총조사 청년인구비율(시도/시/군/구),2024,2025-07-29,고창군,명,101,청년인구비율 지표
행정구역별,청년여성비율(19~39세),7.1,31,35570,A,%,T001,DT_1YL20643,청년인구비율,인구총조사 청년인구비율(시도/시/군/구),2024,2025-07-29,고창군,%,101,청년인구비율 지표
행정구역별,청년여성인구(19~39세),3626.0,32,35570,A,In person,T001,DT_1YL20643,청년인구비율,인구총조사 청년인구비율(시도/시/군/구),2024,2025-07-29,고창군,명,101,청년인구비율 지표
행정구역별,전체인구,51371.0,33,35570,A,In person,T001,DT_1YL20643,청년인구비율,인구총조사 청년인구비율(시도/시/군/구),2024,2025-07-29,고창군,명,101,청년인구비율 지표
행정구역별,청년인구비율(19~39세),14.8,11,35580,A,%,T001,DT_1YL20643,청년인구비율,인구총조사 청년인구비율(시도/시/군/구),2024,2025-07-29,부안군,%,101,청년인구비율 지표
행정구역별,청년인구(19~39세),6840.0,12,35580,A,In person,T001,DT_1YL20643,청년인구비율,인구총조사 청년인구비율(시도/시/군/구),2024,2025-07-29,부안군,명,101,청년인구비율 지표
행정구역별,전체인구,46363.0,13,35580,A,In person,T001,DT_1YL20643,청년인구비율,인구총조사 청년인구비율(시도/시/군/구),2024,2025-07-29,부안군,명,101,청년인구비율 지표
행정구역별,청년인구비율(19~34세),10.9,21,35580,A,%,T001,DT_1YL20643,청년인구비율,인구총조사 청년인구비율(시도/시/군/구),2024,2025-07-29,부안군,%,101,청년인구비율 지표
행정구역별,청년인구(19~34세),5054.0,22,35580,A,In person,T001,DT_1YL20643,청년인구비율,인구총조사 청년인구비율(시도/시/군/구),2024,2025-07-29,부안군,명,101,청년인구비율 지표
행정구역별,전체인구,46363.0,23,35580,A,In person,T001,DT_1YL20643,청년인구비율,인구총조사 청년인구비율(시도/시/군/구),2024,2025-07-29,부안군,명,101,청년인구비율 지표
행정구역별,청년여성비율(19~39세),6.1,31,35580,A,%,T001,DT_1YL20643,청년인구비율,인구총조사 청년인구비율(시도/시/군/구),2024,2025-07-29,부안군,%,101,청년인구비율 지표
행정구역별,청년여성인구(19~39세),2817.0,32,35580,A,In person,T001,DT_1YL20643,청년인구비율,인구총조사 청년인구비율(시도/시/군/구),2024,2025-07-29,부안군,명,101,청년인구비율 지표
행정구역별,전체인구,46363.0,33,35580,A,In person,T001,DT_1YL20643,청년인구비율,인구총조사 청년인구비율(시도/시/군/구),2024,2025-07-29,부안군,명,101,청년인구비율 지표
행정구역별,청년인구비율(19~39세),21.1,11,36,A,%,T001,DT_1YL20643,청년인구비율,인구총조사 청년인구비율(시도/시/군/구),2024,2025-07-29,전라남도,%,101,청년인구비율 지표
행정구역별,청년인구(19~39세),375501.0,12,36,A,In person,T001,DT_1YL20643,청년인구비율,인구총조사 청년인구비율(시도/시/군/구),2024,2025-07-29,전라남도,명,101,청년인구비율 지표
행정구역별,전체인구,1778338.0,13,36,A,In person,T001,DT_1YL20643,청년인구비율,인구총조사 청년인구비율(시도/시/군/구),2024,2025-07-29,전라남도,명,101,청년인구비율 지표
행정구역별,청년인구비율(19~34세),16.0,21,36,A,%,T001,DT_1YL20643,청년인구비율,인구총조사 청년인구비율(시도/시/군/구),2024,2025-07-29,전라남도,%,101,청년인구비율 지표
행정구역별,청년인구(19~34세),284972.0,22,36,A,In person,T001,DT_1YL20643,청년인구비율,인구총조사 청년인구비율(시도/시/군/구),2024,2025-07-29,전라남도,명,101,청년인구비율 지표
행정구역별,전체인구,1778338.0,23,36,A,In person,T001,DT_1YL20643,청년인구비율,인구총조사 청년인구비율(시도/시/군/구),2024,2025-07-29,전라남도,명,101,청년인구비율 지표
행정구역별,청년여성비율(19~39세),8.9,31,36,A,%,T001,DT_1YL20643,청년인구비율,인구총조사 청년인구비율(시도/시/군/구),2024,2025-07-29,전라남도,%,101,청년인구비율 지표
행정구역별,청년여성인구(19~39세),159107.0,32,36,A,In person,T001,DT_1YL20643,청년인구비율,인구총조사 청년인구비율(시도/시/군/구),2024,2025-07-29,전라남도,명,101,청년인구비율 지표
행정구역별,전체인구,1778338.0,33,36,A,In person,T001,DT_1YL20643,청년인구비율,인구총조사 청년인구비율(시도/시/군/구),2024,2025-07-29,전라남도,명,101,청년인구비율 지표
행정구역별,청년인구비율(19~39세),22.5,11,36010,A,%,T001,DT_1YL20643,청년인구비율,인구총조사 청년인구비율(시도/시/군/구),2024,2025-07-29,목포시,%,101,청년인구비율 지표
행정구역별,청년인구(19~39세),48246.0,12,36010,A,In person,T001,DT_1YL20643,청년인구비율,인구총조사 청년인구비율(시도/시/군/구),2024,2025-07-29,목포시,명,101,청년인구비율 지표
행정구역별,전체인구,214701.0,13,36010,A,In person,T001,DT_1YL20643,청년인구비율,인구총조사 청년인구비율(시도/시/군/구),2024,2025-07-29,목포시,명,101,청년인구비율 지표
행정구역별,청년인구비율(19~34세),17.4,21,36010,A,%,T001,DT_1YL20643,청년인구비율,인구총조사 청년인구비율(시도/시/군/구),2024,2025-07-29,목포시,%,101,청년인구비율 지표
행정구역별,청년인구(19~34세),37298.0,22,36010,A,In person,T001,DT_1YL20643,청년인구비율,인구총조사 청년인구비율(시도/시/군/구),2024,2025-07-29,목포시,명,101,청년인구비율 지표
행정구역별,전체인구,214701.0,23,36010,A,In person,T001,DT_1YL20643,청년인구비율,인구총조사 청년인구비율(시도/시/군/구),2024,2025-07-29,목포시,명,101,청년인구비율 지표
행정구역별,청년여성비율(19~39세),10.0,31,36010,A,%,T001,DT_1YL20643,청년인구비율,인구총조사 청년인구비율(시도/시/군/구),2024,2025-07-29,목포시,%,101,청년인구비율 지표
행정구역별,청년여성인구(19~39세),21412.0,32,36010,A,In person,T001,DT_1YL20643,청년인구비율,인구총조사 청년인구비율(시도/시/군/구),2024,2025-07-29,목포시,명,101,청년인구비율 지표
행정구역별,전체인구,214701.0,33,36010,A,In person,T001,DT_1YL20643,청년인구비율,인구총조사 청년인구비율(시도/시/군/구),2024,2025-07-29,목포시,명,101,청년인구비율 지표
행정구역별,청년인구비율(19~39세),22.5,11,36020,A,%,T001,DT_1YL20643,청년인구비율,인구총조사 청년인구비율(시도/시/군/구),2024,2025-07-29,여수시,%,101,청년인구비율 지표
행정구역별,청년인구(19~39세),59871.0,12,36020,A,In person,T001,DT_1YL20643,청년인구비율,인구총조사 청년인구비율(시도/시/군/구),2024,2025-07-29,여수시,명,101,청년인구비율 지표
행정구역별,전체인구,265859.0,13,36020,A,In person,T001,DT_1YL20643,청년인구비율,인구총조사 청년인구비율(시도/시/군/구),2024,2025-07-29,여수시,명,101,청년인구비율 지표
행정구역별,청년인구비율(19~34세),17.2,21,36020,A,%,T001,DT_1YL20643,청년인구비율,인구총조사 청년인구비율(시도/시/군/구),2024,2025-07-29,여수시,%,101,청년인구비율 지표
행정구역별,청년인구(19~34세),45718.0,22,36020,A,In person,T001,DT_1YL20643,청년인구비율,인구총조사 청년인구비율(시도/시/군/구),2024,2025-07-29,여수시,명,101,청년인구비율 지표
행정구역별,전체인구,265859.0,23,36020,A,In person,T001,DT_1YL20643,청년인구비율,인구총조사 청년인구비율(시도/시/군/구),2024,2025-07-29,여수시,명,101,청년인구비율 지표
행정구역별,청년여성비율(19~39세),9.2,31,36020,A,%,T001,DT_1YL20643,청년인구비율,인구총조사 청년인구비율(시도/시/군/구),2024,2025-07-29,여수시,%,101,청년인구비율 지표
행정구역별,청년여성인구(19~39세),24380.0,32,36020,A,In person,T001,DT_1YL20643,청년인구비율,인구총조사 청년인구비율(시도/시/군/구),2024,2025-07-29,여수시,명,101,청년인구비율 지표
행정구역별,전체인구,265859.0,33,36020,A,In person,T001,DT_1YL20643,청년인구비율,인구총조사 청년인구비율(시도/시/군/구),2024,2025-07-29,여수시,명,101,청년인구비율 지표
행정구역별,청년인구비율(19~39세),24.1,11,36030,A,%,T001,DT_1YL20643,청년인구비율,인구총조사 청년인구비율(시도/시/군/구),2024,2025-07-29,순천시,%,101,청년인구비율 지표
행정구역별,청년인구(19~39세),65404.0,12,36030,A,In person,T001,DT_1YL20643,청년인구비율,인구총조사 청년인구비율(시도/시/군/구),2024,2025-07-29,순천시,명,101,청년인구비율 지표
행정구역별,전체인구,271376.0,13,36030,A,In person,T001,DT_1YL20643,청년인구비율,인구총조사 청년인구비율(시도/시/군/구),2024,2025-07-29,순천시,명,101,청년인구비율 지표
행정구역별,청년인구비율(19~34세),18.5,21,36030,A,%,T001,DT_1YL20643,청년인구비율,인구총조사 청년인구비율(시도/시/군/구),2024,2025-07-29,순천시,%,101,청년인구비율 지표
행정구역별,청년인구(19~34세),50226.0,22,36030,A,In person,T001,DT_1YL20643,청년인구비율,인구총조사 청년인구비율(시도/시/군/구),2024,2025-07-29,순천시,명,101,청년인구비율 지표
행정구역별,전체인구,271376.0,23,36030,A,In person,T001,DT_1YL20643,청년인구비율,인구총조사 청년인구비율(시도/시/군/구),2024,2025-07-29,순천시,명,101,청년인구비율 지표
행정구역별,청년여성비율(19~39세),11.2,31,36030,A,%,T001,DT_1YL20643,청년인구비율,인구총조사 청년인구비율(시도/시/군/구),2024,2025-07-29,순천시,%,101,청년인구비율 지표
행정구역별,청년여성인구(19~39세),30460.0,32,36030,A,In person,T001,DT_1YL20643,청년인구비율,인구총조사 청년인구비율(시도/시/군/구),2024,2025-07-29,순천시,명,101,청년인구비율 지표
행정구역별,전체인구,271376.0,33,36030,A,In person,T001,DT_1YL20643,청년인구비율,인구총조사 청년인구비율(시도/시/군/구),2024,2025-07-29,순천시,명,101,청년인구비율 지표
행정구역별,청년인구비율(19~39세),24.8,11,36040,A,%,T001,DT_1YL20643,청년인구비율,인구총조사 청년인구비율(시도/시/군/구),2024,2025-07-29,나주시,%,101,청년인구비율 지표
행정구역별,청년인구(19~39세),29218.0,12,36040,A,In person,T001,DT_1YL20643,청년인구비율,인구총조사 청년인구비율(시도/시/군/구),2024,2025-07-29,나주시,명,101,청년인구비율 지표
행정구역별,전체인구,118018.0,13,36040,A,In person,T001,DT_1YL20643,청년인구비율,인구총조사 청년인구비율(시도/시/군/구),2024,2025-07-29,나주시,명,101,청년인구비율 지표
행정구역별,청년인구비율(19~34세),18.4,21,36040,A,%,T001,DT_1YL20643,청년인구비율,인구총조사 청년인구비율(시도/시/군/구),2024,2025-07-29,나주시,%,101,청년인구비율 지표
행정구역별,청년인구(19~34세),21732.0,22,36040,A,In person,T001,DT_1YL20643,청년인구비율,인구총조사 청년인구비율(시도/시/군/구),2024,2025-07-29,나주시,명,101,청년인구비율 지표
행정구역별,전체인구,118018.0,23,36040,A,In person,T001,DT_1YL20643,청년인구비율,인구총조사 청년인구비율(시도/시/군/구),2024,2025-07-29,나주시,명,101,청년인구비율 지표
행정구역별,청년여성비율(19~39세),11.4,31,36040,A,%,T001,DT_1YL20643,청년인구비율,인구총조사 청년인구비율(시도/시/군/구),2024,2025-07-29,나주시,%,101,청년인구비율 지표
행정구역별,청년여성인구(19~39세),13495.0,32,36040,A,In person,T001,DT_1YL20643,청년인구비율,인구총조사 청년인구비율(시도/시/군/구),2024,2025-07-29,나주시,명,101,청년인구비율 지표
행정구역별,전체인구,118018.0,33,36040,A,In person,T001,DT_1YL20643,청년인구비율,인구총조사 청년인구비율(시도/시/군/구),2024,2025-07-29,나주시,명,101,청년인구비율 지표
행정구역별,청년인구비율(19~39세),23.8,11,36060,A,%,T001,DT_1YL20643,청년인구비율,인구총조사 청년인구비율(시도/시/군/구),2024,2025-07-29,광양시,%,101,청년인구비율 지표
행정구역별,청년인구(19~39세),35865.0,12,36060,A,In person,T001,DT_1YL20643,청년인구비율,인구총조사 청년인구비율(시도/시/군/구),2024,2025-07-29,광양시,명,101,청년인구비율 지표
행정구역별,전체인구,150390.0,13,36060,A,In person,T001,DT_1YL20643,청년인구비율,인구총조사 청년인구비율(시도/시/군/구),2024,2025-07-29,광양시,명,101,청년인구비율 지표
행정구역별,청년인구비율(19~34세),17.8,21,36060,A,%,T001,DT_1YL20643,청년인구비율,인구총조사 청년인구비율(시도/시/군/구),2024,2025-07-29,광양시,%,101,청년인구비율 지표
행정구역별,청년인구(19~34세),26790.0,22,36060,A,In person,T001,DT_1YL20643,청년인구비율,인구총조사 청년인구비율(시도/시/군/구),2024,2025-07-29,광양시,명,101,청년인구비율 지표
행정구역별,전체인구,150390.0,23,36060,A,In person,T001,DT_1YL20643,청년인구비율,인구총조사 청년인구비율(시도/시/군/구),2024,2025-07-29,광양시,명,101,청년인구비율 지표
행정구역별,청년여성비율(19~39세),10.0,31,36060,A,%,T001,DT_1YL20643,청년인구비율,인구총조사 청년인구비율(시도/시/군/구),2024,2025-07-29,광양시,%,101,청년인구비율 지표
행정구역별,청년여성인구(19~39세),15087.0,32,36060,A,In person,T001,DT_1YL20643,청년인구비율,인구총조사 청년인구비율(시도/시/군/구),2024,2025-07-29,광양시,명,101,청년인구비율 지표
행정구역별,전체인구,150390.0,33,36060,A,In person,T001,DT_1YL20643,청년인구비율,인구총조사 청년인구비율(시도/시/군/구),2024,2025-07-29,광양시,명,101,청년인구비율 지표
행정구역별,청년인구비율(19~39세),17.1,11,36510,A,%,T001,DT_1YL20643,청년인구비율,인구총조사 청년인구비율(시도/시/군/구),2024,2025-07-29,담양군,%,101,청년인구비율 지표
행정구역별,청년인구(19~39세),7408.0,12,36510,A,In person,T001,DT_1YL20643,청년인구비율,인구총조사 청년인구비율(시도/시/군/구),2024,2025-07-29,담양군,명,101,청년인구비율 지표
행정구역별,전체인구,43310.0,13,36510,A,In person,T001,DT_1YL20643,청년인구비율,인구총조사 청년인구비율(시도/시/군/구),2024,2025-07-29,담양군,명,101,청년인구비율 지표
행정구역별,청년인구비율(19~34세),13.0,21,36510,A,%,T001,DT_1YL20643,청년인구비율,인구총조사 청년인구비율(시도/시/군/구),2024,2025-07-29,담양군,%,101,청년인구비율 지표
행정구역별,청년인구(19~34세),5621.0,22,36510,A,In person,T001,DT_1YL20643,청년인구비율,인구총조사 청년인구비율(시도/시/군/구),2024,2025-07-29,담양군,명,101,청년인구비율 지표
행정구역별,전체인구,43310.0,23,36510,A,In person,T001,DT_1YL20643,청년인구비율,인구총조사 청년인구비율(시도/시/군/구),2024,2025-07-29,담양군,명,101,청년인구비율 지표
행정구역별,청년여성비율(19~39세),7.6,31,36510,A,%,T001,DT_1YL20643,청년인구비율,인구총조사 청년인구비율(시도/시/군/구),2024,2025-07-29,담양군,%,101,청년인구비율 지표
행정구역별,청년여성인구(19~39세),3300.0,32,36510,A,In person,T001,DT_1YL20643,청년인구비율,인구총조사 청년인구비율(시도/시/군/구),2024,2025-07-29,담양군,명,101,청년인구비율 지표
행정구역별,전체인구,43310.0,33,36510,A,In person,T001,DT_1YL20643,청년인구비율,인구총조사 청년인구비율(시도/시/군/구),2024,2025-07-29,담양군,명,101,청년인구비율 지표
행정구역별,청년인구비율(19~39세),15.9,11,36520,A,%,T001,DT_1YL20643,청년인구비율,인구총조사 청년인구비율(시도/시/군/구),2024,2025-07-29,곡성군,%,101,청년인구비율 지표
행정구역별,청년인구(19~39세),4129.0,12,36520,A,In person,T001,DT_1YL20643,청년인구비율,인구총조사 청년인구비율(시도/시/군/구),2024,2025-07-29,곡성군,명,101,청년인구비율 지표
행정구역별,전체인구,25990.0,13,36520,A,In person,T001,DT_1YL20643,청년인구비율,인구총조사 청년인구비율(시도/시/군/구),2024,2025-07-29,곡성군,명,101,청년인구비율 지표
행정구역별,청년인구비율(19~34세),12.9,21,36520,A,%,T001,DT_1YL20643,청년인구비율,인구총조사 청년인구비율(시도/시/군/구),2024,2025-07-29,곡성군,%,101,청년인구비율 지표
행정구역별,청년인구(19~34세),3342.0,22,36520,A,In person,T001,DT_1YL20643,청년인구비율,인구총조사 청년인구비율(시도/시/군/구),2024,2025-07-29,곡성군,명,101,청년인구비율 지표
행정구역별,전체인구,25990.0,23,36520,A,In person,T001,DT_1YL20643,청년인구비율,인구총조사 청년인구비율(시도/시/군/구),2024,2025-07-29,곡성군,명,101,청년인구비율 지표
행정구역별,청년여성비율(19~39세),6.6,31,36520,A,%,T001,DT_1YL20643,청년인구비율,인구총조사 청년인구비율(시도/시/군/구),2024,2025-07-29,곡성군,%,101,청년인구비율 지표
행정구역별,청년여성인구(19~39세),1704.0,32,36520,A,In person,T001,DT_1YL20643,청년인구비율,인구총조사 청년인구비율(시도/시/군/구),2024,2025-07-29,곡성군,명,101,청년인구비율 지표
행정구역별,전체인구,25990.0,33,36520,A,In person,T001,DT_1YL20643,청년인구비율,인구총조사 청년인구비율(시도/시/군/구),2024,2025-07-29,곡성군,명,101,청년인구비율 지표
행정구역별,청년인구비율(19~39세),11.6,11,36530,A,%,T001,DT_1YL20643,청년인구비율,인구총조사 청년인구비율(시도/시/군/구),2024,2025-07-29,구례군,%,101,청년인구비율 지표
행정구역별,청년인구(19~39세),2644.0,12,36530,A,In person,T001,DT_1YL20643,청년인구비율,인구총조사 청년인구비율(시도/시/군/구),2024,2025-07-29,구례군,명,101,청년인구비율 지표
행정구역별,전체인구,22724.0,13,36530,A,In person,T001,DT_1YL20643,청년인구비율,인구총조사 청년인구비율(시도/시/군/구),2024,2025-07-29,구례군,명,101,청년인구비율 지표
행정구역별,청년인구비율(19~34세),8.8,21,36530,A,%,T001,DT_1YL20643,청년인구비율,인구총조사 청년인구비율(시도/시/군/구),2024,2025-07-29,구례군,%,101,청년인구비율 지표
행정구역별,청년인구(19~34세),2000.0,22,36530,A,In person,T001,DT_1YL20643,청년인구비율,인구총조사 청년인구비율(시도/시/군/구),2024,2025-07-29,구례군,명,101,청년인구비율 지표
행정구역별,전체인구,22724.0,23,36530,A,In person,T001,DT_1YL20643,청년인구비율,인구총조사 청년인구비율(시도/시/군/구),2024,2025-07-29,구례군,명,101,청년인구비율 지표
행정구역별,청년여성비율(19~39세),5.4,31,36530,A,%,T001,DT_1YL20643,청년인구비율,인구총조사 청년인구비율(시도/시/군/구),2024,2025-07-29,구례군,%,101,청년인구비율 지표
행정구역별,청년여성인구(19~39세),1227.0,32,36530,A,In person,T001,DT_1YL20643,청년인구비율,인구총조사 청년인구비율(시도/시/군/구),2024,2025-07-29,구례군,명,101,청년인구비율 지표
행정구역별,전체인구,22724.0,33,36530,A,In person,T001,DT_1YL20643,청년인구비율,인구총조사 청년인구비율(시도/시/군/구),2024,2025-07-29,구례군,명,101,청년인구비율 지표
행정구역별,청년인구비율(19~39세),12.9,11,36550,A,%,T001,DT_1YL20643,청년인구비율,인구총조사 청년인구비율(시도/시/군/구),2024,2025-07-29,고흥군,%,101,청년인구비율 지표
행정구역별,청년인구(19~39세),7590.0,12,36550,A,In person,T001,DT_1YL20643,청년인구비율,인구총조사 청년인구비율(시도/시/군/구),2024,2025-07-29,고흥군,명,101,청년인구비율 지표
행정구역별,전체인구,58776.0,13,36550,A,In person,T001,DT_1YL20643,청년인구비율,인구총조사 청년인구비율(시도/시/군/구),2024,2025-07-29,고흥군,명,101,청년인구비율 지표
행정구역별,청년인구비율(19~34세),9.7,21,36550,A,%,T001,DT_1YL20643,청년인구비율,인구총조사 청년인구비율(시도/시/군/구),2024,2025-07-29,고흥군,%,101,청년인구비율 지표
행정구역별,청년인구(19~34세),5707.0,22,36550,A,In person,T001,DT_1YL20643,청년인구비율,인구총조사 청년인구비율(시도/시/군/구),2024,2025-07-29,고흥군,명,101,청년인구비율 지표
행정구역별,전체인구,58776.0,23,36550,A,In person,T001,DT_1YL20643,청년인구비율,인구총조사 청년인구비율(시도/시/군/구),2024,2025-07-29,고흥군,명,101,청년인구비율 지표
행정구역별,청년여성비율(19~39세),4.8,31,36550,A,%,T001,DT_1YL20643,청년인구비율,인구총조사 청년인구비율(시도/시/군/구),2024,2025-07-29,고흥군,%,101,청년인구비율 지표
행정구역별,청년여성인구(19~39세),2815.0,32,36550,A,In person,T001,DT_1YL20643,청년인구비율,인구총조사 청년인구비율(시도/시/군/구),2024,2025-07-29,고흥군,명,101,청년인구비율 지표
행정구역별,전체인구,58776.0,33,36550,A,In person,T001,DT_1YL20643,청년인구비율,인구총조사 청년인구비율(시도/시/군/구),2024,2025-07-29,고흥군,명,101,청년인구비율 지표
행정구역별,청년인구비율(19~39세),13.6,11,36560,A,%,T001,DT_1YL20643,청년인구비율,인구총조사 청년인구비율(시도/시/군/구),2024,2025-07-29,보성군,%,101,청년인구비율 지표
행정구역별,청년인구(19~39세),4904.0,12,36560,A,In person,T001,DT_1YL20643,청년인구비율,인구총조사 청년인구비율(시도/시/군/구),2024,2025-07-29,보성군,명,101,청년인구비율 지표
행정구역별,전체인구,36033.0,13,36560,A,In person,T001,DT_1YL20643,청년인구비율,인구총조사 청년인구비율(시도/시/군/구),2024,2025-07-29,보성군,명,101,청년인구비율 지표
행정구역별,청년인구비율(19~34세),9.9,21,36560,A,%,T001,DT_1YL20643,청년인구비율,인구총조사 청년인구비율(시도/시/군/구),2024,2025-07-29,보성군,%,101,청년인구비율 지표
행정구역별,청년인구(19~34세),3581.0,22,36560,A,In person,T001,DT_1YL20643,청년인구비율,인구총조사 청년인구비율(시도/시/군/구),2024,2025-07-29,보성군,명,101,청년인구비율 지표
행정구역별,전체인구,36033.0,23,36560,A,In person,T001,DT_1YL20643,청년인구비율,인구총조사 청년인구비율(시도/시/군/구),2024,2025-07-29,보성군,명,101,청년인구비율 지표
행정구역별,청년여성비율(19~39세),6.1,31,36560,A,%,T001,DT_1YL20643,청년인구비율,인구총조사 청년인구비율(시도/시/군/구),2024,2025-07-29,보성군,%,101,청년인구비율 지표
행정구역별,청년여성인구(19~39세),2193.0,32,36560,A,In person,T001,DT_1YL20643,청년인구비율,인구총조사 청년인구비율(시도/시/군/구),2024,2025-07-29,보성군,명,101,청년인구비율 지표
행정구역별,전체인구,36033.0,33,36560,A,In person,T001,DT_1YL20643,청년인구비율,인구총조사 청년인구비율(시도/시/군/구),2024,2025-07-29,보성군,명,101,청년인구비율 지표
행정구역별,청년인구비율(19~39세),18.2,11,36570,A,%,T001,DT_1YL20643,청년인구비율,인구총조사 청년인구비율(시도/시/군/구),2024,2025-07-29,화순군,%,101,청년인구비율 지표
행정구역별,청년인구(19~39세),10791.0,12,36570,A,In person,T001,DT_1YL20643,청년인구비율,인구총조사 청년인구비율(시도/시/군/구),2024,2025-07-29,화순군,명,101,청년인구비율 지표
행정구역별,전체인구,59174.0,13,36570,A,In person,T001,DT_1YL20643,청년인구비율,인구총조사 청년인구비율(시도/시/군/구),2024,2025-07-29,화순군,명,101,청년인구비율 지표
행정구역별,청년인구비율(19~34세),14.7,21,36570,A,%,T001,DT_1YL20643,청년인구비율,인구총조사 청년인구비율(시도/시/군/구),2024,2025-07-29,화순군,%,101,청년인구비율 지표
행정구역별,청년인구(19~34세),8707.0,22,36570,A,In person,T001,DT_1YL20643,청년인구비율,인구총조사 청년인구비율(시도/시/군/구),2024,2025-07-29,화순군,명,101,청년인구비율 지표
행정구역별,전체인구,59174.0,23,36570,A,In person,T001,DT_1YL20643,청년인구비율,인구총조사 청년인구비율(시도/시/군/구),2024,2025-07-29,화순군,명,101,청년인구비율 지표
행정구역별,청년여성비율(19~39세),8.5,31,36570,A,%,T001,DT_1YL20643,청년인구비율,인구총조사 청년인구비율(시도/시/군/구),2024,2025-07-29,화순군,%,101,청년인구비율 지표
행정구역별,청년여성인구(19~39세),5058.0,32,36570,A,In person,T001,DT_1YL20643,청년인구비율,인구총조사 청년인구비율(시도/시/군/구),2024,2025-07-29,화순군,명,101,청년인구비율 지표
행정구역별,전체인구,59174.0,33,36570,A,In person,T001,DT_1YL20643,청년인구비율,인구총조사 청년인구비율(시도/시/군/구),2024,2025-07-29,화순군,명,101,청년인구비율 지표
행정구역별,청년인구비율(19~39세),14.6,11,36580,A,%,T001,DT_1YL20643,청년인구비율,인구총조사 청년인구비율(시도/시/군/구),2024,2025-07-29,장흥군,%,101,청년인구비율 지표
행정구역별,청년인구(19~39세),4856.0,12,36580,A,In person,T001,DT_1YL20643,청년인구비율,인구총조사 청년인구비율(시도/시/군/구),2024,2025-07-29,장흥군,명,101,청년인구비율 지표
행정구역별,전체인구,33351.0,13,36580,A,In person,T001,DT_1YL20643,청년인구비율,인구총조사 청년인구비율(시도/시/군/구),2024,2025-07-29,장흥군,명,101,청년인구비율 지표
행정구역별,청년인구비율(19~34세),10.7,21,36580,A,%,T001,DT_1YL20643,청년인구비율,인구총조사 청년인구비율(시도/시/군/구),2024,2025-07-29,장흥군,%,101,청년인구비율 지표
행정구역별,청년인구(19~34세),3578.0,22,36580,A,In person,T001,DT_1YL20643,청년인구비율,인구총조사 청년인구비율(시도/시/군/구),2024,2025-07-29,장흥군,명,101,청년인구비율 지표
행정구역별,전체인구,33351.0,23,36580,A,In person,T001,DT_1YL20643,청년인구비율,인구총조사 청년인구비율(시도/시/군/구),2024,2025-07-29,장흥군,명,101,청년인구비율 지표
행정구역별,청년여성비율(19~39세),6.3,31,36580,A,%,T001,DT_1YL20643,청년인구비율,인구총조사 청년인구비율(시도/시/군/구),2024,2025-07-29,장흥군,%,101,청년인구비율 지표
행정구역별,청년여성인구(19~39세),2106.0,32,36580,A,In person,T001,DT_1YL20643,청년인구비율,인구총조사 청년인구비율(시도/시/군/구),2024,2025-07-29,장흥군,명,101,청년인구비율 지표
행정구역별,전체인구,33351.0,33,36580,A,In person,T001,DT_1YL20643,청년인구비율,인구총조사 청년인구비율(시도/시/군/구),2024,2025-07-29,장흥군,명,101,청년인구비율 지표
행정구역별,청년인구비율(19~39세),14.4,11,36590,A,%,T001,DT_1YL20643,청년인구비율,인구총조사 청년인구비율(시도/시/군/구),2024,2025-07-29,강진군,%,101,청년인구비율 지표
행정구역별,청년인구(19~39세),4460.0,12,36590,A,In person,T001,DT_1YL20643,청년인구비율,인구총조사 청년인구비율(시도/시/군/구),2024,2025-07-29,강진군,명,101,청년인구비율 지표
행정구역별,전체인구,31042.0,13,36590,A,In person,T001,DT_1YL20643,청년인구비율,인구총조사 청년인구비율(시도/시/군/구),2024,2025-07-29,강진군,명,101,청년인구비율 지표
행정구역별,청년인구비율(19~34세),10.6,21,36590,A,%,T001,DT_1YL20643,청년인구비율,인구총조사 청년인구비율(시도/시/군/구),2024,2025-07-29,강진군,%,101,청년인구비율 지표
행정구역별,청년인구(19~34세),3305.0,22,36590,A,In person,T001,DT_1YL20643,청년인구비율,인구총조사 청년인구비율(시도/시/군/구),2024,2025-07-29,강진군,명,101,청년인구비율 지표
행정구역별,전체인구,31042.0,23,36590,A,In person,T001,DT_1YL20643,청년인구비율,인구총조사 청년인구비율(시도/시/군/구),2024,2025-07-29,강진군,명,101,청년인구비율 지표
행정구역별,청년여성비율(19~39세),6.3,31,36590,A,%,T001,DT_1YL20643,청년인구비율,인구총조사 청년인구비율(시도/시/군/구),2024,2025-07-29,강진군,%,101,청년인구비율 지표
행정구역별,청년여성인구(19~39세),1955.0,32,36590,A,In person,T001,DT_1YL20643,청년인구비율,인구총조사 청년인구비율(시도/시/군/구),2024,2025-07-29,강진군,명,101,청년인구비율 지표
행정구역별,전체인구,31042.0,33,36590,A,In person,T001,DT_1YL20643,청년인구비율,인구총조사 청년인구비율(시도/시/군/구),2024,2025-07-29,강진군,명,101,청년인구비율 지표
행정구역별,청년인구비율(19~39세),15.6,11,36600,A,%,T001,DT_1YL20643,청년인구비율,인구총조사 청년인구비율(시도/시/군/구),2024,2025-07-29,해남군,%,101,청년인구비율 지표
행정구역별,청년인구(19~39세),9696.0,12,36600,A,In person,T001,DT_1YL20643,청년인구비율,인구총조사 청년인구비율(시도/시/군/구),2024,2025-07-29,해남군,명,101,청년인구비율 지표
행정구역별,전체인구,62068.0,13,36600,A,In person,T001,DT_1YL20643,청년인구비율,인구총조사 청년인구비율(시도/시/군/구),2024,2025-07-29,해남군,명,101,청년인구비율 지표
행정구역별,청년인구비율(19~34세),11.6,21,36600,A,%,T001,DT_1YL20643,청년인구비율,인구총조사 청년인구비율(시도/시/군/구),2024,2025-07-29,해남군,%,101,청년인구비율 지표
행정구역별,청년인구(19~34세),7204.0,22,36600,A,In person,T001,DT_1YL20643,청년인구비율,인구총조사 청년인구비율(시도/시/군/구),2024,2025-07-29,해남군,명,101,청년인구비율 지표
행정구역별,전체인구,62068.0,23,36600,A,In person,T001,DT_1YL20643,청년인구비율,인구총조사 청년인구비율(시도/시/군/구),2024,2025-07-29,해남군,명,101,청년인구비율 지표
행정구역별,청년여성비율(19~39세),6.1,31,36600,A,%,T001,DT_1YL20643,청년인구비율,인구총조사 청년인구비율(시도/시/군/구),2024,2025-07-29,해남군,%,101,청년인구비율 지표
행정구역별,청년여성인구(19~39세),3815.0,32,36600,A,In person,T001,DT_1YL20643,청년인구비율,인구총조사 청년인구비율(시도/시/군/구),2024,2025-07-29,해남군,명,101,청년인구비율 지표
행정구역별,전체인구,62068.0,33,36600,A,In person,T001,DT_1YL20643,청년인구비율,인구총조사 청년인구비율(시도/시/군/구),2024,2025-07-29,해남군,명,101,청년인구비율 지표
행정구역별,청년인구비율(19~39세),26.0,11,36610,A,%,T001,DT_1YL20643,청년인구비율,인구총조사 청년인구비율(시도/시/군/구),2024,2025-07-29,영암군,%,101,청년인구비율 지표
행정구역별,청년인구(19~39세),15654.0,12,36610,A,In person,T001,DT_1YL20643,청년인구비율,인구총조사 청년인구비율(시도/시/군/구),2024,2025-07-29,영암군,명,101,청년인구비율 지표
행정구역별,전체인구,60323.0,13,36610,A,In person,T001,DT_1YL20643,청년인구비율,인구총조사 청년인구비율(시도/시/군/구),2024,2025-07-29,영암군,명,101,청년인구비율 지표
행정구역별,청년인구비율(19~34세),19.5,21,36610,A,%,T001,DT_1YL20643,청년인구비율,인구총조사 청년인구비율(시도/시/군/구),2024,2025-07-29,영암군,%,101,청년인구비율 지표
행정구역별,청년인구(19~34세),11763.0,22,36610,A,In person,T001,DT_1YL20643,청년인구비율,인구총조사 청년인구비율(시도/시/군/구),2024,2025-07-29,영암군,명,101,청년인구비율 지표
행정구역별,전체인구,60323.0,23,36610,A,In person,T001,DT_1YL20643,청년인구비율,인구총조사 청년인구비율(시도/시/군/구),2024,2025-07-29,영암군,명,101,청년인구비율 지표
행정구역별,청년여성비율(19~39세),7.7,31,36610,A,%,T001,DT_1YL20643,청년인구비율,인구총조사 청년인구비율(시도/시/군/구),2024,2025-07-29,영암군,%,101,청년인구비율 지표
행정구역별,청년여성인구(19~39세),4656.0,32,36610,A,In person,T001,DT_1YL20643,청년인구비율,인구총조사 청년인구비율(시도/시/군/구),2024,2025-07-29,영암군,명,101,청년인구비율 지표
행정구역별,전체인구,60323.0,33,36610,A,In person,T001,DT_1YL20643,청년인구비율,인구총조사 청년인구비율(시도/시/군/구),2024,2025-07-29,영암군,명,101,청년인구비율 지표
행정구역별,청년인구비율(19~39세),25.2,11,36620,A,%,T001,DT_1YL20643,청년인구비율,인구총조사 청년인구비율(시도/시/군/구),2024,2025-07-29,무안군,%,101,청년인구비율 지표
행정구역별,청년인구(19~39세),23454.0,12,36620,A,In person,T001,DT_1YL20643,청년인구비율,인구총조사 청년인구비율(시도/시/군/구),2024,2025-07-29,무안군,명,101,청년인구비율 지표
행정구역별,전체인구,92913.0,13,36620,A,In person,T001,DT_1YL20643,청년인구비율,인구총조사 청년인구비율(시도/시/군/구),2024,2025-07-29,무안군,명,101,청년인구비율 지표
행정구역별,청년인구비율(19~34세),19.1,21,36620,A,%,T001,DT_1YL20643,청년인구비율,인구총조사 청년인구비율(시도/시/군/구),2024,2025-07-29,무안군,%,101,청년인구비율 지표
행정구역별,청년인구(19~34세),17724.0,22,36620,A,In person,T001,DT_1YL20643,청년인구비율,인구총조사 청년인구비율(시도/시/군/구),2024,2025-07-29,무안군,명,101,청년인구비율 지표
행정구역별,전체인구,92913.0,23,36620,A,In person,T001,DT_1YL20643,청년인구비율,인구총조사 청년인구비율(시도/시/군/구),2024,2025-07-29,무안군,명,101,청년인구비율 지표
행정구역별,청년여성비율(19~39세),11.6,31,36620,A,%,T001,DT_1YL20643,청년인구비율,인구총조사 청년인구비율(시도/시/군/구),2024,2025-07-29,무안군,%,101,청년인구비율 지표
행정구역별,청년여성인구(19~39세),10756.0,32,36620,A,In person,T001,DT_1YL20643,청년인구비율,인구총조사 청년인구비율(시도/시/군/구),2024,2025-07-29,무안군,명,101,청년인구비율 지표
행정구역별,전체인구,92913.0,33,36620,A,In person,T001,DT_1YL20643,청년인구비율,인구총조사 청년인구비율(시도/시/군/구),2024,2025-07-29,무안군,명,101,청년인구비율 지표
행정구역별,청년인구비율(19~39세),15.0,11,36630,A,%,T001,DT_1YL20643,청년인구비율,인구총조사 청년인구비율(시도/시/군/구),2024,2025-07-29,함평군,%,101,청년인구비율 지표
행정구역별,청년인구(19~39세),4357.0,12,36630,A,In person,T001,DT_1YL20643,청년인구비율,인구총조사 청년인구비율(시도/시/군/구),2024,2025-07-29,함평군,명,101,청년인구비율 지표
행정구역별,전체인구,29009.0,13,36630,A,In person,T001,DT_1YL20643,청년인구비율,인구총조사 청년인구비율(시도/시/군/구),2024,2025-07-29,함평군,명,101,청년인구비율 지표
행정구역별,청년인구비율(19~34세),11.5,21,36630,A,%,T001,DT_1YL20643,청년인구비율,인구총조사 청년인구비율(시도/시/군/구),2024,2025-07-29,함평군,%,101,청년인구비율 지표
행정구역별,청년인구(19~34세),3345.0,22,36630,A,In person,T001,DT_1YL20643,청년인구비율,인구총조사 청년인구비율(시도/시/군/구),2024,2025-07-29,함평군,명,101,청년인구비율 지표
행정구역별,전체인구,29009.0,23,36630,A,In person,T001,DT_1YL20643,청년인구비율,인구총조사 청년인구비율(시도/시/군/구),2024,2025-07-29,함평군,명,101,청년인구비율 지표
행정구역별,청년여성비율(19~39세),6.0,31,36630,A,%,T001,DT_1YL20643,청년인구비율,인구총조사 청년인구비율(시도/시/군/구),2024,2025-07-29,함평군,%,101,청년인구비율 지표
행정구역별,청년여성인구(19~39세),1736.0,32,36630,A,In person,T001,DT_1YL20643,청년인구비율,인구총조사 청년인구비율(시도/시/군/구),2024,2025-07-29,함평군,명,101,청년인구비율 지표
행정구역별,전체인구,29009.0,33,36630,A,In person,T001,DT_1YL20643,청년인구비율,인구총조사 청년인구비율(시도/시/군/구),2024,2025-07-29,함평군,명,101,청년인구비율 지표
행정구역별,청년인구비율(19~39세),18.3,11,36640,A,%,T001,DT_1YL20643,청년인구비율,인구총조사 청년인구비율(시도/시/군/구),2024,2025-07-29,영광군,%,101,청년인구비율 지표
행정구역별,청년인구(19~39세),9169.0,12,36640,A,In person,T001,DT_1YL20643,청년인구비율,인구총조사 청년인구비율(시도/시/군/구),2024,2025-07-29,영광군,명,101,청년인구비율 지표
행정구역별,전체인구,50012.0,13,36640,A,In person,T001,DT_1YL20643,청년인구비율,인구총조사 청년인구비율(시도/시/군/구),2024,2025-07-29,영광군,명,101,청년인구비율 지표
행정구역별,청년인구비율(19~34세),13.5,21,36640,A,%,T001,DT_1YL20643,청년인구비율,인구총조사 청년인구비율(시도/시/군/구),2024,2025-07-29,영광군,%,101,청년인구비율 지표
행정구역별,청년인구(19~34세),6765.0,22,36640,A,In person,T001,DT_1YL20643,청년인구비율,인구총조사 청년인구비율(시도/시/군/구),2024,2025-07-29,영광군,명,101,청년인구비율 지표
행정구역별,전체인구,50012.0,23,36640,A,In person,T001,DT_1YL20643,청년인구비율,인구총조사 청년인구비율(시도/시/군/구),2024,2025-07-29,영광군,명,101,청년인구비율 지표
행정구역별,청년여성비율(19~39세),8.2,31,36640,A,%,T001,DT_1YL20643,청년인구비율,인구총조사 청년인구비율(시도/시/군/구),2024,2025-07-29,영광군,%,101,청년인구비율 지표
행정구역별,청년여성인구(19~39세),4081.0,32,36640,A,In person,T001,DT_1YL20643,청년인구비율,인구총조사 청년인구비율(시도/시/군/구),2024,2025-07-29,영광군,명,101,청년인구비율 지표
행정구역별,전체인구,50012.0,33,36640,A,In person,T001,DT_1YL20643,청년인구비율,인구총조사 청년인구비율(시도/시/군/구),2024,2025-07-29,영광군,명,101,청년인구비율 지표
행정구역별,청년인구비율(19~39세),17.3,11,36650,A,%,T001,DT_1YL20643,청년인구비율,인구총조사 청년인구비율(시도/시/군/구),2024,2025-07-29,장성군,%,101,청년인구비율 지표
행정구역별,청년인구(19~39세),6927.0,12,36650,A,In person,T001,DT_1YL20643,청년인구비율,인구총조사 청년인구비율(시도/시/군/구),2024,2025-07-29,장성군,명,101,청년인구비율 지표
행정구역별,전체인구,40067.0,13,36650,A,In person,T001,DT_1YL20643,청년인구비율,인구총조사 청년인구비율(시도/시/군/구),2024,2025-07-29,장성군,명,101,청년인구비율 지표
행정구역별,청년인구비율(19~34세),13.2,21,36650,A,%,T001,DT_1YL20643,청년인구비율,인구총조사 청년인구비율(시도/시/군/구),2024,2025-07-29,장성군,%,101,청년인구비율 지표
행정구역별,청년인구(19~34세),5285.0,22,36650,A,In person,T001,DT_1YL20643,청년인구비율,인구총조사 청년인구비율(시도/시/군/구),2024,2025-07-29,장성군,명,101,청년인구비율 지표
행정구역별,전체인구,40067.0,23,36650,A,In person,T001,DT_1YL20643,청년인구비율,인구총조사 청년인구비율(시도/시/군/구),2024,2025-07-29,장성군,명,101,청년인구비율 지표
행정구역별,청년여성비율(19~39세),7.0,31,36650,A,%,T001,DT_1YL20643,청년인구비율,인구총조사 청년인구비율(시도/시/군/구),2024,2025-07-29,장성군,%,101,청년인구비율 지표
행정구역별,청년여성인구(19~39세),2800.0,32,36650,A,In person,T001,DT_1YL20643,청년인구비율,인구총조사 청년인구비율(시도/시/군/구),2024,2025-07-29,장성군,명,101,청년인구비율 지표
행정구역별,전체인구,40067.0,33,36650,A,In person,T001,DT_1YL20643,청년인구비율,인구총조사 청년인구비율(시도/시/군/구),2024,2025-07-29,장성군,명,101,청년인구비율 지표
행정구역별,청년인구비율(19~39세),20.5,11,36660,A,%,T001,DT_1YL20643,청년인구비율,인구총조사 청년인구비율(시도/시/군/구),2024,2025-07-29,완도군,%,101,청년인구비율 지표
행정구역별,청년인구(19~39세),9883.0,12,36660,A,In person,T001,DT_1YL20643,청년인구비율,인구총조사 청년인구비율(시도/시/군/구),2024,2025-07-29,완도군,명,101,청년인구비율 지표
행정구역별,전체인구,48182.0,13,36660,A,In person,T001,DT_1YL20643,청년인구비율,인구총조사 청년인구비율(시도/시/군/구),2024,2025-07-29,완도군,명,101,청년인구비율 지표
행정구역별,청년인구비율(19~34세),14.9,21,36660,A,%,T001,DT_1YL20643,청년인구비율,인구총조사 청년인구비율(시도/시/군/구),2024,2025-07-29,완도군,%,101,청년인구비율 지표
행정구역별,청년인구(19~34세),7161.0,22,36660,A,In person,T001,DT_1YL20643,청년인구비율,인구총조사 청년인구비율(시도/시/군/구),2024,2025-07-29,완도군,명,101,청년인구비율 지표
행정구역별,전체인구,48182.0,23,36660,A,In person,T001,DT_1YL20643,청년인구비율,인구총조사 청년인구비율(시도/시/군/구),2024,2025-07-29,완도군,명,101,청년인구비율 지표
행정구역별,청년여성비율(19~39세),5.5,31,36660,A,%,T001,DT_1YL20643,청년인구비율,인구총조사 청년인구비율(시도/시/군/구),2024,2025-07-29,완도군,%,101,청년인구비율 지표
행정구역별,청년여성인구(19~39세),2640.0,32,36660,A,In person,T001,DT_1YL20643,청년인구비율,인구총조사 청년인구비율(시도/시/군/구),2024,2025-07-29,완도군,명,101,청년인구비율 지표
행정구역별,전체인구,48182.0,33,36660,A,In person,T001,DT_1YL20643,청년인구비율,인구총조사 청년인구비율(시도/시/군/구),2024,2025-07-29,완도군,명,101,청년인구비율 지표
행정구역별,청년인구비율(19~39세),19.8,11,36670,A,%,T001,DT_1YL20643,청년인구비율,인구총조사 청년인구비율(시도/시/군/구),2024,2025-07-29,진도군,%,101,청년인구비율 지표
행정구역별,청년인구(19~39세),5818.0,12,36670,A,In person,T001,DT_1YL20643,청년인구비율,인구총조사 청년인구비율(시도/시/군/구),2024,2025-07-29,진도군,명,101,청년인구비율 지표
행정구역별,전체인구,29448.0,13,36670,A,In person,T001,DT_1YL20643,청년인구비율,인구총조사 청년인구비율(시도/시/군/구),2024,2025-07-29,진도군,명,101,청년인구비율 지표
행정구역별,청년인구비율(19~34세),15.1,21,36670,A,%,T001,DT_1YL20643,청년인구비율,인구총조사 청년인구비율(시도/시/군/구),2024,2025-07-29,진도군,%,101,청년인구비율 지표
행정구역별,청년인구(19~34세),4444.0,22,36670,A,In person,T001,DT_1YL20643,청년인구비율,인구총조사 청년인구비율(시도/시/군/구),2024,2025-07-29,진도군,명,101,청년인구비율 지표
행정구역별,전체인구,29448.0,23,36670,A,In person,T001,DT_1YL20643,청년인구비율,인구총조사 청년인구비율(시도/시/군/구),2024,2025-07-29,진도군,명,101,청년인구비율 지표
행정구역별,청년여성비율(19~39세),6.0,31,36670,A,%,T001,DT_1YL20643,청년인구비율,인구총조사 청년인구비율(시도/시/군/구),2024,2025-07-29,진도군,%,101,청년인구비율 지표
행정구역별,청년여성인구(19~39세),1772.0,32,36670,A,In person,T001,DT_1YL20643,청년인구비율,인구총조사 청년인구비율(시도/시/군/구),2024,2025-07-29,진도군,명,101,청년인구비율 지표
행정구역별,전체인구,29448.0,33,36670,A,In person,T001,DT_1YL20643,청년인구비율,인구총조사 청년인구비율(시도/시/군/구),2024,2025-07-29,진도군,명,101,청년인구비율 지표
행정구역별,청년인구비율(19~39세),14.5,11,36680,A,%,T001,DT_1YL20643,청년인구비율,인구총조사 청년인구비율(시도/시/군/구),2024,2025-07-29,신안군,%,101,청년인구비율 지표
행정구역별,청년인구(19~39세),5157.0,12,36680,A,In person,T001,DT_1YL20643,청년인구비율,인구총조사 청년인구비율(시도/시/군/구),2024,2025-07-29,신안군,명,101,청년인구비율 지표
행정구역별,전체인구,35572.0,13,36680,A,In person,T001,DT_1YL20643,청년인구비율,인구총조사 청년인구비율(시도/시/군/구),2024,2025-07-29,신안군,명,101,청년인구비율 지표
행정구역별,청년인구비율(19~34세),10.3,21,36680,A,%,T001,DT_1YL20643,청년인구비율,인구총조사 청년인구비율(시도/시/군/구),2024,2025-07-29,신안군,%,101,청년인구비율 지표
행정구역별,청년인구(19~34세),3676.0,22,36680,A,In person,T001,DT_1YL20643,청년인구비율,인구총조사 청년인구비율(시도/시/군/구),2024,2025-07-29,신안군,명,101,청년인구비율 지표
행정구역별,전체인구,35572.0,23,36680,A,In person,T001,DT_1YL20643,청년인구비율,인구총조사 청년인구비율(시도/시/군/구),2024,2025-07-29,신안군,명,101,청년인구비율 지표
행정구역별,청년여성비율(19~39세),4.7,31,36680,A,%,T001,DT_1YL20643,청년인구비율,인구총조사 청년인구비율(시도/시/군/구),2024,2025-07-29,신안군,%,101,청년인구비율 지표
행정구역별,청년여성인구(19~39세),1659.0,32,36680,A,In person,T001,DT_1YL20643,청년인구비율,인구총조사 청년인구비율(시도/시/군/구),2024,2025-07-29,신안군,명,101,청년인구비율 지표
행정구역별,전체인구,35572.0,33,36680,A,In person,T001,DT_1YL20643,청년인구비율,인구총조사 청년인구비율(시도/시/군/구),2024,2025-07-29,신안군,명,101,청년인구비율 지표
행정구역별,청년인구비율(19~39세),22.3,11,37,A,%,T001,DT_1YL20643,청년인구비율,인구총조사 청년인구비율(시도/시/군/구),2024,2025-07-29,경상북도,%,101,청년인구비율 지표
행정구역별,청년인구(19~39세),575591.0,12,37,A,In person,T001,DT_1YL20643,청년인구비율,인구총조사 청년인구비율(시도/시/군/구),2024,2025-07-29,경상북도,명,101,청년인구비율 지표
행정구역별,전체인구,2578999.0,13,37,A,In person,T001,DT_1YL20643,청년인구비율,인구총조사 청년인구비율(시도/시/군/구),2024,2025-07-29,경상북도,명,101,청년인구비율 지표
행정구역별,청년인구비율(19~34세),16.9,21,37,A,%,T001,DT_1YL20643,청년인구비율,인구총조사 청년인구비율(시도/시/군/구),2024,2025-07-29,경상북도,%,101,청년인구비율 지표
행정구역별,청년인구(19~34세),437107.0,22,37,A,In person,T001,DT_1YL20643,청년인구비율,인구총조사 청년인구비율(시도/시/군/구),2024,2025-07-29,경상북도,명,101,청년인구비율 지표
행정구역별,전체인구,2578999.0,23,37,A,In person,T001,DT_1YL20643,청년인구비율,인구총조사 청년인구비율(시도/시/군/구),2024,2025-07-29,경상북도,명,101,청년인구비율 지표
행정구역별,청년여성비율(19~39세),9.5,31,37,A,%,T001,DT_1YL20643,청년인구비율,인구총조사 청년인구비율(시도/시/군/구),2024,2025-07-29,경상북도,%,101,청년인구비율 지표
행정구역별,청년여성인구(19~39세),243956.0,32,37,A,In person,T001,DT_1YL20643,청년인구비율,인구총조사 청년인구비율(시도/시/군/구),2024,2025-07-29,경상북도,명,101,청년인구비율 지표
행정구역별,전체인구,2578999.0,33,37,A,In person,T001,DT_1YL20643,청년인구비율,인구총조사 청년인구비율(시도/시/군/구),2024,2025-07-29,경상북도,명,101,청년인구비율 지표
행정구역별,청년인구비율(19~39세),22.1,11,37010,A,%,T001,DT_1YL20643,청년인구비율,인구총조사 청년인구비율(시도/시/군/구),2024,2025-07-29,포항시,%,101,청년인구비율 지표
행정구역별,청년인구(19~39세),109026.0,12,37010,A,In person,T001,DT_1YL20643,청년인구비율,인구총조사 청년인구비율(시도/시/군/구),2024,2025-07-29,포항시,명,101,청년인구비율 지표
행정구역별,전체인구,493075.0,13,37010,A,In person,T001,DT_1YL20643,청년인구비율,인구총조사 청년인구비율(시도/시/군/구),2024,2025-07-29,포항시,명,101,청년인구비율 지표
행정구역별,청년인구비율(19~34세),16.6,21,37010,A,%,T001,DT_1YL20643,청년인구비율,인구총조사 청년인구비율(시도/시/군/구),2024,2025-07-29,포항시,%,101,청년인구비율 지표
행정구역별,청년인구(19~34세),81752.0,22,37010,A,In person,T001,DT_1YL20643,청년인구비율,인구총조사 청년인구비율(시도/시/군/구),2024,2025-07-29,포항시,명,101,청년인구비율 지표
행정구역별,전체인구,493075.0,23,37010,A,In person,T001,DT_1YL20643,청년인구비율,인구총조사 청년인구비율(시도/시/군/구),2024,2025-07-29,포항시,명,101,청년인구비율 지표
행정구역별,청년여성비율(19~39세),9.3,31,37010,A,%,T001,DT_1YL20643,청년인구비율,인구총조사 청년인구비율(시도/시/군/구),2024,2025-07-29,포항시,%,101,청년인구비율 지표
행정구역별,청년여성인구(19~39세),45765.0,32,37010,A,In person,T001,DT_1YL20643,청년인구비율,인구총조사 청년인구비율(시도/시/군/구),2024,2025-07-29,포항시,명,101,청년인구비율 지표
행정구역별,전체인구,493075.0,33,37010,A,In person,T001,DT_1YL20643,청년인구비율,인구총조사 청년인구비율(시도/시/군/구),2024,2025-07-29,포항시,명,101,청년인구비율 지표
행정구역별,청년인구비율(19~39세),22.4,11,37020,A,%,T001,DT_1YL20643,청년인구비율,인구총조사 청년인구비율(시도/시/군/구),2024,2025-07-29,경주시,%,101,청년인구비율 지표
행정구역별,청년인구(19~39세),57897.0,12,37020,A,In person,T001,DT_1YL20643,청년인구비율,인구총조사 청년인구비율(시도/시/군/구),2024,2025-07-29,경주시,명,101,청년인구비율 지표
행정구역별,전체인구,258733.0,13,37020,A,In person,T001,DT_1YL20643,청년인구비율,인구총조사 청년인구비율(시도/시/군/구),2024,2025-07-29,경주시,명,101,청년인구비율 지표
행정구역별,청년인구비율(19~34세),17.1,21,37020,A,%,T001,DT_1YL20643,청년인구비율,인구총조사 청년인구비율(시도/시/군/구),2024,2025-07-29,경주시,%,101,청년인구비율 지표
행정구역별,청년인구(19~34세),44252.0,22,37020,A,In person,T001,DT_1YL20643,청년인구비율,인구총조사 청년인구비율(시도/시/군/구),2024,2025-07-29,경주시,명,101,청년인구비율 지표
행정구역별,전체인구,258733.0,23,37020,A,In person,T001,DT_1YL20643,청년인구비율,인구총조사 청년인구비율(시도/시/군/구),2024,2025-07-29,경주시,명,101,청년인구비율 지표
행정구역별,청년여성비율(19~39세),9.3,31,37020,A,%,T001,DT_1YL20643,청년인구비율,인구총조사 청년인구비율(시도/시/군/구),2024,2025-07-29,경주시,%,101,청년인구비율 지표
행정구역별,청년여성인구(19~39세),24126.0,32,37020,A,In person,T001,DT_1YL20643,청년인구비율,인구총조사 청년인구비율(시도/시/군/구),2024,2025-07-29,경주시,명,101,청년인구비율 지표
행정구역별,전체인구,258733.0,33,37020,A,In person,T001,DT_1YL20643,청년인구비율,인구총조사 청년인구비율(시도/시/군/구),2024,2025-07-29,경주시,명,101,청년인구비율 지표
행정구역별,청년인구비율(19~39세),20.8,11,37030,A,%,T001,DT_1YL20643,청년인구비율,인구총조사 청년인구비율(시도/시/군/구),2024,2025-07-29,김천시,%,101,청년인구비율 지표
행정구역별,청년인구(19~39세),28367.0,12,37030,A,In person,T001,DT_1YL20643,청년인구비율,인구총조사 청년인구비율(시도/시/군/구),2024,2025-07-29,김천시,명,101,청년인구비율 지표
행정구역별,전체인구,136187.0,13,37030,A,In person,T001,DT_1YL20643,청년인구비율,인구총조사 청년인구비율(시도/시/군/구),2024,2025-07-29,김천시,명,101,청년인구비율 지표
행정구역별,청년인구비율(19~34세),15.7,21,37030,A,%,T001,DT_1YL20643,청년인구비율,인구총조사 청년인구비율(시도/시/군/구),2024,2025-07-29,김천시,%,101,청년인구비율 지표
행정구역별,청년인구(19~34세),21370.0,22,37030,A,In person,T001,DT_1YL20643,청년인구비율,인구총조사 청년인구비율(시도/시/군/구),2024,2025-07-29,김천시,명,101,청년인구비율 지표
행정구역별,전체인구,136187.0,23,37030,A,In person,T001,DT_1YL20643,청년인구비율,인구총조사 청년인구비율(시도/시/군/구),2024,2025-07-29,김천시,명,101,청년인구비율 지표
행정구역별,청년여성비율(19~39세),9.1,31,37030,A,%,T001,DT_1YL20643,청년인구비율,인구총조사 청년인구비율(시도/시/군/구),2024,2025-07-29,김천시,%,101,청년인구비율 지표
행정구역별,청년여성인구(19~39세),12446.0,32,37030,A,In person,T001,DT_1YL20643,청년인구비율,인구총조사 청년인구비율(시도/시/군/구),2024,2025-07-29,김천시,명,101,청년인구비율 지표
행정구역별,전체인구,136187.0,33,37030,A,In person,T001,DT_1YL20643,청년인구비율,인구총조사 청년인구비율(시도/시/군/구),2024,2025-07-29,김천시,명,101,청년인구비율 지표
행정구역별,청년인구비율(19~39세),21.4,11,37040,A,%,T001,DT_1YL20643,청년인구비율,인구총조사 청년인구비율(시도/시/군/구),2024,2025-07-29,안동시,%,101,청년인구비율 지표
행정구역별,청년인구(19~39세),32859.0,12,37040,A,In person,T001,DT_1YL20643,청년인구비율,인구총조사 청년인구비율(시도/시/군/구),2024,2025-07-29,안동시,명,101,청년인구비율 지표
행정구역별,전체인구,153692.0,13,37040,A,In person,T001,DT_1YL20643,청년인구비율,인구총조사 청년인구비율(시도/시/군/구),2024,2025-07-29,안동시,명,101,청년인구비율 지표
행정구역별,청년인구비율(19~34세),16.8,21,37040,A,%,T001,DT_1YL20643,청년인구비율,인구총조사 청년인구비율(시도/시/군/구),2024,2025-07-29,안동시,%,101,청년인구비율 지표
행정구역별,청년인구(19~34세),25840.0,22,37040,A,In person,T001,DT_1YL20643,청년인구비율,인구총조사 청년인구비율(시도/시/군/구),2024,2025-07-29,안동시,명,101,청년인구비율 지표
행정구역별,전체인구,153692.0,23,37040,A,In person,T001,DT_1YL20643,청년인구비율,인구총조사 청년인구비율(시도/시/군/구),2024,2025-07-29,안동시,명,101,청년인구비율 지표
행정구역별,청년여성비율(19~39세),9.8,31,37040,A,%,T001,DT_1YL20643,청년인구비율,인구총조사 청년인구비율(시도/시/군/구),2024,2025-07-29,안동시,%,101,청년인구비율 지표
행정구역별,청년여성인구(19~39세),14998.0,32,37040,A,In person,T001,DT_1YL20643,청년인구비율,인구총조사 청년인구비율(시도/시/군/구),2024,2025-07-29,안동시,명,101,청년인구비율 지표
행정구역별,전체인구,153692.0,33,37040,A,In person,T001,DT_1YL20643,청년인구비율,인구총조사 청년인구비율(시도/시/군/구),2024,2025-07-29,안동시,명,101,청년인구비율 지표
행정구역별,청년인구비율(19~39세),27.6,11,37050,A,%,T001,DT_1YL20643,청년인구비율,인구총조사 청년인구비율(시도/시/군/구),2024,2025-07-29,구미시,%,101,청년인구비율 지표
행정구역별,청년인구(19~39세),112395.0,12,37050,A,In person,T001,DT_1YL20643,청년인구비율,인구총조사 청년인구비율(시도/시/군/구),2024,2025-07-29,구미시,명,101,청년인구비율 지표
행정구역별,전체인구,407365.0,13,37050,A,In person,T001,DT_1YL20643,청년인구비율,인구총조사 청년인구비율(시도/시/군/구),2024,2025-07-29,구미시,명,101,청년인구비율 지표
행정구역별,청년인구비율(19~34세),20.1,21,37050,A,%,T001,DT_1YL20643,청년인구비율,인구총조사 청년인구비율(시도/시/군/구),2024,2025-07-29,구미시,%,101,청년인구비율 지표
행정구역별,청년인구(19~34세),81994.0,22,37050,A,In person,T001,DT_1YL20643,청년인구비율,인구총조사 청년인구비율(시도/시/군/구),2024,2025-07-29,구미시,명,101,청년인구비율 지표
행정구역별,전체인구,407365.0,23,37050,A,In person,T001,DT_1YL20643,청년인구비율,인구총조사 청년인구비율(시도/시/군/구),2024,2025-07-29,구미시,명,101,청년인구비율 지표
행정구역별,청년여성비율(19~39세),11.8,31,37050,A,%,T001,DT_1YL20643,청년인구비율,인구총조사 청년인구비율(시도/시/군/구),2024,2025-07-29,구미시,%,101,청년인구비율 지표
행정구역별,청년여성인구(19~39세),47887.0,32,37050,A,In person,T001,DT_1YL20643,청년인구비율,인구총조사 청년인구비율(시도/시/군/구),2024,2025-07-29,구미시,명,101,청년인구비율 지표
행정구역별,전체인구,407365.0,33,37050,A,In person,T001,DT_1YL20643,청년인구비율,인구총조사 청년인구비율(시도/시/군/구),2024,2025-07-29,구미시,명,101,청년인구비율 지표
행정구역별,청년인구비율(19~39세),17.8,11,37060,A,%,T001,DT_1YL20643,청년인구비율,인구총조사 청년인구비율(시도/시/군/구),2024,2025-07-29,영주시,%,101,청년인구비율 지표
행정구역별,청년인구(19~39세),17654.0,12,37060,A,In person,T001,DT_1YL20643,청년인구비율,인구총조사 청년인구비율(시도/시/군/구),2024,2025-07-29,영주시,명,101,청년인구비율 지표
행정구역별,전체인구,99151.0,13,37060,A,In person,T001,DT_1YL20643,청년인구비율,인구총조사 청년인구비율(시도/시/군/구),2024,2025-07-29,영주시,명,101,청년인구비율 지표
행정구역별,청년인구비율(19~34세),13.8,21,37060,A,%,T001,DT_1YL20643,청년인구비율,인구총조사 청년인구비율(시도/시/군/구),2024,2025-07-29,영주시,%,101,청년인구비율 지표
행정구역별,청년인구(19~34세),13719.0,22,37060,A,In person,T001,DT_1YL20643,청년인구비율,인구총조사 청년인구비율(시도/시/군/구),2024,2025-07-29,영주시,명,101,청년인구비율 지표
행정구역별,전체인구,99151.0,23,37060,A,In person,T001,DT_1YL20643,청년인구비율,인구총조사 청년인구비율(시도/시/군/구),2024,2025-07-29,영주시,명,101,청년인구비율 지표
행정구역별,청년여성비율(19~39세),7.6,31,37060,A,%,T001,DT_1YL20643,청년인구비율,인구총조사 청년인구비율(시도/시/군/구),2024,2025-07-29,영주시,%,101,청년인구비율 지표
행정구역별,청년여성인구(19~39세),7554.0,32,37060,A,In person,T001,DT_1YL20643,청년인구비율,인구총조사 청년인구비율(시도/시/군/구),2024,2025-07-29,영주시,명,101,청년인구비율 지표
행정구역별,전체인구,99151.0,33,37060,A,In person,T001,DT_1YL20643,청년인구비율,인구총조사 청년인구비율(시도/시/군/구),2024,2025-07-29,영주시,명,101,청년인구비율 지표
행정구역별,청년인구비율(19~39세),19.2,11,37070,A,%,T001,DT_1YL20643,청년인구비율,인구총조사 청년인구비율(시도/시/군/구),2024,2025-07-29,영천시,%,101,청년인구비율 지표
행정구역별,청년인구(19~39세),19070.0,12,37070,A,In person,T001,DT_1YL20643,청년인구비율,인구총조사 청년인구비율(시도/시/군/구),2024,2025-07-29,영천시,명,101,청년인구비율 지표
행정구역별,전체인구,99523.0,13,37070,A,In person,T001,DT_1YL20643,청년인구비율,인구총조사 청년인구비율(시도/시/군/구),2024,2025-07-29,영천시,명,101,청년인구비율 지표
행정구역별,청년인구비율(19~34세),14.4,21,37070,A,%,T001,DT_1YL20643,청년인구비율,인구총조사 청년인구비율(시도/시/군/구),2024,2025-07-29,영천시,%,101,청년인구비율 지표
행정구역별,청년인구(19~34세),14285.0,22,37070,A,In person,T001,DT_1YL20643,청년인구비율,인구총조사 청년인구비율(시도/시/군/구),2024,2025-07-29,영천시,명,101,청년인구비율 지표
행정구역별,전체인구,99523.0,23,37070,A,In person,T001,DT_1YL20643,청년인구비율,인구총조사 청년인구비율(시도/시/군/구),2024,2025-07-29,영천시,명,101,청년인구비율 지표
행정구역별,청년여성비율(19~39세),7.3,31,37070,A,%,T001,DT_1YL20643,청년인구비율,인구총조사 청년인구비율(시도/시/군/구),2024,2025-07-29,영천시,%,101,청년인구비율 지표
행정구역별,청년여성인구(19~39세),7312.0,32,37070,A,In person,T001,DT_1YL20643,청년인구비율,인구총조사 청년인구비율(시도/시/군/구),2024,2025-07-29,영천시,명,101,청년인구비율 지표
행정구역별,전체인구,99523.0,33,37070,A,In person,T001,DT_1YL20643,청년인구비율,인구총조사 청년인구비율(시도/시/군/구),2024,2025-07-29,영천시,명,101,청년인구비율 지표
행정구역별,청년인구비율(19~39세),16.4,11,37080,A,%,T001,DT_1YL20643,청년인구비율,인구총조사 청년인구비율(시도/시/군/구),2024,2025-07-29,상주시,%,101,청년인구비율 지표
행정구역별,청년인구(19~39세),15142.0,12,37080,A,In person,T001,DT_1YL20643,청년인구비율,인구총조사 청년인구비율(시도/시/군/구),2024,2025-07-29,상주시,명,101,청년인구비율 지표
행정구역별,전체인구,92458.0,13,37080,A,In person,T001,DT_1YL20643,청년인구비율,인구총조사 청년인구비율(시도/시/군/구),2024,2025-07-29,상주시,명,101,청년인구비율 지표
행정구역별,청년인구비율(19~34세),12.4,21,37080,A,%,T001,DT_1YL20643,청년인구비율,인구총조사 청년인구비율(시도/시/군/구),2024,2025-07-29,상주시,%,101,청년인구비율 지표
행정구역별,청년인구(19~34세),11429.0,22,37080,A,In person,T001,DT_1YL20643,청년인구비율,인구총조사 청년인구비율(시도/시/군/구),2024,2025-07-29,상주시,명,101,청년인구비율 지표
행정구역별,전체인구,92458.0,23,37080,A,In person,T001,DT_1YL20643,청년인구비율,인구총조사 청년인구비율(시도/시/군/구),2024,2025-07-29,상주시,명,101,청년인구비율 지표
행정구역별,청년여성비율(19~39세),7.0,31,37080,A,%,T001,DT_1YL20643,청년인구비율,인구총조사 청년인구비율(시도/시/군/구),2024,2025-07-29,상주시,%,101,청년인구비율 지표
행정구역별,청년여성인구(19~39세),6430.0,32,37080,A,In person,T001,DT_1YL20643,청년인구비율,인구총조사 청년인구비율(시도/시/군/구),2024,2025-07-29,상주시,명,101,청년인구비율 지표
행정구역별,전체인구,92458.0,33,37080,A,In person,T001,DT_1YL20643,청년인구비율,인구총조사 청년인구비율(시도/시/군/구),2024,2025-07-29,상주시,명,101,청년인구비율 지표
행정구역별,청년인구비율(19~39세),14.9,11,37090,A,%,T001,DT_1YL20643,청년인구비율,인구총조사 청년인구비율(시도/시/군/구),2024,2025-07-29,문경시,%,101,청년인구비율 지표
행정구역별,청년인구(19~39세),9769.0,12,37090,A,In person,T001,DT_1YL20643,청년인구비율,인구총조사 청년인구비율(시도/시/군/구),2024,2025-07-29,문경시,명,101,청년인구비율 지표
행정구역별,전체인구,65505.0,13,37090,A,In person,T001,DT_1YL20643,청년인구비율,인구총조사 청년인구비율(시도/시/군/구),2024,2025-07-29,문경시,명,101,청년인구비율 지표
행정구역별,청년인구비율(19~34세),11.0,21,37090,A,%,T001,DT_1YL20643,청년인구비율,인구총조사 청년인구비율(시도/시/군/구),2024,2025-07-29,문경시,%,101,청년인구비율 지표
행정구역별,청년인구(19~34세),7195.0,22,37090,A,In person,T001,DT_1YL20643,청년인구비율,인구총조사 청년인구비율(시도/시/군/구),2024,2025-07-29,문경시,명,101,청년인구비율 지표
행정구역별,전체인구,65505.0,23,37090,A,In person,T001,DT_1YL20643,청년인구비율,인구총조사 청년인구비율(시도/시/군/구),2024,2025-07-29,문경시,명,101,청년인구비율 지표
행정구역별,청년여성비율(19~39세),6.5,31,37090,A,%,T001,DT_1YL20643,청년인구비율,인구총조사 청년인구비율(시도/시/군/구),2024,2025-07-29,문경시,%,101,청년인구비율 지표
행정구역별,청년여성인구(19~39세),4279.0,32,37090,A,In person,T001,DT_1YL20643,청년인구비율,인구총조사 청년인구비율(시도/시/군/구),2024,2025-07-29,문경시,명,101,청년인구비율 지표
행정구역별,전체인구,65505.0,33,37090,A,In person,T001,DT_1YL20643,청년인구비율,인구총조사 청년인구비율(시도/시/군/구),2024,2025-07-29,문경시,명,101,청년인구비율 지표
행정구역별,청년인구비율(19~39세),32.3,11,37100,A,%,T001,DT_1YL20643,청년인구비율,인구총조사 청년인구비율(시도/시/군/구),2024,2025-07-29,경산시,%,101,청년인구비율 지표
행정구역별,청년인구(19~39세),96323.0,12,37100,A,In person,T001,DT_1YL20643,청년인구비율,인구총조사 청년인구비율(시도/시/군/구),2024,2025-07-29,경산시,명,101,청년인구비율 지표
행정구역별,전체인구,298529.0,13,37100,A,In person,T001,DT_1YL20643,청년인구비율,인구총조사 청년인구비율(시도/시/군/구),2024,2025-07-29,경산시,명,101,청년인구비율 지표
행정구역별,청년인구비율(19~34세),26.7,21,37100,A,%,T001,DT_1YL20643,청년인구비율,인구총조사 청년인구비율(시도/시/군/구),2024,2025-07-29,경산시,%,101,청년인구비율 지표
행정구역별,청년인구(19~34세),79816.0,22,37100,A,In person,T001,DT_1YL20643,청년인구비율,인구총조사 청년인구비율(시도/시/군/구),2024,2025-07-29,경산시,명,101,청년인구비율 지표
행정구역별,전체인구,298529.0,23,37100,A,In person,T001,DT_1YL20643,청년인구비율,인구총조사 청년인구비율(시도/시/군/구),2024,2025-07-29,경산시,명,101,청년인구비율 지표
행정구역별,청년여성비율(19~39세),14.4,31,37100,A,%,T001,DT_1YL20643,청년인구비율,인구총조사 청년인구비율(시도/시/군/구),2024,2025-07-29,경산시,%,101,청년인구비율 지표
행정구역별,청년여성인구(19~39세),43123.0,32,37100,A,In person,T001,DT_1YL20643,청년인구비율,인구총조사 청년인구비율(시도/시/군/구),2024,2025-07-29,경산시,명,101,청년인구비율 지표
행정구역별,전체인구,298529.0,33,37100,A,In person,T001,DT_1YL20643,청년인구비율,인구총조사 청년인구비율(시도/시/군/구),2024,2025-07-29,경산시,명,101,청년인구비율 지표
행정구역별,청년인구비율(19~39세),11.2,11,37520,A,%,T001,DT_1YL20643,청년인구비율,인구총조사 청년인구비율(시도/시/군/구),2024,2025-07-29,의성군,%,101,청년인구비율 지표
행정구역별,청년인구(19~39세),5277.0,12,37520,A,In person,T001,DT_1YL20643,청년인구비율,인구총조사 청년인구비율(시도/시/군/구),2024,2025-07-29,의성군,명,101,청년인구비율 지표
행정구역별,전체인구,47094.0,13,37520,A,In person,T001,DT_1YL20643,청년인구비율,인구총조사 청년인구비율(시도/시/군/구),2024,2025-07-29,의성군,명,101,청년인구비율 지표
행정구역별,청년인구비율(19~34세),8.0,21,37520,A,%,T001,DT_1YL20643,청년인구비율,인구총조사 청년인구비율(시도/시/군/구),2024,2025-07-29,의성군,%,101,청년인구비율 지표
행정구역별,청년인구(19~34세),3767.0,22,37520,A,In person,T001,DT_1YL20643,청년인구비율,인구총조사 청년인구비율(시도/시/군/구),2024,2025-07-29,의성군,명,101,청년인구비율 지표
행정구역별,전체인구,47094.0,23,37520,A,In person,T001,DT_1YL20643,청년인구비율,인구총조사 청년인구비율(시도/시/군/구),2024,2025-07-29,의성군,명,101,청년인구비율 지표
행정구역별,청년여성비율(19~39세),4.6,31,37520,A,%,T001,DT_1YL20643,청년인구비율,인구총조사 청년인구비율(시도/시/군/구),2024,2025-07-29,의성군,%,101,청년인구비율 지표
행정구역별,청년여성인구(19~39세),2147.0,32,37520,A,In person,T001,DT_1YL20643,청년인구비율,인구총조사 청년인구비율(시도/시/군/구),2024,2025-07-29,의성군,명,101,청년인구비율 지표
행정구역별,전체인구,47094.0,33,37520,A,In person,T001,DT_1YL20643,청년인구비율,인구총조사 청년인구비율(시도/시/군/구),2024,2025-07-29,의성군,명,101,청년인구비율 지표
행정구역별,청년인구비율(19~39세),12.6,11,37530,A,%,T001,DT_1YL20643,청년인구비율,인구총조사 청년인구비율(시도/시/군/구),2024,2025-07-29,청송군,%,101,청년인구비율 지표
행정구역별,청년인구(19~39세),2907.0,12,37530,A,In person,T001,DT_1YL20643,청년인구비율,인구총조사 청년인구비율(시도/시/군/구),2024,2025-07-29,청송군,명,101,청년인구비율 지표
행정구역별,전체인구,23079.0,13,37530,A,In person,T001,DT_1YL20643,청년인구비율,인구총조사 청년인구비율(시도/시/군/구),2024,2025-07-29,청송군,명,101,청년인구비율 지표
행정구역별,청년인구비율(19~34세),9.1,21,37530,A,%,T001,DT_1YL20643,청년인구비율,인구총조사 청년인구비율(시도/시/군/구),2024,2025-07-29,청송군,%,101,청년인구비율 지표
행정구역별,청년인구(19~34세),2091.0,22,37530,A,In person,T001,DT_1YL20643,청년인구비율,인구총조사 청년인구비율(시도/시/군/구),2024,2025-07-29,청송군,명,101,청년인구비율 지표
행정구역별,전체인구,23079.0,23,37530,A,In person,T001,DT_1YL20643,청년인구비율,인구총조사 청년인구비율(시도/시/군/구),2024,2025-07-29,청송군,명,101,청년인구비율 지표
행정구역별,청년여성비율(19~39세),4.9,31,37530,A,%,T001,DT_1YL20643,청년인구비율,인구총조사 청년인구비율(시도/시/군/구),2024,2025-07-29,청송군,%,101,청년인구비율 지표
행정구역별,청년여성인구(19~39세),1132.0,32,37530,A,In person,T001,DT_1YL20643,청년인구비율,인구총조사 청년인구비율(시도/시/군/구),2024,2025-07-29,청송군,명,101,청년인구비율 지표
행정구역별,전체인구,23079.0,33,37530,A,In person,T001,DT_1YL20643,청년인구비율,인구총조사 청년인구비율(시도/시/군/구),2024,2025-07-29,청송군,명,101,청년인구비율 지표
행정구역별,청년인구비율(19~39세),11.5,11,37540,A,%,T001,DT_1YL20643,청년인구비율,인구총조사 청년인구비율(시도/시/군/구),2024,2025-07-29,영양군,%,101,청년인구비율 지표
행정구역별,청년인구(19~39세),1731.0,12,37540,A,In person,T001,DT_1YL20643,청년인구비율,인구총조사 청년인구비율(시도/시/군/구),2024,2025-07-29,영양군,명,101,청년인구비율 지표
행정구역별,전체인구,15059.0,13,37540,A,In person,T001,DT_1YL20643,청년인구비율,인구총조사 청년인구비율(시도/시/군/구),2024,2025-07-29,영양군,명,101,청년인구비율 지표
행정구역별,청년인구비율(19~34세),8.0,21,37540,A,%,T001,DT_1YL20643,청년인구비율,인구총조사 청년인구비율(시도/시/군/구),2024,2025-07-29,영양군,%,101,청년인구비율 지표
행정구역별,청년인구(19~34세),1203.0,22,37540,A,In person,T001,DT_1YL20643,청년인구비율,인구총조사 청년인구비율(시도/시/군/구),2024,2025-07-29,영양군,명,101,청년인구비율 지표
행정구역별,전체인구,15059.0,23,37540,A,In person,T001,DT_1YL20643,청년인구비율,인구총조사 청년인구비율(시도/시/군/구),2024,2025-07-29,영양군,명,101,청년인구비율 지표
행정구역별,청년여성비율(19~39세),5.1,31,37540,A,%,T001,DT_1YL20643,청년인구비율,인구총조사 청년인구비율(시도/시/군/구),2024,2025-07-29,영양군,%,101,청년인구비율 지표
행정구역별,청년여성인구(19~39세),767.0,32,37540,A,In person,T001,DT_1YL20643,청년인구비율,인구총조사 청년인구비율(시도/시/군/구),2024,2025-07-29,영양군,명,101,청년인구비율 지표
행정구역별,전체인구,15059.0,33,37540,A,In person,T001,DT_1YL20643,청년인구비율,인구총조사 청년인구비율(시도/시/군/구),2024,2025-07-29,영양군,명,101,청년인구비율 지표
행정구역별,청년인구비율(19~39세),13.3,11,37550,A,%,T001,DT_1YL20643,청년인구비율,인구총조사 청년인구비율(시도/시/군/구),2024,2025-07-29,영덕군,%,101,청년인구비율 지표
행정구역별,청년인구(19~39세),4339.0,12,37550,A,In person,T001,DT_1YL20643,청년인구비율,인구총조사 청년인구비율(시도/시/군/구),2024,2025-07-29,영덕군,명,101,청년인구비율 지표
행정구역별,전체인구,32655.0,13,37550,A,In person,T001,DT_1YL20643,청년인구비율,인구총조사 청년인구비율(시도/시/군/구),2024,2025-07-29,영덕군,명,101,청년인구비율 지표
행정구역별,청년인구비율(19~34세),9.7,21,37550,A,%,T001,DT_1YL20643,청년인구비율,인구총조사 청년인구비율(시도/시/군/구),2024,2025-07-29,영덕군,%,101,청년인구비율 지표
행정구역별,청년인구(19~34세),3171.0,22,37550,A,In person,T001,DT_1YL20643,청년인구비율,인구총조사 청년인구비율(시도/시/군/구),2024,2025-07-29,영덕군,명,101,청년인구비율 지표
행정구역별,전체인구,32655.0,23,37550,A,In person,T001,DT_1YL20643,청년인구비율,인구총조사 청년인구비율(시도/시/군/구),2024,2025-07-29,영덕군,명,101,청년인구비율 지표
행정구역별,청년여성비율(19~39세),4.8,31,37550,A,%,T001,DT_1YL20643,청년인구비율,인구총조사 청년인구비율(시도/시/군/구),2024,2025-07-29,영덕군,%,101,청년인구비율 지표
행정구역별,청년여성인구(19~39세),1582.0,32,37550,A,In person,T001,DT_1YL20643,청년인구비율,인구총조사 청년인구비율(시도/시/군/구),2024,2025-07-29,영덕군,명,101,청년인구비율 지표
행정구역별,전체인구,32655.0,33,37550,A,In person,T001,DT_1YL20643,청년인구비율,인구총조사 청년인구비율(시도/시/군/구),2024,2025-07-29,영덕군,명,101,청년인구비율 지표
행정구역별,청년인구비율(19~39세),12.9,11,37560,A,%,T001,DT_1YL20643,청년인구비율,인구총조사 청년인구비율(시도/시/군/구),2024,2025-07-29,청도군,%,101,청년인구비율 지표
행정구역별,청년인구(19~39세),5077.0,12,37560,A,In person,T001,DT_1YL20643,청년인구비율,인구총조사 청년인구비율(시도/시/군/구),2024,2025-07-29,청도군,명,101,청년인구비율 지표
행정구역별,전체인구,39479.0,13,37560,A,In person,T001,DT_1YL20643,청년인구비율,인구총조사 청년인구비율(시도/시/군/구),2024,2025-07-29,청도군,명,101,청년인구비율 지표
행정구역별,청년인구비율(19~34세),9.5,21,37560,A,%,T001,DT_1YL20643,청년인구비율,인구총조사 청년인구비율(시도/시/군/구),2024,2025-07-29,청도군,%,101,청년인구비율 지표
행정구역별,청년인구(19~34세),3770.0,22,37560,A,In person,T001,DT_1YL20643,청년인구비율,인구총조사 청년인구비율(시도/시/군/구),2024,2025-07-29,청도군,명,101,청년인구비율 지표
행정구역별,전체인구,39479.0,23,37560,A,In person,T001,DT_1YL20643,청년인구비율,인구총조사 청년인구비율(시도/시/군/구),2024,2025-07-29,청도군,명,101,청년인구비율 지표
행정구역별,청년여성비율(19~39세),5.8,31,37560,A,%,T001,DT_1YL20643,청년인구비율,인구총조사 청년인구비율(시도/시/군/구),2024,2025-07-29,청도군,%,101,청년인구비율 지표
행정구역별,청년여성인구(19~39세),2272.0,32,37560,A,In person,T001,DT_1YL20643,청년인구비율,인구총조사 청년인구비율(시도/시/군/구),2024,2025-07-29,청도군,명,101,청년인구비율 지표
행정구역별,전체인구,39479.0,33,37560,A,In person,T001,DT_1YL20643,청년인구비율,인구총조사 청년인구비율(시도/시/군/구),2024,2025-07-29,청도군,명,101,청년인구비율 지표
행정구역별,청년인구비율(19~39세),18.1,11,37570,A,%,T001,DT_1YL20643,청년인구비율,인구총조사 청년인구비율(시도/시/군/구),2024,2025-07-29,고령군,%,101,청년인구비율 지표
행정구역별,청년인구(19~39세),5586.0,12,37570,A,In person,T001,DT_1YL20643,청년인구비율,인구총조사 청년인구비율(시도/시/군/구),2024,2025-07-29,고령군,명,101,청년인구비율 지표
행정구역별,전체인구,30934.0,13,37570,A,In person,T001,DT_1YL20643,청년인구비율,인구총조사 청년인구비율(시도/시/군/구),2024,2025-07-29,고령군,명,101,청년인구비율 지표
행정구역별,청년인구비율(19~34세),13.6,21,37570,A,%,T001,DT_1YL20643,청년인구비율,인구총조사 청년인구비율(시도/시/군/구),2024,2025-07-29,고령군,%,101,청년인구비율 지표
행정구역별,청년인구(19~34세),4204.0,22,37570,A,In person,T001,DT_1YL20643,청년인구비율,인구총조사 청년인구비율(시도/시/군/구),2024,2025-07-29,고령군,명,101,청년인구비율 지표
행정구역별,전체인구,30934.0,23,37570,A,In person,T001,DT_1YL20643,청년인구비율,인구총조사 청년인구비율(시도/시/군/구),2024,2025-07-29,고령군,명,101,청년인구비율 지표
행정구역별,청년여성비율(19~39세),6.1,31,37570,A,%,T001,DT_1YL20643,청년인구비율,인구총조사 청년인구비율(시도/시/군/구),2024,2025-07-29,고령군,%,101,청년인구비율 지표
행정구역별,청년여성인구(19~39세),1890.0,32,37570,A,In person,T001,DT_1YL20643,청년인구비율,인구총조사 청년인구비율(시도/시/군/구),2024,2025-07-29,고령군,명,101,청년인구비율 지표
행정구역별,전체인구,30934.0,33,37570,A,In person,T001,DT_1YL20643,청년인구비율,인구총조사 청년인구비율(시도/시/군/구),2024,2025-07-29,고령군,명,101,청년인구비율 지표
행정구역별,청년인구비율(19~39세),16.6,11,37580,A,%,T001,DT_1YL20643,청년인구비율,인구총조사 청년인구비율(시도/시/군/구),2024,2025-07-29,성주군,%,101,청년인구비율 지표
행정구역별,청년인구(19~39세),6816.0,12,37580,A,In person,T001,DT_1YL20643,청년인구비율,인구총조사 청년인구비율(시도/시/군/구),2024,2025-07-29,성주군,명,101,청년인구비율 지표
행정구역별,전체인구,41068.0,13,37580,A,In person,T001,DT_1YL20643,청년인구비율,인구총조사 청년인구비율(시도/시/군/구),2024,2025-07-29,성주군,명,101,청년인구비율 지표
행정구역별,청년인구비율(19~34세),12.1,21,37580,A,%,T001,DT_1YL20643,청년인구비율,인구총조사 청년인구비율(시도/시/군/구),2024,2025-07-29,성주군,%,101,청년인구비율 지표
행정구역별,청년인구(19~34세),4953.0,22,37580,A,In person,T001,DT_1YL20643,청년인구비율,인구총조사 청년인구비율(시도/시/군/구),2024,2025-07-29,성주군,명,101,청년인구비율 지표
행정구역별,전체인구,41068.0,23,37580,A,In person,T001,DT_1YL20643,청년인구비율,인구총조사 청년인구비율(시도/시/군/구),2024,2025-07-29,성주군,명,101,청년인구비율 지표
행정구역별,청년여성비율(19~39세),5.7,31,37580,A,%,T001,DT_1YL20643,청년인구비율,인구총조사 청년인구비율(시도/시/군/구),2024,2025-07-29,성주군,%,101,청년인구비율 지표
행정구역별,청년여성인구(19~39세),2342.0,32,37580,A,In person,T001,DT_1YL20643,청년인구비율,인구총조사 청년인구비율(시도/시/군/구),2024,2025-07-29,성주군,명,101,청년인구비율 지표
행정구역별,전체인구,41068.0,33,37580,A,In person,T001,DT_1YL20643,청년인구비율,인구총조사 청년인구비율(시도/시/군/구),2024,2025-07-29,성주군,명,101,청년인구비율 지표
행정구역별,청년인구비율(19~39세),21.9,11,37590,A,%,T001,DT_1YL20643,청년인구비율,인구총조사 청년인구비율(시도/시/군/구),2024,2025-07-29,칠곡군,%,101,청년인구비율 지표
행정구역별,청년인구(19~39세),24074.0,12,37590,A,In person,T001,DT_1YL20643,청년인구비율,인구총조사 청년인구비율(시도/시/군/구),2024,2025-07-29,칠곡군,명,101,청년인구비율 지표
행정구역별,전체인구,110043.0,13,37590,A,In person,T001,DT_1YL20643,청년인구비율,인구총조사 청년인구비율(시도/시/군/구),2024,2025-07-29,칠곡군,명,101,청년인구비율 지표
행정구역별,청년인구비율(19~34세),15.7,21,37590,A,%,T001,DT_1YL20643,청년인구비율,인구총조사 청년인구비율(시도/시/군/구),2024,2025-07-29,칠곡군,%,101,청년인구비율 지표
행정구역별,청년인구(19~34세),17295.0,22,37590,A,In person,T001,DT_1YL20643,청년인구비율,인구총조사 청년인구비율(시도/시/군/구),2024,2025-07-29,칠곡군,명,101,청년인구비율 지표
행정구역별,전체인구,110043.0,23,37590,A,In person,T001,DT_1YL20643,청년인구비율,인구총조사 청년인구비율(시도/시/군/구),2024,2025-07-29,칠곡군,명,101,청년인구비율 지표
행정구역별,청년여성비율(19~39세),8.6,31,37590,A,%,T001,DT_1YL20643,청년인구비율,인구총조사 청년인구비율(시도/시/군/구),2024,2025-07-29,칠곡군,%,101,청년인구비율 지표
행정구역별,청년여성인구(19~39세),9464.0,32,37590,A,In person,T001,DT_1YL20643,청년인구비율,인구총조사 청년인구비율(시도/시/군/구),2024,2025-07-29,칠곡군,명,101,청년인구비율 지표
행정구역별,전체인구,110043.0,33,37590,A,In person,T001,DT_1YL20643,청년인구비율,인구총조사 청년인구비율(시도/시/군/구),2024,2025-07-29,칠곡군,명,101,청년인구비율 지표
행정구역별,청년인구비율(19~39세),16.1,11,37600,A,%,T001,DT_1YL20643,청년인구비율,인구총조사 청년인구비율(시도/시/군/구),2024,2025-07-29,예천군,%,101,청년인구비율 지표
행정구역별,청년인구(19~39세),8655.0,12,37600,A,In person,T001,DT_1YL20643,청년인구비율,인구총조사 청년인구비율(시도/시/군/구),2024,2025-07-29,예천군,명,101,청년인구비율 지표
행정구역별,전체인구,53609.0,13,37600,A,In person,T001,DT_1YL20643,청년인구비율,인구총조사 청년인구비율(시도/시/군/구),2024,2025-07-29,예천군,명,101,청년인구비율 지표
행정구역별,청년인구비율(19~34세),10.9,21,37600,A,%,T001,DT_1YL20643,청년인구비율,인구총조사 청년인구비율(시도/시/군/구),2024,2025-07-29,예천군,%,101,청년인구비율 지표
행정구역별,청년인구(19~34세),5848.0,22,37600,A,In person,T001,DT_1YL20643,청년인구비율,인구총조사 청년인구비율(시도/시/군/구),2024,2025-07-29,예천군,명,101,청년인구비율 지표
행정구역별,전체인구,53609.0,23,37600,A,In person,T001,DT_1YL20643,청년인구비율,인구총조사 청년인구비율(시도/시/군/구),2024,2025-07-29,예천군,명,101,청년인구비율 지표
행정구역별,청년여성비율(19~39세),7.4,31,37600,A,%,T001,DT_1YL20643,청년인구비율,인구총조사 청년인구비율(시도/시/군/구),2024,2025-07-29,예천군,%,101,청년인구비율 지표
행정구역별,청년여성인구(19~39세),3942.0,32,37600,A,In person,T001,DT_1YL20643,청년인구비율,인구총조사 청년인구비율(시도/시/군/구),2024,2025-07-29,예천군,명,101,청년인구비율 지표
행정구역별,전체인구,53609.0,33,37600,A,In person,T001,DT_1YL20643,청년인구비율,인구총조사 청년인구비율(시도/시/군/구),2024,2025-07-29,예천군,명,101,청년인구비율 지표
행정구역별,청년인구비율(19~39세),10.6,11,37610,A,%,T001,DT_1YL20643,청년인구비율,인구총조사 청년인구비율(시도/시/군/구),2024,2025-07-29,봉화군,%,101,청년인구비율 지표
행정구역별,청년인구(19~39세),2974.0,12,37610,A,In person,T001,DT_1YL20643,청년인구비율,인구총조사 청년인구비율(시도/시/군/구),2024,2025-07-29,봉화군,명,101,청년인구비율 지표
행정구역별,전체인구,27972.0,13,37610,A,In person,T001,DT_1YL20643,청년인구비율,인구총조사 청년인구비율(시도/시/군/구),2024,2025-07-29,봉화군,명,101,청년인구비율 지표
행정구역별,청년인구비율(19~34세),7.5,21,37610,A,%,T001,DT_1YL20643,청년인구비율,인구총조사 청년인구비율(시도/시/군/구),2024,2025-07-29,봉화군,%,101,청년인구비율 지표
행정구역별,청년인구(19~34세),2105.0,22,37610,A,In person,T001,DT_1YL20643,청년인구비율,인구총조사 청년인구비율(시도/시/군/구),2024,2025-07-29,봉화군,명,101,청년인구비율 지표
행정구역별,전체인구,27972.0,23,37610,A,In person,T001,DT_1YL20643,청년인구비율,인구총조사 청년인구비율(시도/시/군/구),2024,2025-07-29,봉화군,명,101,청년인구비율 지표
행정구역별,청년여성비율(19~39세),4.4,31,37610,A,%,T001,DT_1YL20643,청년인구비율,인구총조사 청년인구비율(시도/시/군/구),2024,2025-07-29,봉화군,%,101,청년인구비율 지표
행정구역별,청년여성인구(19~39세),1230.0,32,37610,A,In person,T001,DT_1YL20643,청년인구비율,인구총조사 청년인구비율(시도/시/군/구),2024,2025-07-29,봉화군,명,101,청년인구비율 지표
행정구역별,전체인구,27972.0,33,37610,A,In person,T001,DT_1YL20643,청년인구비율,인구총조사 청년인구비율(시도/시/군/구),2024,2025-07-29,봉화군,명,101,청년인구비율 지표
행정구역별,청년인구비율(19~39세),18.0,11,37620,A,%,T001,DT_1YL20643,청년인구비율,인구총조사 청년인구비율(시도/시/군/구),2024,2025-07-29,울진군,%,101,청년인구비율 지표
행정구역별,청년인구(19~39세),8152.0,12,37620,A,In person,T001,DT_1YL20643,청년인구비율,인구총조사 청년인구비율(시도/시/군/구),2024,2025-07-29,울진군,명,101,청년인구비율 지표
행정구역별,전체인구,45274.0,13,37620,A,In person,T001,DT_1YL20643,청년인구비율,인구총조사 청년인구비율(시도/시/군/구),2024,2025-07-29,울진군,명,101,청년인구비율 지표
행정구역별,청년인구비율(19~34세),13.2,21,37620,A,%,T001,DT_1YL20643,청년인구비율,인구총조사 청년인구비율(시도/시/군/구),2024,2025-07-29,울진군,%,101,청년인구비율 지표
행정구역별,청년인구(19~34세),5968.0,22,37620,A,In person,T001,DT_1YL20643,청년인구비율,인구총조사 청년인구비율(시도/시/군/구),2024,2025-07-29,울진군,명,101,청년인구비율 지표
행정구역별,전체인구,45274.0,23,37620,A,In person,T001,DT_1YL20643,청년인구비율,인구총조사 청년인구비율(시도/시/군/구),2024,2025-07-29,울진군,명,101,청년인구비율 지표
행정구역별,청년여성비율(19~39세),6.1,31,37620,A,%,T001,DT_1YL20643,청년인구비율,인구총조사 청년인구비율(시도/시/군/구),2024,2025-07-29,울진군,%,101,청년인구비율 지표
행정구역별,청년여성인구(19~39세),2784.0,32,37620,A,In person,T001,DT_1YL20643,청년인구비율,인구총조사 청년인구비율(시도/시/군/구),2024,2025-07-29,울진군,명,101,청년인구비율 지표
행정구역별,전체인구,45274.0,33,37620,A,In person,T001,DT_1YL20643,청년인구비율,인구총조사 청년인구비율(시도/시/군/구),2024,2025-07-29,울진군,명,101,청년인구비율 지표
행정구역별,청년인구비율(19~39세),17.6,11,37630,A,%,T001,DT_1YL20643,청년인구비율,인구총조사 청년인구비율(시도/시/군/구),2024,2025-07-29,울릉군,%,101,청년인구비율 지표
행정구역별,청년인구(19~39세),1501.0,12,37630,A,In person,T001,DT_1YL20643,청년인구비율,인구총조사 청년인구비율(시도/시/군/구),2024,2025-07-29,울릉군,명,101,청년인구비율 지표
행정구역별,전체인구,8515.0,13,37630,A,In person,T001,DT_1YL20643,청년인구비율,인구총조사 청년인구비율(시도/시/군/구),2024,2025-07-29,울릉군,명,101,청년인구비율 지표
행정구역별,청년인구비율(19~34세),12.7,21,37630,A,%,T001,DT_1YL20643,청년인구비율,인구총조사 청년인구비율(시도/시/군/구),2024,2025-07-29,울릉군,%,101,청년인구비율 지표
행정구역별,청년인구(19~34세),1080.0,22,37630,A,In person,T001,DT_1YL20643,청년인구비율,인구총조사 청년인구비율(시도/시/군/구),2024,2025-07-29,울릉군,명,101,청년인구비율 지표
행정구역별,전체인구,8515.0,23,37630,A,In person,T001,DT_1YL20643,청년인구비율,인구총조사 청년인구비율(시도/시/군/구),2024,2025-07-29,울릉군,명,101,청년인구비율 지표
행정구역별,청년여성비율(19~39세),5.7,31,37630,A,%,T001,DT_1YL20643,청년인구비율,인구총조사 청년인구비율(시도/시/군/구),2024,2025-07-29,울릉군,%,101,청년인구비율 지표
행정구역별,청년여성인구(19~39세),484.0,32,37630,A,In person,T001,DT_1YL20643,청년인구비율,인구총조사 청년인구비율(시도/시/군/구),2024,2025-07-29,울릉군,명,101,청년인구비율 지표
행정구역별,전체인구,8515.0,33,37630,A,In person,T001,DT_1YL20643,청년인구비율,인구총조사 청년인구비율(시도/시/군/구),2024,2025-07-29,울릉군,명,101,청년인구비율 지표
행정구역별,청년인구비율(19~39세),22.3,11,38,A,%,T001,DT_1YL20643,청년인구비율,인구총조사 청년인구비율(시도/시/군/구),2024,2025-07-29,경상남도,%,101,청년인구비율 지표
행정구역별,청년인구(19~39세),729454.0,12,38,A,In person,T001,DT_1YL20643,청년인구비율,인구총조사 청년인구비율(시도/시/군/구),2024,2025-07-29,경상남도,명,101,청년인구비율 지표
행정구역별,전체인구,3264243.0,13,38,A,In person,T001,DT_1YL20643,청년인구비율,인구총조사 청년인구비율(시도/시/군/구),2024,2025-07-29,경상남도,명,101,청년인구비율 지표
행정구역별,청년인구비율(19~34세),16.5,21,38,A,%,T001,DT_1YL20643,청년인구비율,인구총조사 청년인구비율(시도/시/군/구),2024,2025-07-29,경상남도,%,101,청년인구비율 지표
행정구역별,청년인구(19~34세),538460.0,22,38,A,In person,T001,DT_1YL20643,청년인구비율,인구총조사 청년인구비율(시도/시/군/구),2024,2025-07-29,경상남도,명,101,청년인구비율 지표
행정구역별,전체인구,3264243.0,23,38,A,In person,T001,DT_1YL20643,청년인구비율,인구총조사 청년인구비율(시도/시/군/구),2024,2025-07-29,경상남도,명,101,청년인구비율 지표
행정구역별,청년여성비율(19~39세),9.5,31,38,A,%,T001,DT_1YL20643,청년인구비율,인구총조사 청년인구비율(시도/시/군/구),2024,2025-07-29,경상남도,%,101,청년인구비율 지표
행정구역별,청년여성인구(19~39세),311450.0,32,38,A,In person,T001,DT_1YL20643,청년인구비율,인구총조사 청년인구비율(시도/시/군/구),2024,2025-07-29,경상남도,명,101,청년인구비율 지표
행정구역별,전체인구,3264243.0,33,38,A,In person,T001,DT_1YL20643,청년인구비율,인구총조사 청년인구비율(시도/시/군/구),2024,2025-07-29,경상남도,명,101,청년인구비율 지표
행정구역별,청년인구비율(19~39세),25.8,11,38030,A,%,T001,DT_1YL20643,청년인구비율,인구총조사 청년인구비율(시도/시/군/구),2024,2025-07-29,진주시,%,101,청년인구비율 지표
행정구역별,청년인구(19~39세),89349.0,12,38030,A,In person,T001,DT_1YL20643,청년인구비율,인구총조사 청년인구비율(시도/시/군/구),2024,2025-07-29,진주시,명,101,청년인구비율 지표
행정구역별,전체인구,346145.0,13,38030,A,In person,T001,DT_1YL20643,청년인구비율,인구총조사 청년인구비율(시도/시/군/구),2024,2025-07-29,진주시,명,101,청년인구비율 지표
행정구역별,청년인구비율(19~34세),20.1,21,38030,A,%,T001,DT_1YL20643,청년인구비율,인구총조사 청년인구비율(시도/시/군/구),2024,2025-07-29,진주시,%,101,청년인구비율 지표
행정구역별,청년인구(19~34세),69467.0,22,38030,A,In person,T001,DT_1YL20643,청년인구비율,인구총조사 청년인구비율(시도/시/군/구),2024,2025-07-29,진주시,명,101,청년인구비율 지표
행정구역별,전체인구,346145.0,23,38030,A,In person,T001,DT_1YL20643,청년인구비율,인구총조사 청년인구비율(시도/시/군/구),2024,2025-07-29,진주시,명,101,청년인구비율 지표
행정구역별,청년여성비율(19~39세),11.7,31,38030,A,%,T001,DT_1YL20643,청년인구비율,인구총조사 청년인구비율(시도/시/군/구),2024,2025-07-29,진주시,%,101,청년인구비율 지표
행정구역별,청년여성인구(19~39세),40551.0,32,38030,A,In person,T001,DT_1YL20643,청년인구비율,인구총조사 청년인구비율(시도/시/군/구),2024,2025-07-29,진주시,명,101,청년인구비율 지표
행정구역별,전체인구,346145.0,33,38030,A,In person,T001,DT_1YL20643,청년인구비율,인구총조사 청년인구비율(시도/시/군/구),2024,2025-07-29,진주시,명,101,청년인구비율 지표
행정구역별,청년인구비율(19~39세),18.2,11,38050,A,%,T001,DT_1YL20643,청년인구비율,인구총조사 청년인구비율(시도/시/군/구),2024,2025-07-29,통영시,%,101,청년인구비율 지표
행정구역별,청년인구(19~39세),21830.0,12,38050,A,In person,T001,DT_1YL20643,청년인구비율,인구총조사 청년인구비율(시도/시/군/구),2024,2025-07-29,통영시,명,101,청년인구비율 지표
행정구역별,전체인구,120204.0,13,38050,A,In person,T001,DT_1YL20643,청년인구비율,인구총조사 청년인구비율(시도/시/군/구),2024,2025-07-29,통영시,명,101,청년인구비율 지표
행정구역별,청년인구비율(19~34세),13.0,21,38050,A,%,T001,DT_1YL20643,청년인구비율,인구총조사 청년인구비율(시도/시/군/구),2024,2025-07-29,통영시,%,101,청년인구비율 지표
행정구역별,청년인구(19~34세),15602.0,22,38050,A,In person,T001,DT_1YL20643,청년인구비율,인구총조사 청년인구비율(시도/시/군/구),2024,2025-07-29,통영시,명,101,청년인구비율 지표
행정구역별,전체인구,120204.0,23,38050,A,In person,T001,DT_1YL20643,청년인구비율,인구총조사 청년인구비율(시도/시/군/구),2024,2025-07-29,통영시,명,101,청년인구비율 지표
행정구역별,청년여성비율(19~39세),6.8,31,38050,A,%,T001,DT_1YL20643,청년인구비율,인구총조사 청년인구비율(시도/시/군/구),2024,2025-07-29,통영시,%,101,청년인구비율 지표
행정구역별,청년여성인구(19~39세),8204.0,32,38050,A,In person,T001,DT_1YL20643,청년인구비율,인구총조사 청년인구비율(시도/시/군/구),2024,2025-07-29,통영시,명,101,청년인구비율 지표
행정구역별,전체인구,120204.0,33,38050,A,In person,T001,DT_1YL20643,청년인구비율,인구총조사 청년인구비율(시도/시/군/구),2024,2025-07-29,통영시,명,101,청년인구비율 지표
행정구역별,청년인구비율(19~39세),19.8,11,38060,A,%,T001,DT_1YL20643,청년인구비율,인구총조사 청년인구비율(시도/시/군/구),2024,2025-07-29,사천시,%,101,청년인구비율 지표
행정구역별,청년인구(19~39세),21676.0,12,38060,A,In person,T001,DT_1YL20643,청년인구비율,인구총조사 청년인구비율(시도/시/군/구),2024,2025-07-29,사천시,명,101,청년인구비율 지표
행정구역별,전체인구,109218.0,13,38060,A,In person,T001,DT_1YL20643,청년인구비율,인구총조사 청년인구비율(시도/시/군/구),2024,2025-07-29,사천시,명,101,청년인구비율 지표
행정구역별,청년인구비율(19~34세),14.5,21,38060,A,%,T001,DT_1YL20643,청년인구비율,인구총조사 청년인구비율(시도/시/군/구),2024,2025-07-29,사천시,%,101,청년인구비율 지표
행정구역별,청년인구(19~34세),15872.0,22,38060,A,In person,T001,DT_1YL20643,청년인구비율,인구총조사 청년인구비율(시도/시/군/구),2024,2025-07-29,사천시,명,101,청년인구비율 지표
행정구역별,전체인구,109218.0,23,38060,A,In person,T001,DT_1YL20643,청년인구비율,인구총조사 청년인구비율(시도/시/군/구),2024,2025-07-29,사천시,명,101,청년인구비율 지표
행정구역별,청년여성비율(19~39세),7.3,31,38060,A,%,T001,DT_1YL20643,청년인구비율,인구총조사 청년인구비율(시도/시/군/구),2024,2025-07-29,사천시,%,101,청년인구비율 지표
행정구역별,청년여성인구(19~39세),8013.0,32,38060,A,In person,T001,DT_1YL20643,청년인구비율,인구총조사 청년인구비율(시도/시/군/구),2024,2025-07-29,사천시,명,101,청년인구비율 지표
행정구역별,전체인구,109218.0,33,38060,A,In person,T001,DT_1YL20643,청년인구비율,인구총조사 청년인구비율(시도/시/군/구),2024,2025-07-29,사천시,명,101,청년인구비율 지표
행정구역별,청년인구비율(19~39세),25.3,11,38070,A,%,T001,DT_1YL20643,청년인구비율,인구총조사 청년인구비율(시도/시/군/구),2024,2025-07-29,김해시,%,101,청년인구비율 지표
행정구역별,청년인구(19~39세),138921.0,12,38070,A,In person,T001,DT_1YL20643,청년인구비율,인구총조사 청년인구비율(시도/시/군/구),2024,2025-07-29,김해시,명,101,청년인구비율 지표
행정구역별,전체인구,549861.0,13,38070,A,In person,T001,DT_1YL20643,청년인구비율,인구총조사 청년인구비율(시도/시/군/구),2024,2025-07-29,김해시,명,101,청년인구비율 지표
행정구역별,청년인구비율(19~34세),18.7,21,38070,A,%,T001,DT_1YL20643,청년인구비율,인구총조사 청년인구비율(시도/시/군/구),2024,2025-07-29,김해시,%,101,청년인구비율 지표
행정구역별,청년인구(19~34세),103095.0,22,38070,A,In person,T001,DT_1YL20643,청년인구비율,인구총조사 청년인구비율(시도/시/군/구),2024,2025-07-29,김해시,명,101,청년인구비율 지표
행정구역별,전체인구,549861.0,23,38070,A,In person,T001,DT_1YL20643,청년인구비율,인구총조사 청년인구비율(시도/시/군/구),2024,2025-07-29,김해시,명,101,청년인구비율 지표
행정구역별,청년여성비율(19~39세),10.7,31,38070,A,%,T001,DT_1YL20643,청년인구비율,인구총조사 청년인구비율(시도/시/군/구),2024,2025-07-29,김해시,%,101,청년인구비율 지표
행정구역별,청년여성인구(19~39세),58956.0,32,38070,A,In person,T001,DT_1YL20643,청년인구비율,인구총조사 청년인구비율(시도/시/군/구),2024,2025-07-29,김해시,명,101,청년인구비율 지표
행정구역별,전체인구,549861.0,33,38070,A,In person,T001,DT_1YL20643,청년인구비율,인구총조사 청년인구비율(시도/시/군/구),2024,2025-07-29,김해시,명,101,청년인구비율 지표
행정구역별,청년인구비율(19~39세),18.8,11,38080,A,%,T001,DT_1YL20643,청년인구비율,인구총조사 청년인구비율(시도/시/군/구),2024,2025-07-29,밀양시,%,101,청년인구비율 지표
행정구역별,청년인구(19~39세),19317.0,12,38080,A,In person,T001,DT_1YL20643,청년인구비율,인구총조사 청년인구비율(시도/시/군/구),2024,2025-07-29,밀양시,명,101,청년인구비율 지표
행정구역별,전체인구,102535.0,13,38080,A,In person,T001,DT_1YL20643,청년인구비율,인구총조사 청년인구비율(시도/시/군/구),2024,2025-07-29,밀양시,명,101,청년인구비율 지표
행정구역별,청년인구비율(19~34세),14.3,21,38080,A,%,T001,DT_1YL20643,청년인구비율,인구총조사 청년인구비율(시도/시/군/구),2024,2025-07-29,밀양시,%,101,청년인구비율 지표
행정구역별,청년인구(19~34세),14687.0,22,38080,A,In person,T001,DT_1YL20643,청년인구비율,인구총조사 청년인구비율(시도/시/군/구),2024,2025-07-29,밀양시,명,101,청년인구비율 지표
행정구역별,전체인구,102535.0,23,38080,A,In person,T001,DT_1YL20643,청년인구비율,인구총조사 청년인구비율(시도/시/군/구),2024,2025-07-29,밀양시,명,101,청년인구비율 지표
행정구역별,청년여성비율(19~39세),8.7,31,38080,A,%,T001,DT_1YL20643,청년인구비율,인구총조사 청년인구비율(시도/시/군/구),2024,2025-07-29,밀양시,%,101,청년인구비율 지표
행정구역별,청년여성인구(19~39세),8903.0,32,38080,A,In person,T001,DT_1YL20643,청년인구비율,인구총조사 청년인구비율(시도/시/군/구),2024,2025-07-29,밀양시,명,101,청년인구비율 지표
행정구역별,전체인구,102535.0,33,38080,A,In person,T001,DT_1YL20643,청년인구비율,인구총조사 청년인구비율(시도/시/군/구),2024,2025-07-29,밀양시,명,101,청년인구비율 지표
행정구역별,청년인구비율(19~39세),22.0,11,38090,A,%,T001,DT_1YL20643,청년인구비율,인구총조사 청년인구비율(시도/시/군/구),2024,2025-07-29,거제시,%,101,청년인구비율 지표
행정구역별,청년인구(19~39세),53036.0,12,38090,A,In person,T001,DT_1YL20643,청년인구비율,인구총조사 청년인구비율(시도/시/군/구),2024,2025-07-29,거제시,명,101,청년인구비율 지표
행정구역별,전체인구,241284.0,13,38090,A,In person,T001,DT_1YL20643,청년인구비율,인구총조사 청년인구비율(시도/시/군/구),2024,2025-07-29,거제시,명,101,청년인구비율 지표
행정구역별,청년인구비율(19~34세),14.8,21,38090,A,%,T001,DT_1YL20643,청년인구비율,인구총조사 청년인구비율(시도/시/군/구),2024,2025-07-29,거제시,%,101,청년인구비율 지표
행정구역별,청년인구(19~34세),35718.0,22,38090,A,In person,T001,DT_1YL20643,청년인구비율,인구총조사 청년인구비율(시도/시/군/구),2024,2025-07-29,거제시,명,101,청년인구비율 지표
행정구역별,전체인구,241284.0,23,38090,A,In person,T001,DT_1YL20643,청년인구비율,인구총조사 청년인구비율(시도/시/군/구),2024,2025-07-29,거제시,명,101,청년인구비율 지표
행정구역별,청년여성비율(19~39세),8.4,31,38090,A,%,T001,DT_1YL20643,청년인구비율,인구총조사 청년인구비율(시도/시/군/구),2024,2025-07-29,거제시,%,101,청년인구비율 지표
행정구역별,청년여성인구(19~39세),20258.0,32,38090,A,In person,T001,DT_1YL20643,청년인구비율,인구총조사 청년인구비율(시도/시/군/구),2024,2025-07-29,거제시,명,101,청년인구비율 지표
행정구역별,전체인구,241284.0,33,38090,A,In person,T001,DT_1YL20643,청년인구비율,인구총조사 청년인구비율(시도/시/군/구),2024,2025-07-29,거제시,명,101,청년인구비율 지표
행정구역별,청년인구비율(19~39세),23.4,11,38100,A,%,T001,DT_1YL20643,청년인구비율,인구총조사 청년인구비율(시도/시/군/구),2024,2025-07-29,양산시,%,101,청년인구비율 지표
행정구역별,청년인구(19~39세),84183.0,12,38100,A,In person,T001,DT_1YL20643,청년인구비율,인구총조사 청년인구비율(시도/시/군/구),2024,2025-07-29,양산시,명,101,청년인구비율 지표
행정구역별,전체인구,359628.0,13,38100,A,In person,T001,DT_1YL20643,청년인구비율,인구총조사 청년인구비율(시도/시/군/구),2024,2025-07-29,양산시,명,101,청년인구비율 지표
행정구역별,청년인구비율(19~34세),16.8,21,38100,A,%,T001,DT_1YL20643,청년인구비율,인구총조사 청년인구비율(시도/시/군/구),2024,2025-07-29,양산시,%,101,청년인구비율 지표
행정구역별,청년인구(19~34세),60369.0,22,38100,A,In person,T001,DT_1YL20643,청년인구비율,인구총조사 청년인구비율(시도/시/군/구),2024,2025-07-29,양산시,명,101,청년인구비율 지표
행정구역별,전체인구,359628.0,23,38100,A,In person,T001,DT_1YL20643,청년인구비율,인구총조사 청년인구비율(시도/시/군/구),2024,2025-07-29,양산시,명,101,청년인구비율 지표
행정구역별,청년여성비율(19~39세),10.7,31,38100,A,%,T001,DT_1YL20643,청년인구비율,인구총조사 청년인구비율(시도/시/군/구),2024,2025-07-29,양산시,%,101,청년인구비율 지표
행정구역별,청년여성인구(19~39세),38430.0,32,38100,A,In person,T001,DT_1YL20643,청년인구비율,인구총조사 청년인구비율(시도/시/군/구),2024,2025-07-29,양산시,명,101,청년인구비율 지표
행정구역별,전체인구,359628.0,33,38100,A,In person,T001,DT_1YL20643,청년인구비율,인구총조사 청년인구비율(시도/시/군/구),2024,2025-07-29,양산시,명,101,청년인구비율 지표
행정구역별,청년인구비율(19~39세),23.7,11,38110,A,%,T001,DT_1YL20643,청년인구비율,인구총조사 청년인구비율(시도/시/군/구),2024,2025-07-29,창원시,%,101,청년인구비율 지표
행정구역별,청년인구(19~39세),237476.0,12,38110,A,In person,T001,DT_1YL20643,청년인구비율,인구총조사 청년인구비율(시도/시/군/구),2024,2025-07-29,창원시,명,101,청년인구비율 지표
행정구역별,전체인구,1001043.0,13,38110,A,In person,T001,DT_1YL20643,청년인구비율,인구총조사 청년인구비율(시도/시/군/구),2024,2025-07-29,창원시,명,101,청년인구비율 지표
행정구역별,청년인구비율(19~34세),17.6,21,38110,A,%,T001,DT_1YL20643,청년인구비율,인구총조사 청년인구비율(시도/시/군/구),2024,2025-07-29,창원시,%,101,청년인구비율 지표
행정구역별,청년인구(19~34세),176384.0,22,38110,A,In person,T001,DT_1YL20643,청년인구비율,인구총조사 청년인구비율(시도/시/군/구),2024,2025-07-29,창원시,명,101,청년인구비율 지표
행정구역별,전체인구,1001043.0,23,38110,A,In person,T001,DT_1YL20643,청년인구비율,인구총조사 청년인구비율(시도/시/군/구),2024,2025-07-29,창원시,명,101,청년인구비율 지표
행정구역별,청년여성비율(19~39세),10.4,31,38110,A,%,T001,DT_1YL20643,청년인구비율,인구총조사 청년인구비율(시도/시/군/구),2024,2025-07-29,창원시,%,101,청년인구비율 지표
행정구역별,청년여성인구(19~39세),103988.0,32,38110,A,In person,T001,DT_1YL20643,청년인구비율,인구총조사 청년인구비율(시도/시/군/구),2024,2025-07-29,창원시,명,101,청년인구비율 지표
행정구역별,전체인구,1001043.0,33,38110,A,In person,T001,DT_1YL20643,청년인구비율,인구총조사 청년인구비율(시도/시/군/구),2024,2025-07-29,창원시,명,101,청년인구비율 지표
행정구역별,청년인구비율(19~39세),14.0,11,38510,A,%,T001,DT_1YL20643,청년인구비율,인구총조사 청년인구비율(시도/시/군/구),2024,2025-07-29,의령군,%,101,청년인구비율 지표
행정구역별,청년인구(19~39세),3453.0,12,38510,A,In person,T001,DT_1YL20643,청년인구비율,인구총조사 청년인구비율(시도/시/군/구),2024,2025-07-29,의령군,명,101,청년인구비율 지표
행정구역별,전체인구,24609.0,13,38510,A,In person,T001,DT_1YL20643,청년인구비율,인구총조사 청년인구비율(시도/시/군/구),2024,2025-07-29,의령군,명,101,청년인구비율 지표
행정구역별,청년인구비율(19~34세),10.3,21,38510,A,%,T001,DT_1YL20643,청년인구비율,인구총조사 청년인구비율(시도/시/군/구),2024,2025-07-29,의령군,%,101,청년인구비율 지표
행정구역별,청년인구(19~34세),2534.0,22,38510,A,In person,T001,DT_1YL20643,청년인구비율,인구총조사 청년인구비율(시도/시/군/구),2024,2025-07-29,의령군,명,101,청년인구비율 지표
행정구역별,전체인구,24609.0,23,38510,A,In person,T001,DT_1YL20643,청년인구비율,인구총조사 청년인구비율(시도/시/군/구),2024,2025-07-29,의령군,명,101,청년인구비율 지표
행정구역별,청년여성비율(19~39세),5.5,31,38510,A,%,T001,DT_1YL20643,청년인구비율,인구총조사 청년인구비율(시도/시/군/구),2024,2025-07-29,의령군,%,101,청년인구비율 지표
행정구역별,청년여성인구(19~39세),1352.0,32,38510,A,In person,T001,DT_1YL20643,청년인구비율,인구총조사 청년인구비율(시도/시/군/구),2024,2025-07-29,의령군,명,101,청년인구비율 지표
행정구역별,전체인구,24609.0,33,38510,A,In person,T001,DT_1YL20643,청년인구비율,인구총조사 청년인구비율(시도/시/군/구),2024,2025-07-29,의령군,명,101,청년인구비율 지표
행정구역별,청년인구비율(19~39세),19.0,11,38520,A,%,T001,DT_1YL20643,청년인구비율,인구총조사 청년인구비율(시도/시/군/구),2024,2025-07-29,함안군,%,101,청년인구비율 지표
행정구역별,청년인구(19~39세),11727.0,12,38520,A,In person,T001,DT_1YL20643,청년인구비율,인구총조사 청년인구비율(시도/시/군/구),2024,2025-07-29,함안군,명,101,청년인구비율 지표
행정구역별,전체인구,61675.0,13,38520,A,In person,T001,DT_1YL20643,청년인구비율,인구총조사 청년인구비율(시도/시/군/구),2024,2025-07-29,함안군,명,101,청년인구비율 지표
행정구역별,청년인구비율(19~34세),14.1,21,38520,A,%,T001,DT_1YL20643,청년인구비율,인구총조사 청년인구비율(시도/시/군/구),2024,2025-07-29,함안군,%,101,청년인구비율 지표
행정구역별,청년인구(19~34세),8727.0,22,38520,A,In person,T001,DT_1YL20643,청년인구비율,인구총조사 청년인구비율(시도/시/군/구),2024,2025-07-29,함안군,명,101,청년인구비율 지표
행정구역별,전체인구,61675.0,23,38520,A,In person,T001,DT_1YL20643,청년인구비율,인구총조사 청년인구비율(시도/시/군/구),2024,2025-07-29,함안군,명,101,청년인구비율 지표
행정구역별,청년여성비율(19~39세),6.0,31,38520,A,%,T001,DT_1YL20643,청년인구비율,인구총조사 청년인구비율(시도/시/군/구),2024,2025-07-29,함안군,%,101,청년인구비율 지표
행정구역별,청년여성인구(19~39세),3717.0,32,38520,A,In person,T001,DT_1YL20643,청년인구비율,인구총조사 청년인구비율(시도/시/군/구),2024,2025-07-29,함안군,명,101,청년인구비율 지표
행정구역별,전체인구,61675.0,33,38520,A,In person,T001,DT_1YL20643,청년인구비율,인구총조사 청년인구비율(시도/시/군/구),2024,2025-07-29,함안군,명,101,청년인구비율 지표
행정구역별,청년인구비율(19~39세),16.4,11,38530,A,%,T001,DT_1YL20643,청년인구비율,인구총조사 청년인구비율(시도/시/군/구),2024,2025-07-29,창녕군,%,101,청년인구비율 지표
행정구역별,청년인구(19~39세),9497.0,12,38530,A,In person,T001,DT_1YL20643,청년인구비율,인구총조사 청년인구비율(시도/시/군/구),2024,2025-07-29,창녕군,명,101,청년인구비율 지표
행정구역별,전체인구,57766.0,13,38530,A,In person,T001,DT_1YL20643,청년인구비율,인구총조사 청년인구비율(시도/시/군/구),2024,2025-07-29,창녕군,명,101,청년인구비율 지표
행정구역별,청년인구비율(19~34세),12.0,21,38530,A,%,T001,DT_1YL20643,청년인구비율,인구총조사 청년인구비율(시도/시/군/구),2024,2025-07-29,창녕군,%,101,청년인구비율 지표
행정구역별,청년인구(19~34세),6921.0,22,38530,A,In person,T001,DT_1YL20643,청년인구비율,인구총조사 청년인구비율(시도/시/군/구),2024,2025-07-29,창녕군,명,101,청년인구비율 지표
행정구역별,전체인구,57766.0,23,38530,A,In person,T001,DT_1YL20643,청년인구비율,인구총조사 청년인구비율(시도/시/군/구),2024,2025-07-29,창녕군,명,101,청년인구비율 지표
행정구역별,청년여성비율(19~39세),5.9,31,38530,A,%,T001,DT_1YL20643,청년인구비율,인구총조사 청년인구비율(시도/시/군/구),2024,2025-07-29,창녕군,%,101,청년인구비율 지표
행정구역별,청년여성인구(19~39세),3404.0,32,38530,A,In person,T001,DT_1YL20643,청년인구비율,인구총조사 청년인구비율(시도/시/군/구),2024,2025-07-29,창녕군,명,101,청년인구비율 지표
행정구역별,전체인구,57766.0,33,38530,A,In person,T001,DT_1YL20643,청년인구비율,인구총조사 청년인구비율(시도/시/군/구),2024,2025-07-29,창녕군,명,101,청년인구비율 지표
행정구역별,청년인구비율(19~39세),14.3,11,38540,A,%,T001,DT_1YL20643,청년인구비율,인구총조사 청년인구비율(시도/시/군/구),2024,2025-07-29,고성군,%,101,청년인구비율 지표
행정구역별,청년인구(19~39세),6819.0,12,38540,A,In person,T001,DT_1YL20643,청년인구비율,인구총조사 청년인구비율(시도/시/군/구),2024,2025-07-29,고성군,명,101,청년인구비율 지표
행정구역별,전체인구,47664.0,13,38540,A,In person,T001,DT_1YL20643,청년인구비율,인구총조사 청년인구비율(시도/시/군/구),2024,2025-07-29,고성군,명,101,청년인구비율 지표
행정구역별,청년인구비율(19~34세),10.6,21,38540,A,%,T001,DT_1YL20643,청년인구비율,인구총조사 청년인구비율(시도/시/군/구),2024,2025-07-29,고성군,%,101,청년인구비율 지표
행정구역별,청년인구(19~34세),5034.0,22,38540,A,In person,T001,DT_1YL20643,청년인구비율,인구총조사 청년인구비율(시도/시/군/구),2024,2025-07-29,고성군,명,101,청년인구비율 지표
행정구역별,전체인구,47664.0,23,38540,A,In person,T001,DT_1YL20643,청년인구비율,인구총조사 청년인구비율(시도/시/군/구),2024,2025-07-29,고성군,명,101,청년인구비율 지표
행정구역별,청년여성비율(19~39세),5.2,31,38540,A,%,T001,DT_1YL20643,청년인구비율,인구총조사 청년인구비율(시도/시/군/구),2024,2025-07-29,고성군,%,101,청년인구비율 지표
행정구역별,청년여성인구(19~39세),2463.0,32,38540,A,In person,T001,DT_1YL20643,청년인구비율,인구총조사 청년인구비율(시도/시/군/구),2024,2025-07-29,고성군,명,101,청년인구비율 지표
행정구역별,전체인구,47664.0,33,38540,A,In person,T001,DT_1YL20643,청년인구비율,인구총조사 청년인구비율(시도/시/군/구),2024,2025-07-29,고성군,명,101,청년인구비율 지표
행정구역별,청년인구비율(19~39세),13.0,11,38550,A,%,T001,DT_1YL20643,청년인구비율,인구총조사 청년인구비율(시도/시/군/구),2024,2025-07-29,남해군,%,101,청년인구비율 지표
행정구역별,청년인구(19~39세),5053.0,12,38550,A,In person,T001,DT_1YL20643,청년인구비율,인구총조사 청년인구비율(시도/시/군/구),2024,2025-07-29,남해군,명,101,청년인구비율 지표
행정구역별,전체인구,39011.0,13,38550,A,In person,T001,DT_1YL20643,청년인구비율,인구총조사 청년인구비율(시도/시/군/구),2024,2025-07-29,남해군,명,101,청년인구비율 지표
행정구역별,청년인구비율(19~34세),9.8,21,38550,A,%,T001,DT_1YL20643,청년인구비율,인구총조사 청년인구비율(시도/시/군/구),2024,2025-07-29,남해군,%,101,청년인구비율 지표
행정구역별,청년인구(19~34세),3823.0,22,38550,A,In person,T001,DT_1YL20643,청년인구비율,인구총조사 청년인구비율(시도/시/군/구),2024,2025-07-29,남해군,명,101,청년인구비율 지표
행정구역별,전체인구,39011.0,23,38550,A,In person,T001,DT_1YL20643,청년인구비율,인구총조사 청년인구비율(시도/시/군/구),2024,2025-07-29,남해군,명,101,청년인구비율 지표
행정구역별,청년여성비율(19~39세),4.5,31,38550,A,%,T001,DT_1YL20643,청년인구비율,인구총조사 청년인구비율(시도/시/군/구),2024,2025-07-29,남해군,%,101,청년인구비율 지표
행정구역별,청년여성인구(19~39세),1760.0,32,38550,A,In person,T001,DT_1YL20643,청년인구비율,인구총조사 청년인구비율(시도/시/군/구),2024,2025-07-29,남해군,명,101,청년인구비율 지표
행정구역별,전체인구,39011.0,33,38550,A,In person,T001,DT_1YL20643,청년인구비율,인구총조사 청년인구비율(시도/시/군/구),2024,2025-07-29,남해군,명,101,청년인구비율 지표
행정구역별,청년인구비율(19~39세),11.8,11,38560,A,%,T001,DT_1YL20643,청년인구비율,인구총조사 청년인구비율(시도/시/군/구),2024,2025-07-29,하동군,%,101,청년인구비율 지표
행정구역별,청년인구(19~39세),4559.0,12,38560,A,In person,T001,DT_1YL20643,청년인구비율,인구총조사 청년인구비율(시도/시/군/구),2024,2025-07-29,하동군,명,101,청년인구비율 지표
행정구역별,전체인구,38704.0,13,38560,A,In person,T001,DT_1YL20643,청년인구비율,인구총조사 청년인구비율(시도/시/군/구),2024,2025-07-29,하동군,명,101,청년인구비율 지표
행정구역별,청년인구비율(19~34세),8.7,21,38560,A,%,T001,DT_1YL20643,청년인구비율,인구총조사 청년인구비율(시도/시/군/구),2024,2025-07-29,하동군,%,101,청년인구비율 지표
행정구역별,청년인구(19~34세),3373.0,22,38560,A,In person,T001,DT_1YL20643,청년인구비율,인구총조사 청년인구비율(시도/시/군/구),2024,2025-07-29,하동군,명,101,청년인구비율 지표
행정구역별,전체인구,38704.0,23,38560,A,In person,T001,DT_1YL20643,청년인구비율,인구총조사 청년인구비율(시도/시/군/구),2024,2025-07-29,하동군,명,101,청년인구비율 지표
행정구역별,청년여성비율(19~39세),5.0,31,38560,A,%,T001,DT_1YL20643,청년인구비율,인구총조사 청년인구비율(시도/시/군/구),2024,2025-07-29,하동군,%,101,청년인구비율 지표
행정구역별,청년여성인구(19~39세),1928.0,32,38560,A,In person,T001,DT_1YL20643,청년인구비율,인구총조사 청년인구비율(시도/시/군/구),2024,2025-07-29,하동군,명,101,청년인구비율 지표
행정구역별,전체인구,38704.0,33,38560,A,In person,T001,DT_1YL20643,청년인구비율,인구총조사 청년인구비율(시도/시/군/구),2024,2025-07-29,하동군,명,101,청년인구비율 지표
행정구역별,청년인구비율(19~39세),12.1,11,38570,A,%,T001,DT_1YL20643,청년인구비율,인구총조사 청년인구비율(시도/시/군/구),2024,2025-07-29,산청군,%,101,청년인구비율 지표
행정구역별,청년인구(19~39세),3945.0,12,38570,A,In person,T001,DT_1YL20643,청년인구비율,인구총조사 청년인구비율(시도/시/군/구),2024,2025-07-29,산청군,명,101,청년인구비율 지표
행정구역별,전체인구,32480.0,13,38570,A,In person,T001,DT_1YL20643,청년인구비율,인구총조사 청년인구비율(시도/시/군/구),2024,2025-07-29,산청군,명,101,청년인구비율 지표
행정구역별,청년인구비율(19~34세),9.1,21,38570,A,%,T001,DT_1YL20643,청년인구비율,인구총조사 청년인구비율(시도/시/군/구),2024,2025-07-29,산청군,%,101,청년인구비율 지표
행정구역별,청년인구(19~34세),2962.0,22,38570,A,In person,T001,DT_1YL20643,청년인구비율,인구총조사 청년인구비율(시도/시/군/구),2024,2025-07-29,산청군,명,101,청년인구비율 지표
행정구역별,전체인구,32480.0,23,38570,A,In person,T001,DT_1YL20643,청년인구비율,인구총조사 청년인구비율(시도/시/군/구),2024,2025-07-29,산청군,명,101,청년인구비율 지표
행정구역별,청년여성비율(19~39세),5.5,31,38570,A,%,T001,DT_1YL20643,청년인구비율,인구총조사 청년인구비율(시도/시/군/구),2024,2025-07-29,산청군,%,101,청년인구비율 지표
행정구역별,청년여성인구(19~39세),1776.0,32,38570,A,In person,T001,DT_1YL20643,청년인구비율,인구총조사 청년인구비율(시도/시/군/구),2024,2025-07-29,산청군,명,101,청년인구비율 지표
행정구역별,전체인구,32480.0,33,38570,A,In person,T001,DT_1YL20643,청년인구비율,인구총조사 청년인구비율(시도/시/군/구),2024,2025-07-29,산청군,명,101,청년인구비율 지표
행정구역별,청년인구비율(19~39세),12.3,11,38580,A,%,T001,DT_1YL20643,청년인구비율,인구총조사 청년인구비율(시도/시/군/구),2024,2025-07-29,함양군,%,101,청년인구비율 지표
행정구역별,청년인구(19~39세),4313.0,12,38580,A,In person,T001,DT_1YL20643,청년인구비율,인구총조사 청년인구비율(시도/시/군/구),2024,2025-07-29,함양군,명,101,청년인구비율 지표
행정구역별,전체인구,35073.0,13,38580,A,In person,T001,DT_1YL20643,청년인구비율,인구총조사 청년인구비율(시도/시/군/구),2024,2025-07-29,함양군,명,101,청년인구비율 지표
행정구역별,청년인구비율(19~34세),9.1,21,38580,A,%,T001,DT_1YL20643,청년인구비율,인구총조사 청년인구비율(시도/시/군/구),2024,2025-07-29,함양군,%,101,청년인구비율 지표
행정구역별,청년인구(19~34세),3188.0,22,38580,A,In person,T001,DT_1YL20643,청년인구비율,인구총조사 청년인구비율(시도/시/군/구),2024,2025-07-29,함양군,명,101,청년인구비율 지표
행정구역별,전체인구,35073.0,23,38580,A,In person,T001,DT_1YL20643,청년인구비율,인구총조사 청년인구비율(시도/시/군/구),2024,2025-07-29,함양군,명,101,청년인구비율 지표
행정구역별,청년여성비율(19~39세),5.1,31,38580,A,%,T001,DT_1YL20643,청년인구비율,인구총조사 청년인구비율(시도/시/군/구),2024,2025-07-29,함양군,%,101,청년인구비율 지표
행정구역별,청년여성인구(19~39세),1790.0,32,38580,A,In person,T001,DT_1YL20643,청년인구비율,인구총조사 청년인구비율(시도/시/군/구),2024,2025-07-29,함양군,명,101,청년인구비율 지표
행정구역별,전체인구,35073.0,33,38580,A,In person,T001,DT_1YL20643,청년인구비율,인구총조사 청년인구비율(시도/시/군/구),2024,2025-07-29,함양군,명,101,청년인구비율 지표
행정구역별,청년인구비율(19~39세),16.6,11,38590,A,%,T001,DT_1YL20643,청년인구비율,인구총조사 청년인구비율(시도/시/군/구),2024,2025-07-29,거창군,%,101,청년인구비율 지표
행정구역별,청년인구(19~39세),9704.0,12,38590,A,In person,T001,DT_1YL20643,청년인구비율,인구총조사 청년인구비율(시도/시/군/구),2024,2025-07-29,거창군,명,101,청년인구비율 지표
행정구역별,전체인구,58393.0,13,38590,A,In person,T001,DT_1YL20643,청년인구비율,인구총조사 청년인구비율(시도/시/군/구),2024,2025-07-29,거창군,명,101,청년인구비율 지표
행정구역별,청년인구비율(19~34세),12.5,21,38590,A,%,T001,DT_1YL20643,청년인구비율,인구총조사 청년인구비율(시도/시/군/구),2024,2025-07-29,거창군,%,101,청년인구비율 지표
행정구역별,청년인구(19~34세),7270.0,22,38590,A,In person,T001,DT_1YL20643,청년인구비율,인구총조사 청년인구비율(시도/시/군/구),2024,2025-07-29,거창군,명,101,청년인구비율 지표
행정구역별,전체인구,58393.0,23,38590,A,In person,T001,DT_1YL20643,청년인구비율,인구총조사 청년인구비율(시도/시/군/구),2024,2025-07-29,거창군,명,101,청년인구비율 지표
행정구역별,청년여성비율(19~39세),7.1,31,38590,A,%,T001,DT_1YL20643,청년인구비율,인구총조사 청년인구비율(시도/시/군/구),2024,2025-07-29,거창군,%,101,청년인구비율 지표
행정구역별,청년여성인구(19~39세),4120.0,32,38590,A,In person,T001,DT_1YL20643,청년인구비율,인구총조사 청년인구비율(시도/시/군/구),2024,2025-07-29,거창군,명,101,청년인구비율 지표
행정구역별,전체인구,58393.0,33,38590,A,In person,T001,DT_1YL20643,청년인구비율,인구총조사 청년인구비율(시도/시/군/구),2024,2025-07-29,거창군,명,101,청년인구비율 지표
행정구역별,청년인구비율(19~39세),11.8,11,38600,A,%,T001,DT_1YL20643,청년인구비율,인구총조사 청년인구비율(시도/시/군/구),2024,2025-07-29,합천군,%,101,청년인구비율 지표
행정구역별,청년인구(19~39세),4596.0,12,38600,A,In person,T001,DT_1YL20643,청년인구비율,인구총조사 청년인구비율(시도/시/군/구),2024,2025-07-29,합천군,명,101,청년인구비율 지표
행정구역별,전체인구,38950.0,13,38600,A,In person,T001,DT_1YL20643,청년인구비율,인구총조사 청년인구비율(시도/시/군/구),2024,2025-07-29,합천군,명,101,청년인구비율 지표
행정구역별,청년인구비율(19~34세),8.8,21,38600,A,%,T001,DT_1YL20643,청년인구비율,인구총조사 청년인구비율(시도/시/군/구),2024,2025-07-29,합천군,%,101,청년인구비율 지표
행정구역별,청년인구(19~34세),3434.0,22,38600,A,In person,T001,DT_1YL20643,청년인구비율,인구총조사 청년인구비율(시도/시/군/구),2024,2025-07-29,합천군,명,101,청년인구비율 지표
행정구역별,전체인구,38950.0,23,38600,A,In person,T001,DT_1YL20643,청년인구비율,인구총조사 청년인구비율(시도/시/군/구),2024,2025-07-29,합천군,명,101,청년인구비율 지표
행정구역별,청년여성비율(19~39세),4.7,31,38600,A,%,T001,DT_1YL20643,청년인구비율,인구총조사 청년인구비율(시도/시/군/구),2024,2025-07-29,합천군,%,101,청년인구비율 지표
행정구역별,청년여성인구(19~39세),1837.0,32,38600,A,In person,T001,DT_1YL20643,청년인구비율,인구총조사 청년인구비율(시도/시/군/구),2024,2025-07-29,합천군,명,101,청년인구비율 지표
행정구역별,전체인구,38950.0,33,38600,A,In person,T001,DT_1YL20643,청년인구비율,인구총조사 청년인구비율(시도/시/군/구),2024,2025-07-29,합천군,명,101,청년인구비율 지표
행정구역별,청년인구비율(19~39세),24.0,11,39,A,%,T001,DT_1YL20643,청년인구비율,인구총조사 청년인구비율(시도/시/군/구),2024,2025-07-29,제주특별자치도,%,101,청년인구비율 지표
행정구역별,청년인구(19~39세),161707.0,12,39,A,In person,T001,DT_1YL20643,청년인구비율,인구총조사 청년인구비율(시도/시/군/구),2024,2025-07-29,제주특별자치도,명,101,청년인구비율 지표
행정구역별,전체인구,674817.0,13,39,A,In person,T001,DT_1YL20643,청년인구비율,인구총조사 청년인구비율(시도/시/군/구),2024,2025-07-29,제주특별자치도,명,101,청년인구비율 지표
행정구역별,청년인구비율(19~34세),17.8,21,39,A,%,T001,DT_1YL20643,청년인구비율,인구총조사 청년인구비율(시도/시/군/구),2024,2025-07-29,제주특별자치도,%,101,청년인구비율 지표
행정구역별,청년인구(19~34세),120289.0,22,39,A,In person,T001,DT_1YL20643,청년인구비율,인구총조사 청년인구비율(시도/시/군/구),2024,2025-07-29,제주특별자치도,명,101,청년인구비율 지표
행정구역별,전체인구,674817.0,23,39,A,In person,T001,DT_1YL20643,청년인구비율,인구총조사 청년인구비율(시도/시/군/구),2024,2025-07-29,제주특별자치도,명,101,청년인구비율 지표
행정구역별,청년여성비율(19~39세),11.0,31,39,A,%,T001,DT_1YL20643,청년인구비율,인구총조사 청년인구비율(시도/시/군/구),2024,2025-07-29,제주특별자치도,%,101,청년인구비율 지표
행정구역별,청년여성인구(19~39세),74325.0,32,39,A,In person,T001,DT_1YL20643,청년인구비율,인구총조사 청년인구비율(시도/시/군/구),2024,2025-07-29,제주특별자치도,명,101,청년인구비율 지표
행정구역별,전체인구,674817.0,33,39,A,In person,T001,DT_1YL20643,청년인구비율,인구총조사 청년인구비율(시도/시/군/구),2024,2025-07-29,제주특별자치도,명,101,청년인구비율 지표
행정구역별,청년인구비율(19~39세),25.2,11,39010,A,%,T001,DT_1YL20643,청년인구비율,인구총조사 청년인구비율(시도/시/군/구),2024,2025-07-29,제주시,%,101,청년인구비율 지표
행정구역별,청년인구(19~39세),124330.0,12,39010,A,In person,T001,DT_1YL20643,청년인구비율,인구총조사 청년인구비율(시도/시/군/구),2024,2025-07-29,제주시,명,101,청년인구비율 지표
행정구역별,전체인구,493908.0,13,39010,A,In person,T001,DT_1YL20643,청년인구비율,인구총조사 청년인구비율(시도/시/군/구),2024,2025-07-29,제주시,명,101,청년인구비율 지표
행정구역별,청년인구비율(19~34세),18.9,21,39010,A,%,T001,DT_1YL20643,청년인구비율,인구총조사 청년인구비율(시도/시/군/구),2024,2025-07-29,제주시,%,101,청년인구비율 지표
행정구역별,청년인구(19~34세),93268.0,22,39010,A,In person,T001,DT_1YL20643,청년인구비율,인구총조사 청년인구비율(시도/시/군/구),2024,2025-07-29,제주시,명,101,청년인구비율 지표
행정구역별,전체인구,493908.0,23,39010,A,In person,T001,DT_1YL20643,청년인구비율,인구총조사 청년인구비율(시도/시/군/구),2024,2025-07-29,제주시,명,101,청년인구비율 지표
행정구역별,청년여성비율(19~39세),11.8,31,39010,A,%,T001,DT_1YL20643,청년인구비율,인구총조사 청년인구비율(시도/시/군/구),2024,2025-07-29,제주시,%,101,청년인구비율 지표
행정구역별,청년여성인구(19~39세),58052.0,32,39010,A,In person,T001,DT_1YL20643,청년인구비율,인구총조사 청년인구비율(시도/시/군/구),2024,2025-07-29,제주시,명,101,청년인구비율 지표
행정구역별,전체인구,493908.0,33,39010,A,In person,T001,DT_1YL20643,청년인구비율,인구총조사 청년인구비율(시도/시/군/구),2024,2025-07-29,제주시,명,101,청년인구비율 지표
행정구역별,청년인구비율(19~39세),20.7,11,39020,A,%,T001,DT_1YL20643,청년인구비율,인구총조사 청년인구비율(시도/시/군/구),2024,2025-07-29,서귀포시,%,101,청년인구비율 지표
행정구역별,청년인구(19~39세),37377.0,12,39020,A,In person,T001,DT_1YL20643,청년인구비율,인구총조사 청년인구비율(시도/시/군/구),2024,2025-07-29,서귀포시,명,101,청년인구비율 지표
행정구역별,전체인구,180909.0,13,39020,A,In person,T001,DT_1YL20643,청년인구비율,인구총조사 청년인구비율(시도/시/군/구),2024,2025-07-29,서귀포시,명,101,청년인구비율 지표
행정구역별,청년인구비율(19~34세),14.9,21,39020,A,%,T001,DT_1YL20643,청년인구비율,인구총조사 청년인구비율(시도/시/군/구),2024,2025-07-29,서귀포시,%,101,청년인구비율 지표
행정구역별,청년인구(19~34세),27021.0,22,39020,A,In person,T001,DT_1YL20643,청년인구비율,인구총조사 청년인구비율(시도/시/군/구),2024,2025-07-29,서귀포시,명,101,청년인구비율 지표
행정구역별,전체인구,180909.0,23,39020,A,In person,T001,DT_1YL20643,청년인구비율,인구총조사 청년인구비율(시도/시/군/구),2024,2025-07-29,서귀포시,명,101,청년인구비율 지표
행정구역별,청년여성비율(19~39세),9.0,31,39020,A,%,T001,DT_1YL20643,청년인구비율,인구총조사 청년인구비율(시도/시/군/구),2024,2025-07-29,서귀포시,%,101,청년인구비율 지표
행정구역별,청년여성인구(19~39세),16273.0,32,39020,A,In person,T001,DT_1YL20643,청년인구비율,인구총조사 청년인구비율(시도/시/군/구),2024,2025-07-29,서귀포시,명,101,청년인구비율 지표
행정구역별,전체인구,180909.0,33,39020,A,In person,T001,DT_1YL20643,청년인구비율,인구총조사 청년인구비율(시도/시/군/구),2024,2025-07-29,서귀포시,명,101,청년인구비율 지표
