C1_OBJ_NM,DT,C1,PRD_SE,UNIT_NM_ENG,ITM_ID,TBL_ID,ITM_NM,TBL_NM,PRD_DE,LST_CHN_DE,C1_NM_ENG,C1_NM,UNIT_NM,ORG_ID
행정구역별,6032022.0,00,A,Each                          ,T001,DT_1YL20842,사업체수(A),인구 천명당 사업체수(등록기반)(시도/시/군/구),2020,2023-10-12,Whole country,전국,개,101
행정구역별,6079702.0,00,A,Each                          ,T001,DT_1YL20842,사업체수(A),인구 천명당 사업체수(등록기반)(시도/시/군/구),2021,2023-10-12,Whole country,전국,개,101
행정구역별,6139899.0,00,A,Each                          ,T001,DT_1YL20842,사업체수(A),인구 천명당 사업체수(등록기반)(시도/시/군/구),2022,2024-02-05,Whole country,전국,개,101
행정구역별,6246489.0,00,A,Each                          ,T001,DT_1YL20842,사업체수(A),인구 천명당 사업체수(등록기반)(시도/시/군/구),2023,2025-02-11,Whole country,전국,개,101
행정구역별,6363262.0,00,A,Each                          ,T001,DT_1YL20842,사업체수(A),인구 천명당 사업체수(등록기반)(시도/시/군/구),2024,2026-02-13,Whole country,전국,개,101
행정구역별,51829023.0,00,A,,T002,DT_1YL20842,주민등록인구(B),인구 천명당 사업체수(등록기반)(시도/시/군/구),2020,2023-10-12,Whole country,전국,명,101
행정구역별,51638809.0,00,A,,T002,DT_1YL20842,주민등록인구(B),인구 천명당 사업체수(등록기반)(시도/시/군/구),2021,2023-10-12,Whole country,전국,명,101
행정구역별,51439038.0,00,A,,T002,DT_1YL20842,주민등록인구(B),인구 천명당 사업체수(등록기반)(시도/시/군/구),2022,2024-02-05,Whole country,전국,명,101
행정구역별,51325329.0,00,A,,T002,DT_1YL20842,주민등록인구(B),인구 천명당 사업체수(등록기반)(시도/시/군/구),2023,2025-02-11,Whole country,전국,명,101
행정구역별,51217221.0,00,A,,T002,DT_1YL20842,주민등록인구(B),인구 천명당 사업체수(등록기반)(시도/시/군/구),2024,2026-02-13,Whole country,전국,명,101
행정구역별,116.4,00,A,Each                          ,T10,DT_1YL20842,인구천명당 사업체수(A÷B×1000),인구 천명당 사업체수(등록기반)(시도/시/군/구),2020,2023-10-12,Whole country,전국,개,101
행정구역별,117.7,00,A,Each                          ,T10,DT_1YL20842,인구천명당 사업체수(A÷B×1000),인구 천명당 사업체수(등록기반)(시도/시/군/구),2021,2023-10-12,Whole country,전국,개,101
행정구역별,119.4,00,A,Each                          ,T10,DT_1YL20842,인구천명당 사업체수(A÷B×1000),인구 천명당 사업체수(등록기반)(시도/시/군/구),2022,2024-02-05,Whole country,전국,개,101
행정구역별,121.7,00,A,Each                          ,T10,DT_1YL20842,인구천명당 사업체수(A÷B×1000),인구 천명당 사업체수(등록기반)(시도/시/군/구),2023,2025-02-11,Whole country,전국,개,101
행정구역별,124.2,00,A,Each                          ,T10,DT_1YL20842,인구천명당 사업체수(A÷B×1000),인구 천명당 사업체수(등록기반)(시도/시/군/구),2024,2026-02-13,Whole country,전국,개,101
행정구역별,1211053.0,11,A,Each                          ,T001,DT_1YL20842,사업체수(A),인구 천명당 사업체수(등록기반)(시도/시/군/구),2020,2023-10-12,Seoul,서울특별시,개,101
행정구역별,1188091.0,11,A,Each                          ,T001,DT_1YL20842,사업체수(A),인구 천명당 사업체수(등록기반)(시도/시/군/구),2021,2023-10-12,Seoul,서울특별시,개,101
행정구역별,1180025.0,11,A,Each                          ,T001,DT_1YL20842,사업체수(A),인구 천명당 사업체수(등록기반)(시도/시/군/구),2022,2024-02-05,Seoul,서울특별시,개,101
행정구역별,1177287.0,11,A,Each                          ,T001,DT_1YL20842,사업체수(A),인구 천명당 사업체수(등록기반)(시도/시/군/구),2023,2025-02-11,Seoul,서울특별시,개,101
행정구역별,1176066.0,11,A,Each                          ,T001,DT_1YL20842,사업체수(A),인구 천명당 사업체수(등록기반)(시도/시/군/구),2024,2026-02-13,Seoul,서울특별시,개,101
행정구역별,9668465.0,11,A,,T002,DT_1YL20842,주민등록인구(B),인구 천명당 사업체수(등록기반)(시도/시/군/구),2020,2023-10-12,Seoul,서울특별시,명,101
행정구역별,9509458.0,11,A,,T002,DT_1YL20842,주민등록인구(B),인구 천명당 사업체수(등록기반)(시도/시/군/구),2021,2023-10-12,Seoul,서울특별시,명,101
행정구역별,9428372.0,11,A,,T002,DT_1YL20842,주민등록인구(B),인구 천명당 사업체수(등록기반)(시도/시/군/구),2022,2024-02-05,Seoul,서울특별시,명,101
행정구역별,9386034.0,11,A,,T002,DT_1YL20842,주민등록인구(B),인구 천명당 사업체수(등록기반)(시도/시/군/구),2023,2025-02-11,Seoul,서울특별시,명,101
행정구역별,9331828.0,11,A,,T002,DT_1YL20842,주민등록인구(B),인구 천명당 사업체수(등록기반)(시도/시/군/구),2024,2026-02-13,Seoul,서울특별시,명,101
행정구역별,125.3,11,A,Each                          ,T10,DT_1YL20842,인구천명당 사업체수(A÷B×1000),인구 천명당 사업체수(등록기반)(시도/시/군/구),2020,2023-10-12,Seoul,서울특별시,개,101
행정구역별,124.9,11,A,Each                          ,T10,DT_1YL20842,인구천명당 사업체수(A÷B×1000),인구 천명당 사업체수(등록기반)(시도/시/군/구),2021,2023-10-12,Seoul,서울특별시,개,101
행정구역별,125.2,11,A,Each                          ,T10,DT_1YL20842,인구천명당 사업체수(A÷B×1000),인구 천명당 사업체수(등록기반)(시도/시/군/구),2022,2024-02-05,Seoul,서울특별시,개,101
행정구역별,125.4,11,A,Each                          ,T10,DT_1YL20842,인구천명당 사업체수(A÷B×1000),인구 천명당 사업체수(등록기반)(시도/시/군/구),2023,2025-02-11,Seoul,서울특별시,개,101
행정구역별,126.0,11,A,Each                          ,T10,DT_1YL20842,인구천명당 사업체수(A÷B×1000),인구 천명당 사업체수(등록기반)(시도/시/군/구),2024,2026-02-13,Seoul,서울특별시,개,101
행정구역별,50531.0,11010,A,Each                          ,T001,DT_1YL20842,사업체수(A),인구 천명당 사업체수(등록기반)(시도/시/군/구),2020,2023-10-12,Jongno-gu,종로구,개,101
행정구역별,48361.0,11010,A,Each                          ,T001,DT_1YL20842,사업체수(A),인구 천명당 사업체수(등록기반)(시도/시/군/구),2021,2023-10-12,Jongno-gu,종로구,개,101
행정구역별,47595.0,11010,A,Each                          ,T001,DT_1YL20842,사업체수(A),인구 천명당 사업체수(등록기반)(시도/시/군/구),2022,2024-02-05,Jongno-gu,종로구,개,101
행정구역별,46977.0,11010,A,Each                          ,T001,DT_1YL20842,사업체수(A),인구 천명당 사업체수(등록기반)(시도/시/군/구),2023,2025-02-11,Jongno-gu,종로구,개,101
행정구역별,46830.0,11010,A,Each                          ,T001,DT_1YL20842,사업체수(A),인구 천명당 사업체수(등록기반)(시도/시/군/구),2024,2026-02-13,Jongno-gu,종로구,개,101
행정구역별,149384.0,11010,A,,T002,DT_1YL20842,주민등록인구(B),인구 천명당 사업체수(등록기반)(시도/시/군/구),2020,2023-10-12,Jongno-gu,종로구,명,101
행정구역별,144683.0,11010,A,,T002,DT_1YL20842,주민등록인구(B),인구 천명당 사업체수(등록기반)(시도/시/군/구),2021,2023-10-12,Jongno-gu,종로구,명,101
행정구역별,141379.0,11010,A,,T002,DT_1YL20842,주민등록인구(B),인구 천명당 사업체수(등록기반)(시도/시/군/구),2022,2024-02-05,Jongno-gu,종로구,명,101
행정구역별,139417.0,11010,A,,T002,DT_1YL20842,주민등록인구(B),인구 천명당 사업체수(등록기반)(시도/시/군/구),2023,2025-02-11,Jongno-gu,종로구,명,101
행정구역별,138336.0,11010,A,,T002,DT_1YL20842,주민등록인구(B),인구 천명당 사업체수(등록기반)(시도/시/군/구),2024,2026-02-13,Jongno-gu,종로구,명,101
행정구역별,338.3,11010,A,Each                          ,T10,DT_1YL20842,인구천명당 사업체수(A÷B×1000),인구 천명당 사업체수(등록기반)(시도/시/군/구),2020,2023-10-12,Jongno-gu,종로구,개,101
행정구역별,334.3,11010,A,Each                          ,T10,DT_1YL20842,인구천명당 사업체수(A÷B×1000),인구 천명당 사업체수(등록기반)(시도/시/군/구),2021,2023-10-12,Jongno-gu,종로구,개,101
행정구역별,336.6,11010,A,Each                          ,T10,DT_1YL20842,인구천명당 사업체수(A÷B×1000),인구 천명당 사업체수(등록기반)(시도/시/군/구),2022,2024-02-05,Jongno-gu,종로구,개,101
행정구역별,337.0,11010,A,Each                          ,T10,DT_1YL20842,인구천명당 사업체수(A÷B×1000),인구 천명당 사업체수(등록기반)(시도/시/군/구),2023,2025-02-11,Jongno-gu,종로구,개,101
행정구역별,338.5,11010,A,Each                          ,T10,DT_1YL20842,인구천명당 사업체수(A÷B×1000),인구 천명당 사업체수(등록기반)(시도/시/군/구),2024,2026-02-13,Jongno-gu,종로구,개,101
행정구역별,76129.0,11020,A,Each                          ,T001,DT_1YL20842,사업체수(A),인구 천명당 사업체수(등록기반)(시도/시/군/구),2020,2023-10-12,Jung-gu,중구,개,101
행정구역별,70308.0,11020,A,Each                          ,T001,DT_1YL20842,사업체수(A),인구 천명당 사업체수(등록기반)(시도/시/군/구),2021,2023-10-12,Jung-gu,중구,개,101
행정구역별,68143.0,11020,A,Each                          ,T001,DT_1YL20842,사업체수(A),인구 천명당 사업체수(등록기반)(시도/시/군/구),2022,2024-02-05,Jung-gu,중구,개,101
행정구역별,67202.0,11020,A,Each                          ,T001,DT_1YL20842,사업체수(A),인구 천명당 사업체수(등록기반)(시도/시/군/구),2023,2025-02-11,Jung-gu,중구,개,101
행정구역별,67098.0,11020,A,Each                          ,T001,DT_1YL20842,사업체수(A),인구 천명당 사업체수(등록기반)(시도/시/군/구),2024,2026-02-13,Jung-gu,중구,개,101
행정구역별,125240.0,11020,A,,T002,DT_1YL20842,주민등록인구(B),인구 천명당 사업체수(등록기반)(시도/시/군/구),2020,2023-10-12,Jung-gu,중구,명,101
행정구역별,122499.0,11020,A,,T002,DT_1YL20842,주민등록인구(B),인구 천명당 사업체수(등록기반)(시도/시/군/구),2021,2023-10-12,Jung-gu,중구,명,101
행정구역별,120437.0,11020,A,,T002,DT_1YL20842,주민등록인구(B),인구 천명당 사업체수(등록기반)(시도/시/군/구),2022,2024-02-05,Jung-gu,중구,명,101
행정구역별,121312.0,11020,A,,T002,DT_1YL20842,주민등록인구(B),인구 천명당 사업체수(등록기반)(시도/시/군/구),2023,2025-02-11,Jung-gu,중구,명,101
행정구역별,120544.0,11020,A,,T002,DT_1YL20842,주민등록인구(B),인구 천명당 사업체수(등록기반)(시도/시/군/구),2024,2026-02-13,Jung-gu,중구,명,101
행정구역별,607.9,11020,A,Each                          ,T10,DT_1YL20842,인구천명당 사업체수(A÷B×1000),인구 천명당 사업체수(등록기반)(시도/시/군/구),2020,2023-10-12,Jung-gu,중구,개,101
행정구역별,573.9,11020,A,Each                          ,T10,DT_1YL20842,인구천명당 사업체수(A÷B×1000),인구 천명당 사업체수(등록기반)(시도/시/군/구),2021,2023-10-12,Jung-gu,중구,개,101
행정구역별,565.8,11020,A,Each                          ,T10,DT_1YL20842,인구천명당 사업체수(A÷B×1000),인구 천명당 사업체수(등록기반)(시도/시/군/구),2022,2024-02-05,Jung-gu,중구,개,101
행정구역별,554.0,11020,A,Each                          ,T10,DT_1YL20842,인구천명당 사업체수(A÷B×1000),인구 천명당 사업체수(등록기반)(시도/시/군/구),2023,2025-02-11,Jung-gu,중구,개,101
행정구역별,556.6,11020,A,Each                          ,T10,DT_1YL20842,인구천명당 사업체수(A÷B×1000),인구 천명당 사업체수(등록기반)(시도/시/군/구),2024,2026-02-13,Jung-gu,중구,개,101
행정구역별,31507.0,11030,A,Each                          ,T001,DT_1YL20842,사업체수(A),인구 천명당 사업체수(등록기반)(시도/시/군/구),2020,2023-10-12,Yongsan-gu,용산구,개,101
행정구역별,29680.0,11030,A,Each                          ,T001,DT_1YL20842,사업체수(A),인구 천명당 사업체수(등록기반)(시도/시/군/구),2021,2023-10-12,Yongsan-gu,용산구,개,101
행정구역별,28047.0,11030,A,Each                          ,T001,DT_1YL20842,사업체수(A),인구 천명당 사업체수(등록기반)(시도/시/군/구),2022,2024-02-05,Yongsan-gu,용산구,개,101
행정구역별,28363.0,11030,A,Each                          ,T001,DT_1YL20842,사업체수(A),인구 천명당 사업체수(등록기반)(시도/시/군/구),2023,2025-02-11,Yongsan-gu,용산구,개,101
행정구역별,27854.0,11030,A,Each                          ,T001,DT_1YL20842,사업체수(A),인구 천명당 사업체수(등록기반)(시도/시/군/구),2024,2026-02-13,Yongsan-gu,용산구,개,101
행정구역별,230040.0,11030,A,,T002,DT_1YL20842,주민등록인구(B),인구 천명당 사업체수(등록기반)(시도/시/군/구),2020,2023-10-12,Yongsan-gu,용산구,명,101
행정구역별,222953.0,11030,A,,T002,DT_1YL20842,주민등록인구(B),인구 천명당 사업체수(등록기반)(시도/시/군/구),2021,2023-10-12,Yongsan-gu,용산구,명,101
행정구역별,218650.0,11030,A,,T002,DT_1YL20842,주민등록인구(B),인구 천명당 사업체수(등록기반)(시도/시/군/구),2022,2024-02-05,Yongsan-gu,용산구,명,101
행정구역별,213151.0,11030,A,,T002,DT_1YL20842,주민등록인구(B),인구 천명당 사업체수(등록기반)(시도/시/군/구),2023,2025-02-11,Yongsan-gu,용산구,명,101
행정구역별,203854.0,11030,A,,T002,DT_1YL20842,주민등록인구(B),인구 천명당 사업체수(등록기반)(시도/시/군/구),2024,2026-02-13,Yongsan-gu,용산구,명,101
행정구역별,137.0,11030,A,Each                          ,T10,DT_1YL20842,인구천명당 사업체수(A÷B×1000),인구 천명당 사업체수(등록기반)(시도/시/군/구),2020,2023-10-12,Yongsan-gu,용산구,개,101
행정구역별,133.1,11030,A,Each                          ,T10,DT_1YL20842,인구천명당 사업체수(A÷B×1000),인구 천명당 사업체수(등록기반)(시도/시/군/구),2021,2023-10-12,Yongsan-gu,용산구,개,101
행정구역별,128.3,11030,A,Each                          ,T10,DT_1YL20842,인구천명당 사업체수(A÷B×1000),인구 천명당 사업체수(등록기반)(시도/시/군/구),2022,2024-02-05,Yongsan-gu,용산구,개,101
행정구역별,133.1,11030,A,Each                          ,T10,DT_1YL20842,인구천명당 사업체수(A÷B×1000),인구 천명당 사업체수(등록기반)(시도/시/군/구),2023,2025-02-11,Yongsan-gu,용산구,개,101
행정구역별,136.6,11030,A,Each                          ,T10,DT_1YL20842,인구천명당 사업체수(A÷B×1000),인구 천명당 사업체수(등록기반)(시도/시/군/구),2024,2026-02-13,Yongsan-gu,용산구,개,101
행정구역별,41582.0,11040,A,Each                          ,T001,DT_1YL20842,사업체수(A),인구 천명당 사업체수(등록기반)(시도/시/군/구),2020,2023-10-12,Seongdong-gu,성동구,개,101
행정구역별,41665.0,11040,A,Each                          ,T001,DT_1YL20842,사업체수(A),인구 천명당 사업체수(등록기반)(시도/시/군/구),2021,2023-10-12,Seongdong-gu,성동구,개,101
행정구역별,41306.0,11040,A,Each                          ,T001,DT_1YL20842,사업체수(A),인구 천명당 사업체수(등록기반)(시도/시/군/구),2022,2024-02-05,Seongdong-gu,성동구,개,101
행정구역별,40674.0,11040,A,Each                          ,T001,DT_1YL20842,사업체수(A),인구 천명당 사업체수(등록기반)(시도/시/군/구),2023,2025-02-11,Seongdong-gu,성동구,개,101
행정구역별,39264.0,11040,A,Each                          ,T001,DT_1YL20842,사업체수(A),인구 천명당 사업체수(등록기반)(시도/시/군/구),2024,2026-02-13,Seongdong-gu,성동구,개,101
행정구역별,293556.0,11040,A,,T002,DT_1YL20842,주민등록인구(B),인구 천명당 사업체수(등록기반)(시도/시/군/구),2020,2023-10-12,Seongdong-gu,성동구,명,101
행정구역별,285990.0,11040,A,,T002,DT_1YL20842,주민등록인구(B),인구 천명당 사업체수(등록기반)(시도/시/군/구),2021,2023-10-12,Seongdong-gu,성동구,명,101
행정구역별,281000.0,11040,A,,T002,DT_1YL20842,주민등록인구(B),인구 천명당 사업체수(등록기반)(시도/시/군/구),2022,2024-02-05,Seongdong-gu,성동구,명,101
행정구역별,277361.0,11040,A,,T002,DT_1YL20842,주민등록인구(B),인구 천명당 사업체수(등록기반)(시도/시/군/구),2023,2025-02-11,Seongdong-gu,성동구,명,101
행정구역별,273669.0,11040,A,,T002,DT_1YL20842,주민등록인구(B),인구 천명당 사업체수(등록기반)(시도/시/군/구),2024,2026-02-13,Seongdong-gu,성동구,명,101
행정구역별,141.6,11040,A,Each                          ,T10,DT_1YL20842,인구천명당 사업체수(A÷B×1000),인구 천명당 사업체수(등록기반)(시도/시/군/구),2020,2023-10-12,Seongdong-gu,성동구,개,101
행정구역별,145.7,11040,A,Each                          ,T10,DT_1YL20842,인구천명당 사업체수(A÷B×1000),인구 천명당 사업체수(등록기반)(시도/시/군/구),2021,2023-10-12,Seongdong-gu,성동구,개,101
행정구역별,147.0,11040,A,Each                          ,T10,DT_1YL20842,인구천명당 사업체수(A÷B×1000),인구 천명당 사업체수(등록기반)(시도/시/군/구),2022,2024-02-05,Seongdong-gu,성동구,개,101
행정구역별,146.6,11040,A,Each                          ,T10,DT_1YL20842,인구천명당 사업체수(A÷B×1000),인구 천명당 사업체수(등록기반)(시도/시/군/구),2023,2025-02-11,Seongdong-gu,성동구,개,101
행정구역별,143.5,11040,A,Each                          ,T10,DT_1YL20842,인구천명당 사업체수(A÷B×1000),인구 천명당 사업체수(등록기반)(시도/시/군/구),2024,2026-02-13,Seongdong-gu,성동구,개,101
행정구역별,35423.0,11050,A,Each                          ,T001,DT_1YL20842,사업체수(A),인구 천명당 사업체수(등록기반)(시도/시/군/구),2020,2023-10-12,Gwangjin-gu,광진구,개,101
행정구역별,33706.0,11050,A,Each                          ,T001,DT_1YL20842,사업체수(A),인구 천명당 사업체수(등록기반)(시도/시/군/구),2021,2023-10-12,Gwangjin-gu,광진구,개,101
행정구역별,33325.0,11050,A,Each                          ,T001,DT_1YL20842,사업체수(A),인구 천명당 사업체수(등록기반)(시도/시/군/구),2022,2024-02-05,Gwangjin-gu,광진구,개,101
행정구역별,33384.0,11050,A,Each                          ,T001,DT_1YL20842,사업체수(A),인구 천명당 사업체수(등록기반)(시도/시/군/구),2023,2025-02-11,Gwangjin-gu,광진구,개,101
행정구역별,33295.0,11050,A,Each                          ,T001,DT_1YL20842,사업체수(A),인구 천명당 사업체수(등록기반)(시도/시/군/구),2024,2026-02-13,Gwangjin-gu,광진구,개,101
행정구역별,346682.0,11050,A,,T002,DT_1YL20842,주민등록인구(B),인구 천명당 사업체수(등록기반)(시도/시/군/구),2020,2023-10-12,Gwangjin-gu,광진구,명,101
행정구역별,339996.0,11050,A,,T002,DT_1YL20842,주민등록인구(B),인구 천명당 사업체수(등록기반)(시도/시/군/구),2021,2023-10-12,Gwangjin-gu,광진구,명,101
행정구역별,337416.0,11050,A,,T002,DT_1YL20842,주민등록인구(B),인구 천명당 사업체수(등록기반)(시도/시/군/구),2022,2024-02-05,Gwangjin-gu,광진구,명,101
행정구역별,335554.0,11050,A,,T002,DT_1YL20842,주민등록인구(B),인구 천명당 사업체수(등록기반)(시도/시/군/구),2023,2025-02-11,Gwangjin-gu,광진구,명,101
행정구역별,331963.0,11050,A,,T002,DT_1YL20842,주민등록인구(B),인구 천명당 사업체수(등록기반)(시도/시/군/구),2024,2026-02-13,Gwangjin-gu,광진구,명,101
행정구역별,102.2,11050,A,Each                          ,T10,DT_1YL20842,인구천명당 사업체수(A÷B×1000),인구 천명당 사업체수(등록기반)(시도/시/군/구),2020,2023-10-12,Gwangjin-gu,광진구,개,101
행정구역별,99.1,11050,A,Each                          ,T10,DT_1YL20842,인구천명당 사업체수(A÷B×1000),인구 천명당 사업체수(등록기반)(시도/시/군/구),2021,2023-10-12,Gwangjin-gu,광진구,개,101
행정구역별,98.8,11050,A,Each                          ,T10,DT_1YL20842,인구천명당 사업체수(A÷B×1000),인구 천명당 사업체수(등록기반)(시도/시/군/구),2022,2024-02-05,Gwangjin-gu,광진구,개,101
행정구역별,99.5,11050,A,Each                          ,T10,DT_1YL20842,인구천명당 사업체수(A÷B×1000),인구 천명당 사업체수(등록기반)(시도/시/군/구),2023,2025-02-11,Gwangjin-gu,광진구,개,101
행정구역별,100.3,11050,A,Each                          ,T10,DT_1YL20842,인구천명당 사업체수(A÷B×1000),인구 천명당 사업체수(등록기반)(시도/시/군/구),2024,2026-02-13,Gwangjin-gu,광진구,개,101
행정구역별,43029.0,11060,A,Each                          ,T001,DT_1YL20842,사업체수(A),인구 천명당 사업체수(등록기반)(시도/시/군/구),2020,2023-10-12,Dongdaemun-gu,동대문구,개,101
행정구역별,42813.0,11060,A,Each                          ,T001,DT_1YL20842,사업체수(A),인구 천명당 사업체수(등록기반)(시도/시/군/구),2021,2023-10-12,Dongdaemun-gu,동대문구,개,101
행정구역별,42491.0,11060,A,Each                          ,T001,DT_1YL20842,사업체수(A),인구 천명당 사업체수(등록기반)(시도/시/군/구),2022,2024-02-05,Dongdaemun-gu,동대문구,개,101
행정구역별,42782.0,11060,A,Each                          ,T001,DT_1YL20842,사업체수(A),인구 천명당 사업체수(등록기반)(시도/시/군/구),2023,2025-02-11,Dongdaemun-gu,동대문구,개,101
행정구역별,43129.0,11060,A,Each                          ,T001,DT_1YL20842,사업체수(A),인구 천명당 사업체수(등록기반)(시도/시/군/구),2024,2026-02-13,Dongdaemun-gu,동대문구,개,101
행정구역별,342837.0,11060,A,,T002,DT_1YL20842,주민등록인구(B),인구 천명당 사업체수(등록기반)(시도/시/군/구),2020,2023-10-12,Dongdaemun-gu,동대문구,명,101
행정구역별,337400.0,11060,A,,T002,DT_1YL20842,주민등록인구(B),인구 천명당 사업체수(등록기반)(시도/시/군/구),2021,2023-10-12,Dongdaemun-gu,동대문구,명,101
행정구역별,336644.0,11060,A,,T002,DT_1YL20842,주민등록인구(B),인구 천명당 사업체수(등록기반)(시도/시/군/구),2022,2024-02-05,Dongdaemun-gu,동대문구,명,101
행정구역별,341149.0,11060,A,,T002,DT_1YL20842,주민등록인구(B),인구 천명당 사업체수(등록기반)(시도/시/군/구),2023,2025-02-11,Dongdaemun-gu,동대문구,명,101
행정구역별,338735.0,11060,A,,T002,DT_1YL20842,주민등록인구(B),인구 천명당 사업체수(등록기반)(시도/시/군/구),2024,2026-02-13,Dongdaemun-gu,동대문구,명,101
행정구역별,125.5,11060,A,Each                          ,T10,DT_1YL20842,인구천명당 사업체수(A÷B×1000),인구 천명당 사업체수(등록기반)(시도/시/군/구),2020,2023-10-12,Dongdaemun-gu,동대문구,개,101
행정구역별,126.9,11060,A,Each                          ,T10,DT_1YL20842,인구천명당 사업체수(A÷B×1000),인구 천명당 사업체수(등록기반)(시도/시/군/구),2021,2023-10-12,Dongdaemun-gu,동대문구,개,101
행정구역별,126.2,11060,A,Each                          ,T10,DT_1YL20842,인구천명당 사업체수(A÷B×1000),인구 천명당 사업체수(등록기반)(시도/시/군/구),2022,2024-02-05,Dongdaemun-gu,동대문구,개,101
행정구역별,125.4,11060,A,Each                          ,T10,DT_1YL20842,인구천명당 사업체수(A÷B×1000),인구 천명당 사업체수(등록기반)(시도/시/군/구),2023,2025-02-11,Dongdaemun-gu,동대문구,개,101
행정구역별,127.3,11060,A,Each                          ,T10,DT_1YL20842,인구천명당 사업체수(A÷B×1000),인구 천명당 사업체수(등록기반)(시도/시/군/구),2024,2026-02-13,Dongdaemun-gu,동대문구,개,101
행정구역별,38558.0,11070,A,Each                          ,T001,DT_1YL20842,사업체수(A),인구 천명당 사업체수(등록기반)(시도/시/군/구),2020,2023-10-12,Jungnang-gu,중랑구,개,101
행정구역별,39310.0,11070,A,Each                          ,T001,DT_1YL20842,사업체수(A),인구 천명당 사업체수(등록기반)(시도/시/군/구),2021,2023-10-12,Jungnang-gu,중랑구,개,101
행정구역별,40320.0,11070,A,Each                          ,T001,DT_1YL20842,사업체수(A),인구 천명당 사업체수(등록기반)(시도/시/군/구),2022,2024-02-05,Jungnang-gu,중랑구,개,101
행정구역별,40964.0,11070,A,Each                          ,T001,DT_1YL20842,사업체수(A),인구 천명당 사업체수(등록기반)(시도/시/군/구),2023,2025-02-11,Jungnang-gu,중랑구,개,101
행정구역별,42344.0,11070,A,Each                          ,T001,DT_1YL20842,사업체수(A),인구 천명당 사업체수(등록기반)(시도/시/군/구),2024,2026-02-13,Jungnang-gu,중랑구,개,101
행정구역별,394702.0,11070,A,,T002,DT_1YL20842,주민등록인구(B),인구 천명당 사업체수(등록기반)(시도/시/군/구),2020,2023-10-12,Jungnang-gu,중랑구,명,101
행정구역별,387350.0,11070,A,,T002,DT_1YL20842,주민등록인구(B),인구 천명당 사업체수(등록기반)(시도/시/군/구),2021,2023-10-12,Jungnang-gu,중랑구,명,101
행정구역별,385318.0,11070,A,,T002,DT_1YL20842,주민등록인구(B),인구 천명당 사업체수(등록기반)(시도/시/군/구),2022,2024-02-05,Jungnang-gu,중랑구,명,101
행정구역별,382155.0,11070,A,,T002,DT_1YL20842,주민등록인구(B),인구 천명당 사업체수(등록기반)(시도/시/군/구),2023,2025-02-11,Jungnang-gu,중랑구,명,101
행정구역별,379274.0,11070,A,,T002,DT_1YL20842,주민등록인구(B),인구 천명당 사업체수(등록기반)(시도/시/군/구),2024,2026-02-13,Jungnang-gu,중랑구,명,101
행정구역별,97.7,11070,A,Each                          ,T10,DT_1YL20842,인구천명당 사업체수(A÷B×1000),인구 천명당 사업체수(등록기반)(시도/시/군/구),2020,2023-10-12,Jungnang-gu,중랑구,개,101
행정구역별,101.5,11070,A,Each                          ,T10,DT_1YL20842,인구천명당 사업체수(A÷B×1000),인구 천명당 사업체수(등록기반)(시도/시/군/구),2021,2023-10-12,Jungnang-gu,중랑구,개,101
행정구역별,104.6,11070,A,Each                          ,T10,DT_1YL20842,인구천명당 사업체수(A÷B×1000),인구 천명당 사업체수(등록기반)(시도/시/군/구),2022,2024-02-05,Jungnang-gu,중랑구,개,101
행정구역별,107.2,11070,A,Each                          ,T10,DT_1YL20842,인구천명당 사업체수(A÷B×1000),인구 천명당 사업체수(등록기반)(시도/시/군/구),2023,2025-02-11,Jungnang-gu,중랑구,개,101
행정구역별,111.6,11070,A,Each                          ,T10,DT_1YL20842,인구천명당 사업체수(A÷B×1000),인구 천명당 사업체수(등록기반)(시도/시/군/구),2024,2026-02-13,Jungnang-gu,중랑구,개,101
행정구역별,34420.0,11080,A,Each                          ,T001,DT_1YL20842,사업체수(A),인구 천명당 사업체수(등록기반)(시도/시/군/구),2020,2023-10-12,Seongbuk-gu,성북구,개,101
행정구역별,34712.0,11080,A,Each                          ,T001,DT_1YL20842,사업체수(A),인구 천명당 사업체수(등록기반)(시도/시/군/구),2021,2023-10-12,Seongbuk-gu,성북구,개,101
행정구역별,35162.0,11080,A,Each                          ,T001,DT_1YL20842,사업체수(A),인구 천명당 사업체수(등록기반)(시도/시/군/구),2022,2024-02-05,Seongbuk-gu,성북구,개,101
행정구역별,35548.0,11080,A,Each                          ,T001,DT_1YL20842,사업체수(A),인구 천명당 사업체수(등록기반)(시도/시/군/구),2023,2025-02-11,Seongbuk-gu,성북구,개,101
행정구역별,35561.0,11080,A,Each                          ,T001,DT_1YL20842,사업체수(A),인구 천명당 사업체수(등록기반)(시도/시/군/구),2024,2026-02-13,Seongbuk-gu,성북구,개,101
행정구역별,437153.0,11080,A,,T002,DT_1YL20842,주민등록인구(B),인구 천명당 사업체수(등록기반)(시도/시/군/구),2020,2023-10-12,Seongbuk-gu,성북구,명,101
행정구역별,430528.0,11080,A,,T002,DT_1YL20842,주민등록인구(B),인구 천명당 사업체수(등록기반)(시도/시/군/구),2021,2023-10-12,Seongbuk-gu,성북구,명,101
행정구역별,430397.0,11080,A,,T002,DT_1YL20842,주민등록인구(B),인구 천명당 사업체수(등록기반)(시도/시/군/구),2022,2024-02-05,Seongbuk-gu,성북구,명,101
행정구역별,425602.0,11080,A,,T002,DT_1YL20842,주민등록인구(B),인구 천명당 사업체수(등록기반)(시도/시/군/구),2023,2025-02-11,Seongbuk-gu,성북구,명,101
행정구역별,421560.0,11080,A,,T002,DT_1YL20842,주민등록인구(B),인구 천명당 사업체수(등록기반)(시도/시/군/구),2024,2026-02-13,Seongbuk-gu,성북구,명,101
행정구역별,78.7,11080,A,Each                          ,T10,DT_1YL20842,인구천명당 사업체수(A÷B×1000),인구 천명당 사업체수(등록기반)(시도/시/군/구),2020,2023-10-12,Seongbuk-gu,성북구,개,101
행정구역별,80.6,11080,A,Each                          ,T10,DT_1YL20842,인구천명당 사업체수(A÷B×1000),인구 천명당 사업체수(등록기반)(시도/시/군/구),2021,2023-10-12,Seongbuk-gu,성북구,개,101
행정구역별,81.7,11080,A,Each                          ,T10,DT_1YL20842,인구천명당 사업체수(A÷B×1000),인구 천명당 사업체수(등록기반)(시도/시/군/구),2022,2024-02-05,Seongbuk-gu,성북구,개,101
행정구역별,83.5,11080,A,Each                          ,T10,DT_1YL20842,인구천명당 사업체수(A÷B×1000),인구 천명당 사업체수(등록기반)(시도/시/군/구),2023,2025-02-11,Seongbuk-gu,성북구,개,101
행정구역별,84.4,11080,A,Each                          ,T10,DT_1YL20842,인구천명당 사업체수(A÷B×1000),인구 천명당 사업체수(등록기반)(시도/시/군/구),2024,2026-02-13,Seongbuk-gu,성북구,개,101
행정구역별,26711.0,11090,A,Each                          ,T001,DT_1YL20842,사업체수(A),인구 천명당 사업체수(등록기반)(시도/시/군/구),2020,2023-10-12,Gangbuk-gu,강북구,개,101
행정구역별,26385.0,11090,A,Each                          ,T001,DT_1YL20842,사업체수(A),인구 천명당 사업체수(등록기반)(시도/시/군/구),2021,2023-10-12,Gangbuk-gu,강북구,개,101
행정구역별,26114.0,11090,A,Each                          ,T001,DT_1YL20842,사업체수(A),인구 천명당 사업체수(등록기반)(시도/시/군/구),2022,2024-02-05,Gangbuk-gu,강북구,개,101
행정구역별,26310.0,11090,A,Each                          ,T001,DT_1YL20842,사업체수(A),인구 천명당 사업체수(등록기반)(시도/시/군/구),2023,2025-02-11,Gangbuk-gu,강북구,개,101
행정구역별,25636.0,11090,A,Each                          ,T001,DT_1YL20842,사업체수(A),인구 천명당 사업체수(등록기반)(시도/시/군/구),2024,2026-02-13,Gangbuk-gu,강북구,개,101
행정구역별,308055.0,11090,A,,T002,DT_1YL20842,주민등록인구(B),인구 천명당 사업체수(등록기반)(시도/시/군/구),2020,2023-10-12,Gangbuk-gu,강북구,명,101
행정구역별,299182.0,11090,A,,T002,DT_1YL20842,주민등록인구(B),인구 천명당 사업체수(등록기반)(시도/시/군/구),2021,2023-10-12,Gangbuk-gu,강북구,명,101
행정구역별,293660.0,11090,A,,T002,DT_1YL20842,주민등록인구(B),인구 천명당 사업체수(등록기반)(시도/시/군/구),2022,2024-02-05,Gangbuk-gu,강북구,명,101
행정구역별,288113.0,11090,A,,T002,DT_1YL20842,주민등록인구(B),인구 천명당 사업체수(등록기반)(시도/시/군/구),2023,2025-02-11,Gangbuk-gu,강북구,명,101
행정구역별,283597.0,11090,A,,T002,DT_1YL20842,주민등록인구(B),인구 천명당 사업체수(등록기반)(시도/시/군/구),2024,2026-02-13,Gangbuk-gu,강북구,명,101
행정구역별,86.7,11090,A,Each                          ,T10,DT_1YL20842,인구천명당 사업체수(A÷B×1000),인구 천명당 사업체수(등록기반)(시도/시/군/구),2020,2023-10-12,Gangbuk-gu,강북구,개,101
행정구역별,88.2,11090,A,Each                          ,T10,DT_1YL20842,인구천명당 사업체수(A÷B×1000),인구 천명당 사업체수(등록기반)(시도/시/군/구),2021,2023-10-12,Gangbuk-gu,강북구,개,101
행정구역별,88.9,11090,A,Each                          ,T10,DT_1YL20842,인구천명당 사업체수(A÷B×1000),인구 천명당 사업체수(등록기반)(시도/시/군/구),2022,2024-02-05,Gangbuk-gu,강북구,개,101
행정구역별,91.3,11090,A,Each                          ,T10,DT_1YL20842,인구천명당 사업체수(A÷B×1000),인구 천명당 사업체수(등록기반)(시도/시/군/구),2023,2025-02-11,Gangbuk-gu,강북구,개,101
행정구역별,90.4,11090,A,Each                          ,T10,DT_1YL20842,인구천명당 사업체수(A÷B×1000),인구 천명당 사업체수(등록기반)(시도/시/군/구),2024,2026-02-13,Gangbuk-gu,강북구,개,101
행정구역별,25607.0,11100,A,Each                          ,T001,DT_1YL20842,사업체수(A),인구 천명당 사업체수(등록기반)(시도/시/군/구),2020,2023-10-12,Dobong-gu,도봉구,개,101
행정구역별,25391.0,11100,A,Each                          ,T001,DT_1YL20842,사업체수(A),인구 천명당 사업체수(등록기반)(시도/시/군/구),2021,2023-10-12,Dobong-gu,도봉구,개,101
행정구역별,25193.0,11100,A,Each                          ,T001,DT_1YL20842,사업체수(A),인구 천명당 사업체수(등록기반)(시도/시/군/구),2022,2024-02-05,Dobong-gu,도봉구,개,101
행정구역별,25580.0,11100,A,Each                          ,T001,DT_1YL20842,사업체수(A),인구 천명당 사업체수(등록기반)(시도/시/군/구),2023,2025-02-11,Dobong-gu,도봉구,개,101
행정구역별,25298.0,11100,A,Each                          ,T001,DT_1YL20842,사업체수(A),인구 천명당 사업체수(등록기반)(시도/시/군/구),2024,2026-02-13,Dobong-gu,도봉구,개,101
행정구역별,325257.0,11100,A,,T002,DT_1YL20842,주민등록인구(B),인구 천명당 사업체수(등록기반)(시도/시/군/구),2020,2023-10-12,Dobong-gu,도봉구,명,101
행정구역별,317366.0,11100,A,,T002,DT_1YL20842,주민등록인구(B),인구 천명당 사업체수(등록기반)(시도/시/군/구),2021,2023-10-12,Dobong-gu,도봉구,명,101
행정구역별,311694.0,11100,A,,T002,DT_1YL20842,주민등록인구(B),인구 천명당 사업체수(등록기반)(시도/시/군/구),2022,2024-02-05,Dobong-gu,도봉구,명,101
행정구역별,306948.0,11100,A,,T002,DT_1YL20842,주민등록인구(B),인구 천명당 사업체수(등록기반)(시도/시/군/구),2023,2025-02-11,Dobong-gu,도봉구,명,101
행정구역별,303228.0,11100,A,,T002,DT_1YL20842,주민등록인구(B),인구 천명당 사업체수(등록기반)(시도/시/군/구),2024,2026-02-13,Dobong-gu,도봉구,명,101
행정구역별,78.7,11100,A,Each                          ,T10,DT_1YL20842,인구천명당 사업체수(A÷B×1000),인구 천명당 사업체수(등록기반)(시도/시/군/구),2020,2023-10-12,Dobong-gu,도봉구,개,101
행정구역별,80.0,11100,A,Each                          ,T10,DT_1YL20842,인구천명당 사업체수(A÷B×1000),인구 천명당 사업체수(등록기반)(시도/시/군/구),2021,2023-10-12,Dobong-gu,도봉구,개,101
행정구역별,80.8,11100,A,Each                          ,T10,DT_1YL20842,인구천명당 사업체수(A÷B×1000),인구 천명당 사업체수(등록기반)(시도/시/군/구),2022,2024-02-05,Dobong-gu,도봉구,개,101
행정구역별,83.3,11100,A,Each                          ,T10,DT_1YL20842,인구천명당 사업체수(A÷B×1000),인구 천명당 사업체수(등록기반)(시도/시/군/구),2023,2025-02-11,Dobong-gu,도봉구,개,101
행정구역별,83.4,11100,A,Each                          ,T10,DT_1YL20842,인구천명당 사업체수(A÷B×1000),인구 천명당 사업체수(등록기반)(시도/시/군/구),2024,2026-02-13,Dobong-gu,도봉구,개,101
행정구역별,37442.0,11110,A,Each                          ,T001,DT_1YL20842,사업체수(A),인구 천명당 사업체수(등록기반)(시도/시/군/구),2020,2023-10-12,Nowon-gu,노원구,개,101
행정구역별,37909.0,11110,A,Each                          ,T001,DT_1YL20842,사업체수(A),인구 천명당 사업체수(등록기반)(시도/시/군/구),2021,2023-10-12,Nowon-gu,노원구,개,101
행정구역별,38018.0,11110,A,Each                          ,T001,DT_1YL20842,사업체수(A),인구 천명당 사업체수(등록기반)(시도/시/군/구),2022,2024-02-05,Nowon-gu,노원구,개,101
행정구역별,38439.0,11110,A,Each                          ,T001,DT_1YL20842,사업체수(A),인구 천명당 사업체수(등록기반)(시도/시/군/구),2023,2025-02-11,Nowon-gu,노원구,개,101
행정구역별,38579.0,11110,A,Each                          ,T001,DT_1YL20842,사업체수(A),인구 천명당 사업체수(등록기반)(시도/시/군/구),2024,2026-02-13,Nowon-gu,노원구,개,101
행정구역별,523037.0,11110,A,,T002,DT_1YL20842,주민등록인구(B),인구 천명당 사업체수(등록기반)(시도/시/군/구),2020,2023-10-12,Nowon-gu,노원구,명,101
행정구역별,510956.0,11110,A,,T002,DT_1YL20842,주민등록인구(B),인구 천명당 사업체수(등록기반)(시도/시/군/구),2021,2023-10-12,Nowon-gu,노원구,명,101
행정구역별,503734.0,11110,A,,T002,DT_1YL20842,주민등록인구(B),인구 천명당 사업체수(등록기반)(시도/시/군/구),2022,2024-02-05,Nowon-gu,노원구,명,101
행정구역별,498213.0,11110,A,,T002,DT_1YL20842,주민등록인구(B),인구 천명당 사업체수(등록기반)(시도/시/군/구),2023,2025-02-11,Nowon-gu,노원구,명,101
행정구역별,491247.0,11110,A,,T002,DT_1YL20842,주민등록인구(B),인구 천명당 사업체수(등록기반)(시도/시/군/구),2024,2026-02-13,Nowon-gu,노원구,명,101
행정구역별,71.6,11110,A,Each                          ,T10,DT_1YL20842,인구천명당 사업체수(A÷B×1000),인구 천명당 사업체수(등록기반)(시도/시/군/구),2020,2023-10-12,Nowon-gu,노원구,개,101
행정구역별,74.2,11110,A,Each                          ,T10,DT_1YL20842,인구천명당 사업체수(A÷B×1000),인구 천명당 사업체수(등록기반)(시도/시/군/구),2021,2023-10-12,Nowon-gu,노원구,개,101
행정구역별,75.5,11110,A,Each                          ,T10,DT_1YL20842,인구천명당 사업체수(A÷B×1000),인구 천명당 사업체수(등록기반)(시도/시/군/구),2022,2024-02-05,Nowon-gu,노원구,개,101
행정구역별,77.2,11110,A,Each                          ,T10,DT_1YL20842,인구천명당 사업체수(A÷B×1000),인구 천명당 사업체수(등록기반)(시도/시/군/구),2023,2025-02-11,Nowon-gu,노원구,개,101
행정구역별,78.5,11110,A,Each                          ,T10,DT_1YL20842,인구천명당 사업체수(A÷B×1000),인구 천명당 사업체수(등록기반)(시도/시/군/구),2024,2026-02-13,Nowon-gu,노원구,개,101
행정구역별,36273.0,11120,A,Each                          ,T001,DT_1YL20842,사업체수(A),인구 천명당 사업체수(등록기반)(시도/시/군/구),2020,2023-10-12,Eunpyeong-gu,은평구,개,101
행정구역별,36509.0,11120,A,Each                          ,T001,DT_1YL20842,사업체수(A),인구 천명당 사업체수(등록기반)(시도/시/군/구),2021,2023-10-12,Eunpyeong-gu,은평구,개,101
행정구역별,36430.0,11120,A,Each                          ,T001,DT_1YL20842,사업체수(A),인구 천명당 사업체수(등록기반)(시도/시/군/구),2022,2024-02-05,Eunpyeong-gu,은평구,개,101
행정구역별,36201.0,11120,A,Each                          ,T001,DT_1YL20842,사업체수(A),인구 천명당 사업체수(등록기반)(시도/시/군/구),2023,2025-02-11,Eunpyeong-gu,은평구,개,101
행정구역별,36093.0,11120,A,Each                          ,T001,DT_1YL20842,사업체수(A),인구 천명당 사업체수(등록기반)(시도/시/군/구),2024,2026-02-13,Eunpyeong-gu,은평구,개,101
행정구역별,479835.0,11120,A,,T002,DT_1YL20842,주민등록인구(B),인구 천명당 사업체수(등록기반)(시도/시/군/구),2020,2023-10-12,Eunpyeong-gu,은평구,명,101
행정구역별,473307.0,11120,A,,T002,DT_1YL20842,주민등록인구(B),인구 천명당 사업체수(등록기반)(시도/시/군/구),2021,2023-10-12,Eunpyeong-gu,은평구,명,101
행정구역별,466746.0,11120,A,,T002,DT_1YL20842,주민등록인구(B),인구 천명당 사업체수(등록기반)(시도/시/군/구),2022,2024-02-05,Eunpyeong-gu,은평구,명,101
행정구역별,466770.0,11120,A,,T002,DT_1YL20842,주민등록인구(B),인구 천명당 사업체수(등록기반)(시도/시/군/구),2023,2025-02-11,Eunpyeong-gu,은평구,명,101
행정구역별,460919.0,11120,A,,T002,DT_1YL20842,주민등록인구(B),인구 천명당 사업체수(등록기반)(시도/시/군/구),2024,2026-02-13,Eunpyeong-gu,은평구,명,101
행정구역별,75.6,11120,A,Each                          ,T10,DT_1YL20842,인구천명당 사업체수(A÷B×1000),인구 천명당 사업체수(등록기반)(시도/시/군/구),2020,2023-10-12,Eunpyeong-gu,은평구,개,101
행정구역별,77.1,11120,A,Each                          ,T10,DT_1YL20842,인구천명당 사업체수(A÷B×1000),인구 천명당 사업체수(등록기반)(시도/시/군/구),2021,2023-10-12,Eunpyeong-gu,은평구,개,101
행정구역별,78.1,11120,A,Each                          ,T10,DT_1YL20842,인구천명당 사업체수(A÷B×1000),인구 천명당 사업체수(등록기반)(시도/시/군/구),2022,2024-02-05,Eunpyeong-gu,은평구,개,101
행정구역별,77.6,11120,A,Each                          ,T10,DT_1YL20842,인구천명당 사업체수(A÷B×1000),인구 천명당 사업체수(등록기반)(시도/시/군/구),2023,2025-02-11,Eunpyeong-gu,은평구,개,101
행정구역별,78.3,11120,A,Each                          ,T10,DT_1YL20842,인구천명당 사업체수(A÷B×1000),인구 천명당 사업체수(등록기반)(시도/시/군/구),2024,2026-02-13,Eunpyeong-gu,은평구,개,101
행정구역별,28769.0,11130,A,Each                          ,T001,DT_1YL20842,사업체수(A),인구 천명당 사업체수(등록기반)(시도/시/군/구),2020,2023-10-12,Seodaemun-gu,서대문구,개,101
행정구역별,28522.0,11130,A,Each                          ,T001,DT_1YL20842,사업체수(A),인구 천명당 사업체수(등록기반)(시도/시/군/구),2021,2023-10-12,Seodaemun-gu,서대문구,개,101
행정구역별,28427.0,11130,A,Each                          ,T001,DT_1YL20842,사업체수(A),인구 천명당 사업체수(등록기반)(시도/시/군/구),2022,2024-02-05,Seodaemun-gu,서대문구,개,101
행정구역별,28401.0,11130,A,Each                          ,T001,DT_1YL20842,사업체수(A),인구 천명당 사업체수(등록기반)(시도/시/군/구),2023,2025-02-11,Seodaemun-gu,서대문구,개,101
행정구역별,28468.0,11130,A,Each                          ,T001,DT_1YL20842,사업체수(A),인구 천명당 사업체수(등록기반)(시도/시/군/구),2024,2026-02-13,Seodaemun-gu,서대문구,개,101
행정구역별,312173.0,11130,A,,T002,DT_1YL20842,주민등록인구(B),인구 천명당 사업체수(등록기반)(시도/시/군/구),2020,2023-10-12,Seodaemun-gu,서대문구,명,101
행정구역별,304819.0,11130,A,,T002,DT_1YL20842,주민등록인구(B),인구 천명당 사업체수(등록기반)(시도/시/군/구),2021,2023-10-12,Seodaemun-gu,서대문구,명,101
행정구역별,306337.0,11130,A,,T002,DT_1YL20842,주민등록인구(B),인구 천명당 사업체수(등록기반)(시도/시/군/구),2022,2024-02-05,Seodaemun-gu,서대문구,명,101
행정구역별,306231.0,11130,A,,T002,DT_1YL20842,주민등록인구(B),인구 천명당 사업체수(등록기반)(시도/시/군/구),2023,2025-02-11,Seodaemun-gu,서대문구,명,101
행정구역별,302853.0,11130,A,,T002,DT_1YL20842,주민등록인구(B),인구 천명당 사업체수(등록기반)(시도/시/군/구),2024,2026-02-13,Seodaemun-gu,서대문구,명,101
행정구역별,92.2,11130,A,Each                          ,T10,DT_1YL20842,인구천명당 사업체수(A÷B×1000),인구 천명당 사업체수(등록기반)(시도/시/군/구),2020,2023-10-12,Seodaemun-gu,서대문구,개,101
행정구역별,93.6,11130,A,Each                          ,T10,DT_1YL20842,인구천명당 사업체수(A÷B×1000),인구 천명당 사업체수(등록기반)(시도/시/군/구),2021,2023-10-12,Seodaemun-gu,서대문구,개,101
행정구역별,92.8,11130,A,Each                          ,T10,DT_1YL20842,인구천명당 사업체수(A÷B×1000),인구 천명당 사업체수(등록기반)(시도/시/군/구),2022,2024-02-05,Seodaemun-gu,서대문구,개,101
행정구역별,92.7,11130,A,Each                          ,T10,DT_1YL20842,인구천명당 사업체수(A÷B×1000),인구 천명당 사업체수(등록기반)(시도/시/군/구),2023,2025-02-11,Seodaemun-gu,서대문구,개,101
행정구역별,94.0,11130,A,Each                          ,T10,DT_1YL20842,인구천명당 사업체수(A÷B×1000),인구 천명당 사업체수(등록기반)(시도/시/군/구),2024,2026-02-13,Seodaemun-gu,서대문구,개,101
행정구역별,58694.0,11140,A,Each                          ,T001,DT_1YL20842,사업체수(A),인구 천명당 사업체수(등록기반)(시도/시/군/구),2020,2023-10-12,Mapo-gu,마포구,개,101
행정구역별,56782.0,11140,A,Each                          ,T001,DT_1YL20842,사업체수(A),인구 천명당 사업체수(등록기반)(시도/시/군/구),2021,2023-10-12,Mapo-gu,마포구,개,101
행정구역별,55516.0,11140,A,Each                          ,T001,DT_1YL20842,사업체수(A),인구 천명당 사업체수(등록기반)(시도/시/군/구),2022,2024-02-05,Mapo-gu,마포구,개,101
행정구역별,55741.0,11140,A,Each                          ,T001,DT_1YL20842,사업체수(A),인구 천명당 사업체수(등록기반)(시도/시/군/구),2023,2025-02-11,Mapo-gu,마포구,개,101
행정구역별,56080.0,11140,A,Each                          ,T001,DT_1YL20842,사업체수(A),인구 천명당 사업체수(등록기반)(시도/시/군/구),2024,2026-02-13,Mapo-gu,마포구,개,101
행정구역별,371890.0,11140,A,,T002,DT_1YL20842,주민등록인구(B),인구 천명당 사업체수(등록기반)(시도/시/군/구),2020,2023-10-12,Mapo-gu,마포구,명,101
행정구역별,368905.0,11140,A,,T002,DT_1YL20842,주민등록인구(B),인구 천명당 사업체수(등록기반)(시도/시/군/구),2021,2023-10-12,Mapo-gu,마포구,명,101
행정구역별,364638.0,11140,A,,T002,DT_1YL20842,주민등록인구(B),인구 천명당 사업체수(등록기반)(시도/시/군/구),2022,2024-02-05,Mapo-gu,마포구,명,101
행정구역별,363697.0,11140,A,,T002,DT_1YL20842,주민등록인구(B),인구 천명당 사업체수(등록기반)(시도/시/군/구),2023,2025-02-11,Mapo-gu,마포구,명,101
행정구역별,361417.0,11140,A,,T002,DT_1YL20842,주민등록인구(B),인구 천명당 사업체수(등록기반)(시도/시/군/구),2024,2026-02-13,Mapo-gu,마포구,명,101
행정구역별,157.8,11140,A,Each                          ,T10,DT_1YL20842,인구천명당 사업체수(A÷B×1000),인구 천명당 사업체수(등록기반)(시도/시/군/구),2020,2023-10-12,Mapo-gu,마포구,개,101
행정구역별,153.9,11140,A,Each                          ,T10,DT_1YL20842,인구천명당 사업체수(A÷B×1000),인구 천명당 사업체수(등록기반)(시도/시/군/구),2021,2023-10-12,Mapo-gu,마포구,개,101
행정구역별,152.2,11140,A,Each                          ,T10,DT_1YL20842,인구천명당 사업체수(A÷B×1000),인구 천명당 사업체수(등록기반)(시도/시/군/구),2022,2024-02-05,Mapo-gu,마포구,개,101
행정구역별,153.3,11140,A,Each                          ,T10,DT_1YL20842,인구천명당 사업체수(A÷B×1000),인구 천명당 사업체수(등록기반)(시도/시/군/구),2023,2025-02-11,Mapo-gu,마포구,개,101
행정구역별,155.2,11140,A,Each                          ,T10,DT_1YL20842,인구천명당 사업체수(A÷B×1000),인구 천명당 사업체수(등록기반)(시도/시/군/구),2024,2026-02-13,Mapo-gu,마포구,개,101
행정구역별,37183.0,11150,A,Each                          ,T001,DT_1YL20842,사업체수(A),인구 천명당 사업체수(등록기반)(시도/시/군/구),2020,2023-10-12,Yangcheon-gu,양천구,개,101
행정구역별,37929.0,11150,A,Each                          ,T001,DT_1YL20842,사업체수(A),인구 천명당 사업체수(등록기반)(시도/시/군/구),2021,2023-10-12,Yangcheon-gu,양천구,개,101
행정구역별,37774.0,11150,A,Each                          ,T001,DT_1YL20842,사업체수(A),인구 천명당 사업체수(등록기반)(시도/시/군/구),2022,2024-02-05,Yangcheon-gu,양천구,개,101
행정구역별,38114.0,11150,A,Each                          ,T001,DT_1YL20842,사업체수(A),인구 천명당 사업체수(등록기반)(시도/시/군/구),2023,2025-02-11,Yangcheon-gu,양천구,개,101
행정구역별,37760.0,11150,A,Each                          ,T001,DT_1YL20842,사업체수(A),인구 천명당 사업체수(등록기반)(시도/시/군/구),2024,2026-02-13,Yangcheon-gu,양천구,개,101
행정구역별,454251.0,11150,A,,T002,DT_1YL20842,주민등록인구(B),인구 천명당 사업체수(등록기반)(시도/시/군/구),2020,2023-10-12,Yangcheon-gu,양천구,명,101
행정구역별,447302.0,11150,A,,T002,DT_1YL20842,주민등록인구(B),인구 천명당 사업체수(등록기반)(시도/시/군/구),2021,2023-10-12,Yangcheon-gu,양천구,명,101
행정구역별,440881.0,11150,A,,T002,DT_1YL20842,주민등록인구(B),인구 천명당 사업체수(등록기반)(시도/시/군/구),2022,2024-02-05,Yangcheon-gu,양천구,명,101
행정구역별,436028.0,11150,A,,T002,DT_1YL20842,주민등록인구(B),인구 천명당 사업체수(등록기반)(시도/시/군/구),2023,2025-02-11,Yangcheon-gu,양천구,명,101
행정구역별,430976.0,11150,A,,T002,DT_1YL20842,주민등록인구(B),인구 천명당 사업체수(등록기반)(시도/시/군/구),2024,2026-02-13,Yangcheon-gu,양천구,명,101
행정구역별,81.9,11150,A,Each                          ,T10,DT_1YL20842,인구천명당 사업체수(A÷B×1000),인구 천명당 사업체수(등록기반)(시도/시/군/구),2020,2023-10-12,Yangcheon-gu,양천구,개,101
행정구역별,84.8,11150,A,Each                          ,T10,DT_1YL20842,인구천명당 사업체수(A÷B×1000),인구 천명당 사업체수(등록기반)(시도/시/군/구),2021,2023-10-12,Yangcheon-gu,양천구,개,101
행정구역별,85.7,11150,A,Each                          ,T10,DT_1YL20842,인구천명당 사업체수(A÷B×1000),인구 천명당 사업체수(등록기반)(시도/시/군/구),2022,2024-02-05,Yangcheon-gu,양천구,개,101
행정구역별,87.4,11150,A,Each                          ,T10,DT_1YL20842,인구천명당 사업체수(A÷B×1000),인구 천명당 사업체수(등록기반)(시도/시/군/구),2023,2025-02-11,Yangcheon-gu,양천구,개,101
행정구역별,87.6,11150,A,Each                          ,T10,DT_1YL20842,인구천명당 사업체수(A÷B×1000),인구 천명당 사업체수(등록기반)(시도/시/군/구),2024,2026-02-13,Yangcheon-gu,양천구,개,101
행정구역별,58788.0,11160,A,Each                          ,T001,DT_1YL20842,사업체수(A),인구 천명당 사업체수(등록기반)(시도/시/군/구),2020,2023-10-12,Gangseo-gu,강서구,개,101
행정구역별,58806.0,11160,A,Each                          ,T001,DT_1YL20842,사업체수(A),인구 천명당 사업체수(등록기반)(시도/시/군/구),2021,2023-10-12,Gangseo-gu,강서구,개,101
행정구역별,59660.0,11160,A,Each                          ,T001,DT_1YL20842,사업체수(A),인구 천명당 사업체수(등록기반)(시도/시/군/구),2022,2024-02-05,Gangseo-gu,강서구,개,101
행정구역별,59969.0,11160,A,Each                          ,T001,DT_1YL20842,사업체수(A),인구 천명당 사업체수(등록기반)(시도/시/군/구),2023,2025-02-11,Gangseo-gu,강서구,개,101
행정구역별,60611.0,11160,A,Each                          ,T001,DT_1YL20842,사업체수(A),인구 천명당 사업체수(등록기반)(시도/시/군/구),2024,2026-02-13,Gangseo-gu,강서구,개,101
행정구역별,580185.0,11160,A,,T002,DT_1YL20842,주민등록인구(B),인구 천명당 사업체수(등록기반)(시도/시/군/구),2020,2023-10-12,Gangseo-gu,강서구,명,101
행정구역별,574315.0,11160,A,,T002,DT_1YL20842,주민등록인구(B),인구 천명당 사업체수(등록기반)(시도/시/군/구),2021,2023-10-12,Gangseo-gu,강서구,명,101
행정구역별,569166.0,11160,A,,T002,DT_1YL20842,주민등록인구(B),인구 천명당 사업체수(등록기반)(시도/시/군/구),2022,2024-02-05,Gangseo-gu,강서구,명,101
행정구역별,563058.0,11160,A,,T002,DT_1YL20842,주민등록인구(B),인구 천명당 사업체수(등록기반)(시도/시/군/구),2023,2025-02-11,Gangseo-gu,강서구,명,101
행정구역별,556171.0,11160,A,,T002,DT_1YL20842,주민등록인구(B),인구 천명당 사업체수(등록기반)(시도/시/군/구),2024,2026-02-13,Gangseo-gu,강서구,명,101
행정구역별,101.3,11160,A,Each                          ,T10,DT_1YL20842,인구천명당 사업체수(A÷B×1000),인구 천명당 사업체수(등록기반)(시도/시/군/구),2020,2023-10-12,Gangseo-gu,강서구,개,101
행정구역별,102.4,11160,A,Each                          ,T10,DT_1YL20842,인구천명당 사업체수(A÷B×1000),인구 천명당 사업체수(등록기반)(시도/시/군/구),2021,2023-10-12,Gangseo-gu,강서구,개,101
행정구역별,104.8,11160,A,Each                          ,T10,DT_1YL20842,인구천명당 사업체수(A÷B×1000),인구 천명당 사업체수(등록기반)(시도/시/군/구),2022,2024-02-05,Gangseo-gu,강서구,개,101
행정구역별,106.5,11160,A,Each                          ,T10,DT_1YL20842,인구천명당 사업체수(A÷B×1000),인구 천명당 사업체수(등록기반)(시도/시/군/구),2023,2025-02-11,Gangseo-gu,강서구,개,101
행정구역별,109.0,11160,A,Each                          ,T10,DT_1YL20842,인구천명당 사업체수(A÷B×1000),인구 천명당 사업체수(등록기반)(시도/시/군/구),2024,2026-02-13,Gangseo-gu,강서구,개,101
행정구역별,53547.0,11170,A,Each                          ,T001,DT_1YL20842,사업체수(A),인구 천명당 사업체수(등록기반)(시도/시/군/구),2020,2023-10-12,Guro-gu,구로구,개,101
행정구역별,52791.0,11170,A,Each                          ,T001,DT_1YL20842,사업체수(A),인구 천명당 사업체수(등록기반)(시도/시/군/구),2021,2023-10-12,Guro-gu,구로구,개,101
행정구역별,52988.0,11170,A,Each                          ,T001,DT_1YL20842,사업체수(A),인구 천명당 사업체수(등록기반)(시도/시/군/구),2022,2024-02-05,Guro-gu,구로구,개,101
행정구역별,51955.0,11170,A,Each                          ,T001,DT_1YL20842,사업체수(A),인구 천명당 사업체수(등록기반)(시도/시/군/구),2023,2025-02-11,Guro-gu,구로구,개,101
행정구역별,51832.0,11170,A,Each                          ,T001,DT_1YL20842,사업체수(A),인구 천명당 사업체수(등록기반)(시도/시/군/구),2024,2026-02-13,Guro-gu,구로구,개,101
행정구역별,404408.0,11170,A,,T002,DT_1YL20842,주민등록인구(B),인구 천명당 사업체수(등록기반)(시도/시/군/구),2020,2023-10-12,Guro-gu,구로구,명,101
행정구역별,396754.0,11170,A,,T002,DT_1YL20842,주민등록인구(B),인구 천명당 사업체수(등록기반)(시도/시/군/구),2021,2023-10-12,Guro-gu,구로구,명,101
행정구역별,395315.0,11170,A,,T002,DT_1YL20842,주민등록인구(B),인구 천명당 사업체수(등록기반)(시도/시/군/구),2022,2024-02-05,Guro-gu,구로구,명,101
행정구역별,392405.0,11170,A,,T002,DT_1YL20842,주민등록인구(B),인구 천명당 사업체수(등록기반)(시도/시/군/구),2023,2025-02-11,Guro-gu,구로구,명,101
행정구역별,388169.0,11170,A,,T002,DT_1YL20842,주민등록인구(B),인구 천명당 사업체수(등록기반)(시도/시/군/구),2024,2026-02-13,Guro-gu,구로구,명,101
행정구역별,132.4,11170,A,Each                          ,T10,DT_1YL20842,인구천명당 사업체수(A÷B×1000),인구 천명당 사업체수(등록기반)(시도/시/군/구),2020,2023-10-12,Guro-gu,구로구,개,101
행정구역별,133.1,11170,A,Each                          ,T10,DT_1YL20842,인구천명당 사업체수(A÷B×1000),인구 천명당 사업체수(등록기반)(시도/시/군/구),2021,2023-10-12,Guro-gu,구로구,개,101
행정구역별,134.0,11170,A,Each                          ,T10,DT_1YL20842,인구천명당 사업체수(A÷B×1000),인구 천명당 사업체수(등록기반)(시도/시/군/구),2022,2024-02-05,Guro-gu,구로구,개,101
행정구역별,132.4,11170,A,Each                          ,T10,DT_1YL20842,인구천명당 사업체수(A÷B×1000),인구 천명당 사업체수(등록기반)(시도/시/군/구),2023,2025-02-11,Guro-gu,구로구,개,101
행정구역별,133.5,11170,A,Each                          ,T10,DT_1YL20842,인구천명당 사업체수(A÷B×1000),인구 천명당 사업체수(등록기반)(시도/시/군/구),2024,2026-02-13,Guro-gu,구로구,개,101
행정구역별,47354.0,11180,A,Each                          ,T001,DT_1YL20842,사업체수(A),인구 천명당 사업체수(등록기반)(시도/시/군/구),2020,2023-10-12,Geumcheon-gu,금천구,개,101
행정구역별,47964.0,11180,A,Each                          ,T001,DT_1YL20842,사업체수(A),인구 천명당 사업체수(등록기반)(시도/시/군/구),2021,2023-10-12,Geumcheon-gu,금천구,개,101
행정구역별,48438.0,11180,A,Each                          ,T001,DT_1YL20842,사업체수(A),인구 천명당 사업체수(등록기반)(시도/시/군/구),2022,2024-02-05,Geumcheon-gu,금천구,개,101
행정구역별,47935.0,11180,A,Each                          ,T001,DT_1YL20842,사업체수(A),인구 천명당 사업체수(등록기반)(시도/시/군/구),2023,2025-02-11,Geumcheon-gu,금천구,개,101
행정구역별,48067.0,11180,A,Each                          ,T001,DT_1YL20842,사업체수(A),인구 천명당 사업체수(등록기반)(시도/시/군/구),2024,2026-02-13,Geumcheon-gu,금천구,개,101
행정구역별,231733.0,11180,A,,T002,DT_1YL20842,주민등록인구(B),인구 천명당 사업체수(등록기반)(시도/시/군/구),2020,2023-10-12,Geumcheon-gu,금천구,명,101
행정구역별,230811.0,11180,A,,T002,DT_1YL20842,주민등록인구(B),인구 천명당 사업체수(등록기반)(시도/시/군/구),2021,2023-10-12,Geumcheon-gu,금천구,명,101
행정구역별,229642.0,11180,A,,T002,DT_1YL20842,주민등록인구(B),인구 천명당 사업체수(등록기반)(시도/시/군/구),2022,2024-02-05,Geumcheon-gu,금천구,명,101
행정구역별,227481.0,11180,A,,T002,DT_1YL20842,주민등록인구(B),인구 천명당 사업체수(등록기반)(시도/시/군/구),2023,2025-02-11,Geumcheon-gu,금천구,명,101
행정구역별,225159.0,11180,A,,T002,DT_1YL20842,주민등록인구(B),인구 천명당 사업체수(등록기반)(시도/시/군/구),2024,2026-02-13,Geumcheon-gu,금천구,명,101
행정구역별,204.3,11180,A,Each                          ,T10,DT_1YL20842,인구천명당 사업체수(A÷B×1000),인구 천명당 사업체수(등록기반)(시도/시/군/구),2020,2023-10-12,Geumcheon-gu,금천구,개,101
행정구역별,207.8,11180,A,Each                          ,T10,DT_1YL20842,인구천명당 사업체수(A÷B×1000),인구 천명당 사업체수(등록기반)(시도/시/군/구),2021,2023-10-12,Geumcheon-gu,금천구,개,101
행정구역별,210.9,11180,A,Each                          ,T10,DT_1YL20842,인구천명당 사업체수(A÷B×1000),인구 천명당 사업체수(등록기반)(시도/시/군/구),2022,2024-02-05,Geumcheon-gu,금천구,개,101
행정구역별,210.7,11180,A,Each                          ,T10,DT_1YL20842,인구천명당 사업체수(A÷B×1000),인구 천명당 사업체수(등록기반)(시도/시/군/구),2023,2025-02-11,Geumcheon-gu,금천구,개,101
행정구역별,213.5,11180,A,Each                          ,T10,DT_1YL20842,인구천명당 사업체수(A÷B×1000),인구 천명당 사업체수(등록기반)(시도/시/군/구),2024,2026-02-13,Geumcheon-gu,금천구,개,101
행정구역별,74060.0,11190,A,Each                          ,T001,DT_1YL20842,사업체수(A),인구 천명당 사업체수(등록기반)(시도/시/군/구),2020,2023-10-12,Yeongdeungpo-gu,영등포구,개,101
행정구역별,74562.0,11190,A,Each                          ,T001,DT_1YL20842,사업체수(A),인구 천명당 사업체수(등록기반)(시도/시/군/구),2021,2023-10-12,Yeongdeungpo-gu,영등포구,개,101
행정구역별,75470.0,11190,A,Each                          ,T001,DT_1YL20842,사업체수(A),인구 천명당 사업체수(등록기반)(시도/시/군/구),2022,2024-02-05,Yeongdeungpo-gu,영등포구,개,101
행정구역별,74558.0,11190,A,Each                          ,T001,DT_1YL20842,사업체수(A),인구 천명당 사업체수(등록기반)(시도/시/군/구),2023,2025-02-11,Yeongdeungpo-gu,영등포구,개,101
행정구역별,74118.0,11190,A,Each                          ,T001,DT_1YL20842,사업체수(A),인구 천명당 사업체수(등록기반)(시도/시/군/구),2024,2026-02-13,Yeongdeungpo-gu,영등포구,개,101
행정구역별,379480.0,11190,A,,T002,DT_1YL20842,주민등록인구(B),인구 천명당 사업체수(등록기반)(시도/시/군/구),2020,2023-10-12,Yeongdeungpo-gu,영등포구,명,101
행정구역별,376837.0,11190,A,,T002,DT_1YL20842,주민등록인구(B),인구 천명당 사업체수(등록기반)(시도/시/군/구),2021,2023-10-12,Yeongdeungpo-gu,영등포구,명,101
행정구역별,375675.0,11190,A,,T002,DT_1YL20842,주민등록인구(B),인구 천명당 사업체수(등록기반)(시도/시/군/구),2022,2024-02-05,Yeongdeungpo-gu,영등포구,명,101
행정구역별,374794.0,11190,A,,T002,DT_1YL20842,주민등록인구(B),인구 천명당 사업체수(등록기반)(시도/시/군/구),2023,2025-02-11,Yeongdeungpo-gu,영등포구,명,101
행정구역별,373773.0,11190,A,,T002,DT_1YL20842,주민등록인구(B),인구 천명당 사업체수(등록기반)(시도/시/군/구),2024,2026-02-13,Yeongdeungpo-gu,영등포구,명,101
행정구역별,195.2,11190,A,Each                          ,T10,DT_1YL20842,인구천명당 사업체수(A÷B×1000),인구 천명당 사업체수(등록기반)(시도/시/군/구),2020,2023-10-12,Yeongdeungpo-gu,영등포구,개,101
행정구역별,197.9,11190,A,Each                          ,T10,DT_1YL20842,인구천명당 사업체수(A÷B×1000),인구 천명당 사업체수(등록기반)(시도/시/군/구),2021,2023-10-12,Yeongdeungpo-gu,영등포구,개,101
행정구역별,200.9,11190,A,Each                          ,T10,DT_1YL20842,인구천명당 사업체수(A÷B×1000),인구 천명당 사업체수(등록기반)(시도/시/군/구),2022,2024-02-05,Yeongdeungpo-gu,영등포구,개,101
행정구역별,198.9,11190,A,Each                          ,T10,DT_1YL20842,인구천명당 사업체수(A÷B×1000),인구 천명당 사업체수(등록기반)(시도/시/군/구),2023,2025-02-11,Yeongdeungpo-gu,영등포구,개,101
행정구역별,198.3,11190,A,Each                          ,T10,DT_1YL20842,인구천명당 사업체수(A÷B×1000),인구 천명당 사업체수(등록기반)(시도/시/군/구),2024,2026-02-13,Yeongdeungpo-gu,영등포구,개,101
행정구역별,28505.0,11200,A,Each                          ,T001,DT_1YL20842,사업체수(A),인구 천명당 사업체수(등록기반)(시도/시/군/구),2020,2023-10-12,Dongjak-gu,동작구,개,101
행정구역별,27915.0,11200,A,Each                          ,T001,DT_1YL20842,사업체수(A),인구 천명당 사업체수(등록기반)(시도/시/군/구),2021,2023-10-12,Dongjak-gu,동작구,개,101
행정구역별,27120.0,11200,A,Each                          ,T001,DT_1YL20842,사업체수(A),인구 천명당 사업체수(등록기반)(시도/시/군/구),2022,2024-02-05,Dongjak-gu,동작구,개,101
행정구역별,27441.0,11200,A,Each                          ,T001,DT_1YL20842,사업체수(A),인구 천명당 사업체수(등록기반)(시도/시/군/구),2023,2025-02-11,Dongjak-gu,동작구,개,101
행정구역별,27532.0,11200,A,Each                          ,T001,DT_1YL20842,사업체수(A),인구 천명당 사업체수(등록기반)(시도/시/군/구),2024,2026-02-13,Dongjak-gu,동작구,개,101
행정구역별,391220.0,11200,A,,T002,DT_1YL20842,주민등록인구(B),인구 천명당 사업체수(등록기반)(시도/시/군/구),2020,2023-10-12,Dongjak-gu,동작구,명,101
행정구역별,385483.0,11200,A,,T002,DT_1YL20842,주민등록인구(B),인구 천명당 사업체수(등록기반)(시도/시/군/구),2021,2023-10-12,Dongjak-gu,동작구,명,101
행정구역별,380596.0,11200,A,,T002,DT_1YL20842,주민등록인구(B),인구 천명당 사업체수(등록기반)(시도/시/군/구),2022,2024-02-05,Dongjak-gu,동작구,명,101
행정구역별,378769.0,11200,A,,T002,DT_1YL20842,주민등록인구(B),인구 천명당 사업체수(등록기반)(시도/시/군/구),2023,2025-02-11,Dongjak-gu,동작구,명,101
행정구역별,375799.0,11200,A,,T002,DT_1YL20842,주민등록인구(B),인구 천명당 사업체수(등록기반)(시도/시/군/구),2024,2026-02-13,Dongjak-gu,동작구,명,101
행정구역별,72.9,11200,A,Each                          ,T10,DT_1YL20842,인구천명당 사업체수(A÷B×1000),인구 천명당 사업체수(등록기반)(시도/시/군/구),2020,2023-10-12,Dongjak-gu,동작구,개,101
행정구역별,72.4,11200,A,Each                          ,T10,DT_1YL20842,인구천명당 사업체수(A÷B×1000),인구 천명당 사업체수(등록기반)(시도/시/군/구),2021,2023-10-12,Dongjak-gu,동작구,개,101
행정구역별,71.3,11200,A,Each                          ,T10,DT_1YL20842,인구천명당 사업체수(A÷B×1000),인구 천명당 사업체수(등록기반)(시도/시/군/구),2022,2024-02-05,Dongjak-gu,동작구,개,101
행정구역별,72.4,11200,A,Each                          ,T10,DT_1YL20842,인구천명당 사업체수(A÷B×1000),인구 천명당 사업체수(등록기반)(시도/시/군/구),2023,2025-02-11,Dongjak-gu,동작구,개,101
행정구역별,73.3,11200,A,Each                          ,T10,DT_1YL20842,인구천명당 사업체수(A÷B×1000),인구 천명당 사업체수(등록기반)(시도/시/군/구),2024,2026-02-13,Dongjak-gu,동작구,개,101
행정구역별,38639.0,11210,A,Each                          ,T001,DT_1YL20842,사업체수(A),인구 천명당 사업체수(등록기반)(시도/시/군/구),2020,2023-10-12,Gwanak-gu,관악구,개,101
행정구역별,37915.0,11210,A,Each                          ,T001,DT_1YL20842,사업체수(A),인구 천명당 사업체수(등록기반)(시도/시/군/구),2021,2023-10-12,Gwanak-gu,관악구,개,101
행정구역별,36814.0,11210,A,Each                          ,T001,DT_1YL20842,사업체수(A),인구 천명당 사업체수(등록기반)(시도/시/군/구),2022,2024-02-05,Gwanak-gu,관악구,개,101
행정구역별,37689.0,11210,A,Each                          ,T001,DT_1YL20842,사업체수(A),인구 천명당 사업체수(등록기반)(시도/시/군/구),2023,2025-02-11,Gwanak-gu,관악구,개,101
행정구역별,37657.0,11210,A,Each                          ,T001,DT_1YL20842,사업체수(A),인구 천명당 사업체수(등록기반)(시도/시/군/구),2024,2026-02-13,Gwanak-gu,관악구,개,101
행정구역별,495060.0,11210,A,,T002,DT_1YL20842,주민등록인구(B),인구 천명당 사업체수(등록기반)(시도/시/군/구),2020,2023-10-12,Gwanak-gu,관악구,명,101
행정구역별,485699.0,11210,A,,T002,DT_1YL20842,주민등록인구(B),인구 천명당 사업체수(등록기반)(시도/시/군/구),2021,2023-10-12,Gwanak-gu,관악구,명,101
행정구역별,486752.0,11210,A,,T002,DT_1YL20842,주민등록인구(B),인구 천명당 사업체수(등록기반)(시도/시/군/구),2022,2024-02-05,Gwanak-gu,관악구,명,101
행정구역별,481956.0,11210,A,,T002,DT_1YL20842,주민등록인구(B),인구 천명당 사업체수(등록기반)(시도/시/군/구),2023,2025-02-11,Gwanak-gu,관악구,명,101
행정구역별,477812.0,11210,A,,T002,DT_1YL20842,주민등록인구(B),인구 천명당 사업체수(등록기반)(시도/시/군/구),2024,2026-02-13,Gwanak-gu,관악구,명,101
행정구역별,78.0,11210,A,Each                          ,T10,DT_1YL20842,인구천명당 사업체수(A÷B×1000),인구 천명당 사업체수(등록기반)(시도/시/군/구),2020,2023-10-12,Gwanak-gu,관악구,개,101
행정구역별,78.1,11210,A,Each                          ,T10,DT_1YL20842,인구천명당 사업체수(A÷B×1000),인구 천명당 사업체수(등록기반)(시도/시/군/구),2021,2023-10-12,Gwanak-gu,관악구,개,101
행정구역별,75.6,11210,A,Each                          ,T10,DT_1YL20842,인구천명당 사업체수(A÷B×1000),인구 천명당 사업체수(등록기반)(시도/시/군/구),2022,2024-02-05,Gwanak-gu,관악구,개,101
행정구역별,78.2,11210,A,Each                          ,T10,DT_1YL20842,인구천명당 사업체수(A÷B×1000),인구 천명당 사업체수(등록기반)(시도/시/군/구),2023,2025-02-11,Gwanak-gu,관악구,개,101
행정구역별,78.8,11210,A,Each                          ,T10,DT_1YL20842,인구천명당 사업체수(A÷B×1000),인구 천명당 사업체수(등록기반)(시도/시/군/구),2024,2026-02-13,Gwanak-gu,관악구,개,101
행정구역별,75858.0,11220,A,Each                          ,T001,DT_1YL20842,사업체수(A),인구 천명당 사업체수(등록기반)(시도/시/군/구),2020,2023-10-12,Seocho-gu,서초구,개,101
행정구역별,71958.0,11220,A,Each                          ,T001,DT_1YL20842,사업체수(A),인구 천명당 사업체수(등록기반)(시도/시/군/구),2021,2023-10-12,Seocho-gu,서초구,개,101
행정구역별,69975.0,11220,A,Each                          ,T001,DT_1YL20842,사업체수(A),인구 천명당 사업체수(등록기반)(시도/시/군/구),2022,2024-02-05,Seocho-gu,서초구,개,101
행정구역별,70510.0,11220,A,Each                          ,T001,DT_1YL20842,사업체수(A),인구 천명당 사업체수(등록기반)(시도/시/군/구),2023,2025-02-11,Seocho-gu,서초구,개,101
행정구역별,72068.0,11220,A,Each                          ,T001,DT_1YL20842,사업체수(A),인구 천명당 사업체수(등록기반)(시도/시/군/구),2024,2026-02-13,Seocho-gu,서초구,개,101
행정구역별,425126.0,11220,A,,T002,DT_1YL20842,주민등록인구(B),인구 천명당 사업체수(등록기반)(시도/시/군/구),2020,2023-10-12,Seocho-gu,서초구,명,101
행정구역별,412279.0,11220,A,,T002,DT_1YL20842,주민등록인구(B),인구 천명당 사업체수(등록기반)(시도/시/군/구),2021,2023-10-12,Seocho-gu,서초구,명,101
행정구역별,404325.0,11220,A,,T002,DT_1YL20842,주민등록인구(B),인구 천명당 사업체수(등록기반)(시도/시/군/구),2022,2024-02-05,Seocho-gu,서초구,명,101
행정구역별,407664.0,11220,A,,T002,DT_1YL20842,주민등록인구(B),인구 천명당 사업체수(등록기반)(시도/시/군/구),2023,2025-02-11,Seocho-gu,서초구,명,101
행정구역별,408376.0,11220,A,,T002,DT_1YL20842,주민등록인구(B),인구 천명당 사업체수(등록기반)(시도/시/군/구),2024,2026-02-13,Seocho-gu,서초구,명,101
행정구역별,178.4,11220,A,Each                          ,T10,DT_1YL20842,인구천명당 사업체수(A÷B×1000),인구 천명당 사업체수(등록기반)(시도/시/군/구),2020,2023-10-12,Seocho-gu,서초구,개,101
행정구역별,174.5,11220,A,Each                          ,T10,DT_1YL20842,인구천명당 사업체수(A÷B×1000),인구 천명당 사업체수(등록기반)(시도/시/군/구),2021,2023-10-12,Seocho-gu,서초구,개,101
행정구역별,173.1,11220,A,Each                          ,T10,DT_1YL20842,인구천명당 사업체수(A÷B×1000),인구 천명당 사업체수(등록기반)(시도/시/군/구),2022,2024-02-05,Seocho-gu,서초구,개,101
행정구역별,173.0,11220,A,Each                          ,T10,DT_1YL20842,인구천명당 사업체수(A÷B×1000),인구 천명당 사업체수(등록기반)(시도/시/군/구),2023,2025-02-11,Seocho-gu,서초구,개,101
행정구역별,176.5,11220,A,Each                          ,T10,DT_1YL20842,인구천명당 사업체수(A÷B×1000),인구 천명당 사업체수(등록기반)(시도/시/군/구),2024,2026-02-13,Seocho-gu,서초구,개,101
행정구역별,115054.0,11230,A,Each                          ,T001,DT_1YL20842,사업체수(A),인구 천명당 사업체수(등록기반)(시도/시/군/구),2020,2023-10-12,Gangnam-gu,강남구,개,101
행정구역별,110007.0,11230,A,Each                          ,T001,DT_1YL20842,사업체수(A),인구 천명당 사업체수(등록기반)(시도/시/군/구),2021,2023-10-12,Gangnam-gu,강남구,개,101
행정구역별,107804.0,11230,A,Each                          ,T001,DT_1YL20842,사업체수(A),인구 천명당 사업체수(등록기반)(시도/시/군/구),2022,2024-02-05,Gangnam-gu,강남구,개,101
행정구역별,104299.0,11230,A,Each                          ,T001,DT_1YL20842,사업체수(A),인구 천명당 사업체수(등록기반)(시도/시/군/구),2023,2025-02-11,Gangnam-gu,강남구,개,101
행정구역별,101160.0,11230,A,Each                          ,T001,DT_1YL20842,사업체수(A),인구 천명당 사업체수(등록기반)(시도/시/군/구),2024,2026-02-13,Gangnam-gu,강남구,개,101
행정구역별,539231.0,11230,A,,T002,DT_1YL20842,주민등록인구(B),인구 천명당 사업체수(등록기반)(시도/시/군/구),2020,2023-10-12,Gangnam-gu,강남구,명,101
행정구역별,533042.0,11230,A,,T002,DT_1YL20842,주민등록인구(B),인구 천명당 사업체수(등록기반)(시도/시/군/구),2021,2023-10-12,Gangnam-gu,강남구,명,101
행정구역별,529102.0,11230,A,,T002,DT_1YL20842,주민등록인구(B),인구 천명당 사업체수(등록기반)(시도/시/군/구),2022,2024-02-05,Gangnam-gu,강남구,명,101
행정구역별,544873.0,11230,A,,T002,DT_1YL20842,주민등록인구(B),인구 천명당 사업체수(등록기반)(시도/시/군/구),2023,2025-02-11,Gangnam-gu,강남구,명,101
행정구역별,557345.0,11230,A,,T002,DT_1YL20842,주민등록인구(B),인구 천명당 사업체수(등록기반)(시도/시/군/구),2024,2026-02-13,Gangnam-gu,강남구,명,101
행정구역별,213.4,11230,A,Each                          ,T10,DT_1YL20842,인구천명당 사업체수(A÷B×1000),인구 천명당 사업체수(등록기반)(시도/시/군/구),2020,2023-10-12,Gangnam-gu,강남구,개,101
행정구역별,206.4,11230,A,Each                          ,T10,DT_1YL20842,인구천명당 사업체수(A÷B×1000),인구 천명당 사업체수(등록기반)(시도/시/군/구),2021,2023-10-12,Gangnam-gu,강남구,개,101
행정구역별,203.7,11230,A,Each                          ,T10,DT_1YL20842,인구천명당 사업체수(A÷B×1000),인구 천명당 사업체수(등록기반)(시도/시/군/구),2022,2024-02-05,Gangnam-gu,강남구,개,101
행정구역별,191.4,11230,A,Each                          ,T10,DT_1YL20842,인구천명당 사업체수(A÷B×1000),인구 천명당 사업체수(등록기반)(시도/시/군/구),2023,2025-02-11,Gangnam-gu,강남구,개,101
행정구역별,181.5,11230,A,Each                          ,T10,DT_1YL20842,인구천명당 사업체수(A÷B×1000),인구 천명당 사업체수(등록기반)(시도/시/군/구),2024,2026-02-13,Gangnam-gu,강남구,개,101
행정구역별,76412.0,11240,A,Each                          ,T001,DT_1YL20842,사업체수(A),인구 천명당 사업체수(등록기반)(시도/시/군/구),2020,2023-10-12,Songpa-gu,송파구,개,101
행정구역별,74531.0,11240,A,Each                          ,T001,DT_1YL20842,사업체수(A),인구 천명당 사업체수(등록기반)(시도/시/군/구),2021,2023-10-12,Songpa-gu,송파구,개,101
행정구역별,74738.0,11240,A,Each                          ,T001,DT_1YL20842,사업체수(A),인구 천명당 사업체수(등록기반)(시도/시/군/구),2022,2024-02-05,Songpa-gu,송파구,개,101
행정구역별,74893.0,11240,A,Each                          ,T001,DT_1YL20842,사업체수(A),인구 천명당 사업체수(등록기반)(시도/시/군/구),2023,2025-02-11,Songpa-gu,송파구,개,101
행정구역별,75957.0,11240,A,Each                          ,T001,DT_1YL20842,사업체수(A),인구 천명당 사업체수(등록기반)(시도/시/군/구),2024,2026-02-13,Songpa-gu,송파구,개,101
행정구역별,667960.0,11240,A,,T002,DT_1YL20842,주민등록인구(B),인구 천명당 사업체수(등록기반)(시도/시/군/구),2020,2023-10-12,Songpa-gu,송파구,명,101
행정구역별,658338.0,11240,A,,T002,DT_1YL20842,주민등록인구(B),인구 천명당 사업체수(등록기반)(시도/시/군/구),2021,2023-10-12,Songpa-gu,송파구,명,101
행정구역별,658801.0,11240,A,,T002,DT_1YL20842,주민등록인구(B),인구 천명당 사업체수(등록기반)(시도/시/군/구),2022,2024-02-05,Songpa-gu,송파구,명,101
행정구역별,654166.0,11240,A,,T002,DT_1YL20842,주민등록인구(B),인구 천명당 사업체수(등록기반)(시도/시/군/구),2023,2025-02-11,Songpa-gu,송파구,명,101
행정구역별,650110.0,11240,A,,T002,DT_1YL20842,주민등록인구(B),인구 천명당 사업체수(등록기반)(시도/시/군/구),2024,2026-02-13,Songpa-gu,송파구,명,101
행정구역별,114.4,11240,A,Each                          ,T10,DT_1YL20842,인구천명당 사업체수(A÷B×1000),인구 천명당 사업체수(등록기반)(시도/시/군/구),2020,2023-10-12,Songpa-gu,송파구,개,101
행정구역별,113.2,11240,A,Each                          ,T10,DT_1YL20842,인구천명당 사업체수(A÷B×1000),인구 천명당 사업체수(등록기반)(시도/시/군/구),2021,2023-10-12,Songpa-gu,송파구,개,101
행정구역별,113.4,11240,A,Each                          ,T10,DT_1YL20842,인구천명당 사업체수(A÷B×1000),인구 천명당 사업체수(등록기반)(시도/시/군/구),2022,2024-02-05,Songpa-gu,송파구,개,101
행정구역별,114.5,11240,A,Each                          ,T10,DT_1YL20842,인구천명당 사업체수(A÷B×1000),인구 천명당 사업체수(등록기반)(시도/시/군/구),2023,2025-02-11,Songpa-gu,송파구,개,101
행정구역별,116.8,11240,A,Each                          ,T10,DT_1YL20842,인구천명당 사업체수(A÷B×1000),인구 천명당 사업체수(등록기반)(시도/시/군/구),2024,2026-02-13,Songpa-gu,송파구,개,101
행정구역별,40978.0,11250,A,Each                          ,T001,DT_1YL20842,사업체수(A),인구 천명당 사업체수(등록기반)(시도/시/군/구),2020,2023-10-12,Gangdong-gu,강동구,개,101
행정구역별,41660.0,11250,A,Each                          ,T001,DT_1YL20842,사업체수(A),인구 천명당 사업체수(등록기반)(시도/시/군/구),2021,2023-10-12,Gangdong-gu,강동구,개,101
행정구역별,43157.0,11250,A,Each                          ,T001,DT_1YL20842,사업체수(A),인구 천명당 사업체수(등록기반)(시도/시/군/구),2022,2024-02-05,Gangdong-gu,강동구,개,101
행정구역별,43358.0,11250,A,Each                          ,T001,DT_1YL20842,사업체수(A),인구 천명당 사업체수(등록기반)(시도/시/군/구),2023,2025-02-11,Gangdong-gu,강동구,개,101
행정구역별,43775.0,11250,A,Each                          ,T001,DT_1YL20842,사업체수(A),인구 천명당 사업체수(등록기반)(시도/시/군/구),2024,2026-02-13,Gangdong-gu,강동구,개,101
행정구역별,459970.0,11250,A,,T002,DT_1YL20842,주민등록인구(B),인구 천명당 사업체수(등록기반)(시도/시/군/구),2020,2023-10-12,Gangdong-gu,강동구,명,101
행정구역별,462664.0,11250,A,,T002,DT_1YL20842,주민등록인구(B),인구 천명당 사업체수(등록기반)(시도/시/군/구),2021,2023-10-12,Gangdong-gu,강동구,명,101
행정구역별,460067.0,11250,A,,T002,DT_1YL20842,주민등록인구(B),인구 천명당 사업체수(등록기반)(시도/시/군/구),2022,2024-02-05,Gangdong-gu,강동구,명,101
행정구역별,459167.0,11250,A,,T002,DT_1YL20842,주민등록인구(B),인구 천명당 사업체수(등록기반)(시도/시/군/구),2023,2025-02-11,Gangdong-gu,강동구,명,101
행정구역별,476942.0,11250,A,,T002,DT_1YL20842,주민등록인구(B),인구 천명당 사업체수(등록기반)(시도/시/군/구),2024,2026-02-13,Gangdong-gu,강동구,명,101
행정구역별,89.1,11250,A,Each                          ,T10,DT_1YL20842,인구천명당 사업체수(A÷B×1000),인구 천명당 사업체수(등록기반)(시도/시/군/구),2020,2023-10-12,Gangdong-gu,강동구,개,101
행정구역별,90.0,11250,A,Each                          ,T10,DT_1YL20842,인구천명당 사업체수(A÷B×1000),인구 천명당 사업체수(등록기반)(시도/시/군/구),2021,2023-10-12,Gangdong-gu,강동구,개,101
행정구역별,93.8,11250,A,Each                          ,T10,DT_1YL20842,인구천명당 사업체수(A÷B×1000),인구 천명당 사업체수(등록기반)(시도/시/군/구),2022,2024-02-05,Gangdong-gu,강동구,개,101
행정구역별,94.4,11250,A,Each                          ,T10,DT_1YL20842,인구천명당 사업체수(A÷B×1000),인구 천명당 사업체수(등록기반)(시도/시/군/구),2023,2025-02-11,Gangdong-gu,강동구,개,101
행정구역별,91.8,11250,A,Each                          ,T10,DT_1YL20842,인구천명당 사업체수(A÷B×1000),인구 천명당 사업체수(등록기반)(시도/시/군/구),2024,2026-02-13,Gangdong-gu,강동구,개,101
행정구역별,402003.0,21,A,Each                          ,T001,DT_1YL20842,사업체수(A),인구 천명당 사업체수(등록기반)(시도/시/군/구),2020,2023-10-12,Busan,부산광역시,개,101
행정구역별,401254.0,21,A,Each                          ,T001,DT_1YL20842,사업체수(A),인구 천명당 사업체수(등록기반)(시도/시/군/구),2021,2023-10-12,Busan,부산광역시,개,101
행정구역별,400565.0,21,A,Each                          ,T001,DT_1YL20842,사업체수(A),인구 천명당 사업체수(등록기반)(시도/시/군/구),2022,2024-02-05,Busan,부산광역시,개,101
행정구역별,401008.0,21,A,Each                          ,T001,DT_1YL20842,사업체수(A),인구 천명당 사업체수(등록기반)(시도/시/군/구),2023,2025-02-11,Busan,부산광역시,개,101
행정구역별,402419.0,21,A,Each                          ,T001,DT_1YL20842,사업체수(A),인구 천명당 사업체수(등록기반)(시도/시/군/구),2024,2026-02-13,Busan,부산광역시,개,101
행정구역별,3391946.0,21,A,,T002,DT_1YL20842,주민등록인구(B),인구 천명당 사업체수(등록기반)(시도/시/군/구),2020,2023-10-12,Busan,부산광역시,명,101
행정구역별,3350380.0,21,A,,T002,DT_1YL20842,주민등록인구(B),인구 천명당 사업체수(등록기반)(시도/시/군/구),2021,2023-10-12,Busan,부산광역시,명,101
행정구역별,3317812.0,21,A,,T002,DT_1YL20842,주민등록인구(B),인구 천명당 사업체수(등록기반)(시도/시/군/구),2022,2024-02-05,Busan,부산광역시,명,101
행정구역별,3293362.0,21,A,,T002,DT_1YL20842,주민등록인구(B),인구 천명당 사업체수(등록기반)(시도/시/군/구),2023,2025-02-11,Busan,부산광역시,명,101
행정구역별,3266598.0,21,A,,T002,DT_1YL20842,주민등록인구(B),인구 천명당 사업체수(등록기반)(시도/시/군/구),2024,2026-02-13,Busan,부산광역시,명,101
행정구역별,118.5,21,A,Each                          ,T10,DT_1YL20842,인구천명당 사업체수(A÷B×1000),인구 천명당 사업체수(등록기반)(시도/시/군/구),2020,2023-10-12,Busan,부산광역시,개,101
행정구역별,119.8,21,A,Each                          ,T10,DT_1YL20842,인구천명당 사업체수(A÷B×1000),인구 천명당 사업체수(등록기반)(시도/시/군/구),2021,2023-10-12,Busan,부산광역시,개,101
행정구역별,120.7,21,A,Each                          ,T10,DT_1YL20842,인구천명당 사업체수(A÷B×1000),인구 천명당 사업체수(등록기반)(시도/시/군/구),2022,2024-02-05,Busan,부산광역시,개,101
행정구역별,121.8,21,A,Each                          ,T10,DT_1YL20842,인구천명당 사업체수(A÷B×1000),인구 천명당 사업체수(등록기반)(시도/시/군/구),2023,2025-02-11,Busan,부산광역시,개,101
행정구역별,123.2,21,A,Each                          ,T10,DT_1YL20842,인구천명당 사업체수(A÷B×1000),인구 천명당 사업체수(등록기반)(시도/시/군/구),2024,2026-02-13,Busan,부산광역시,개,101
행정구역별,18939.0,21010,A,Each                          ,T001,DT_1YL20842,사업체수(A),인구 천명당 사업체수(등록기반)(시도/시/군/구),2020,2023-10-12,Jung-gu,중구,개,101
행정구역별,18306.0,21010,A,Each                          ,T001,DT_1YL20842,사업체수(A),인구 천명당 사업체수(등록기반)(시도/시/군/구),2021,2023-10-12,Jung-gu,중구,개,101
행정구역별,18083.0,21010,A,Each                          ,T001,DT_1YL20842,사업체수(A),인구 천명당 사업체수(등록기반)(시도/시/군/구),2022,2024-02-05,Jung-gu,중구,개,101
행정구역별,17407.0,21010,A,Each                          ,T001,DT_1YL20842,사업체수(A),인구 천명당 사업체수(등록기반)(시도/시/군/구),2023,2025-02-11,Jung-gu,중구,개,101
행정구역별,17230.0,21010,A,Each                          ,T001,DT_1YL20842,사업체수(A),인구 천명당 사업체수(등록기반)(시도/시/군/구),2024,2026-02-13,Jung-gu,중구,개,101
행정구역별,41523.0,21010,A,,T002,DT_1YL20842,주민등록인구(B),인구 천명당 사업체수(등록기반)(시도/시/군/구),2020,2023-10-12,Jung-gu,중구,명,101
행정구역별,40524.0,21010,A,,T002,DT_1YL20842,주민등록인구(B),인구 천명당 사업체수(등록기반)(시도/시/군/구),2021,2023-10-12,Jung-gu,중구,명,101
행정구역별,39689.0,21010,A,,T002,DT_1YL20842,주민등록인구(B),인구 천명당 사업체수(등록기반)(시도/시/군/구),2022,2024-02-05,Jung-gu,중구,명,101
행정구역별,38619.0,21010,A,,T002,DT_1YL20842,주민등록인구(B),인구 천명당 사업체수(등록기반)(시도/시/군/구),2023,2025-02-11,Jung-gu,중구,명,101
행정구역별,37537.0,21010,A,,T002,DT_1YL20842,주민등록인구(B),인구 천명당 사업체수(등록기반)(시도/시/군/구),2024,2026-02-13,Jung-gu,중구,명,101
행정구역별,456.1,21010,A,Each                          ,T10,DT_1YL20842,인구천명당 사업체수(A÷B×1000),인구 천명당 사업체수(등록기반)(시도/시/군/구),2020,2023-10-12,Jung-gu,중구,개,101
행정구역별,451.7,21010,A,Each                          ,T10,DT_1YL20842,인구천명당 사업체수(A÷B×1000),인구 천명당 사업체수(등록기반)(시도/시/군/구),2021,2023-10-12,Jung-gu,중구,개,101
행정구역별,455.6,21010,A,Each                          ,T10,DT_1YL20842,인구천명당 사업체수(A÷B×1000),인구 천명당 사업체수(등록기반)(시도/시/군/구),2022,2024-02-05,Jung-gu,중구,개,101
행정구역별,450.7,21010,A,Each                          ,T10,DT_1YL20842,인구천명당 사업체수(A÷B×1000),인구 천명당 사업체수(등록기반)(시도/시/군/구),2023,2025-02-11,Jung-gu,중구,개,101
행정구역별,459.0,21010,A,Each                          ,T10,DT_1YL20842,인구천명당 사업체수(A÷B×1000),인구 천명당 사업체수(등록기반)(시도/시/군/구),2024,2026-02-13,Jung-gu,중구,개,101
행정구역별,11630.0,21020,A,Each                          ,T001,DT_1YL20842,사업체수(A),인구 천명당 사업체수(등록기반)(시도/시/군/구),2020,2023-10-12,Seo-gu,서구,개,101
행정구역별,11376.0,21020,A,Each                          ,T001,DT_1YL20842,사업체수(A),인구 천명당 사업체수(등록기반)(시도/시/군/구),2021,2023-10-12,Seo-gu,서구,개,101
행정구역별,11216.0,21020,A,Each                          ,T001,DT_1YL20842,사업체수(A),인구 천명당 사업체수(등록기반)(시도/시/군/구),2022,2024-02-05,Seo-gu,서구,개,101
행정구역별,11146.0,21020,A,Each                          ,T001,DT_1YL20842,사업체수(A),인구 천명당 사업체수(등록기반)(시도/시/군/구),2023,2025-02-11,Seo-gu,서구,개,101
행정구역별,10790.0,21020,A,Each                          ,T001,DT_1YL20842,사업체수(A),인구 천명당 사업체수(등록기반)(시도/시/군/구),2024,2026-02-13,Seo-gu,서구,개,101
행정구역별,108135.0,21020,A,,T002,DT_1YL20842,주민등록인구(B),인구 천명당 사업체수(등록기반)(시도/시/군/구),2020,2023-10-12,Seo-gu,서구,명,101
행정구역별,105164.0,21020,A,,T002,DT_1YL20842,주민등록인구(B),인구 천명당 사업체수(등록기반)(시도/시/군/구),2021,2023-10-12,Seo-gu,서구,명,101
행정구역별,105192.0,21020,A,,T002,DT_1YL20842,주민등록인구(B),인구 천명당 사업체수(등록기반)(시도/시/군/구),2022,2024-02-05,Seo-gu,서구,명,101
행정구역별,104089.0,21020,A,,T002,DT_1YL20842,주민등록인구(B),인구 천명당 사업체수(등록기반)(시도/시/군/구),2023,2025-02-11,Seo-gu,서구,명,101
행정구역별,103188.0,21020,A,,T002,DT_1YL20842,주민등록인구(B),인구 천명당 사업체수(등록기반)(시도/시/군/구),2024,2026-02-13,Seo-gu,서구,명,101
행정구역별,107.6,21020,A,Each                          ,T10,DT_1YL20842,인구천명당 사업체수(A÷B×1000),인구 천명당 사업체수(등록기반)(시도/시/군/구),2020,2023-10-12,Seo-gu,서구,개,101
행정구역별,108.2,21020,A,Each                          ,T10,DT_1YL20842,인구천명당 사업체수(A÷B×1000),인구 천명당 사업체수(등록기반)(시도/시/군/구),2021,2023-10-12,Seo-gu,서구,개,101
행정구역별,106.6,21020,A,Each                          ,T10,DT_1YL20842,인구천명당 사업체수(A÷B×1000),인구 천명당 사업체수(등록기반)(시도/시/군/구),2022,2024-02-05,Seo-gu,서구,개,101
행정구역별,107.1,21020,A,Each                          ,T10,DT_1YL20842,인구천명당 사업체수(A÷B×1000),인구 천명당 사업체수(등록기반)(시도/시/군/구),2023,2025-02-11,Seo-gu,서구,개,101
행정구역별,104.6,21020,A,Each                          ,T10,DT_1YL20842,인구천명당 사업체수(A÷B×1000),인구 천명당 사업체수(등록기반)(시도/시/군/구),2024,2026-02-13,Seo-gu,서구,개,101
행정구역별,18639.0,21030,A,Each                          ,T001,DT_1YL20842,사업체수(A),인구 천명당 사업체수(등록기반)(시도/시/군/구),2020,2023-10-12,Dong-gu,동구,개,101
행정구역별,18208.0,21030,A,Each                          ,T001,DT_1YL20842,사업체수(A),인구 천명당 사업체수(등록기반)(시도/시/군/구),2021,2023-10-12,Dong-gu,동구,개,101
행정구역별,17943.0,21030,A,Each                          ,T001,DT_1YL20842,사업체수(A),인구 천명당 사업체수(등록기반)(시도/시/군/구),2022,2024-02-05,Dong-gu,동구,개,101
행정구역별,17620.0,21030,A,Each                          ,T001,DT_1YL20842,사업체수(A),인구 천명당 사업체수(등록기반)(시도/시/군/구),2023,2025-02-11,Dong-gu,동구,개,101
행정구역별,17400.0,21030,A,Each                          ,T001,DT_1YL20842,사업체수(A),인구 천명당 사업체수(등록기반)(시도/시/군/구),2024,2026-02-13,Dong-gu,동구,개,101
행정구역별,88901.0,21030,A,,T002,DT_1YL20842,주민등록인구(B),인구 천명당 사업체수(등록기반)(시도/시/군/구),2020,2023-10-12,Dong-gu,동구,명,101
행정구역별,87679.0,21030,A,,T002,DT_1YL20842,주민등록인구(B),인구 천명당 사업체수(등록기반)(시도/시/군/구),2021,2023-10-12,Dong-gu,동구,명,101
행정구역별,86462.0,21030,A,,T002,DT_1YL20842,주민등록인구(B),인구 천명당 사업체수(등록기반)(시도/시/군/구),2022,2024-02-05,Dong-gu,동구,명,101
행정구역별,87792.0,21030,A,,T002,DT_1YL20842,주민등록인구(B),인구 천명당 사업체수(등록기반)(시도/시/군/구),2023,2025-02-11,Dong-gu,동구,명,101
행정구역별,85911.0,21030,A,,T002,DT_1YL20842,주민등록인구(B),인구 천명당 사업체수(등록기반)(시도/시/군/구),2024,2026-02-13,Dong-gu,동구,명,101
행정구역별,209.7,21030,A,Each                          ,T10,DT_1YL20842,인구천명당 사업체수(A÷B×1000),인구 천명당 사업체수(등록기반)(시도/시/군/구),2020,2023-10-12,Dong-gu,동구,개,101
행정구역별,207.7,21030,A,Each                          ,T10,DT_1YL20842,인구천명당 사업체수(A÷B×1000),인구 천명당 사업체수(등록기반)(시도/시/군/구),2021,2023-10-12,Dong-gu,동구,개,101
행정구역별,207.5,21030,A,Each                          ,T10,DT_1YL20842,인구천명당 사업체수(A÷B×1000),인구 천명당 사업체수(등록기반)(시도/시/군/구),2022,2024-02-05,Dong-gu,동구,개,101
행정구역별,200.7,21030,A,Each                          ,T10,DT_1YL20842,인구천명당 사업체수(A÷B×1000),인구 천명당 사업체수(등록기반)(시도/시/군/구),2023,2025-02-11,Dong-gu,동구,개,101
행정구역별,202.5,21030,A,Each                          ,T10,DT_1YL20842,인구천명당 사업체수(A÷B×1000),인구 천명당 사업체수(등록기반)(시도/시/군/구),2024,2026-02-13,Dong-gu,동구,개,101
행정구역별,11308.0,21040,A,Each                          ,T001,DT_1YL20842,사업체수(A),인구 천명당 사업체수(등록기반)(시도/시/군/구),2020,2023-10-12,Yeongdo-gu,영도구,개,101
행정구역별,11616.0,21040,A,Each                          ,T001,DT_1YL20842,사업체수(A),인구 천명당 사업체수(등록기반)(시도/시/군/구),2021,2023-10-12,Yeongdo-gu,영도구,개,101
행정구역별,11755.0,21040,A,Each                          ,T001,DT_1YL20842,사업체수(A),인구 천명당 사업체수(등록기반)(시도/시/군/구),2022,2024-02-05,Yeongdo-gu,영도구,개,101
행정구역별,11843.0,21040,A,Each                          ,T001,DT_1YL20842,사업체수(A),인구 천명당 사업체수(등록기반)(시도/시/군/구),2023,2025-02-11,Yeongdo-gu,영도구,개,101
행정구역별,11771.0,21040,A,Each                          ,T001,DT_1YL20842,사업체수(A),인구 천명당 사업체수(등록기반)(시도/시/군/구),2024,2026-02-13,Yeongdo-gu,영도구,개,101
행정구역별,113342.0,21040,A,,T002,DT_1YL20842,주민등록인구(B),인구 천명당 사업체수(등록기반)(시도/시/군/구),2020,2023-10-12,Yeongdo-gu,영도구,명,101
행정구역별,110638.0,21040,A,,T002,DT_1YL20842,주민등록인구(B),인구 천명당 사업체수(등록기반)(시도/시/군/구),2021,2023-10-12,Yeongdo-gu,영도구,명,101
행정구역별,108156.0,21040,A,,T002,DT_1YL20842,주민등록인구(B),인구 천명당 사업체수(등록기반)(시도/시/군/구),2022,2024-02-05,Yeongdo-gu,영도구,명,101
행정구역별,106548.0,21040,A,,T002,DT_1YL20842,주민등록인구(B),인구 천명당 사업체수(등록기반)(시도/시/군/구),2023,2025-02-11,Yeongdo-gu,영도구,명,101
행정구역별,103737.0,21040,A,,T002,DT_1YL20842,주민등록인구(B),인구 천명당 사업체수(등록기반)(시도/시/군/구),2024,2026-02-13,Yeongdo-gu,영도구,명,101
행정구역별,99.8,21040,A,Each                          ,T10,DT_1YL20842,인구천명당 사업체수(A÷B×1000),인구 천명당 사업체수(등록기반)(시도/시/군/구),2020,2023-10-12,Yeongdo-gu,영도구,개,101
행정구역별,105.0,21040,A,Each                          ,T10,DT_1YL20842,인구천명당 사업체수(A÷B×1000),인구 천명당 사업체수(등록기반)(시도/시/군/구),2021,2023-10-12,Yeongdo-gu,영도구,개,101
행정구역별,108.7,21040,A,Each                          ,T10,DT_1YL20842,인구천명당 사업체수(A÷B×1000),인구 천명당 사업체수(등록기반)(시도/시/군/구),2022,2024-02-05,Yeongdo-gu,영도구,개,101
행정구역별,111.2,21040,A,Each                          ,T10,DT_1YL20842,인구천명당 사업체수(A÷B×1000),인구 천명당 사업체수(등록기반)(시도/시/군/구),2023,2025-02-11,Yeongdo-gu,영도구,개,101
행정구역별,113.5,21040,A,Each                          ,T10,DT_1YL20842,인구천명당 사업체수(A÷B×1000),인구 천명당 사업체수(등록기반)(시도/시/군/구),2024,2026-02-13,Yeongdo-gu,영도구,개,101
행정구역별,45040.0,21050,A,Each                          ,T001,DT_1YL20842,사업체수(A),인구 천명당 사업체수(등록기반)(시도/시/군/구),2020,2023-10-12,Busanjin-gu,부산진구,개,101
행정구역별,44355.0,21050,A,Each                          ,T001,DT_1YL20842,사업체수(A),인구 천명당 사업체수(등록기반)(시도/시/군/구),2021,2023-10-12,Busanjin-gu,부산진구,개,101
행정구역별,44035.0,21050,A,Each                          ,T001,DT_1YL20842,사업체수(A),인구 천명당 사업체수(등록기반)(시도/시/군/구),2022,2024-02-05,Busanjin-gu,부산진구,개,101
행정구역별,44530.0,21050,A,Each                          ,T001,DT_1YL20842,사업체수(A),인구 천명당 사업체수(등록기반)(시도/시/군/구),2023,2025-02-11,Busanjin-gu,부산진구,개,101
행정구역별,44074.0,21050,A,Each                          ,T001,DT_1YL20842,사업체수(A),인구 천명당 사업체수(등록기반)(시도/시/군/구),2024,2026-02-13,Busanjin-gu,부산진구,개,101
행정구역별,359886.0,21050,A,,T002,DT_1YL20842,주민등록인구(B),인구 천명당 사업체수(등록기반)(시도/시/군/구),2020,2023-10-12,Busanjin-gu,부산진구,명,101
행정구역별,353159.0,21050,A,,T002,DT_1YL20842,주민등록인구(B),인구 천명당 사업체수(등록기반)(시도/시/군/구),2021,2023-10-12,Busanjin-gu,부산진구,명,101
행정구역별,355917.0,21050,A,,T002,DT_1YL20842,주민등록인구(B),인구 천명당 사업체수(등록기반)(시도/시/군/구),2022,2024-02-05,Busanjin-gu,부산진구,명,101
행정구역별,359508.0,21050,A,,T002,DT_1YL20842,주민등록인구(B),인구 천명당 사업체수(등록기반)(시도/시/군/구),2023,2025-02-11,Busanjin-gu,부산진구,명,101
행정구역별,359281.0,21050,A,,T002,DT_1YL20842,주민등록인구(B),인구 천명당 사업체수(등록기반)(시도/시/군/구),2024,2026-02-13,Busanjin-gu,부산진구,명,101
행정구역별,125.2,21050,A,Each                          ,T10,DT_1YL20842,인구천명당 사업체수(A÷B×1000),인구 천명당 사업체수(등록기반)(시도/시/군/구),2020,2023-10-12,Busanjin-gu,부산진구,개,101
행정구역별,125.6,21050,A,Each                          ,T10,DT_1YL20842,인구천명당 사업체수(A÷B×1000),인구 천명당 사업체수(등록기반)(시도/시/군/구),2021,2023-10-12,Busanjin-gu,부산진구,개,101
행정구역별,123.7,21050,A,Each                          ,T10,DT_1YL20842,인구천명당 사업체수(A÷B×1000),인구 천명당 사업체수(등록기반)(시도/시/군/구),2022,2024-02-05,Busanjin-gu,부산진구,개,101
행정구역별,123.9,21050,A,Each                          ,T10,DT_1YL20842,인구천명당 사업체수(A÷B×1000),인구 천명당 사업체수(등록기반)(시도/시/군/구),2023,2025-02-11,Busanjin-gu,부산진구,개,101
행정구역별,122.7,21050,A,Each                          ,T10,DT_1YL20842,인구천명당 사업체수(A÷B×1000),인구 천명당 사업체수(등록기반)(시도/시/군/구),2024,2026-02-13,Busanjin-gu,부산진구,개,101
행정구역별,27739.0,21060,A,Each                          ,T001,DT_1YL20842,사업체수(A),인구 천명당 사업체수(등록기반)(시도/시/군/구),2020,2023-10-12,Dongnae-gu,동래구,개,101
행정구역별,27667.0,21060,A,Each                          ,T001,DT_1YL20842,사업체수(A),인구 천명당 사업체수(등록기반)(시도/시/군/구),2021,2023-10-12,Dongnae-gu,동래구,개,101
행정구역별,27647.0,21060,A,Each                          ,T001,DT_1YL20842,사업체수(A),인구 천명당 사업체수(등록기반)(시도/시/군/구),2022,2024-02-05,Dongnae-gu,동래구,개,101
행정구역별,28059.0,21060,A,Each                          ,T001,DT_1YL20842,사업체수(A),인구 천명당 사업체수(등록기반)(시도/시/군/구),2023,2025-02-11,Dongnae-gu,동래구,개,101
행정구역별,28351.0,21060,A,Each                          ,T001,DT_1YL20842,사업체수(A),인구 천명당 사업체수(등록기반)(시도/시/군/구),2024,2026-02-13,Dongnae-gu,동래구,개,101
행정구역별,270745.0,21060,A,,T002,DT_1YL20842,주민등록인구(B),인구 천명당 사업체수(등록기반)(시도/시/군/구),2020,2023-10-12,Dongnae-gu,동래구,명,101
행정구역별,266866.0,21060,A,,T002,DT_1YL20842,주민등록인구(B),인구 천명당 사업체수(등록기반)(시도/시/군/구),2021,2023-10-12,Dongnae-gu,동래구,명,101
행정구역별,273226.0,21060,A,,T002,DT_1YL20842,주민등록인구(B),인구 천명당 사업체수(등록기반)(시도/시/군/구),2022,2024-02-05,Dongnae-gu,동래구,명,101
행정구역별,270815.0,21060,A,,T002,DT_1YL20842,주민등록인구(B),인구 천명당 사업체수(등록기반)(시도/시/군/구),2023,2025-02-11,Dongnae-gu,동래구,명,101
행정구역별,274370.0,21060,A,,T002,DT_1YL20842,주민등록인구(B),인구 천명당 사업체수(등록기반)(시도/시/군/구),2024,2026-02-13,Dongnae-gu,동래구,명,101
행정구역별,102.5,21060,A,Each                          ,T10,DT_1YL20842,인구천명당 사업체수(A÷B×1000),인구 천명당 사업체수(등록기반)(시도/시/군/구),2020,2023-10-12,Dongnae-gu,동래구,개,101
행정구역별,103.7,21060,A,Each                          ,T10,DT_1YL20842,인구천명당 사업체수(A÷B×1000),인구 천명당 사업체수(등록기반)(시도/시/군/구),2021,2023-10-12,Dongnae-gu,동래구,개,101
행정구역별,101.2,21060,A,Each                          ,T10,DT_1YL20842,인구천명당 사업체수(A÷B×1000),인구 천명당 사업체수(등록기반)(시도/시/군/구),2022,2024-02-05,Dongnae-gu,동래구,개,101
행정구역별,103.6,21060,A,Each                          ,T10,DT_1YL20842,인구천명당 사업체수(A÷B×1000),인구 천명당 사업체수(등록기반)(시도/시/군/구),2023,2025-02-11,Dongnae-gu,동래구,개,101
행정구역별,103.3,21060,A,Each                          ,T10,DT_1YL20842,인구천명당 사업체수(A÷B×1000),인구 천명당 사업체수(등록기반)(시도/시/군/구),2024,2026-02-13,Dongnae-gu,동래구,개,101
행정구역별,24635.0,21070,A,Each                          ,T001,DT_1YL20842,사업체수(A),인구 천명당 사업체수(등록기반)(시도/시/군/구),2020,2023-10-12,Nam-gu,남구,개,101
행정구역별,24190.0,21070,A,Each                          ,T001,DT_1YL20842,사업체수(A),인구 천명당 사업체수(등록기반)(시도/시/군/구),2021,2023-10-12,Nam-gu,남구,개,101
행정구역별,23966.0,21070,A,Each                          ,T001,DT_1YL20842,사업체수(A),인구 천명당 사업체수(등록기반)(시도/시/군/구),2022,2024-02-05,Nam-gu,남구,개,101
행정구역별,23686.0,21070,A,Each                          ,T001,DT_1YL20842,사업체수(A),인구 천명당 사업체수(등록기반)(시도/시/군/구),2023,2025-02-11,Nam-gu,남구,개,101
행정구역별,24050.0,21070,A,Each                          ,T001,DT_1YL20842,사업체수(A),인구 천명당 사업체수(등록기반)(시도/시/군/구),2024,2026-02-13,Nam-gu,남구,개,101
행정구역별,267731.0,21070,A,,T002,DT_1YL20842,주민등록인구(B),인구 천명당 사업체수(등록기반)(시도/시/군/구),2020,2023-10-12,Nam-gu,남구,명,101
행정구역별,262069.0,21070,A,,T002,DT_1YL20842,주민등록인구(B),인구 천명당 사업체수(등록기반)(시도/시/군/구),2021,2023-10-12,Nam-gu,남구,명,101
행정구역별,256333.0,21070,A,,T002,DT_1YL20842,주민등록인구(B),인구 천명당 사업체수(등록기반)(시도/시/군/구),2022,2024-02-05,Nam-gu,남구,명,101
행정구역별,254185.0,21070,A,,T002,DT_1YL20842,주민등록인구(B),인구 천명당 사업체수(등록기반)(시도/시/군/구),2023,2025-02-11,Nam-gu,남구,명,101
행정구역별,254498.0,21070,A,,T002,DT_1YL20842,주민등록인구(B),인구 천명당 사업체수(등록기반)(시도/시/군/구),2024,2026-02-13,Nam-gu,남구,명,101
행정구역별,92.0,21070,A,Each                          ,T10,DT_1YL20842,인구천명당 사업체수(A÷B×1000),인구 천명당 사업체수(등록기반)(시도/시/군/구),2020,2023-10-12,Nam-gu,남구,개,101
행정구역별,92.3,21070,A,Each                          ,T10,DT_1YL20842,인구천명당 사업체수(A÷B×1000),인구 천명당 사업체수(등록기반)(시도/시/군/구),2021,2023-10-12,Nam-gu,남구,개,101
행정구역별,93.5,21070,A,Each                          ,T10,DT_1YL20842,인구천명당 사업체수(A÷B×1000),인구 천명당 사업체수(등록기반)(시도/시/군/구),2022,2024-02-05,Nam-gu,남구,개,101
행정구역별,93.2,21070,A,Each                          ,T10,DT_1YL20842,인구천명당 사업체수(A÷B×1000),인구 천명당 사업체수(등록기반)(시도/시/군/구),2023,2025-02-11,Nam-gu,남구,개,101
행정구역별,94.5,21070,A,Each                          ,T10,DT_1YL20842,인구천명당 사업체수(A÷B×1000),인구 천명당 사업체수(등록기반)(시도/시/군/구),2024,2026-02-13,Nam-gu,남구,개,101
행정구역별,20802.0,21080,A,Each                          ,T001,DT_1YL20842,사업체수(A),인구 천명당 사업체수(등록기반)(시도/시/군/구),2020,2023-10-12,Buk-gu,북구,개,101
행정구역별,21049.0,21080,A,Each                          ,T001,DT_1YL20842,사업체수(A),인구 천명당 사업체수(등록기반)(시도/시/군/구),2021,2023-10-12,Buk-gu,북구,개,101
행정구역별,20544.0,21080,A,Each                          ,T001,DT_1YL20842,사업체수(A),인구 천명당 사업체수(등록기반)(시도/시/군/구),2022,2024-02-05,Buk-gu,북구,개,101
행정구역별,20780.0,21080,A,Each                          ,T001,DT_1YL20842,사업체수(A),인구 천명당 사업체수(등록기반)(시도/시/군/구),2023,2025-02-11,Buk-gu,북구,개,101
행정구역별,20699.0,21080,A,Each                          ,T001,DT_1YL20842,사업체수(A),인구 천명당 사업체수(등록기반)(시도/시/군/구),2024,2026-02-13,Buk-gu,북구,개,101
행정구역별,283952.0,21080,A,,T002,DT_1YL20842,주민등록인구(B),인구 천명당 사업체수(등록기반)(시도/시/군/구),2020,2023-10-12,Buk-gu,북구,명,101
행정구역별,283211.0,21080,A,,T002,DT_1YL20842,주민등록인구(B),인구 천명당 사업체수(등록기반)(시도/시/군/구),2021,2023-10-12,Buk-gu,북구,명,101
행정구역별,278857.0,21080,A,,T002,DT_1YL20842,주민등록인구(B),인구 천명당 사업체수(등록기반)(시도/시/군/구),2022,2024-02-05,Buk-gu,북구,명,101
행정구역별,273596.0,21080,A,,T002,DT_1YL20842,주민등록인구(B),인구 천명당 사업체수(등록기반)(시도/시/군/구),2023,2025-02-11,Buk-gu,북구,명,101
행정구역별,267692.0,21080,A,,T002,DT_1YL20842,주민등록인구(B),인구 천명당 사업체수(등록기반)(시도/시/군/구),2024,2026-02-13,Buk-gu,북구,명,101
행정구역별,73.3,21080,A,Each                          ,T10,DT_1YL20842,인구천명당 사업체수(A÷B×1000),인구 천명당 사업체수(등록기반)(시도/시/군/구),2020,2023-10-12,Buk-gu,북구,개,101
행정구역별,74.3,21080,A,Each                          ,T10,DT_1YL20842,인구천명당 사업체수(A÷B×1000),인구 천명당 사업체수(등록기반)(시도/시/군/구),2021,2023-10-12,Buk-gu,북구,개,101
행정구역별,73.7,21080,A,Each                          ,T10,DT_1YL20842,인구천명당 사업체수(A÷B×1000),인구 천명당 사업체수(등록기반)(시도/시/군/구),2022,2024-02-05,Buk-gu,북구,개,101
행정구역별,76.0,21080,A,Each                          ,T10,DT_1YL20842,인구천명당 사업체수(A÷B×1000),인구 천명당 사업체수(등록기반)(시도/시/군/구),2023,2025-02-11,Buk-gu,북구,개,101
행정구역별,77.3,21080,A,Each                          ,T10,DT_1YL20842,인구천명당 사업체수(A÷B×1000),인구 천명당 사업체수(등록기반)(시도/시/군/구),2024,2026-02-13,Buk-gu,북구,개,101
행정구역별,40057.0,21090,A,Each                          ,T001,DT_1YL20842,사업체수(A),인구 천명당 사업체수(등록기반)(시도/시/군/구),2020,2023-10-12,Haeundae-gu,해운대구,개,101
행정구역별,40946.0,21090,A,Each                          ,T001,DT_1YL20842,사업체수(A),인구 천명당 사업체수(등록기반)(시도/시/군/구),2021,2023-10-12,Haeundae-gu,해운대구,개,101
행정구역별,40564.0,21090,A,Each                          ,T001,DT_1YL20842,사업체수(A),인구 천명당 사업체수(등록기반)(시도/시/군/구),2022,2024-02-05,Haeundae-gu,해운대구,개,101
행정구역별,40668.0,21090,A,Each                          ,T001,DT_1YL20842,사업체수(A),인구 천명당 사업체수(등록기반)(시도/시/군/구),2023,2025-02-11,Haeundae-gu,해운대구,개,101
행정구역별,40876.0,21090,A,Each                          ,T001,DT_1YL20842,사업체수(A),인구 천명당 사업체수(등록기반)(시도/시/군/구),2024,2026-02-13,Haeundae-gu,해운대구,개,101
행정구역별,402169.0,21090,A,,T002,DT_1YL20842,주민등록인구(B),인구 천명당 사업체수(등록기반)(시도/시/군/구),2020,2023-10-12,Haeundae-gu,해운대구,명,101
행정구역별,396438.0,21090,A,,T002,DT_1YL20842,주민등록인구(B),인구 천명당 사업체수(등록기반)(시도/시/군/구),2021,2023-10-12,Haeundae-gu,해운대구,명,101
행정구역별,386785.0,21090,A,,T002,DT_1YL20842,주민등록인구(B),인구 천명당 사업체수(등록기반)(시도/시/군/구),2022,2024-02-05,Haeundae-gu,해운대구,명,101
행정구역별,380448.0,21090,A,,T002,DT_1YL20842,주민등록인구(B),인구 천명당 사업체수(등록기반)(시도/시/군/구),2023,2025-02-11,Haeundae-gu,해운대구,명,101
행정구역별,376404.0,21090,A,,T002,DT_1YL20842,주민등록인구(B),인구 천명당 사업체수(등록기반)(시도/시/군/구),2024,2026-02-13,Haeundae-gu,해운대구,명,101
행정구역별,99.6,21090,A,Each                          ,T10,DT_1YL20842,인구천명당 사업체수(A÷B×1000),인구 천명당 사업체수(등록기반)(시도/시/군/구),2020,2023-10-12,Haeundae-gu,해운대구,개,101
행정구역별,103.3,21090,A,Each                          ,T10,DT_1YL20842,인구천명당 사업체수(A÷B×1000),인구 천명당 사업체수(등록기반)(시도/시/군/구),2021,2023-10-12,Haeundae-gu,해운대구,개,101
행정구역별,104.9,21090,A,Each                          ,T10,DT_1YL20842,인구천명당 사업체수(A÷B×1000),인구 천명당 사업체수(등록기반)(시도/시/군/구),2022,2024-02-05,Haeundae-gu,해운대구,개,101
행정구역별,106.9,21090,A,Each                          ,T10,DT_1YL20842,인구천명당 사업체수(A÷B×1000),인구 천명당 사업체수(등록기반)(시도/시/군/구),2023,2025-02-11,Haeundae-gu,해운대구,개,101
행정구역별,108.6,21090,A,Each                          ,T10,DT_1YL20842,인구천명당 사업체수(A÷B×1000),인구 천명당 사업체수(등록기반)(시도/시/군/구),2024,2026-02-13,Haeundae-gu,해운대구,개,101
행정구역별,29276.0,21100,A,Each                          ,T001,DT_1YL20842,사업체수(A),인구 천명당 사업체수(등록기반)(시도/시/군/구),2020,2023-10-12,Saha-gu,사하구,개,101
행정구역별,29196.0,21100,A,Each                          ,T001,DT_1YL20842,사업체수(A),인구 천명당 사업체수(등록기반)(시도/시/군/구),2021,2023-10-12,Saha-gu,사하구,개,101
행정구역별,29298.0,21100,A,Each                          ,T001,DT_1YL20842,사업체수(A),인구 천명당 사업체수(등록기반)(시도/시/군/구),2022,2024-02-05,Saha-gu,사하구,개,101
행정구역별,29208.0,21100,A,Each                          ,T001,DT_1YL20842,사업체수(A),인구 천명당 사업체수(등록기반)(시도/시/군/구),2023,2025-02-11,Saha-gu,사하구,개,101
행정구역별,29220.0,21100,A,Each                          ,T001,DT_1YL20842,사업체수(A),인구 천명당 사업체수(등록기반)(시도/시/군/구),2024,2026-02-13,Saha-gu,사하구,개,101
행정구역별,311757.0,21100,A,,T002,DT_1YL20842,주민등록인구(B),인구 천명당 사업체수(등록기반)(시도/시/군/구),2020,2023-10-12,Saha-gu,사하구,명,101
행정구역별,306003.0,21100,A,,T002,DT_1YL20842,주민등록인구(B),인구 천명당 사업체수(등록기반)(시도/시/군/구),2021,2023-10-12,Saha-gu,사하구,명,101
행정구역별,301987.0,21100,A,,T002,DT_1YL20842,주민등록인구(B),인구 천명당 사업체수(등록기반)(시도/시/군/구),2022,2024-02-05,Saha-gu,사하구,명,101
행정구역별,297831.0,21100,A,,T002,DT_1YL20842,주민등록인구(B),인구 천명당 사업체수(등록기반)(시도/시/군/구),2023,2025-02-11,Saha-gu,사하구,명,101
행정구역별,292491.0,21100,A,,T002,DT_1YL20842,주민등록인구(B),인구 천명당 사업체수(등록기반)(시도/시/군/구),2024,2026-02-13,Saha-gu,사하구,명,101
행정구역별,93.9,21100,A,Each                          ,T10,DT_1YL20842,인구천명당 사업체수(A÷B×1000),인구 천명당 사업체수(등록기반)(시도/시/군/구),2020,2023-10-12,Saha-gu,사하구,개,101
행정구역별,95.4,21100,A,Each                          ,T10,DT_1YL20842,인구천명당 사업체수(A÷B×1000),인구 천명당 사업체수(등록기반)(시도/시/군/구),2021,2023-10-12,Saha-gu,사하구,개,101
행정구역별,97.0,21100,A,Each                          ,T10,DT_1YL20842,인구천명당 사업체수(A÷B×1000),인구 천명당 사업체수(등록기반)(시도/시/군/구),2022,2024-02-05,Saha-gu,사하구,개,101
행정구역별,98.1,21100,A,Each                          ,T10,DT_1YL20842,인구천명당 사업체수(A÷B×1000),인구 천명당 사업체수(등록기반)(시도/시/군/구),2023,2025-02-11,Saha-gu,사하구,개,101
행정구역별,99.9,21100,A,Each                          ,T10,DT_1YL20842,인구천명당 사업체수(A÷B×1000),인구 천명당 사업체수(등록기반)(시도/시/군/구),2024,2026-02-13,Saha-gu,사하구,개,101
행정구역별,26863.0,21110,A,Each                          ,T001,DT_1YL20842,사업체수(A),인구 천명당 사업체수(등록기반)(시도/시/군/구),2020,2023-10-12,Geumjeong-gu,금정구,개,101
행정구역별,26714.0,21110,A,Each                          ,T001,DT_1YL20842,사업체수(A),인구 천명당 사업체수(등록기반)(시도/시/군/구),2021,2023-10-12,Geumjeong-gu,금정구,개,101
행정구역별,26544.0,21110,A,Each                          ,T001,DT_1YL20842,사업체수(A),인구 천명당 사업체수(등록기반)(시도/시/군/구),2022,2024-02-05,Geumjeong-gu,금정구,개,101
행정구역별,26080.0,21110,A,Each                          ,T001,DT_1YL20842,사업체수(A),인구 천명당 사업체수(등록기반)(시도/시/군/구),2023,2025-02-11,Geumjeong-gu,금정구,개,101
행정구역별,25962.0,21110,A,Each                          ,T001,DT_1YL20842,사업체수(A),인구 천명당 사업체수(등록기반)(시도/시/군/구),2024,2026-02-13,Geumjeong-gu,금정구,개,101
행정구역별,232666.0,21110,A,,T002,DT_1YL20842,주민등록인구(B),인구 천명당 사업체수(등록기반)(시도/시/군/구),2020,2023-10-12,Geumjeong-gu,금정구,명,101
행정구역별,228049.0,21110,A,,T002,DT_1YL20842,주민등록인구(B),인구 천명당 사업체수(등록기반)(시도/시/군/구),2021,2023-10-12,Geumjeong-gu,금정구,명,101
행정구역별,221256.0,21110,A,,T002,DT_1YL20842,주민등록인구(B),인구 천명당 사업체수(등록기반)(시도/시/군/구),2022,2024-02-05,Geumjeong-gu,금정구,명,101
행정구역별,215590.0,21110,A,,T002,DT_1YL20842,주민등록인구(B),인구 천명당 사업체수(등록기반)(시도/시/군/구),2023,2025-02-11,Geumjeong-gu,금정구,명,101
행정구역별,209932.0,21110,A,,T002,DT_1YL20842,주민등록인구(B),인구 천명당 사업체수(등록기반)(시도/시/군/구),2024,2026-02-13,Geumjeong-gu,금정구,명,101
행정구역별,115.5,21110,A,Each                          ,T10,DT_1YL20842,인구천명당 사업체수(A÷B×1000),인구 천명당 사업체수(등록기반)(시도/시/군/구),2020,2023-10-12,Geumjeong-gu,금정구,개,101
행정구역별,117.1,21110,A,Each                          ,T10,DT_1YL20842,인구천명당 사업체수(A÷B×1000),인구 천명당 사업체수(등록기반)(시도/시/군/구),2021,2023-10-12,Geumjeong-gu,금정구,개,101
행정구역별,120.0,21110,A,Each                          ,T10,DT_1YL20842,인구천명당 사업체수(A÷B×1000),인구 천명당 사업체수(등록기반)(시도/시/군/구),2022,2024-02-05,Geumjeong-gu,금정구,개,101
행정구역별,121.0,21110,A,Each                          ,T10,DT_1YL20842,인구천명당 사업체수(A÷B×1000),인구 천명당 사업체수(등록기반)(시도/시/군/구),2023,2025-02-11,Geumjeong-gu,금정구,개,101
행정구역별,123.7,21110,A,Each                          ,T10,DT_1YL20842,인구천명당 사업체수(A÷B×1000),인구 천명당 사업체수(등록기반)(시도/시/군/구),2024,2026-02-13,Geumjeong-gu,금정구,개,101
행정구역별,29201.0,21120,A,Each                          ,T001,DT_1YL20842,사업체수(A),인구 천명당 사업체수(등록기반)(시도/시/군/구),2020,2023-10-12,Gangseo-gu,강서구,개,101
행정구역별,30038.0,21120,A,Each                          ,T001,DT_1YL20842,사업체수(A),인구 천명당 사업체수(등록기반)(시도/시/군/구),2021,2023-10-12,Gangseo-gu,강서구,개,101
행정구역별,30915.0,21120,A,Each                          ,T001,DT_1YL20842,사업체수(A),인구 천명당 사업체수(등록기반)(시도/시/군/구),2022,2024-02-05,Gangseo-gu,강서구,개,101
행정구역별,31277.0,21120,A,Each                          ,T001,DT_1YL20842,사업체수(A),인구 천명당 사업체수(등록기반)(시도/시/군/구),2023,2025-02-11,Gangseo-gu,강서구,개,101
행정구역별,31768.0,21120,A,Each                          ,T001,DT_1YL20842,사업체수(A),인구 천명당 사업체수(등록기반)(시도/시/군/구),2024,2026-02-13,Gangseo-gu,강서구,개,101
행정구역별,137957.0,21120,A,,T002,DT_1YL20842,주민등록인구(B),인구 천명당 사업체수(등록기반)(시도/시/군/구),2020,2023-10-12,Gangseo-gu,강서구,명,101
행정구역별,142918.0,21120,A,,T002,DT_1YL20842,주민등록인구(B),인구 천명당 사업체수(등록기반)(시도/시/군/구),2021,2023-10-12,Gangseo-gu,강서구,명,101
행정구역별,143207.0,21120,A,,T002,DT_1YL20842,주민등록인구(B),인구 천명당 사업체수(등록기반)(시도/시/군/구),2022,2024-02-05,Gangseo-gu,강서구,명,101
행정구역별,142396.0,21120,A,,T002,DT_1YL20842,주민등록인구(B),인구 천명당 사업체수(등록기반)(시도/시/군/구),2023,2025-02-11,Gangseo-gu,강서구,명,101
행정구역별,142789.0,21120,A,,T002,DT_1YL20842,주민등록인구(B),인구 천명당 사업체수(등록기반)(시도/시/군/구),2024,2026-02-13,Gangseo-gu,강서구,명,101
행정구역별,211.7,21120,A,Each                          ,T10,DT_1YL20842,인구천명당 사업체수(A÷B×1000),인구 천명당 사업체수(등록기반)(시도/시/군/구),2020,2023-10-12,Gangseo-gu,강서구,개,101
행정구역별,210.2,21120,A,Each                          ,T10,DT_1YL20842,인구천명당 사업체수(A÷B×1000),인구 천명당 사업체수(등록기반)(시도/시/군/구),2021,2023-10-12,Gangseo-gu,강서구,개,101
행정구역별,215.9,21120,A,Each                          ,T10,DT_1YL20842,인구천명당 사업체수(A÷B×1000),인구 천명당 사업체수(등록기반)(시도/시/군/구),2022,2024-02-05,Gangseo-gu,강서구,개,101
행정구역별,219.6,21120,A,Each                          ,T10,DT_1YL20842,인구천명당 사업체수(A÷B×1000),인구 천명당 사업체수(등록기반)(시도/시/군/구),2023,2025-02-11,Gangseo-gu,강서구,개,101
행정구역별,222.5,21120,A,Each                          ,T10,DT_1YL20842,인구천명당 사업체수(A÷B×1000),인구 천명당 사업체수(등록기반)(시도/시/군/구),2024,2026-02-13,Gangseo-gu,강서구,개,101
행정구역별,23657.0,21130,A,Each                          ,T001,DT_1YL20842,사업체수(A),인구 천명당 사업체수(등록기반)(시도/시/군/구),2020,2023-10-12,Yeonje-gu,연제구,개,101
행정구역별,23946.0,21130,A,Each                          ,T001,DT_1YL20842,사업체수(A),인구 천명당 사업체수(등록기반)(시도/시/군/구),2021,2023-10-12,Yeonje-gu,연제구,개,101
행정구역별,23906.0,21130,A,Each                          ,T001,DT_1YL20842,사업체수(A),인구 천명당 사업체수(등록기반)(시도/시/군/구),2022,2024-02-05,Yeonje-gu,연제구,개,101
행정구역별,24131.0,21130,A,Each                          ,T001,DT_1YL20842,사업체수(A),인구 천명당 사업체수(등록기반)(시도/시/군/구),2023,2025-02-11,Yeonje-gu,연제구,개,101
행정구역별,24887.0,21130,A,Each                          ,T001,DT_1YL20842,사업체수(A),인구 천명당 사업체수(등록기반)(시도/시/군/구),2024,2026-02-13,Yeonje-gu,연제구,개,101
행정구역별,209157.0,21130,A,,T002,DT_1YL20842,주민등록인구(B),인구 천명당 사업체수(등록기반)(시도/시/군/구),2020,2023-10-12,Yeonje-gu,연제구,명,101
행정구역별,207144.0,21130,A,,T002,DT_1YL20842,주민등록인구(B),인구 천명당 사업체수(등록기반)(시도/시/군/구),2021,2023-10-12,Yeonje-gu,연제구,명,101
행정구역별,203536.0,21130,A,,T002,DT_1YL20842,주민등록인구(B),인구 천명당 사업체수(등록기반)(시도/시/군/구),2022,2024-02-05,Yeonje-gu,연제구,명,101
행정구역별,205766.0,21130,A,,T002,DT_1YL20842,주민등록인구(B),인구 천명당 사업체수(등록기반)(시도/시/군/구),2023,2025-02-11,Yeonje-gu,연제구,명,101
행정구역별,212589.0,21130,A,,T002,DT_1YL20842,주민등록인구(B),인구 천명당 사업체수(등록기반)(시도/시/군/구),2024,2026-02-13,Yeonje-gu,연제구,명,101
행정구역별,113.1,21130,A,Each                          ,T10,DT_1YL20842,인구천명당 사업체수(A÷B×1000),인구 천명당 사업체수(등록기반)(시도/시/군/구),2020,2023-10-12,Yeonje-gu,연제구,개,101
행정구역별,115.6,21130,A,Each                          ,T10,DT_1YL20842,인구천명당 사업체수(A÷B×1000),인구 천명당 사업체수(등록기반)(시도/시/군/구),2021,2023-10-12,Yeonje-gu,연제구,개,101
행정구역별,117.5,21130,A,Each                          ,T10,DT_1YL20842,인구천명당 사업체수(A÷B×1000),인구 천명당 사업체수(등록기반)(시도/시/군/구),2022,2024-02-05,Yeonje-gu,연제구,개,101
행정구역별,117.3,21130,A,Each                          ,T10,DT_1YL20842,인구천명당 사업체수(A÷B×1000),인구 천명당 사업체수(등록기반)(시도/시/군/구),2023,2025-02-11,Yeonje-gu,연제구,개,101
행정구역별,117.1,21130,A,Each                          ,T10,DT_1YL20842,인구천명당 사업체수(A÷B×1000),인구 천명당 사업체수(등록기반)(시도/시/군/구),2024,2026-02-13,Yeonje-gu,연제구,개,101
행정구역별,19535.0,21140,A,Each                          ,T001,DT_1YL20842,사업체수(A),인구 천명당 사업체수(등록기반)(시도/시/군/구),2020,2023-10-12,Suyeong-gu,수영구,개,101
행정구역별,19613.0,21140,A,Each                          ,T001,DT_1YL20842,사업체수(A),인구 천명당 사업체수(등록기반)(시도/시/군/구),2021,2023-10-12,Suyeong-gu,수영구,개,101
행정구역별,19880.0,21140,A,Each                          ,T001,DT_1YL20842,사업체수(A),인구 천명당 사업체수(등록기반)(시도/시/군/구),2022,2024-02-05,Suyeong-gu,수영구,개,101
행정구역별,20369.0,21140,A,Each                          ,T001,DT_1YL20842,사업체수(A),인구 천명당 사업체수(등록기반)(시도/시/군/구),2023,2025-02-11,Suyeong-gu,수영구,개,101
행정구역별,20873.0,21140,A,Each                          ,T001,DT_1YL20842,사업체수(A),인구 천명당 사업체수(등록기반)(시도/시/군/구),2024,2026-02-13,Suyeong-gu,수영구,개,101
행정구역별,176894.0,21140,A,,T002,DT_1YL20842,주민등록인구(B),인구 천명당 사업체수(등록기반)(시도/시/군/구),2020,2023-10-12,Suyeong-gu,수영구,명,101
행정구역별,175095.0,21140,A,,T002,DT_1YL20842,주민등록인구(B),인구 천명당 사업체수(등록기반)(시도/시/군/구),2021,2023-10-12,Suyeong-gu,수영구,명,101
행정구역별,174806.0,21140,A,,T002,DT_1YL20842,주민등록인구(B),인구 천명당 사업체수(등록기반)(시도/시/군/구),2022,2024-02-05,Suyeong-gu,수영구,명,101
행정구역별,174518.0,21140,A,,T002,DT_1YL20842,주민등록인구(B),인구 천명당 사업체수(등록기반)(시도/시/군/구),2023,2025-02-11,Suyeong-gu,수영구,명,101
행정구역별,171918.0,21140,A,,T002,DT_1YL20842,주민등록인구(B),인구 천명당 사업체수(등록기반)(시도/시/군/구),2024,2026-02-13,Suyeong-gu,수영구,명,101
행정구역별,110.4,21140,A,Each                          ,T10,DT_1YL20842,인구천명당 사업체수(A÷B×1000),인구 천명당 사업체수(등록기반)(시도/시/군/구),2020,2023-10-12,Suyeong-gu,수영구,개,101
행정구역별,112.0,21140,A,Each                          ,T10,DT_1YL20842,인구천명당 사업체수(A÷B×1000),인구 천명당 사업체수(등록기반)(시도/시/군/구),2021,2023-10-12,Suyeong-gu,수영구,개,101
행정구역별,113.7,21140,A,Each                          ,T10,DT_1YL20842,인구천명당 사업체수(A÷B×1000),인구 천명당 사업체수(등록기반)(시도/시/군/구),2022,2024-02-05,Suyeong-gu,수영구,개,101
행정구역별,116.7,21140,A,Each                          ,T10,DT_1YL20842,인구천명당 사업체수(A÷B×1000),인구 천명당 사업체수(등록기반)(시도/시/군/구),2023,2025-02-11,Suyeong-gu,수영구,개,101
행정구역별,121.4,21140,A,Each                          ,T10,DT_1YL20842,인구천명당 사업체수(A÷B×1000),인구 천명당 사업체수(등록기반)(시도/시/군/구),2024,2026-02-13,Suyeong-gu,수영구,개,101
행정구역별,36946.0,21150,A,Each                          ,T001,DT_1YL20842,사업체수(A),인구 천명당 사업체수(등록기반)(시도/시/군/구),2020,2023-10-12,Sasang-gu,사상구,개,101
행정구역별,36104.0,21150,A,Each                          ,T001,DT_1YL20842,사업체수(A),인구 천명당 사업체수(등록기반)(시도/시/군/구),2021,2023-10-12,Sasang-gu,사상구,개,101
행정구역별,35788.0,21150,A,Each                          ,T001,DT_1YL20842,사업체수(A),인구 천명당 사업체수(등록기반)(시도/시/군/구),2022,2024-02-05,Sasang-gu,사상구,개,101
행정구역별,35210.0,21150,A,Each                          ,T001,DT_1YL20842,사업체수(A),인구 천명당 사업체수(등록기반)(시도/시/군/구),2023,2025-02-11,Sasang-gu,사상구,개,101
행정구역별,34753.0,21150,A,Each                          ,T001,DT_1YL20842,사업체수(A),인구 천명당 사업체수(등록기반)(시도/시/군/구),2024,2026-02-13,Sasang-gu,사상구,개,101
행정구역별,212586.0,21150,A,,T002,DT_1YL20842,주민등록인구(B),인구 천명당 사업체수(등록기반)(시도/시/군/구),2020,2023-10-12,Sasang-gu,사상구,명,101
행정구역별,208298.0,21150,A,,T002,DT_1YL20842,주민등록인구(B),인구 천명당 사업체수(등록기반)(시도/시/군/구),2021,2023-10-12,Sasang-gu,사상구,명,101
행정구역별,203789.0,21150,A,,T002,DT_1YL20842,주민등록인구(B),인구 천명당 사업체수(등록기반)(시도/시/군/구),2022,2024-02-05,Sasang-gu,사상구,명,101
행정구역별,202932.0,21150,A,,T002,DT_1YL20842,주민등록인구(B),인구 천명당 사업체수(등록기반)(시도/시/군/구),2023,2025-02-11,Sasang-gu,사상구,명,101
행정구역별,198635.0,21150,A,,T002,DT_1YL20842,주민등록인구(B),인구 천명당 사업체수(등록기반)(시도/시/군/구),2024,2026-02-13,Sasang-gu,사상구,명,101
행정구역별,173.8,21150,A,Each                          ,T10,DT_1YL20842,인구천명당 사업체수(A÷B×1000),인구 천명당 사업체수(등록기반)(시도/시/군/구),2020,2023-10-12,Sasang-gu,사상구,개,101
행정구역별,173.3,21150,A,Each                          ,T10,DT_1YL20842,인구천명당 사업체수(A÷B×1000),인구 천명당 사업체수(등록기반)(시도/시/군/구),2021,2023-10-12,Sasang-gu,사상구,개,101
행정구역별,175.6,21150,A,Each                          ,T10,DT_1YL20842,인구천명당 사업체수(A÷B×1000),인구 천명당 사업체수(등록기반)(시도/시/군/구),2022,2024-02-05,Sasang-gu,사상구,개,101
행정구역별,173.5,21150,A,Each                          ,T10,DT_1YL20842,인구천명당 사업체수(A÷B×1000),인구 천명당 사업체수(등록기반)(시도/시/군/구),2023,2025-02-11,Sasang-gu,사상구,개,101
행정구역별,175.0,21150,A,Each                          ,T10,DT_1YL20842,인구천명당 사업체수(A÷B×1000),인구 천명당 사업체수(등록기반)(시도/시/군/구),2024,2026-02-13,Sasang-gu,사상구,개,101
행정구역별,17736.0,21510,A,Each                          ,T001,DT_1YL20842,사업체수(A),인구 천명당 사업체수(등록기반)(시도/시/군/구),2020,2023-10-12,Gijang-gun,기장군,개,101
행정구역별,17930.0,21510,A,Each                          ,T001,DT_1YL20842,사업체수(A),인구 천명당 사업체수(등록기반)(시도/시/군/구),2021,2023-10-12,Gijang-gun,기장군,개,101
행정구역별,18481.0,21510,A,Each                          ,T001,DT_1YL20842,사업체수(A),인구 천명당 사업체수(등록기반)(시도/시/군/구),2022,2024-02-05,Gijang-gun,기장군,개,101
행정구역별,18994.0,21510,A,Each                          ,T001,DT_1YL20842,사업체수(A),인구 천명당 사업체수(등록기반)(시도/시/군/구),2023,2025-02-11,Gijang-gun,기장군,개,101
행정구역별,19715.0,21510,A,Each                          ,T001,DT_1YL20842,사업체수(A),인구 천명당 사업체수(등록기반)(시도/시/군/구),2024,2026-02-13,Gijang-gun,기장군,개,101
행정구역별,174545.0,21510,A,,T002,DT_1YL20842,주민등록인구(B),인구 천명당 사업체수(등록기반)(시도/시/군/구),2020,2023-10-12,Gijang-gun,기장군,명,101
행정구역별,177125.0,21510,A,,T002,DT_1YL20842,주민등록인구(B),인구 천명당 사업체수(등록기반)(시도/시/군/구),2021,2023-10-12,Gijang-gun,기장군,명,101
행정구역별,178614.0,21510,A,,T002,DT_1YL20842,주민등록인구(B),인구 천명당 사업체수(등록기반)(시도/시/군/구),2022,2024-02-05,Gijang-gun,기장군,명,101
행정구역별,178729.0,21510,A,,T002,DT_1YL20842,주민등록인구(B),인구 천명당 사업체수(등록기반)(시도/시/군/구),2023,2025-02-11,Gijang-gun,기장군,명,101
행정구역별,175626.0,21510,A,,T002,DT_1YL20842,주민등록인구(B),인구 천명당 사업체수(등록기반)(시도/시/군/구),2024,2026-02-13,Gijang-gun,기장군,명,101
행정구역별,101.6,21510,A,Each                          ,T10,DT_1YL20842,인구천명당 사업체수(A÷B×1000),인구 천명당 사업체수(등록기반)(시도/시/군/구),2020,2023-10-12,Gijang-gun,기장군,개,101
행정구역별,101.2,21510,A,Each                          ,T10,DT_1YL20842,인구천명당 사업체수(A÷B×1000),인구 천명당 사업체수(등록기반)(시도/시/군/구),2021,2023-10-12,Gijang-gun,기장군,개,101
행정구역별,103.5,21510,A,Each                          ,T10,DT_1YL20842,인구천명당 사업체수(A÷B×1000),인구 천명당 사업체수(등록기반)(시도/시/군/구),2022,2024-02-05,Gijang-gun,기장군,개,101
행정구역별,106.3,21510,A,Each                          ,T10,DT_1YL20842,인구천명당 사업체수(A÷B×1000),인구 천명당 사업체수(등록기반)(시도/시/군/구),2023,2025-02-11,Gijang-gun,기장군,개,101
행정구역별,112.3,21510,A,Each                          ,T10,DT_1YL20842,인구천명당 사업체수(A÷B×1000),인구 천명당 사업체수(등록기반)(시도/시/군/구),2024,2026-02-13,Gijang-gun,기장군,개,101
행정구역별,283033.0,22,A,Each                          ,T001,DT_1YL20842,사업체수(A),인구 천명당 사업체수(등록기반)(시도/시/군/구),2020,2023-10-12,Daegu,대구광역시,개,101
행정구역별,279798.0,22,A,Each                          ,T001,DT_1YL20842,사업체수(A),인구 천명당 사업체수(등록기반)(시도/시/군/구),2021,2023-10-12,Daegu,대구광역시,개,101
행정구역별,279223.0,22,A,Each                          ,T001,DT_1YL20842,사업체수(A),인구 천명당 사업체수(등록기반)(시도/시/군/구),2022,2024-02-05,Daegu,대구광역시,개,101
행정구역별,285388.0,22,A,Each                          ,T001,DT_1YL20842,사업체수(A),인구 천명당 사업체수(등록기반)(시도/시/군/구),2023,2025-02-11,Daegu,대구광역시,개,101
행정구역별,286841.0,22,A,Each                          ,T001,DT_1YL20842,사업체수(A),인구 천명당 사업체수(등록기반)(시도/시/군/구),2024,2026-02-13,Daegu,대구광역시,개,101
행정구역별,2418346.0,22,A,,T002,DT_1YL20842,주민등록인구(B),인구 천명당 사업체수(등록기반)(시도/시/군/구),2020,2023-10-12,Daegu,대구광역시,명,101
행정구역별,2385412.0,22,A,,T002,DT_1YL20842,주민등록인구(B),인구 천명당 사업체수(등록기반)(시도/시/군/구),2021,2023-10-12,Daegu,대구광역시,명,101
행정구역별,2363691.0,22,A,,T002,DT_1YL20842,주민등록인구(B),인구 천명당 사업체수(등록기반)(시도/시/군/구),2022,2024-02-05,Daegu,대구광역시,명,101
행정구역별,2374960.0,22,A,,T002,DT_1YL20842,주민등록인구(B),인구 천명당 사업체수(등록기반)(시도/시/군/구),2023,2025-02-11,Daegu,대구광역시,명,101
행정구역별,2363629.0,22,A,,T002,DT_1YL20842,주민등록인구(B),인구 천명당 사업체수(등록기반)(시도/시/군/구),2024,2026-02-13,Daegu,대구광역시,명,101
행정구역별,117.0,22,A,Each                          ,T10,DT_1YL20842,인구천명당 사업체수(A÷B×1000),인구 천명당 사업체수(등록기반)(시도/시/군/구),2020,2023-10-12,Daegu,대구광역시,개,101
행정구역별,117.3,22,A,Each                          ,T10,DT_1YL20842,인구천명당 사업체수(A÷B×1000),인구 천명당 사업체수(등록기반)(시도/시/군/구),2021,2023-10-12,Daegu,대구광역시,개,101
행정구역별,118.1,22,A,Each                          ,T10,DT_1YL20842,인구천명당 사업체수(A÷B×1000),인구 천명당 사업체수(등록기반)(시도/시/군/구),2022,2024-02-05,Daegu,대구광역시,개,101
행정구역별,120.2,22,A,Each                          ,T10,DT_1YL20842,인구천명당 사업체수(A÷B×1000),인구 천명당 사업체수(등록기반)(시도/시/군/구),2023,2025-02-11,Daegu,대구광역시,개,101
행정구역별,121.4,22,A,Each                          ,T10,DT_1YL20842,인구천명당 사업체수(A÷B×1000),인구 천명당 사업체수(등록기반)(시도/시/군/구),2024,2026-02-13,Daegu,대구광역시,개,101
행정구역별,26267.0,22010,A,Each                          ,T001,DT_1YL20842,사업체수(A),인구 천명당 사업체수(등록기반)(시도/시/군/구),2020,2023-10-12,Jung-gu,중구,개,101
행정구역별,25518.0,22010,A,Each                          ,T001,DT_1YL20842,사업체수(A),인구 천명당 사업체수(등록기반)(시도/시/군/구),2021,2023-10-12,Jung-gu,중구,개,101
행정구역별,25006.0,22010,A,Each                          ,T001,DT_1YL20842,사업체수(A),인구 천명당 사업체수(등록기반)(시도/시/군/구),2022,2024-02-05,Jung-gu,중구,개,101
행정구역별,25324.0,22010,A,Each                          ,T001,DT_1YL20842,사업체수(A),인구 천명당 사업체수(등록기반)(시도/시/군/구),2023,2025-02-11,Jung-gu,중구,개,101
행정구역별,26054.0,22010,A,Each                          ,T001,DT_1YL20842,사업체수(A),인구 천명당 사업체수(등록기반)(시도/시/군/구),2024,2026-02-13,Jung-gu,중구,개,101
행정구역별,76547.0,22010,A,,T002,DT_1YL20842,주민등록인구(B),인구 천명당 사업체수(등록기반)(시도/시/군/구),2020,2023-10-12,Jung-gu,중구,명,101
행정구역별,74791.0,22010,A,,T002,DT_1YL20842,주민등록인구(B),인구 천명당 사업체수(등록기반)(시도/시/군/구),2021,2023-10-12,Jung-gu,중구,명,101
행정구역별,80199.0,22010,A,,T002,DT_1YL20842,주민등록인구(B),인구 천명당 사업체수(등록기반)(시도/시/군/구),2022,2024-02-05,Jung-gu,중구,명,101
행정구역별,89064.0,22010,A,,T002,DT_1YL20842,주민등록인구(B),인구 천명당 사업체수(등록기반)(시도/시/군/구),2023,2025-02-11,Jung-gu,중구,명,101
행정구역별,97711.0,22010,A,,T002,DT_1YL20842,주민등록인구(B),인구 천명당 사업체수(등록기반)(시도/시/군/구),2024,2026-02-13,Jung-gu,중구,명,101
행정구역별,343.1,22010,A,Each                          ,T10,DT_1YL20842,인구천명당 사업체수(A÷B×1000),인구 천명당 사업체수(등록기반)(시도/시/군/구),2020,2023-10-12,Jung-gu,중구,개,101
행정구역별,341.2,22010,A,Each                          ,T10,DT_1YL20842,인구천명당 사업체수(A÷B×1000),인구 천명당 사업체수(등록기반)(시도/시/군/구),2021,2023-10-12,Jung-gu,중구,개,101
행정구역별,311.8,22010,A,Each                          ,T10,DT_1YL20842,인구천명당 사업체수(A÷B×1000),인구 천명당 사업체수(등록기반)(시도/시/군/구),2022,2024-02-05,Jung-gu,중구,개,101
행정구역별,284.3,22010,A,Each                          ,T10,DT_1YL20842,인구천명당 사업체수(A÷B×1000),인구 천명당 사업체수(등록기반)(시도/시/군/구),2023,2025-02-11,Jung-gu,중구,개,101
행정구역별,266.6,22010,A,Each                          ,T10,DT_1YL20842,인구천명당 사업체수(A÷B×1000),인구 천명당 사업체수(등록기반)(시도/시/군/구),2024,2026-02-13,Jung-gu,중구,개,101
행정구역별,37425.0,22020,A,Each                          ,T001,DT_1YL20842,사업체수(A),인구 천명당 사업체수(등록기반)(시도/시/군/구),2020,2023-10-12,Dong-gu,동구,개,101
행정구역별,36892.0,22020,A,Each                          ,T001,DT_1YL20842,사업체수(A),인구 천명당 사업체수(등록기반)(시도/시/군/구),2021,2023-10-12,Dong-gu,동구,개,101
행정구역별,36917.0,22020,A,Each                          ,T001,DT_1YL20842,사업체수(A),인구 천명당 사업체수(등록기반)(시도/시/군/구),2022,2024-02-05,Dong-gu,동구,개,101
행정구역별,37395.0,22020,A,Each                          ,T001,DT_1YL20842,사업체수(A),인구 천명당 사업체수(등록기반)(시도/시/군/구),2023,2025-02-11,Dong-gu,동구,개,101
행정구역별,37478.0,22020,A,Each                          ,T001,DT_1YL20842,사업체수(A),인구 천명당 사업체수(등록기반)(시도/시/군/구),2024,2026-02-13,Dong-gu,동구,개,101
행정구역별,341920.0,22020,A,,T002,DT_1YL20842,주민등록인구(B),인구 천명당 사업체수(등록기반)(시도/시/군/구),2020,2023-10-12,Dong-gu,동구,명,101
행정구역별,341436.0,22020,A,,T002,DT_1YL20842,주민등록인구(B),인구 천명당 사업체수(등록기반)(시도/시/군/구),2021,2023-10-12,Dong-gu,동구,명,101
행정구역별,339530.0,22020,A,,T002,DT_1YL20842,주민등록인구(B),인구 천명당 사업체수(등록기반)(시도/시/군/구),2022,2024-02-05,Dong-gu,동구,명,101
행정구역별,342813.0,22020,A,,T002,DT_1YL20842,주민등록인구(B),인구 천명당 사업체수(등록기반)(시도/시/군/구),2023,2025-02-11,Dong-gu,동구,명,101
행정구역별,342339.0,22020,A,,T002,DT_1YL20842,주민등록인구(B),인구 천명당 사업체수(등록기반)(시도/시/군/구),2024,2026-02-13,Dong-gu,동구,명,101
행정구역별,109.5,22020,A,Each                          ,T10,DT_1YL20842,인구천명당 사업체수(A÷B×1000),인구 천명당 사업체수(등록기반)(시도/시/군/구),2020,2023-10-12,Dong-gu,동구,개,101
행정구역별,108.0,22020,A,Each                          ,T10,DT_1YL20842,인구천명당 사업체수(A÷B×1000),인구 천명당 사업체수(등록기반)(시도/시/군/구),2021,2023-10-12,Dong-gu,동구,개,101
행정구역별,108.7,22020,A,Each                          ,T10,DT_1YL20842,인구천명당 사업체수(A÷B×1000),인구 천명당 사업체수(등록기반)(시도/시/군/구),2022,2024-02-05,Dong-gu,동구,개,101
행정구역별,109.1,22020,A,Each                          ,T10,DT_1YL20842,인구천명당 사업체수(A÷B×1000),인구 천명당 사업체수(등록기반)(시도/시/군/구),2023,2025-02-11,Dong-gu,동구,개,101
행정구역별,109.5,22020,A,Each                          ,T10,DT_1YL20842,인구천명당 사업체수(A÷B×1000),인구 천명당 사업체수(등록기반)(시도/시/군/구),2024,2026-02-13,Dong-gu,동구,개,101
행정구역별,23341.0,22030,A,Each                          ,T001,DT_1YL20842,사업체수(A),인구 천명당 사업체수(등록기반)(시도/시/군/구),2020,2023-10-12,Seo-gu,서구,개,101
행정구역별,23088.0,22030,A,Each                          ,T001,DT_1YL20842,사업체수(A),인구 천명당 사업체수(등록기반)(시도/시/군/구),2021,2023-10-12,Seo-gu,서구,개,101
행정구역별,22801.0,22030,A,Each                          ,T001,DT_1YL20842,사업체수(A),인구 천명당 사업체수(등록기반)(시도/시/군/구),2022,2024-02-05,Seo-gu,서구,개,101
행정구역별,22510.0,22030,A,Each                          ,T001,DT_1YL20842,사업체수(A),인구 천명당 사업체수(등록기반)(시도/시/군/구),2023,2025-02-11,Seo-gu,서구,개,101
행정구역별,22295.0,22030,A,Each                          ,T001,DT_1YL20842,사업체수(A),인구 천명당 사업체수(등록기반)(시도/시/군/구),2024,2026-02-13,Seo-gu,서구,개,101
행정구역별,170700.0,22030,A,,T002,DT_1YL20842,주민등록인구(B),인구 천명당 사업체수(등록기반)(시도/시/군/구),2020,2023-10-12,Seo-gu,서구,명,101
행정구역별,164528.0,22030,A,,T002,DT_1YL20842,주민등록인구(B),인구 천명당 사업체수(등록기반)(시도/시/군/구),2021,2023-10-12,Seo-gu,서구,명,101
행정구역별,159827.0,22030,A,,T002,DT_1YL20842,주민등록인구(B),인구 천명당 사업체수(등록기반)(시도/시/군/구),2022,2024-02-05,Seo-gu,서구,명,101
행정구역별,164088.0,22030,A,,T002,DT_1YL20842,주민등록인구(B),인구 천명당 사업체수(등록기반)(시도/시/군/구),2023,2025-02-11,Seo-gu,서구,명,101
행정구역별,163135.0,22030,A,,T002,DT_1YL20842,주민등록인구(B),인구 천명당 사업체수(등록기반)(시도/시/군/구),2024,2026-02-13,Seo-gu,서구,명,101
행정구역별,136.7,22030,A,Each                          ,T10,DT_1YL20842,인구천명당 사업체수(A÷B×1000),인구 천명당 사업체수(등록기반)(시도/시/군/구),2020,2023-10-12,Seo-gu,서구,개,101
행정구역별,140.3,22030,A,Each                          ,T10,DT_1YL20842,인구천명당 사업체수(A÷B×1000),인구 천명당 사업체수(등록기반)(시도/시/군/구),2021,2023-10-12,Seo-gu,서구,개,101
행정구역별,142.7,22030,A,Each                          ,T10,DT_1YL20842,인구천명당 사업체수(A÷B×1000),인구 천명당 사업체수(등록기반)(시도/시/군/구),2022,2024-02-05,Seo-gu,서구,개,101
행정구역별,137.2,22030,A,Each                          ,T10,DT_1YL20842,인구천명당 사업체수(A÷B×1000),인구 천명당 사업체수(등록기반)(시도/시/군/구),2023,2025-02-11,Seo-gu,서구,개,101
행정구역별,136.7,22030,A,Each                          ,T10,DT_1YL20842,인구천명당 사업체수(A÷B×1000),인구 천명당 사업체수(등록기반)(시도/시/군/구),2024,2026-02-13,Seo-gu,서구,개,101
행정구역별,17705.0,22040,A,Each                          ,T001,DT_1YL20842,사업체수(A),인구 천명당 사업체수(등록기반)(시도/시/군/구),2020,2023-10-12,Nam-gu,남구,개,101
행정구역별,17411.0,22040,A,Each                          ,T001,DT_1YL20842,사업체수(A),인구 천명당 사업체수(등록기반)(시도/시/군/구),2021,2023-10-12,Nam-gu,남구,개,101
행정구역별,17474.0,22040,A,Each                          ,T001,DT_1YL20842,사업체수(A),인구 천명당 사업체수(등록기반)(시도/시/군/구),2022,2024-02-05,Nam-gu,남구,개,101
행정구역별,17795.0,22040,A,Each                          ,T001,DT_1YL20842,사업체수(A),인구 천명당 사업체수(등록기반)(시도/시/군/구),2023,2025-02-11,Nam-gu,남구,개,101
행정구역별,17943.0,22040,A,Each                          ,T001,DT_1YL20842,사업체수(A),인구 천명당 사업체수(등록기반)(시도/시/군/구),2024,2026-02-13,Nam-gu,남구,개,101
행정구역별,146632.0,22040,A,,T002,DT_1YL20842,주민등록인구(B),인구 천명당 사업체수(등록기반)(시도/시/군/구),2020,2023-10-12,Nam-gu,남구,명,101
행정구역별,143175.0,22040,A,,T002,DT_1YL20842,주민등록인구(B),인구 천명당 사업체수(등록기반)(시도/시/군/구),2021,2023-10-12,Nam-gu,남구,명,101
행정구역별,141519.0,22040,A,,T002,DT_1YL20842,주민등록인구(B),인구 천명당 사업체수(등록기반)(시도/시/군/구),2022,2024-02-05,Nam-gu,남구,명,101
행정구역별,139187.0,22040,A,,T002,DT_1YL20842,주민등록인구(B),인구 천명당 사업체수(등록기반)(시도/시/군/구),2023,2025-02-11,Nam-gu,남구,명,101
행정구역별,136263.0,22040,A,,T002,DT_1YL20842,주민등록인구(B),인구 천명당 사업체수(등록기반)(시도/시/군/구),2024,2026-02-13,Nam-gu,남구,명,101
행정구역별,120.7,22040,A,Each                          ,T10,DT_1YL20842,인구천명당 사업체수(A÷B×1000),인구 천명당 사업체수(등록기반)(시도/시/군/구),2020,2023-10-12,Nam-gu,남구,개,101
행정구역별,121.6,22040,A,Each                          ,T10,DT_1YL20842,인구천명당 사업체수(A÷B×1000),인구 천명당 사업체수(등록기반)(시도/시/군/구),2021,2023-10-12,Nam-gu,남구,개,101
행정구역별,123.5,22040,A,Each                          ,T10,DT_1YL20842,인구천명당 사업체수(A÷B×1000),인구 천명당 사업체수(등록기반)(시도/시/군/구),2022,2024-02-05,Nam-gu,남구,개,101
행정구역별,127.8,22040,A,Each                          ,T10,DT_1YL20842,인구천명당 사업체수(A÷B×1000),인구 천명당 사업체수(등록기반)(시도/시/군/구),2023,2025-02-11,Nam-gu,남구,개,101
행정구역별,131.7,22040,A,Each                          ,T10,DT_1YL20842,인구천명당 사업체수(A÷B×1000),인구 천명당 사업체수(등록기반)(시도/시/군/구),2024,2026-02-13,Nam-gu,남구,개,101
행정구역별,53768.0,22050,A,Each                          ,T001,DT_1YL20842,사업체수(A),인구 천명당 사업체수(등록기반)(시도/시/군/구),2020,2023-10-12,Buk-gu,북구,개,101
행정구역별,53909.0,22050,A,Each                          ,T001,DT_1YL20842,사업체수(A),인구 천명당 사업체수(등록기반)(시도/시/군/구),2021,2023-10-12,Buk-gu,북구,개,101
행정구역별,54146.0,22050,A,Each                          ,T001,DT_1YL20842,사업체수(A),인구 천명당 사업체수(등록기반)(시도/시/군/구),2022,2024-02-05,Buk-gu,북구,개,101
행정구역별,53756.0,22050,A,Each                          ,T001,DT_1YL20842,사업체수(A),인구 천명당 사업체수(등록기반)(시도/시/군/구),2023,2025-02-11,Buk-gu,북구,개,101
행정구역별,53273.0,22050,A,Each                          ,T001,DT_1YL20842,사업체수(A),인구 천명당 사업체수(등록기반)(시도/시/군/구),2024,2026-02-13,Buk-gu,북구,개,101
행정구역별,440263.0,22050,A,,T002,DT_1YL20842,주민등록인구(B),인구 천명당 사업체수(등록기반)(시도/시/군/구),2020,2023-10-12,Buk-gu,북구,명,101
행정구역별,437008.0,22050,A,,T002,DT_1YL20842,주민등록인구(B),인구 천명당 사업체수(등록기반)(시도/시/군/구),2021,2023-10-12,Buk-gu,북구,명,101
행정구역별,430912.0,22050,A,,T002,DT_1YL20842,주민등록인구(B),인구 천명당 사업체수(등록기반)(시도/시/군/구),2022,2024-02-05,Buk-gu,북구,명,101
행정구역별,419624.0,22050,A,,T002,DT_1YL20842,주민등록인구(B),인구 천명당 사업체수(등록기반)(시도/시/군/구),2023,2025-02-11,Buk-gu,북구,명,101
행정구역별,413010.0,22050,A,,T002,DT_1YL20842,주민등록인구(B),인구 천명당 사업체수(등록기반)(시도/시/군/구),2024,2026-02-13,Buk-gu,북구,명,101
행정구역별,122.1,22050,A,Each                          ,T10,DT_1YL20842,인구천명당 사업체수(A÷B×1000),인구 천명당 사업체수(등록기반)(시도/시/군/구),2020,2023-10-12,Buk-gu,북구,개,101
행정구역별,123.4,22050,A,Each                          ,T10,DT_1YL20842,인구천명당 사업체수(A÷B×1000),인구 천명당 사업체수(등록기반)(시도/시/군/구),2021,2023-10-12,Buk-gu,북구,개,101
행정구역별,125.7,22050,A,Each                          ,T10,DT_1YL20842,인구천명당 사업체수(A÷B×1000),인구 천명당 사업체수(등록기반)(시도/시/군/구),2022,2024-02-05,Buk-gu,북구,개,101
행정구역별,128.1,22050,A,Each                          ,T10,DT_1YL20842,인구천명당 사업체수(A÷B×1000),인구 천명당 사업체수(등록기반)(시도/시/군/구),2023,2025-02-11,Buk-gu,북구,개,101
행정구역별,129.0,22050,A,Each                          ,T10,DT_1YL20842,인구천명당 사업체수(A÷B×1000),인구 천명당 사업체수(등록기반)(시도/시/군/구),2024,2026-02-13,Buk-gu,북구,개,101
행정구역별,37852.0,22060,A,Each                          ,T001,DT_1YL20842,사업체수(A),인구 천명당 사업체수(등록기반)(시도/시/군/구),2020,2023-10-12,Suseong-gu,수성구,개,101
행정구역별,36963.0,22060,A,Each                          ,T001,DT_1YL20842,사업체수(A),인구 천명당 사업체수(등록기반)(시도/시/군/구),2021,2023-10-12,Suseong-gu,수성구,개,101
행정구역별,36566.0,22060,A,Each                          ,T001,DT_1YL20842,사업체수(A),인구 천명당 사업체수(등록기반)(시도/시/군/구),2022,2024-02-05,Suseong-gu,수성구,개,101
행정구역별,38258.0,22060,A,Each                          ,T001,DT_1YL20842,사업체수(A),인구 천명당 사업체수(등록기반)(시도/시/군/구),2023,2025-02-11,Suseong-gu,수성구,개,101
행정구역별,38766.0,22060,A,Each                          ,T001,DT_1YL20842,사업체수(A),인구 천명당 사업체수(등록기반)(시도/시/군/구),2024,2026-02-13,Suseong-gu,수성구,개,101
행정구역별,424314.0,22060,A,,T002,DT_1YL20842,주민등록인구(B),인구 천명당 사업체수(등록기반)(시도/시/군/구),2020,2023-10-12,Suseong-gu,수성구,명,101
행정구역별,417097.0,22060,A,,T002,DT_1YL20842,주민등록인구(B),인구 천명당 사업체수(등록기반)(시도/시/군/구),2021,2023-10-12,Suseong-gu,수성구,명,101
행정구역별,411553.0,22060,A,,T002,DT_1YL20842,주민등록인구(B),인구 천명당 사업체수(등록기반)(시도/시/군/구),2022,2024-02-05,Suseong-gu,수성구,명,101
행정구역별,407331.0,22060,A,,T002,DT_1YL20842,주민등록인구(B),인구 천명당 사업체수(등록기반)(시도/시/군/구),2023,2025-02-11,Suseong-gu,수성구,명,101
행정구역별,409107.0,22060,A,,T002,DT_1YL20842,주민등록인구(B),인구 천명당 사업체수(등록기반)(시도/시/군/구),2024,2026-02-13,Suseong-gu,수성구,명,101
행정구역별,89.2,22060,A,Each                          ,T10,DT_1YL20842,인구천명당 사업체수(A÷B×1000),인구 천명당 사업체수(등록기반)(시도/시/군/구),2020,2023-10-12,Suseong-gu,수성구,개,101
행정구역별,88.6,22060,A,Each                          ,T10,DT_1YL20842,인구천명당 사업체수(A÷B×1000),인구 천명당 사업체수(등록기반)(시도/시/군/구),2021,2023-10-12,Suseong-gu,수성구,개,101
행정구역별,88.8,22060,A,Each                          ,T10,DT_1YL20842,인구천명당 사업체수(A÷B×1000),인구 천명당 사업체수(등록기반)(시도/시/군/구),2022,2024-02-05,Suseong-gu,수성구,개,101
행정구역별,93.9,22060,A,Each                          ,T10,DT_1YL20842,인구천명당 사업체수(A÷B×1000),인구 천명당 사업체수(등록기반)(시도/시/군/구),2023,2025-02-11,Suseong-gu,수성구,개,101
행정구역별,94.8,22060,A,Each                          ,T10,DT_1YL20842,인구천명당 사업체수(A÷B×1000),인구 천명당 사업체수(등록기반)(시도/시/군/구),2024,2026-02-13,Suseong-gu,수성구,개,101
행정구역별,60591.0,22070,A,Each                          ,T001,DT_1YL20842,사업체수(A),인구 천명당 사업체수(등록기반)(시도/시/군/구),2020,2023-10-12,Dalseo-gu,달서구,개,101
행정구역별,59739.0,22070,A,Each                          ,T001,DT_1YL20842,사업체수(A),인구 천명당 사업체수(등록기반)(시도/시/군/구),2021,2023-10-12,Dalseo-gu,달서구,개,101
행정구역별,59909.0,22070,A,Each                          ,T001,DT_1YL20842,사업체수(A),인구 천명당 사업체수(등록기반)(시도/시/군/구),2022,2024-02-05,Dalseo-gu,달서구,개,101
행정구역별,59835.0,22070,A,Each                          ,T001,DT_1YL20842,사업체수(A),인구 천명당 사업체수(등록기반)(시도/시/군/구),2023,2025-02-11,Dalseo-gu,달서구,개,101
행정구역별,60319.0,22070,A,Each                          ,T001,DT_1YL20842,사업체수(A),인구 천명당 사업체수(등록기반)(시도/시/군/구),2024,2026-02-13,Dalseo-gu,달서구,개,101
행정구역별,558631.0,22070,A,,T002,DT_1YL20842,주민등록인구(B),인구 천명당 사업체수(등록기반)(시도/시/군/구),2020,2023-10-12,Dalseo-gu,달서구,명,101
행정구역별,544926.0,22070,A,,T002,DT_1YL20842,주민등록인구(B),인구 천명당 사업체수(등록기반)(시도/시/군/구),2021,2023-10-12,Dalseo-gu,달서구,명,101
행정구역별,536989.0,22070,A,,T002,DT_1YL20842,주민등록인구(B),인구 천명당 사업체수(등록기반)(시도/시/군/구),2022,2024-02-05,Dalseo-gu,달서구,명,101
행정구역별,527781.0,22070,A,,T002,DT_1YL20842,주민등록인구(B),인구 천명당 사업체수(등록기반)(시도/시/군/구),2023,2025-02-11,Dalseo-gu,달서구,명,101
행정구역별,522021.0,22070,A,,T002,DT_1YL20842,주민등록인구(B),인구 천명당 사업체수(등록기반)(시도/시/군/구),2024,2026-02-13,Dalseo-gu,달서구,명,101
행정구역별,108.5,22070,A,Each                          ,T10,DT_1YL20842,인구천명당 사업체수(A÷B×1000),인구 천명당 사업체수(등록기반)(시도/시/군/구),2020,2023-10-12,Dalseo-gu,달서구,개,101
행정구역별,109.6,22070,A,Each                          ,T10,DT_1YL20842,인구천명당 사업체수(A÷B×1000),인구 천명당 사업체수(등록기반)(시도/시/군/구),2021,2023-10-12,Dalseo-gu,달서구,개,101
행정구역별,111.6,22070,A,Each                          ,T10,DT_1YL20842,인구천명당 사업체수(A÷B×1000),인구 천명당 사업체수(등록기반)(시도/시/군/구),2022,2024-02-05,Dalseo-gu,달서구,개,101
행정구역별,113.4,22070,A,Each                          ,T10,DT_1YL20842,인구천명당 사업체수(A÷B×1000),인구 천명당 사업체수(등록기반)(시도/시/군/구),2023,2025-02-11,Dalseo-gu,달서구,개,101
행정구역별,115.5,22070,A,Each                          ,T10,DT_1YL20842,인구천명당 사업체수(A÷B×1000),인구 천명당 사업체수(등록기반)(시도/시/군/구),2024,2026-02-13,Dalseo-gu,달서구,개,101
행정구역별,26084.0,22510,A,Each                          ,T001,DT_1YL20842,사업체수(A),인구 천명당 사업체수(등록기반)(시도/시/군/구),2020,2023-10-12,Dalseong-gun,달성군,개,101
행정구역별,26278.0,22510,A,Each                          ,T001,DT_1YL20842,사업체수(A),인구 천명당 사업체수(등록기반)(시도/시/군/구),2021,2023-10-12,Dalseong-gun,달성군,개,101
행정구역별,26404.0,22510,A,Each                          ,T001,DT_1YL20842,사업체수(A),인구 천명당 사업체수(등록기반)(시도/시/군/구),2022,2024-02-05,Dalseong-gun,달성군,개,101
행정구역별,27083.0,22510,A,Each                          ,T001,DT_1YL20842,사업체수(A),인구 천명당 사업체수(등록기반)(시도/시/군/구),2023,2025-02-11,Dalseong-gun,달성군,개,101
행정구역별,27180.0,22510,A,Each                          ,T001,DT_1YL20842,사업체수(A),인구 천명당 사업체수(등록기반)(시도/시/군/구),2024,2026-02-13,Dalseong-gun,달성군,개,101
행정구역별,259339.0,22510,A,,T002,DT_1YL20842,주민등록인구(B),인구 천명당 사업체수(등록기반)(시도/시/군/구),2020,2023-10-12,Dalseong-gun,달성군,명,101
행정구역별,262451.0,22510,A,,T002,DT_1YL20842,주민등록인구(B),인구 천명당 사업체수(등록기반)(시도/시/군/구),2021,2023-10-12,Dalseong-gun,달성군,명,101
행정구역별,263162.0,22510,A,,T002,DT_1YL20842,주민등록인구(B),인구 천명당 사업체수(등록기반)(시도/시/군/구),2022,2024-02-05,Dalseong-gun,달성군,명,101
행정구역별,262084.0,22510,A,,T002,DT_1YL20842,주민등록인구(B),인구 천명당 사업체수(등록기반)(시도/시/군/구),2023,2025-02-11,Dalseong-gun,달성군,명,101
행정구역별,257580.0,22510,A,,T002,DT_1YL20842,주민등록인구(B),인구 천명당 사업체수(등록기반)(시도/시/군/구),2024,2026-02-13,Dalseong-gun,달성군,명,101
행정구역별,100.6,22510,A,Each                          ,T10,DT_1YL20842,인구천명당 사업체수(A÷B×1000),인구 천명당 사업체수(등록기반)(시도/시/군/구),2020,2023-10-12,Dalseong-gun,달성군,개,101
행정구역별,100.1,22510,A,Each                          ,T10,DT_1YL20842,인구천명당 사업체수(A÷B×1000),인구 천명당 사업체수(등록기반)(시도/시/군/구),2021,2023-10-12,Dalseong-gun,달성군,개,101
행정구역별,100.3,22510,A,Each                          ,T10,DT_1YL20842,인구천명당 사업체수(A÷B×1000),인구 천명당 사업체수(등록기반)(시도/시/군/구),2022,2024-02-05,Dalseong-gun,달성군,개,101
행정구역별,103.3,22510,A,Each                          ,T10,DT_1YL20842,인구천명당 사업체수(A÷B×1000),인구 천명당 사업체수(등록기반)(시도/시/군/구),2023,2025-02-11,Dalseong-gun,달성군,개,101
행정구역별,105.5,22510,A,Each                          ,T10,DT_1YL20842,인구천명당 사업체수(A÷B×1000),인구 천명당 사업체수(등록기반)(시도/시/군/구),2024,2026-02-13,Dalseong-gun,달성군,개,101
행정구역별,3432.0,22520,A,Each                          ,T001,DT_1YL20842,사업체수(A),인구 천명당 사업체수(등록기반)(시도/시/군/구),2023,2025-02-11,Gunwi-gun,군위군,개,101
행정구역별,3533.0,22520,A,Each                          ,T001,DT_1YL20842,사업체수(A),인구 천명당 사업체수(등록기반)(시도/시/군/구),2024,2026-02-13,Gunwi-gun,군위군,개,101
행정구역별,22988.0,22520,A,,T002,DT_1YL20842,주민등록인구(B),인구 천명당 사업체수(등록기반)(시도/시/군/구),2023,2025-02-11,Gunwi-gun,군위군,명,101
행정구역별,22463.0,22520,A,,T002,DT_1YL20842,주민등록인구(B),인구 천명당 사업체수(등록기반)(시도/시/군/구),2024,2026-02-13,Gunwi-gun,군위군,명,101
행정구역별,149.3,22520,A,Each                          ,T10,DT_1YL20842,인구천명당 사업체수(A÷B×1000),인구 천명당 사업체수(등록기반)(시도/시/군/구),2023,2025-02-11,Gunwi-gun,군위군,개,101
행정구역별,157.3,22520,A,Each                          ,T10,DT_1YL20842,인구천명당 사업체수(A÷B×1000),인구 천명당 사업체수(등록기반)(시도/시/군/구),2024,2026-02-13,Gunwi-gun,군위군,개,101
행정구역별,306108.0,23,A,Each                          ,T001,DT_1YL20842,사업체수(A),인구 천명당 사업체수(등록기반)(시도/시/군/구),2020,2023-10-12,Incheon,인천광역시,개,101
행정구역별,308892.0,23,A,Each                          ,T001,DT_1YL20842,사업체수(A),인구 천명당 사업체수(등록기반)(시도/시/군/구),2021,2023-10-12,Incheon,인천광역시,개,101
행정구역별,317133.0,23,A,Each                          ,T001,DT_1YL20842,사업체수(A),인구 천명당 사업체수(등록기반)(시도/시/군/구),2022,2024-02-05,Incheon,인천광역시,개,101
행정구역별,322297.0,23,A,Each                          ,T001,DT_1YL20842,사업체수(A),인구 천명당 사업체수(등록기반)(시도/시/군/구),2023,2025-02-11,Incheon,인천광역시,개,101
행정구역별,328929.0,23,A,Each                          ,T001,DT_1YL20842,사업체수(A),인구 천명당 사업체수(등록기반)(시도/시/군/구),2024,2026-02-13,Incheon,인천광역시,개,101
행정구역별,2942828.0,23,A,,T002,DT_1YL20842,주민등록인구(B),인구 천명당 사업체수(등록기반)(시도/시/군/구),2020,2023-10-12,Incheon,인천광역시,명,101
행정구역별,2948375.0,23,A,,T002,DT_1YL20842,주민등록인구(B),인구 천명당 사업체수(등록기반)(시도/시/군/구),2021,2023-10-12,Incheon,인천광역시,명,101
행정구역별,2967314.0,23,A,,T002,DT_1YL20842,주민등록인구(B),인구 천명당 사업체수(등록기반)(시도/시/군/구),2022,2024-02-05,Incheon,인천광역시,명,101
행정구역별,2997410.0,23,A,,T002,DT_1YL20842,주민등록인구(B),인구 천명당 사업체수(등록기반)(시도/시/군/구),2023,2025-02-11,Incheon,인천광역시,명,101
행정구역별,3021010.0,23,A,,T002,DT_1YL20842,주민등록인구(B),인구 천명당 사업체수(등록기반)(시도/시/군/구),2024,2026-02-13,Incheon,인천광역시,명,101
행정구역별,104.0,23,A,Each                          ,T10,DT_1YL20842,인구천명당 사업체수(A÷B×1000),인구 천명당 사업체수(등록기반)(시도/시/군/구),2020,2023-10-12,Incheon,인천광역시,개,101
행정구역별,104.8,23,A,Each                          ,T10,DT_1YL20842,인구천명당 사업체수(A÷B×1000),인구 천명당 사업체수(등록기반)(시도/시/군/구),2021,2023-10-12,Incheon,인천광역시,개,101
행정구역별,106.9,23,A,Each                          ,T10,DT_1YL20842,인구천명당 사업체수(A÷B×1000),인구 천명당 사업체수(등록기반)(시도/시/군/구),2022,2024-02-05,Incheon,인천광역시,개,101
행정구역별,107.5,23,A,Each                          ,T10,DT_1YL20842,인구천명당 사업체수(A÷B×1000),인구 천명당 사업체수(등록기반)(시도/시/군/구),2023,2025-02-11,Incheon,인천광역시,개,101
행정구역별,108.9,23,A,Each                          ,T10,DT_1YL20842,인구천명당 사업체수(A÷B×1000),인구 천명당 사업체수(등록기반)(시도/시/군/구),2024,2026-02-13,Incheon,인천광역시,개,101
행정구역별,22111.0,23010,A,Each                          ,T001,DT_1YL20842,사업체수(A),인구 천명당 사업체수(등록기반)(시도/시/군/구),2020,2023-10-12,Jung-gu,중구,개,101
행정구역별,22370.0,23010,A,Each                          ,T001,DT_1YL20842,사업체수(A),인구 천명당 사업체수(등록기반)(시도/시/군/구),2021,2023-10-12,Jung-gu,중구,개,101
행정구역별,22917.0,23010,A,Each                          ,T001,DT_1YL20842,사업체수(A),인구 천명당 사업체수(등록기반)(시도/시/군/구),2022,2024-02-05,Jung-gu,중구,개,101
행정구역별,23954.0,23010,A,Each                          ,T001,DT_1YL20842,사업체수(A),인구 천명당 사업체수(등록기반)(시도/시/군/구),2023,2025-02-11,Jung-gu,중구,개,101
행정구역별,23916.0,23010,A,Each                          ,T001,DT_1YL20842,사업체수(A),인구 천명당 사업체수(등록기반)(시도/시/군/구),2024,2026-02-13,Jung-gu,중구,개,101
행정구역별,139729.0,23010,A,,T002,DT_1YL20842,주민등록인구(B),인구 천명당 사업체수(등록기반)(시도/시/군/구),2020,2023-10-12,Jung-gu,중구,명,101
행정구역별,143633.0,23010,A,,T002,DT_1YL20842,주민등록인구(B),인구 천명당 사업체수(등록기반)(시도/시/군/구),2021,2023-10-12,Jung-gu,중구,명,101
행정구역별,152931.0,23010,A,,T002,DT_1YL20842,주민등록인구(B),인구 천명당 사업체수(등록기반)(시도/시/군/구),2022,2024-02-05,Jung-gu,중구,명,101
행정구역별,158958.0,23010,A,,T002,DT_1YL20842,주민등록인구(B),인구 천명당 사업체수(등록기반)(시도/시/군/구),2023,2025-02-11,Jung-gu,중구,명,101
행정구역별,167113.0,23010,A,,T002,DT_1YL20842,주민등록인구(B),인구 천명당 사업체수(등록기반)(시도/시/군/구),2024,2026-02-13,Jung-gu,중구,명,101
행정구역별,158.2,23010,A,Each                          ,T10,DT_1YL20842,인구천명당 사업체수(A÷B×1000),인구 천명당 사업체수(등록기반)(시도/시/군/구),2020,2023-10-12,Jung-gu,중구,개,101
행정구역별,155.7,23010,A,Each                          ,T10,DT_1YL20842,인구천명당 사업체수(A÷B×1000),인구 천명당 사업체수(등록기반)(시도/시/군/구),2021,2023-10-12,Jung-gu,중구,개,101
행정구역별,149.9,23010,A,Each                          ,T10,DT_1YL20842,인구천명당 사업체수(A÷B×1000),인구 천명당 사업체수(등록기반)(시도/시/군/구),2022,2024-02-05,Jung-gu,중구,개,101
행정구역별,150.7,23010,A,Each                          ,T10,DT_1YL20842,인구천명당 사업체수(A÷B×1000),인구 천명당 사업체수(등록기반)(시도/시/군/구),2023,2025-02-11,Jung-gu,중구,개,101
행정구역별,143.1,23010,A,Each                          ,T10,DT_1YL20842,인구천명당 사업체수(A÷B×1000),인구 천명당 사업체수(등록기반)(시도/시/군/구),2024,2026-02-13,Jung-gu,중구,개,101
행정구역별,11700.0,23020,A,Each                          ,T001,DT_1YL20842,사업체수(A),인구 천명당 사업체수(등록기반)(시도/시/군/구),2020,2023-10-12,Dong-gu,동구,개,101
행정구역별,11247.0,23020,A,Each                          ,T001,DT_1YL20842,사업체수(A),인구 천명당 사업체수(등록기반)(시도/시/군/구),2021,2023-10-12,Dong-gu,동구,개,101
행정구역별,10935.0,23020,A,Each                          ,T001,DT_1YL20842,사업체수(A),인구 천명당 사업체수(등록기반)(시도/시/군/구),2022,2024-02-05,Dong-gu,동구,개,101
행정구역별,10714.0,23020,A,Each                          ,T001,DT_1YL20842,사업체수(A),인구 천명당 사업체수(등록기반)(시도/시/군/구),2023,2025-02-11,Dong-gu,동구,개,101
행정구역별,10702.0,23020,A,Each                          ,T001,DT_1YL20842,사업체수(A),인구 천명당 사업체수(등록기반)(시도/시/군/구),2024,2026-02-13,Dong-gu,동구,개,101
행정구역별,62542.0,23020,A,,T002,DT_1YL20842,주민등록인구(B),인구 천명당 사업체수(등록기반)(시도/시/군/구),2020,2023-10-12,Dong-gu,동구,명,101
행정구역별,61486.0,23020,A,,T002,DT_1YL20842,주민등록인구(B),인구 천명당 사업체수(등록기반)(시도/시/군/구),2021,2023-10-12,Dong-gu,동구,명,101
행정구역별,58999.0,23020,A,,T002,DT_1YL20842,주민등록인구(B),인구 천명당 사업체수(등록기반)(시도/시/군/구),2022,2024-02-05,Dong-gu,동구,명,101
행정구역별,59482.0,23020,A,,T002,DT_1YL20842,주민등록인구(B),인구 천명당 사업체수(등록기반)(시도/시/군/구),2023,2025-02-11,Dong-gu,동구,명,101
행정구역별,58296.0,23020,A,,T002,DT_1YL20842,주민등록인구(B),인구 천명당 사업체수(등록기반)(시도/시/군/구),2024,2026-02-13,Dong-gu,동구,명,101
행정구역별,187.1,23020,A,Each                          ,T10,DT_1YL20842,인구천명당 사업체수(A÷B×1000),인구 천명당 사업체수(등록기반)(시도/시/군/구),2020,2023-10-12,Dong-gu,동구,개,101
행정구역별,182.9,23020,A,Each                          ,T10,DT_1YL20842,인구천명당 사업체수(A÷B×1000),인구 천명당 사업체수(등록기반)(시도/시/군/구),2021,2023-10-12,Dong-gu,동구,개,101
행정구역별,185.3,23020,A,Each                          ,T10,DT_1YL20842,인구천명당 사업체수(A÷B×1000),인구 천명당 사업체수(등록기반)(시도/시/군/구),2022,2024-02-05,Dong-gu,동구,개,101
행정구역별,180.1,23020,A,Each                          ,T10,DT_1YL20842,인구천명당 사업체수(A÷B×1000),인구 천명당 사업체수(등록기반)(시도/시/군/구),2023,2025-02-11,Dong-gu,동구,개,101
행정구역별,183.6,23020,A,Each                          ,T10,DT_1YL20842,인구천명당 사업체수(A÷B×1000),인구 천명당 사업체수(등록기반)(시도/시/군/구),2024,2026-02-13,Dong-gu,동구,개,101
행정구역별,30960.0,23040,A,Each                          ,T001,DT_1YL20842,사업체수(A),인구 천명당 사업체수(등록기반)(시도/시/군/구),2020,2023-10-12,Yeonsu-gu,연수구,개,101
행정구역별,32548.0,23040,A,Each                          ,T001,DT_1YL20842,사업체수(A),인구 천명당 사업체수(등록기반)(시도/시/군/구),2021,2023-10-12,Yeonsu-gu,연수구,개,101
행정구역별,34041.0,23040,A,Each                          ,T001,DT_1YL20842,사업체수(A),인구 천명당 사업체수(등록기반)(시도/시/군/구),2022,2024-02-05,Yeonsu-gu,연수구,개,101
행정구역별,35693.0,23040,A,Each                          ,T001,DT_1YL20842,사업체수(A),인구 천명당 사업체수(등록기반)(시도/시/군/구),2023,2025-02-11,Yeonsu-gu,연수구,개,101
행정구역별,37217.0,23040,A,Each                          ,T001,DT_1YL20842,사업체수(A),인구 천명당 사업체수(등록기반)(시도/시/군/구),2024,2026-02-13,Yeonsu-gu,연수구,개,101
행정구역별,387450.0,23040,A,,T002,DT_1YL20842,주민등록인구(B),인구 천명당 사업체수(등록기반)(시도/시/군/구),2020,2023-10-12,Yeonsu-gu,연수구,명,101
행정구역별,389644.0,23040,A,,T002,DT_1YL20842,주민등록인구(B),인구 천명당 사업체수(등록기반)(시도/시/군/구),2021,2023-10-12,Yeonsu-gu,연수구,명,101
행정구역별,385796.0,23040,A,,T002,DT_1YL20842,주민등록인구(B),인구 천명당 사업체수(등록기반)(시도/시/군/구),2022,2024-02-05,Yeonsu-gu,연수구,명,101
행정구역별,392416.0,23040,A,,T002,DT_1YL20842,주민등록인구(B),인구 천명당 사업체수(등록기반)(시도/시/군/구),2023,2025-02-11,Yeonsu-gu,연수구,명,101
행정구역별,400213.0,23040,A,,T002,DT_1YL20842,주민등록인구(B),인구 천명당 사업체수(등록기반)(시도/시/군/구),2024,2026-02-13,Yeonsu-gu,연수구,명,101
행정구역별,79.9,23040,A,Each                          ,T10,DT_1YL20842,인구천명당 사업체수(A÷B×1000),인구 천명당 사업체수(등록기반)(시도/시/군/구),2020,2023-10-12,Yeonsu-gu,연수구,개,101
행정구역별,83.5,23040,A,Each                          ,T10,DT_1YL20842,인구천명당 사업체수(A÷B×1000),인구 천명당 사업체수(등록기반)(시도/시/군/구),2021,2023-10-12,Yeonsu-gu,연수구,개,101
행정구역별,88.2,23040,A,Each                          ,T10,DT_1YL20842,인구천명당 사업체수(A÷B×1000),인구 천명당 사업체수(등록기반)(시도/시/군/구),2022,2024-02-05,Yeonsu-gu,연수구,개,101
행정구역별,91.0,23040,A,Each                          ,T10,DT_1YL20842,인구천명당 사업체수(A÷B×1000),인구 천명당 사업체수(등록기반)(시도/시/군/구),2023,2025-02-11,Yeonsu-gu,연수구,개,101
행정구역별,93.0,23040,A,Each                          ,T10,DT_1YL20842,인구천명당 사업체수(A÷B×1000),인구 천명당 사업체수(등록기반)(시도/시/군/구),2024,2026-02-13,Yeonsu-gu,연수구,개,101
행정구역별,57582.0,23050,A,Each                          ,T001,DT_1YL20842,사업체수(A),인구 천명당 사업체수(등록기반)(시도/시/군/구),2020,2023-10-12,Namdong-gu,남동구,개,101
행정구역별,57621.0,23050,A,Each                          ,T001,DT_1YL20842,사업체수(A),인구 천명당 사업체수(등록기반)(시도/시/군/구),2021,2023-10-12,Namdong-gu,남동구,개,101
행정구역별,58596.0,23050,A,Each                          ,T001,DT_1YL20842,사업체수(A),인구 천명당 사업체수(등록기반)(시도/시/군/구),2022,2024-02-05,Namdong-gu,남동구,개,101
행정구역별,58158.0,23050,A,Each                          ,T001,DT_1YL20842,사업체수(A),인구 천명당 사업체수(등록기반)(시도/시/군/구),2023,2025-02-11,Namdong-gu,남동구,개,101
행정구역별,57760.0,23050,A,Each                          ,T001,DT_1YL20842,사업체수(A),인구 천명당 사업체수(등록기반)(시도/시/군/구),2024,2026-02-13,Namdong-gu,남동구,개,101
행정구역별,525354.0,23050,A,,T002,DT_1YL20842,주민등록인구(B),인구 천명당 사업체수(등록기반)(시도/시/군/구),2020,2023-10-12,Namdong-gu,남동구,명,101
행정구역별,518272.0,23050,A,,T002,DT_1YL20842,주민등록인구(B),인구 천명당 사업체수(등록기반)(시도/시/군/구),2021,2023-10-12,Namdong-gu,남동구,명,101
행정구역별,506181.0,23050,A,,T002,DT_1YL20842,주민등록인구(B),인구 천명당 사업체수(등록기반)(시도/시/군/구),2022,2024-02-05,Namdong-gu,남동구,명,101
행정구역별,492415.0,23050,A,,T002,DT_1YL20842,주민등록인구(B),인구 천명당 사업체수(등록기반)(시도/시/군/구),2023,2025-02-11,Namdong-gu,남동구,명,101
행정구역별,486225.0,23050,A,,T002,DT_1YL20842,주민등록인구(B),인구 천명당 사업체수(등록기반)(시도/시/군/구),2024,2026-02-13,Namdong-gu,남동구,명,101
행정구역별,109.6,23050,A,Each                          ,T10,DT_1YL20842,인구천명당 사업체수(A÷B×1000),인구 천명당 사업체수(등록기반)(시도/시/군/구),2020,2023-10-12,Namdong-gu,남동구,개,101
행정구역별,111.2,23050,A,Each                          ,T10,DT_1YL20842,인구천명당 사업체수(A÷B×1000),인구 천명당 사업체수(등록기반)(시도/시/군/구),2021,2023-10-12,Namdong-gu,남동구,개,101
행정구역별,115.8,23050,A,Each                          ,T10,DT_1YL20842,인구천명당 사업체수(A÷B×1000),인구 천명당 사업체수(등록기반)(시도/시/군/구),2022,2024-02-05,Namdong-gu,남동구,개,101
행정구역별,118.1,23050,A,Each                          ,T10,DT_1YL20842,인구천명당 사업체수(A÷B×1000),인구 천명당 사업체수(등록기반)(시도/시/군/구),2023,2025-02-11,Namdong-gu,남동구,개,101
행정구역별,118.8,23050,A,Each                          ,T10,DT_1YL20842,인구천명당 사업체수(A÷B×1000),인구 천명당 사업체수(등록기반)(시도/시/군/구),2024,2026-02-13,Namdong-gu,남동구,개,101
행정구역별,45115.0,23060,A,Each                          ,T001,DT_1YL20842,사업체수(A),인구 천명당 사업체수(등록기반)(시도/시/군/구),2020,2023-10-12,Bupyeong-gu,부평구,개,101
행정구역별,45679.0,23060,A,Each                          ,T001,DT_1YL20842,사업체수(A),인구 천명당 사업체수(등록기반)(시도/시/군/구),2021,2023-10-12,Bupyeong-gu,부평구,개,101
행정구역별,47615.0,23060,A,Each                          ,T001,DT_1YL20842,사업체수(A),인구 천명당 사업체수(등록기반)(시도/시/군/구),2022,2024-02-05,Bupyeong-gu,부평구,개,101
행정구역별,47307.0,23060,A,Each                          ,T001,DT_1YL20842,사업체수(A),인구 천명당 사업체수(등록기반)(시도/시/군/구),2023,2025-02-11,Bupyeong-gu,부평구,개,101
행정구역별,47969.0,23060,A,Each                          ,T001,DT_1YL20842,사업체수(A),인구 천명당 사업체수(등록기반)(시도/시/군/구),2024,2026-02-13,Bupyeong-gu,부평구,개,101
행정구역별,494962.0,23060,A,,T002,DT_1YL20842,주민등록인구(B),인구 천명당 사업체수(등록기반)(시도/시/군/구),2020,2023-10-12,Bupyeong-gu,부평구,명,101
행정구역별,486765.0,23060,A,,T002,DT_1YL20842,주민등록인구(B),인구 천명당 사업체수(등록기반)(시도/시/군/구),2021,2023-10-12,Bupyeong-gu,부평구,명,101
행정구역별,489118.0,23060,A,,T002,DT_1YL20842,주민등록인구(B),인구 천명당 사업체수(등록기반)(시도/시/군/구),2022,2024-02-05,Bupyeong-gu,부평구,명,101
행정구역별,494138.0,23060,A,,T002,DT_1YL20842,주민등록인구(B),인구 천명당 사업체수(등록기반)(시도/시/군/구),2023,2025-02-11,Bupyeong-gu,부평구,명,101
행정구역별,493200.0,23060,A,,T002,DT_1YL20842,주민등록인구(B),인구 천명당 사업체수(등록기반)(시도/시/군/구),2024,2026-02-13,Bupyeong-gu,부평구,명,101
행정구역별,91.1,23060,A,Each                          ,T10,DT_1YL20842,인구천명당 사업체수(A÷B×1000),인구 천명당 사업체수(등록기반)(시도/시/군/구),2020,2023-10-12,Bupyeong-gu,부평구,개,101
행정구역별,93.8,23060,A,Each                          ,T10,DT_1YL20842,인구천명당 사업체수(A÷B×1000),인구 천명당 사업체수(등록기반)(시도/시/군/구),2021,2023-10-12,Bupyeong-gu,부평구,개,101
행정구역별,97.3,23060,A,Each                          ,T10,DT_1YL20842,인구천명당 사업체수(A÷B×1000),인구 천명당 사업체수(등록기반)(시도/시/군/구),2022,2024-02-05,Bupyeong-gu,부평구,개,101
행정구역별,95.7,23060,A,Each                          ,T10,DT_1YL20842,인구천명당 사업체수(A÷B×1000),인구 천명당 사업체수(등록기반)(시도/시/군/구),2023,2025-02-11,Bupyeong-gu,부평구,개,101
행정구역별,97.3,23060,A,Each                          ,T10,DT_1YL20842,인구천명당 사업체수(A÷B×1000),인구 천명당 사업체수(등록기반)(시도/시/군/구),2024,2026-02-13,Bupyeong-gu,부평구,개,101
행정구역별,27717.0,23070,A,Each                          ,T001,DT_1YL20842,사업체수(A),인구 천명당 사업체수(등록기반)(시도/시/군/구),2020,2023-10-12,Gyeyang-gu,계양구,개,101
행정구역별,27913.0,23070,A,Each                          ,T001,DT_1YL20842,사업체수(A),인구 천명당 사업체수(등록기반)(시도/시/군/구),2021,2023-10-12,Gyeyang-gu,계양구,개,101
행정구역별,28068.0,23070,A,Each                          ,T001,DT_1YL20842,사업체수(A),인구 천명당 사업체수(등록기반)(시도/시/군/구),2022,2024-02-05,Gyeyang-gu,계양구,개,101
행정구역별,28286.0,23070,A,Each                          ,T001,DT_1YL20842,사업체수(A),인구 천명당 사업체수(등록기반)(시도/시/군/구),2023,2025-02-11,Gyeyang-gu,계양구,개,101
행정구역별,28211.0,23070,A,Each                          ,T001,DT_1YL20842,사업체수(A),인구 천명당 사업체수(등록기반)(시도/시/군/구),2024,2026-02-13,Gyeyang-gu,계양구,개,101
행정구역별,296750.0,23070,A,,T002,DT_1YL20842,주민등록인구(B),인구 천명당 사업체수(등록기반)(시도/시/군/구),2020,2023-10-12,Gyeyang-gu,계양구,명,101
행정구역별,295696.0,23070,A,,T002,DT_1YL20842,주민등록인구(B),인구 천명당 사업체수(등록기반)(시도/시/군/구),2021,2023-10-12,Gyeyang-gu,계양구,명,101
행정구역별,288856.0,23070,A,,T002,DT_1YL20842,주민등록인구(B),인구 천명당 사업체수(등록기반)(시도/시/군/구),2022,2024-02-05,Gyeyang-gu,계양구,명,101
행정구역별,280266.0,23070,A,,T002,DT_1YL20842,주민등록인구(B),인구 천명당 사업체수(등록기반)(시도/시/군/구),2023,2025-02-11,Gyeyang-gu,계양구,명,101
행정구역별,280227.0,23070,A,,T002,DT_1YL20842,주민등록인구(B),인구 천명당 사업체수(등록기반)(시도/시/군/구),2024,2026-02-13,Gyeyang-gu,계양구,명,101
행정구역별,93.4,23070,A,Each                          ,T10,DT_1YL20842,인구천명당 사업체수(A÷B×1000),인구 천명당 사업체수(등록기반)(시도/시/군/구),2020,2023-10-12,Gyeyang-gu,계양구,개,101
행정구역별,94.4,23070,A,Each                          ,T10,DT_1YL20842,인구천명당 사업체수(A÷B×1000),인구 천명당 사업체수(등록기반)(시도/시/군/구),2021,2023-10-12,Gyeyang-gu,계양구,개,101
행정구역별,97.2,23070,A,Each                          ,T10,DT_1YL20842,인구천명당 사업체수(A÷B×1000),인구 천명당 사업체수(등록기반)(시도/시/군/구),2022,2024-02-05,Gyeyang-gu,계양구,개,101
행정구역별,100.9,23070,A,Each                          ,T10,DT_1YL20842,인구천명당 사업체수(A÷B×1000),인구 천명당 사업체수(등록기반)(시도/시/군/구),2023,2025-02-11,Gyeyang-gu,계양구,개,101
행정구역별,100.7,23070,A,Each                          ,T10,DT_1YL20842,인구천명당 사업체수(A÷B×1000),인구 천명당 사업체수(등록기반)(시도/시/군/구),2024,2026-02-13,Gyeyang-gu,계양구,개,101
행정구역별,57942.0,23080,A,Each                          ,T001,DT_1YL20842,사업체수(A),인구 천명당 사업체수(등록기반)(시도/시/군/구),2020,2023-10-12,Seo-gu,서구,개,101
행정구역별,58270.0,23080,A,Each                          ,T001,DT_1YL20842,사업체수(A),인구 천명당 사업체수(등록기반)(시도/시/군/구),2021,2023-10-12,Seo-gu,서구,개,101
행정구역별,61255.0,23080,A,Each                          ,T001,DT_1YL20842,사업체수(A),인구 천명당 사업체수(등록기반)(시도/시/군/구),2022,2024-02-05,Seo-gu,서구,개,101
행정구역별,63831.0,23080,A,Each                          ,T001,DT_1YL20842,사업체수(A),인구 천명당 사업체수(등록기반)(시도/시/군/구),2023,2025-02-11,Seo-gu,서구,개,101
행정구역별,67789.0,23080,A,Each                          ,T001,DT_1YL20842,사업체수(A),인구 천명당 사업체수(등록기반)(시도/시/군/구),2024,2026-02-13,Seo-gu,서구,개,101
행정구역별,542040.0,23080,A,,T002,DT_1YL20842,주민등록인구(B),인구 천명당 사업체수(등록기반)(시도/시/군/구),2020,2023-10-12,Seo-gu,서구,명,101
행정구역별,555380.0,23080,A,,T002,DT_1YL20842,주민등록인구(B),인구 천명당 사업체수(등록기반)(시도/시/군/구),2021,2023-10-12,Seo-gu,서구,명,101
행정구역별,589013.0,23080,A,,T002,DT_1YL20842,주민등록인구(B),인구 천명당 사업체수(등록기반)(시도/시/군/구),2022,2024-02-05,Seo-gu,서구,명,101
행정구역별,624358.0,23080,A,,T002,DT_1YL20842,주민등록인구(B),인구 천명당 사업체수(등록기반)(시도/시/군/구),2023,2025-02-11,Seo-gu,서구,명,101
행정구역별,634064.0,23080,A,,T002,DT_1YL20842,주민등록인구(B),인구 천명당 사업체수(등록기반)(시도/시/군/구),2024,2026-02-13,Seo-gu,서구,명,101
행정구역별,106.9,23080,A,Each                          ,T10,DT_1YL20842,인구천명당 사업체수(A÷B×1000),인구 천명당 사업체수(등록기반)(시도/시/군/구),2020,2023-10-12,Seo-gu,서구,개,101
행정구역별,104.9,23080,A,Each                          ,T10,DT_1YL20842,인구천명당 사업체수(A÷B×1000),인구 천명당 사업체수(등록기반)(시도/시/군/구),2021,2023-10-12,Seo-gu,서구,개,101
행정구역별,104.0,23080,A,Each                          ,T10,DT_1YL20842,인구천명당 사업체수(A÷B×1000),인구 천명당 사업체수(등록기반)(시도/시/군/구),2022,2024-02-05,Seo-gu,서구,개,101
행정구역별,102.2,23080,A,Each                          ,T10,DT_1YL20842,인구천명당 사업체수(A÷B×1000),인구 천명당 사업체수(등록기반)(시도/시/군/구),2023,2025-02-11,Seo-gu,서구,개,101
행정구역별,106.9,23080,A,Each                          ,T10,DT_1YL20842,인구천명당 사업체수(A÷B×1000),인구 천명당 사업체수(등록기반)(시도/시/군/구),2024,2026-02-13,Seo-gu,서구,개,101
행정구역별,41566.0,23090,A,Each                          ,T001,DT_1YL20842,사업체수(A),인구 천명당 사업체수(등록기반)(시도/시/군/구),2020,2023-10-12,Michuhol-gu,미추홀구,개,101
행정구역별,41395.0,23090,A,Each                          ,T001,DT_1YL20842,사업체수(A),인구 천명당 사업체수(등록기반)(시도/시/군/구),2021,2023-10-12,Michuhol-gu,미추홀구,개,101
행정구역별,41696.0,23090,A,Each                          ,T001,DT_1YL20842,사업체수(A),인구 천명당 사업체수(등록기반)(시도/시/군/구),2022,2024-02-05,Michuhol-gu,미추홀구,개,101
행정구역별,42151.0,23090,A,Each                          ,T001,DT_1YL20842,사업체수(A),인구 천명당 사업체수(등록기반)(시도/시/군/구),2023,2025-02-11,Michuhol-gu,미추홀구,개,101
행정구역별,42899.0,23090,A,Each                          ,T001,DT_1YL20842,사업체수(A),인구 천명당 사업체수(등록기반)(시도/시/군/구),2024,2026-02-13,Michuhol-gu,미추홀구,개,101
행정구역별,404343.0,23090,A,,T002,DT_1YL20842,주민등록인구(B),인구 천명당 사업체수(등록기반)(시도/시/군/구),2020,2023-10-12,Michuhol-gu,미추홀구,명,101
행정구역별,407464.0,23090,A,,T002,DT_1YL20842,주민등록인구(B),인구 천명당 사업체수(등록기반)(시도/시/군/구),2021,2023-10-12,Michuhol-gu,미추홀구,명,101
행정구역별,406004.0,23090,A,,T002,DT_1YL20842,주민등록인구(B),인구 천명당 사업체수(등록기반)(시도/시/군/구),2022,2024-02-05,Michuhol-gu,미추홀구,명,101
행정구역별,405995.0,23090,A,,T002,DT_1YL20842,주민등록인구(B),인구 천명당 사업체수(등록기반)(시도/시/군/구),2023,2025-02-11,Michuhol-gu,미추홀구,명,101
행정구역별,412274.0,23090,A,,T002,DT_1YL20842,주민등록인구(B),인구 천명당 사업체수(등록기반)(시도/시/군/구),2024,2026-02-13,Michuhol-gu,미추홀구,명,101
행정구역별,102.8,23090,A,Each                          ,T10,DT_1YL20842,인구천명당 사업체수(A÷B×1000),인구 천명당 사업체수(등록기반)(시도/시/군/구),2020,2023-10-12,Michuhol-gu,미추홀구,개,101
행정구역별,101.6,23090,A,Each                          ,T10,DT_1YL20842,인구천명당 사업체수(A÷B×1000),인구 천명당 사업체수(등록기반)(시도/시/군/구),2021,2023-10-12,Michuhol-gu,미추홀구,개,101
행정구역별,102.7,23090,A,Each                          ,T10,DT_1YL20842,인구천명당 사업체수(A÷B×1000),인구 천명당 사업체수(등록기반)(시도/시/군/구),2022,2024-02-05,Michuhol-gu,미추홀구,개,101
행정구역별,103.8,23090,A,Each                          ,T10,DT_1YL20842,인구천명당 사업체수(A÷B×1000),인구 천명당 사업체수(등록기반)(시도/시/군/구),2023,2025-02-11,Michuhol-gu,미추홀구,개,101
행정구역별,104.1,23090,A,Each                          ,T10,DT_1YL20842,인구천명당 사업체수(A÷B×1000),인구 천명당 사업체수(등록기반)(시도/시/군/구),2024,2026-02-13,Michuhol-gu,미추홀구,개,101
행정구역별,8929.0,23510,A,Each                          ,T001,DT_1YL20842,사업체수(A),인구 천명당 사업체수(등록기반)(시도/시/군/구),2020,2023-10-12,Ganghwa-gun,강화군,개,101
행정구역별,9256.0,23510,A,Each                          ,T001,DT_1YL20842,사업체수(A),인구 천명당 사업체수(등록기반)(시도/시/군/구),2021,2023-10-12,Ganghwa-gun,강화군,개,101
행정구역별,9318.0,23510,A,Each                          ,T001,DT_1YL20842,사업체수(A),인구 천명당 사업체수(등록기반)(시도/시/군/구),2022,2024-02-05,Ganghwa-gun,강화군,개,101
행정구역별,9514.0,23510,A,Each                          ,T001,DT_1YL20842,사업체수(A),인구 천명당 사업체수(등록기반)(시도/시/군/구),2023,2025-02-11,Ganghwa-gun,강화군,개,101
행정구역별,9711.0,23510,A,Each                          ,T001,DT_1YL20842,사업체수(A),인구 천명당 사업체수(등록기반)(시도/시/군/구),2024,2026-02-13,Ganghwa-gun,강화군,개,101
행정구역별,69203.0,23510,A,,T002,DT_1YL20842,주민등록인구(B),인구 천명당 사업체수(등록기반)(시도/시/군/구),2020,2023-10-12,Ganghwa-gun,강화군,명,101
행정구역별,69693.0,23510,A,,T002,DT_1YL20842,주민등록인구(B),인구 천명당 사업체수(등록기반)(시도/시/군/구),2021,2023-10-12,Ganghwa-gun,강화군,명,101
행정구역별,69803.0,23510,A,,T002,DT_1YL20842,주민등록인구(B),인구 천명당 사업체수(등록기반)(시도/시/군/구),2022,2024-02-05,Ganghwa-gun,강화군,명,101
행정구역별,69005.0,23510,A,,T002,DT_1YL20842,주민등록인구(B),인구 천명당 사업체수(등록기반)(시도/시/군/구),2023,2025-02-11,Ganghwa-gun,강화군,명,101
행정구역별,69402.0,23510,A,,T002,DT_1YL20842,주민등록인구(B),인구 천명당 사업체수(등록기반)(시도/시/군/구),2024,2026-02-13,Ganghwa-gun,강화군,명,101
행정구역별,129.0,23510,A,Each                          ,T10,DT_1YL20842,인구천명당 사업체수(A÷B×1000),인구 천명당 사업체수(등록기반)(시도/시/군/구),2020,2023-10-12,Ganghwa-gun,강화군,개,101
행정구역별,132.8,23510,A,Each                          ,T10,DT_1YL20842,인구천명당 사업체수(A÷B×1000),인구 천명당 사업체수(등록기반)(시도/시/군/구),2021,2023-10-12,Ganghwa-gun,강화군,개,101
행정구역별,133.5,23510,A,Each                          ,T10,DT_1YL20842,인구천명당 사업체수(A÷B×1000),인구 천명당 사업체수(등록기반)(시도/시/군/구),2022,2024-02-05,Ganghwa-gun,강화군,개,101
행정구역별,137.9,23510,A,Each                          ,T10,DT_1YL20842,인구천명당 사업체수(A÷B×1000),인구 천명당 사업체수(등록기반)(시도/시/군/구),2023,2025-02-11,Ganghwa-gun,강화군,개,101
행정구역별,139.9,23510,A,Each                          ,T10,DT_1YL20842,인구천명당 사업체수(A÷B×1000),인구 천명당 사업체수(등록기반)(시도/시/군/구),2024,2026-02-13,Ganghwa-gun,강화군,개,101
행정구역별,2486.0,23520,A,Each                          ,T001,DT_1YL20842,사업체수(A),인구 천명당 사업체수(등록기반)(시도/시/군/구),2020,2023-10-12,Ongjin-gun,옹진군,개,101
행정구역별,2593.0,23520,A,Each                          ,T001,DT_1YL20842,사업체수(A),인구 천명당 사업체수(등록기반)(시도/시/군/구),2021,2023-10-12,Ongjin-gun,옹진군,개,101
행정구역별,2692.0,23520,A,Each                          ,T001,DT_1YL20842,사업체수(A),인구 천명당 사업체수(등록기반)(시도/시/군/구),2022,2024-02-05,Ongjin-gun,옹진군,개,101
행정구역별,2689.0,23520,A,Each                          ,T001,DT_1YL20842,사업체수(A),인구 천명당 사업체수(등록기반)(시도/시/군/구),2023,2025-02-11,Ongjin-gun,옹진군,개,101
행정구역별,2755.0,23520,A,Each                          ,T001,DT_1YL20842,사업체수(A),인구 천명당 사업체수(등록기반)(시도/시/군/구),2024,2026-02-13,Ongjin-gun,옹진군,개,101
행정구역별,20455.0,23520,A,,T002,DT_1YL20842,주민등록인구(B),인구 천명당 사업체수(등록기반)(시도/시/군/구),2020,2023-10-12,Ongjin-gun,옹진군,명,101
행정구역별,20342.0,23520,A,,T002,DT_1YL20842,주민등록인구(B),인구 천명당 사업체수(등록기반)(시도/시/군/구),2021,2023-10-12,Ongjin-gun,옹진군,명,101
행정구역별,20613.0,23520,A,,T002,DT_1YL20842,주민등록인구(B),인구 천명당 사업체수(등록기반)(시도/시/군/구),2022,2024-02-05,Ongjin-gun,옹진군,명,101
행정구역별,20377.0,23520,A,,T002,DT_1YL20842,주민등록인구(B),인구 천명당 사업체수(등록기반)(시도/시/군/구),2023,2025-02-11,Ongjin-gun,옹진군,명,101
행정구역별,19996.0,23520,A,,T002,DT_1YL20842,주민등록인구(B),인구 천명당 사업체수(등록기반)(시도/시/군/구),2024,2026-02-13,Ongjin-gun,옹진군,명,101
행정구역별,121.5,23520,A,Each                          ,T10,DT_1YL20842,인구천명당 사업체수(A÷B×1000),인구 천명당 사업체수(등록기반)(시도/시/군/구),2020,2023-10-12,Ongjin-gun,옹진군,개,101
행정구역별,127.5,23520,A,Each                          ,T10,DT_1YL20842,인구천명당 사업체수(A÷B×1000),인구 천명당 사업체수(등록기반)(시도/시/군/구),2021,2023-10-12,Ongjin-gun,옹진군,개,101
행정구역별,130.6,23520,A,Each                          ,T10,DT_1YL20842,인구천명당 사업체수(A÷B×1000),인구 천명당 사업체수(등록기반)(시도/시/군/구),2022,2024-02-05,Ongjin-gun,옹진군,개,101
행정구역별,132.0,23520,A,Each                          ,T10,DT_1YL20842,인구천명당 사업체수(A÷B×1000),인구 천명당 사업체수(등록기반)(시도/시/군/구),2023,2025-02-11,Ongjin-gun,옹진군,개,101
행정구역별,137.8,23520,A,Each                          ,T10,DT_1YL20842,인구천명당 사업체수(A÷B×1000),인구 천명당 사업체수(등록기반)(시도/시/군/구),2024,2026-02-13,Ongjin-gun,옹진군,개,101
행정구역별,170085.0,24,A,Each                          ,T001,DT_1YL20842,사업체수(A),인구 천명당 사업체수(등록기반)(시도/시/군/구),2020,2023-10-12,Gwangju,광주광역시,개,101
행정구역별,170973.0,24,A,Each                          ,T001,DT_1YL20842,사업체수(A),인구 천명당 사업체수(등록기반)(시도/시/군/구),2021,2023-10-12,Gwangju,광주광역시,개,101
행정구역별,170894.0,24,A,Each                          ,T001,DT_1YL20842,사업체수(A),인구 천명당 사업체수(등록기반)(시도/시/군/구),2022,2024-02-05,Gwangju,광주광역시,개,101
행정구역별,173424.0,24,A,Each                          ,T001,DT_1YL20842,사업체수(A),인구 천명당 사업체수(등록기반)(시도/시/군/구),2023,2025-02-11,Gwangju,광주광역시,개,101
행정구역별,175238.0,24,A,Each                          ,T001,DT_1YL20842,사업체수(A),인구 천명당 사업체수(등록기반)(시도/시/군/구),2024,2026-02-13,Gwangju,광주광역시,개,101
행정구역별,1450062.0,24,A,,T002,DT_1YL20842,주민등록인구(B),인구 천명당 사업체수(등록기반)(시도/시/군/구),2020,2023-10-12,Gwangju,광주광역시,명,101
행정구역별,1441611.0,24,A,,T002,DT_1YL20842,주민등록인구(B),인구 천명당 사업체수(등록기반)(시도/시/군/구),2021,2023-10-12,Gwangju,광주광역시,명,101
행정구역별,1431050.0,24,A,,T002,DT_1YL20842,주민등록인구(B),인구 천명당 사업체수(등록기반)(시도/시/군/구),2022,2024-02-05,Gwangju,광주광역시,명,101
행정구역별,1419237.0,24,A,,T002,DT_1YL20842,주민등록인구(B),인구 천명당 사업체수(등록기반)(시도/시/군/구),2023,2025-02-11,Gwangju,광주광역시,명,101
행정구역별,1408422.0,24,A,,T002,DT_1YL20842,주민등록인구(B),인구 천명당 사업체수(등록기반)(시도/시/군/구),2024,2026-02-13,Gwangju,광주광역시,명,101
행정구역별,117.3,24,A,Each                          ,T10,DT_1YL20842,인구천명당 사업체수(A÷B×1000),인구 천명당 사업체수(등록기반)(시도/시/군/구),2020,2023-10-12,Gwangju,광주광역시,개,101
행정구역별,118.6,24,A,Each                          ,T10,DT_1YL20842,인구천명당 사업체수(A÷B×1000),인구 천명당 사업체수(등록기반)(시도/시/군/구),2021,2023-10-12,Gwangju,광주광역시,개,101
행정구역별,119.4,24,A,Each                          ,T10,DT_1YL20842,인구천명당 사업체수(A÷B×1000),인구 천명당 사업체수(등록기반)(시도/시/군/구),2022,2024-02-05,Gwangju,광주광역시,개,101
행정구역별,122.2,24,A,Each                          ,T10,DT_1YL20842,인구천명당 사업체수(A÷B×1000),인구 천명당 사업체수(등록기반)(시도/시/군/구),2023,2025-02-11,Gwangju,광주광역시,개,101
행정구역별,124.4,24,A,Each                          ,T10,DT_1YL20842,인구천명당 사업체수(A÷B×1000),인구 천명당 사업체수(등록기반)(시도/시/군/구),2024,2026-02-13,Gwangju,광주광역시,개,101
행정구역별,17650.0,24010,A,Each                          ,T001,DT_1YL20842,사업체수(A),인구 천명당 사업체수(등록기반)(시도/시/군/구),2020,2023-10-12,Dong-gu,동구,개,101
행정구역별,17979.0,24010,A,Each                          ,T001,DT_1YL20842,사업체수(A),인구 천명당 사업체수(등록기반)(시도/시/군/구),2021,2023-10-12,Dong-gu,동구,개,101
행정구역별,17842.0,24010,A,Each                          ,T001,DT_1YL20842,사업체수(A),인구 천명당 사업체수(등록기반)(시도/시/군/구),2022,2024-02-05,Dong-gu,동구,개,101
행정구역별,18276.0,24010,A,Each                          ,T001,DT_1YL20842,사업체수(A),인구 천명당 사업체수(등록기반)(시도/시/군/구),2023,2025-02-11,Dong-gu,동구,개,101
행정구역별,18067.0,24010,A,Each                          ,T001,DT_1YL20842,사업체수(A),인구 천명당 사업체수(등록기반)(시도/시/군/구),2024,2026-02-13,Dong-gu,동구,개,101
행정구역별,102897.0,24010,A,,T002,DT_1YL20842,주민등록인구(B),인구 천명당 사업체수(등록기반)(시도/시/군/구),2020,2023-10-12,Dong-gu,동구,명,101
행정구역별,103470.0,24010,A,,T002,DT_1YL20842,주민등록인구(B),인구 천명당 사업체수(등록기반)(시도/시/군/구),2021,2023-10-12,Dong-gu,동구,명,101
행정구역별,105909.0,24010,A,,T002,DT_1YL20842,주민등록인구(B),인구 천명당 사업체수(등록기반)(시도/시/군/구),2022,2024-02-05,Dong-gu,동구,명,101
행정구역별,107176.0,24010,A,,T002,DT_1YL20842,주민등록인구(B),인구 천명당 사업체수(등록기반)(시도/시/군/구),2023,2025-02-11,Dong-gu,동구,명,101
행정구역별,106203.0,24010,A,,T002,DT_1YL20842,주민등록인구(B),인구 천명당 사업체수(등록기반)(시도/시/군/구),2024,2026-02-13,Dong-gu,동구,명,101
행정구역별,171.5,24010,A,Each                          ,T10,DT_1YL20842,인구천명당 사업체수(A÷B×1000),인구 천명당 사업체수(등록기반)(시도/시/군/구),2020,2023-10-12,Dong-gu,동구,개,101
행정구역별,173.8,24010,A,Each                          ,T10,DT_1YL20842,인구천명당 사업체수(A÷B×1000),인구 천명당 사업체수(등록기반)(시도/시/군/구),2021,2023-10-12,Dong-gu,동구,개,101
행정구역별,168.5,24010,A,Each                          ,T10,DT_1YL20842,인구천명당 사업체수(A÷B×1000),인구 천명당 사업체수(등록기반)(시도/시/군/구),2022,2024-02-05,Dong-gu,동구,개,101
행정구역별,170.5,24010,A,Each                          ,T10,DT_1YL20842,인구천명당 사업체수(A÷B×1000),인구 천명당 사업체수(등록기반)(시도/시/군/구),2023,2025-02-11,Dong-gu,동구,개,101
행정구역별,170.1,24010,A,Each                          ,T10,DT_1YL20842,인구천명당 사업체수(A÷B×1000),인구 천명당 사업체수(등록기반)(시도/시/군/구),2024,2026-02-13,Dong-gu,동구,개,101
행정구역별,39346.0,24020,A,Each                          ,T001,DT_1YL20842,사업체수(A),인구 천명당 사업체수(등록기반)(시도/시/군/구),2020,2023-10-12,Seo-gu,서구,개,101
행정구역별,39773.0,24020,A,Each                          ,T001,DT_1YL20842,사업체수(A),인구 천명당 사업체수(등록기반)(시도/시/군/구),2021,2023-10-12,Seo-gu,서구,개,101
행정구역별,39559.0,24020,A,Each                          ,T001,DT_1YL20842,사업체수(A),인구 천명당 사업체수(등록기반)(시도/시/군/구),2022,2024-02-05,Seo-gu,서구,개,101
행정구역별,40031.0,24020,A,Each                          ,T001,DT_1YL20842,사업체수(A),인구 천명당 사업체수(등록기반)(시도/시/군/구),2023,2025-02-11,Seo-gu,서구,개,101
행정구역별,40795.0,24020,A,Each                          ,T001,DT_1YL20842,사업체수(A),인구 천명당 사업체수(등록기반)(시도/시/군/구),2024,2026-02-13,Seo-gu,서구,개,101
행정구역별,296576.0,24020,A,,T002,DT_1YL20842,주민등록인구(B),인구 천명당 사업체수(등록기반)(시도/시/군/구),2020,2023-10-12,Seo-gu,서구,명,101
행정구역별,291231.0,24020,A,,T002,DT_1YL20842,주민등록인구(B),인구 천명당 사업체수(등록기반)(시도/시/군/구),2021,2023-10-12,Seo-gu,서구,명,101
행정구역별,287401.0,24020,A,,T002,DT_1YL20842,주민등록인구(B),인구 천명당 사업체수(등록기반)(시도/시/군/구),2022,2024-02-05,Seo-gu,서구,명,101
행정구역별,283991.0,24020,A,,T002,DT_1YL20842,주민등록인구(B),인구 천명당 사업체수(등록기반)(시도/시/군/구),2023,2025-02-11,Seo-gu,서구,명,101
행정구역별,279050.0,24020,A,,T002,DT_1YL20842,주민등록인구(B),인구 천명당 사업체수(등록기반)(시도/시/군/구),2024,2026-02-13,Seo-gu,서구,명,101
행정구역별,132.7,24020,A,Each                          ,T10,DT_1YL20842,인구천명당 사업체수(A÷B×1000),인구 천명당 사업체수(등록기반)(시도/시/군/구),2020,2023-10-12,Seo-gu,서구,개,101
행정구역별,136.6,24020,A,Each                          ,T10,DT_1YL20842,인구천명당 사업체수(A÷B×1000),인구 천명당 사업체수(등록기반)(시도/시/군/구),2021,2023-10-12,Seo-gu,서구,개,101
행정구역별,137.6,24020,A,Each                          ,T10,DT_1YL20842,인구천명당 사업체수(A÷B×1000),인구 천명당 사업체수(등록기반)(시도/시/군/구),2022,2024-02-05,Seo-gu,서구,개,101
행정구역별,141.0,24020,A,Each                          ,T10,DT_1YL20842,인구천명당 사업체수(A÷B×1000),인구 천명당 사업체수(등록기반)(시도/시/군/구),2023,2025-02-11,Seo-gu,서구,개,101
행정구역별,146.2,24020,A,Each                          ,T10,DT_1YL20842,인구천명당 사업체수(A÷B×1000),인구 천명당 사업체수(등록기반)(시도/시/군/구),2024,2026-02-13,Seo-gu,서구,개,101
행정구역별,18586.0,24030,A,Each                          ,T001,DT_1YL20842,사업체수(A),인구 천명당 사업체수(등록기반)(시도/시/군/구),2020,2023-10-12,Nam-gu,남구,개,101
행정구역별,18706.0,24030,A,Each                          ,T001,DT_1YL20842,사업체수(A),인구 천명당 사업체수(등록기반)(시도/시/군/구),2021,2023-10-12,Nam-gu,남구,개,101
행정구역별,18667.0,24030,A,Each                          ,T001,DT_1YL20842,사업체수(A),인구 천명당 사업체수(등록기반)(시도/시/군/구),2022,2024-02-05,Nam-gu,남구,개,101
행정구역별,19422.0,24030,A,Each                          ,T001,DT_1YL20842,사업체수(A),인구 천명당 사업체수(등록기반)(시도/시/군/구),2023,2025-02-11,Nam-gu,남구,개,101
행정구역별,19387.0,24030,A,Each                          ,T001,DT_1YL20842,사업체수(A),인구 천명당 사업체수(등록기반)(시도/시/군/구),2024,2026-02-13,Nam-gu,남구,개,101
행정구역별,214579.0,24030,A,,T002,DT_1YL20842,주민등록인구(B),인구 천명당 사업체수(등록기반)(시도/시/군/구),2020,2023-10-12,Nam-gu,남구,명,101
행정구역별,215575.0,24030,A,,T002,DT_1YL20842,주민등록인구(B),인구 천명당 사업체수(등록기반)(시도/시/군/구),2021,2023-10-12,Nam-gu,남구,명,101
행정구역별,212379.0,24030,A,,T002,DT_1YL20842,주민등록인구(B),인구 천명당 사업체수(등록기반)(시도/시/군/구),2022,2024-02-05,Nam-gu,남구,명,101
행정구역별,209646.0,24030,A,,T002,DT_1YL20842,주민등록인구(B),인구 천명당 사업체수(등록기반)(시도/시/군/구),2023,2025-02-11,Nam-gu,남구,명,101
행정구역별,207597.0,24030,A,,T002,DT_1YL20842,주민등록인구(B),인구 천명당 사업체수(등록기반)(시도/시/군/구),2024,2026-02-13,Nam-gu,남구,명,101
행정구역별,86.6,24030,A,Each                          ,T10,DT_1YL20842,인구천명당 사업체수(A÷B×1000),인구 천명당 사업체수(등록기반)(시도/시/군/구),2020,2023-10-12,Nam-gu,남구,개,101
행정구역별,86.8,24030,A,Each                          ,T10,DT_1YL20842,인구천명당 사업체수(A÷B×1000),인구 천명당 사업체수(등록기반)(시도/시/군/구),2021,2023-10-12,Nam-gu,남구,개,101
행정구역별,87.9,24030,A,Each                          ,T10,DT_1YL20842,인구천명당 사업체수(A÷B×1000),인구 천명당 사업체수(등록기반)(시도/시/군/구),2022,2024-02-05,Nam-gu,남구,개,101
행정구역별,92.6,24030,A,Each                          ,T10,DT_1YL20842,인구천명당 사업체수(A÷B×1000),인구 천명당 사업체수(등록기반)(시도/시/군/구),2023,2025-02-11,Nam-gu,남구,개,101
행정구역별,93.4,24030,A,Each                          ,T10,DT_1YL20842,인구천명당 사업체수(A÷B×1000),인구 천명당 사업체수(등록기반)(시도/시/군/구),2024,2026-02-13,Nam-gu,남구,개,101
행정구역별,47067.0,24040,A,Each                          ,T001,DT_1YL20842,사업체수(A),인구 천명당 사업체수(등록기반)(시도/시/군/구),2020,2023-10-12,Buk-gu,북구,개,101
행정구역별,46173.0,24040,A,Each                          ,T001,DT_1YL20842,사업체수(A),인구 천명당 사업체수(등록기반)(시도/시/군/구),2021,2023-10-12,Buk-gu,북구,개,101
행정구역별,45484.0,24040,A,Each                          ,T001,DT_1YL20842,사업체수(A),인구 천명당 사업체수(등록기반)(시도/시/군/구),2022,2024-02-05,Buk-gu,북구,개,101
행정구역별,46092.0,24040,A,Each                          ,T001,DT_1YL20842,사업체수(A),인구 천명당 사업체수(등록기반)(시도/시/군/구),2023,2025-02-11,Buk-gu,북구,개,101
행정구역별,46383.0,24040,A,Each                          ,T001,DT_1YL20842,사업체수(A),인구 천명당 사업체수(등록기반)(시도/시/군/구),2024,2026-02-13,Buk-gu,북구,개,101
행정구역별,430431.0,24040,A,,T002,DT_1YL20842,주민등록인구(B),인구 천명당 사업체수(등록기반)(시도/시/군/구),2020,2023-10-12,Buk-gu,북구,명,101
행정구역별,427114.0,24040,A,,T002,DT_1YL20842,주민등록인구(B),인구 천명당 사업체수(등록기반)(시도/시/군/구),2021,2023-10-12,Buk-gu,북구,명,101
행정구역별,424707.0,24040,A,,T002,DT_1YL20842,주민등록인구(B),인구 천명당 사업체수(등록기반)(시도/시/군/구),2022,2024-02-05,Buk-gu,북구,명,101
행정구역별,421683.0,24040,A,,T002,DT_1YL20842,주민등록인구(B),인구 천명당 사업체수(등록기반)(시도/시/군/구),2023,2025-02-11,Buk-gu,북구,명,101
행정구역별,423961.0,24040,A,,T002,DT_1YL20842,주민등록인구(B),인구 천명당 사업체수(등록기반)(시도/시/군/구),2024,2026-02-13,Buk-gu,북구,명,101
행정구역별,109.3,24040,A,Each                          ,T10,DT_1YL20842,인구천명당 사업체수(A÷B×1000),인구 천명당 사업체수(등록기반)(시도/시/군/구),2020,2023-10-12,Buk-gu,북구,개,101
행정구역별,108.1,24040,A,Each                          ,T10,DT_1YL20842,인구천명당 사업체수(A÷B×1000),인구 천명당 사업체수(등록기반)(시도/시/군/구),2021,2023-10-12,Buk-gu,북구,개,101
행정구역별,107.1,24040,A,Each                          ,T10,DT_1YL20842,인구천명당 사업체수(A÷B×1000),인구 천명당 사업체수(등록기반)(시도/시/군/구),2022,2024-02-05,Buk-gu,북구,개,101
행정구역별,109.3,24040,A,Each                          ,T10,DT_1YL20842,인구천명당 사업체수(A÷B×1000),인구 천명당 사업체수(등록기반)(시도/시/군/구),2023,2025-02-11,Buk-gu,북구,개,101
행정구역별,109.4,24040,A,Each                          ,T10,DT_1YL20842,인구천명당 사업체수(A÷B×1000),인구 천명당 사업체수(등록기반)(시도/시/군/구),2024,2026-02-13,Buk-gu,북구,개,101
행정구역별,47436.0,24050,A,Each                          ,T001,DT_1YL20842,사업체수(A),인구 천명당 사업체수(등록기반)(시도/시/군/구),2020,2023-10-12,Gwangsan-gu,광산구,개,101
행정구역별,48342.0,24050,A,Each                          ,T001,DT_1YL20842,사업체수(A),인구 천명당 사업체수(등록기반)(시도/시/군/구),2021,2023-10-12,Gwangsan-gu,광산구,개,101
행정구역별,49342.0,24050,A,Each                          ,T001,DT_1YL20842,사업체수(A),인구 천명당 사업체수(등록기반)(시도/시/군/구),2022,2024-02-05,Gwangsan-gu,광산구,개,101
행정구역별,49603.0,24050,A,Each                          ,T001,DT_1YL20842,사업체수(A),인구 천명당 사업체수(등록기반)(시도/시/군/구),2023,2025-02-11,Gwangsan-gu,광산구,개,101
행정구역별,50606.0,24050,A,Each                          ,T001,DT_1YL20842,사업체수(A),인구 천명당 사업체수(등록기반)(시도/시/군/구),2024,2026-02-13,Gwangsan-gu,광산구,개,101
행정구역별,405579.0,24050,A,,T002,DT_1YL20842,주민등록인구(B),인구 천명당 사업체수(등록기반)(시도/시/군/구),2020,2023-10-12,Gwangsan-gu,광산구,명,101
행정구역별,404221.0,24050,A,,T002,DT_1YL20842,주민등록인구(B),인구 천명당 사업체수(등록기반)(시도/시/군/구),2021,2023-10-12,Gwangsan-gu,광산구,명,101
행정구역별,400654.0,24050,A,,T002,DT_1YL20842,주민등록인구(B),인구 천명당 사업체수(등록기반)(시도/시/군/구),2022,2024-02-05,Gwangsan-gu,광산구,명,101
행정구역별,396741.0,24050,A,,T002,DT_1YL20842,주민등록인구(B),인구 천명당 사업체수(등록기반)(시도/시/군/구),2023,2025-02-11,Gwangsan-gu,광산구,명,101
행정구역별,391611.0,24050,A,,T002,DT_1YL20842,주민등록인구(B),인구 천명당 사업체수(등록기반)(시도/시/군/구),2024,2026-02-13,Gwangsan-gu,광산구,명,101
행정구역별,117.0,24050,A,Each                          ,T10,DT_1YL20842,인구천명당 사업체수(A÷B×1000),인구 천명당 사업체수(등록기반)(시도/시/군/구),2020,2023-10-12,Gwangsan-gu,광산구,개,101
행정구역별,119.6,24050,A,Each                          ,T10,DT_1YL20842,인구천명당 사업체수(A÷B×1000),인구 천명당 사업체수(등록기반)(시도/시/군/구),2021,2023-10-12,Gwangsan-gu,광산구,개,101
행정구역별,123.2,24050,A,Each                          ,T10,DT_1YL20842,인구천명당 사업체수(A÷B×1000),인구 천명당 사업체수(등록기반)(시도/시/군/구),2022,2024-02-05,Gwangsan-gu,광산구,개,101
행정구역별,125.0,24050,A,Each                          ,T10,DT_1YL20842,인구천명당 사업체수(A÷B×1000),인구 천명당 사업체수(등록기반)(시도/시/군/구),2023,2025-02-11,Gwangsan-gu,광산구,개,101
행정구역별,129.2,24050,A,Each                          ,T10,DT_1YL20842,인구천명당 사업체수(A÷B×1000),인구 천명당 사업체수(등록기반)(시도/시/군/구),2024,2026-02-13,Gwangsan-gu,광산구,개,101
행정구역별,164406.0,25,A,Each                          ,T001,DT_1YL20842,사업체수(A),인구 천명당 사업체수(등록기반)(시도/시/군/구),2020,2023-10-12,Daejeon,대전광역시,개,101
행정구역별,164095.0,25,A,Each                          ,T001,DT_1YL20842,사업체수(A),인구 천명당 사업체수(등록기반)(시도/시/군/구),2021,2023-10-12,Daejeon,대전광역시,개,101
행정구역별,164664.0,25,A,Each                          ,T001,DT_1YL20842,사업체수(A),인구 천명당 사업체수(등록기반)(시도/시/군/구),2022,2024-02-05,Daejeon,대전광역시,개,101
행정구역별,167782.0,25,A,Each                          ,T001,DT_1YL20842,사업체수(A),인구 천명당 사업체수(등록기반)(시도/시/군/구),2023,2025-02-11,Daejeon,대전광역시,개,101
행정구역별,172209.0,25,A,Each                          ,T001,DT_1YL20842,사업체수(A),인구 천명당 사업체수(등록기반)(시도/시/군/구),2024,2026-02-13,Daejeon,대전광역시,개,101
행정구역별,1463882.0,25,A,,T002,DT_1YL20842,주민등록인구(B),인구 천명당 사업체수(등록기반)(시도/시/군/구),2020,2023-10-12,Daejeon,대전광역시,명,101
행정구역별,1452251.0,25,A,,T002,DT_1YL20842,주민등록인구(B),인구 천명당 사업체수(등록기반)(시도/시/군/구),2021,2023-10-12,Daejeon,대전광역시,명,101
행정구역별,1446072.0,25,A,,T002,DT_1YL20842,주민등록인구(B),인구 천명당 사업체수(등록기반)(시도/시/군/구),2022,2024-02-05,Daejeon,대전광역시,명,101
행정구역별,1442216.0,25,A,,T002,DT_1YL20842,주민등록인구(B),인구 천명당 사업체수(등록기반)(시도/시/군/구),2023,2025-02-11,Daejeon,대전광역시,명,101
행정구역별,1439157.0,25,A,,T002,DT_1YL20842,주민등록인구(B),인구 천명당 사업체수(등록기반)(시도/시/군/구),2024,2026-02-13,Daejeon,대전광역시,명,101
행정구역별,112.3,25,A,Each                          ,T10,DT_1YL20842,인구천명당 사업체수(A÷B×1000),인구 천명당 사업체수(등록기반)(시도/시/군/구),2020,2023-10-12,Daejeon,대전광역시,개,101
행정구역별,113.0,25,A,Each                          ,T10,DT_1YL20842,인구천명당 사업체수(A÷B×1000),인구 천명당 사업체수(등록기반)(시도/시/군/구),2021,2023-10-12,Daejeon,대전광역시,개,101
행정구역별,113.9,25,A,Each                          ,T10,DT_1YL20842,인구천명당 사업체수(A÷B×1000),인구 천명당 사업체수(등록기반)(시도/시/군/구),2022,2024-02-05,Daejeon,대전광역시,개,101
행정구역별,116.3,25,A,Each                          ,T10,DT_1YL20842,인구천명당 사업체수(A÷B×1000),인구 천명당 사업체수(등록기반)(시도/시/군/구),2023,2025-02-11,Daejeon,대전광역시,개,101
행정구역별,119.7,25,A,Each                          ,T10,DT_1YL20842,인구천명당 사업체수(A÷B×1000),인구 천명당 사업체수(등록기반)(시도/시/군/구),2024,2026-02-13,Daejeon,대전광역시,개,101
행정구역별,23936.0,25010,A,Each                          ,T001,DT_1YL20842,사업체수(A),인구 천명당 사업체수(등록기반)(시도/시/군/구),2020,2023-10-12,Dong-gu,동구,개,101
행정구역별,23780.0,25010,A,Each                          ,T001,DT_1YL20842,사업체수(A),인구 천명당 사업체수(등록기반)(시도/시/군/구),2021,2023-10-12,Dong-gu,동구,개,101
행정구역별,24000.0,25010,A,Each                          ,T001,DT_1YL20842,사업체수(A),인구 천명당 사업체수(등록기반)(시도/시/군/구),2022,2024-02-05,Dong-gu,동구,개,101
행정구역별,24142.0,25010,A,Each                          ,T001,DT_1YL20842,사업체수(A),인구 천명당 사업체수(등록기반)(시도/시/군/구),2023,2025-02-11,Dong-gu,동구,개,101
행정구역별,24483.0,25010,A,Each                          ,T001,DT_1YL20842,사업체수(A),인구 천명당 사업체수(등록기반)(시도/시/군/구),2024,2026-02-13,Dong-gu,동구,개,101
행정구역별,223021.0,25010,A,,T002,DT_1YL20842,주민등록인구(B),인구 천명당 사업체수(등록기반)(시도/시/군/구),2020,2023-10-12,Dong-gu,동구,명,101
행정구역별,222222.0,25010,A,,T002,DT_1YL20842,주민등록인구(B),인구 천명당 사업체수(등록기반)(시도/시/군/구),2021,2023-10-12,Dong-gu,동구,명,101
행정구역별,219751.0,25010,A,,T002,DT_1YL20842,주민등록인구(B),인구 천명당 사업체수(등록기반)(시도/시/군/구),2022,2024-02-05,Dong-gu,동구,명,101
행정구역별,217628.0,25010,A,,T002,DT_1YL20842,주민등록인구(B),인구 천명당 사업체수(등록기반)(시도/시/군/구),2023,2025-02-11,Dong-gu,동구,명,101
행정구역별,218513.0,25010,A,,T002,DT_1YL20842,주민등록인구(B),인구 천명당 사업체수(등록기반)(시도/시/군/구),2024,2026-02-13,Dong-gu,동구,명,101
행정구역별,107.3,25010,A,Each                          ,T10,DT_1YL20842,인구천명당 사업체수(A÷B×1000),인구 천명당 사업체수(등록기반)(시도/시/군/구),2020,2023-10-12,Dong-gu,동구,개,101
행정구역별,107.0,25010,A,Each                          ,T10,DT_1YL20842,인구천명당 사업체수(A÷B×1000),인구 천명당 사업체수(등록기반)(시도/시/군/구),2021,2023-10-12,Dong-gu,동구,개,101
행정구역별,109.2,25010,A,Each                          ,T10,DT_1YL20842,인구천명당 사업체수(A÷B×1000),인구 천명당 사업체수(등록기반)(시도/시/군/구),2022,2024-02-05,Dong-gu,동구,개,101
행정구역별,110.9,25010,A,Each                          ,T10,DT_1YL20842,인구천명당 사업체수(A÷B×1000),인구 천명당 사업체수(등록기반)(시도/시/군/구),2023,2025-02-11,Dong-gu,동구,개,101
행정구역별,112.0,25010,A,Each                          ,T10,DT_1YL20842,인구천명당 사업체수(A÷B×1000),인구 천명당 사업체수(등록기반)(시도/시/군/구),2024,2026-02-13,Dong-gu,동구,개,101
행정구역별,29046.0,25020,A,Each                          ,T001,DT_1YL20842,사업체수(A),인구 천명당 사업체수(등록기반)(시도/시/군/구),2020,2023-10-12,Jung-gu,중구,개,101
행정구역별,28362.0,25020,A,Each                          ,T001,DT_1YL20842,사업체수(A),인구 천명당 사업체수(등록기반)(시도/시/군/구),2021,2023-10-12,Jung-gu,중구,개,101
행정구역별,27690.0,25020,A,Each                          ,T001,DT_1YL20842,사업체수(A),인구 천명당 사업체수(등록기반)(시도/시/군/구),2022,2024-02-05,Jung-gu,중구,개,101
행정구역별,28593.0,25020,A,Each                          ,T001,DT_1YL20842,사업체수(A),인구 천명당 사업체수(등록기반)(시도/시/군/구),2023,2025-02-11,Jung-gu,중구,개,101
행정구역별,29731.0,25020,A,Each                          ,T001,DT_1YL20842,사업체수(A),인구 천명당 사업체수(등록기반)(시도/시/군/구),2024,2026-02-13,Jung-gu,중구,개,101
행정구역별,235550.0,25020,A,,T002,DT_1YL20842,주민등록인구(B),인구 천명당 사업체수(등록기반)(시도/시/군/구),2020,2023-10-12,Jung-gu,중구,명,101
행정구역별,230341.0,25020,A,,T002,DT_1YL20842,주민등록인구(B),인구 천명당 사업체수(등록기반)(시도/시/군/구),2021,2023-10-12,Jung-gu,중구,명,101
행정구역별,227108.0,25020,A,,T002,DT_1YL20842,주민등록인구(B),인구 천명당 사업체수(등록기반)(시도/시/군/구),2022,2024-02-05,Jung-gu,중구,명,101
행정구역별,223256.0,25020,A,,T002,DT_1YL20842,주민등록인구(B),인구 천명당 사업체수(등록기반)(시도/시/군/구),2023,2025-02-11,Jung-gu,중구,명,101
행정구역별,225008.0,25020,A,,T002,DT_1YL20842,주민등록인구(B),인구 천명당 사업체수(등록기반)(시도/시/군/구),2024,2026-02-13,Jung-gu,중구,명,101
행정구역별,123.3,25020,A,Each                          ,T10,DT_1YL20842,인구천명당 사업체수(A÷B×1000),인구 천명당 사업체수(등록기반)(시도/시/군/구),2020,2023-10-12,Jung-gu,중구,개,101
행정구역별,123.1,25020,A,Each                          ,T10,DT_1YL20842,인구천명당 사업체수(A÷B×1000),인구 천명당 사업체수(등록기반)(시도/시/군/구),2021,2023-10-12,Jung-gu,중구,개,101
행정구역별,121.9,25020,A,Each                          ,T10,DT_1YL20842,인구천명당 사업체수(A÷B×1000),인구 천명당 사업체수(등록기반)(시도/시/군/구),2022,2024-02-05,Jung-gu,중구,개,101
행정구역별,128.1,25020,A,Each                          ,T10,DT_1YL20842,인구천명당 사업체수(A÷B×1000),인구 천명당 사업체수(등록기반)(시도/시/군/구),2023,2025-02-11,Jung-gu,중구,개,101
행정구역별,132.1,25020,A,Each                          ,T10,DT_1YL20842,인구천명당 사업체수(A÷B×1000),인구 천명당 사업체수(등록기반)(시도/시/군/구),2024,2026-02-13,Jung-gu,중구,개,101
행정구역별,49175.0,25030,A,Each                          ,T001,DT_1YL20842,사업체수(A),인구 천명당 사업체수(등록기반)(시도/시/군/구),2020,2023-10-12,Seo-gu,서구,개,101
행정구역별,49273.0,25030,A,Each                          ,T001,DT_1YL20842,사업체수(A),인구 천명당 사업체수(등록기반)(시도/시/군/구),2021,2023-10-12,Seo-gu,서구,개,101
행정구역별,49534.0,25030,A,Each                          ,T001,DT_1YL20842,사업체수(A),인구 천명당 사업체수(등록기반)(시도/시/군/구),2022,2024-02-05,Seo-gu,서구,개,101
행정구역별,50562.0,25030,A,Each                          ,T001,DT_1YL20842,사업체수(A),인구 천명당 사업체수(등록기반)(시도/시/군/구),2023,2025-02-11,Seo-gu,서구,개,101
행정구역별,52051.0,25030,A,Each                          ,T001,DT_1YL20842,사업체수(A),인구 천명당 사업체수(등록기반)(시도/시/군/구),2024,2026-02-13,Seo-gu,서구,개,101
행정구역별,477880.0,25030,A,,T002,DT_1YL20842,주민등록인구(B),인구 천명당 사업체수(등록기반)(시도/시/군/구),2020,2023-10-12,Seo-gu,서구,명,101
행정구역별,473365.0,25030,A,,T002,DT_1YL20842,주민등록인구(B),인구 천명당 사업체수(등록기반)(시도/시/군/구),2021,2023-10-12,Seo-gu,서구,명,101
행정구역별,470374.0,25030,A,,T002,DT_1YL20842,주민등록인구(B),인구 천명당 사업체수(등록기반)(시도/시/군/구),2022,2024-02-05,Seo-gu,서구,명,101
행정구역별,464634.0,25030,A,,T002,DT_1YL20842,주민등록인구(B),인구 천명당 사업체수(등록기반)(시도/시/군/구),2023,2025-02-11,Seo-gu,서구,명,101
행정구역별,457951.0,25030,A,,T002,DT_1YL20842,주민등록인구(B),인구 천명당 사업체수(등록기반)(시도/시/군/구),2024,2026-02-13,Seo-gu,서구,명,101
행정구역별,102.9,25030,A,Each                          ,T10,DT_1YL20842,인구천명당 사업체수(A÷B×1000),인구 천명당 사업체수(등록기반)(시도/시/군/구),2020,2023-10-12,Seo-gu,서구,개,101
행정구역별,104.1,25030,A,Each                          ,T10,DT_1YL20842,인구천명당 사업체수(A÷B×1000),인구 천명당 사업체수(등록기반)(시도/시/군/구),2021,2023-10-12,Seo-gu,서구,개,101
행정구역별,105.3,25030,A,Each                          ,T10,DT_1YL20842,인구천명당 사업체수(A÷B×1000),인구 천명당 사업체수(등록기반)(시도/시/군/구),2022,2024-02-05,Seo-gu,서구,개,101
행정구역별,108.8,25030,A,Each                          ,T10,DT_1YL20842,인구천명당 사업체수(A÷B×1000),인구 천명당 사업체수(등록기반)(시도/시/군/구),2023,2025-02-11,Seo-gu,서구,개,101
행정구역별,113.7,25030,A,Each                          ,T10,DT_1YL20842,인구천명당 사업체수(A÷B×1000),인구 천명당 사업체수(등록기반)(시도/시/군/구),2024,2026-02-13,Seo-gu,서구,개,101
행정구역별,36565.0,25040,A,Each                          ,T001,DT_1YL20842,사업체수(A),인구 천명당 사업체수(등록기반)(시도/시/군/구),2020,2023-10-12,Yuseong-gu,유성구,개,101
행정구역별,37275.0,25040,A,Each                          ,T001,DT_1YL20842,사업체수(A),인구 천명당 사업체수(등록기반)(시도/시/군/구),2021,2023-10-12,Yuseong-gu,유성구,개,101
행정구역별,38012.0,25040,A,Each                          ,T001,DT_1YL20842,사업체수(A),인구 천명당 사업체수(등록기반)(시도/시/군/구),2022,2024-02-05,Yuseong-gu,유성구,개,101
행정구역별,39108.0,25040,A,Each                          ,T001,DT_1YL20842,사업체수(A),인구 천명당 사업체수(등록기반)(시도/시/군/구),2023,2025-02-11,Yuseong-gu,유성구,개,101
행정구역별,39780.0,25040,A,Each                          ,T001,DT_1YL20842,사업체수(A),인구 천명당 사업체수(등록기반)(시도/시/군/구),2024,2026-02-13,Yuseong-gu,유성구,개,101
행정구역별,351047.0,25040,A,,T002,DT_1YL20842,주민등록인구(B),인구 천명당 사업체수(등록기반)(시도/시/군/구),2020,2023-10-12,Yuseong-gu,유성구,명,101
행정구역별,351277.0,25040,A,,T002,DT_1YL20842,주민등록인구(B),인구 천명당 사업체수(등록기반)(시도/시/군/구),2021,2023-10-12,Yuseong-gu,유성구,명,101
행정구역별,356093.0,25040,A,,T002,DT_1YL20842,주민등록인구(B),인구 천명당 사업체수(등록기반)(시도/시/군/구),2022,2024-02-05,Yuseong-gu,유성구,명,101
행정구역별,366845.0,25040,A,,T002,DT_1YL20842,주민등록인구(B),인구 천명당 사업체수(등록기반)(시도/시/군/구),2023,2025-02-11,Yuseong-gu,유성구,명,101
행정구역별,369468.0,25040,A,,T002,DT_1YL20842,주민등록인구(B),인구 천명당 사업체수(등록기반)(시도/시/군/구),2024,2026-02-13,Yuseong-gu,유성구,명,101
행정구역별,104.2,25040,A,Each                          ,T10,DT_1YL20842,인구천명당 사업체수(A÷B×1000),인구 천명당 사업체수(등록기반)(시도/시/군/구),2020,2023-10-12,Yuseong-gu,유성구,개,101
행정구역별,106.1,25040,A,Each                          ,T10,DT_1YL20842,인구천명당 사업체수(A÷B×1000),인구 천명당 사업체수(등록기반)(시도/시/군/구),2021,2023-10-12,Yuseong-gu,유성구,개,101
행정구역별,106.7,25040,A,Each                          ,T10,DT_1YL20842,인구천명당 사업체수(A÷B×1000),인구 천명당 사업체수(등록기반)(시도/시/군/구),2022,2024-02-05,Yuseong-gu,유성구,개,101
행정구역별,106.6,25040,A,Each                          ,T10,DT_1YL20842,인구천명당 사업체수(A÷B×1000),인구 천명당 사업체수(등록기반)(시도/시/군/구),2023,2025-02-11,Yuseong-gu,유성구,개,101
행정구역별,107.7,25040,A,Each                          ,T10,DT_1YL20842,인구천명당 사업체수(A÷B×1000),인구 천명당 사업체수(등록기반)(시도/시/군/구),2024,2026-02-13,Yuseong-gu,유성구,개,101
행정구역별,25684.0,25050,A,Each                          ,T001,DT_1YL20842,사업체수(A),인구 천명당 사업체수(등록기반)(시도/시/군/구),2020,2023-10-12,Daedeok-gu,대덕구,개,101
행정구역별,25405.0,25050,A,Each                          ,T001,DT_1YL20842,사업체수(A),인구 천명당 사업체수(등록기반)(시도/시/군/구),2021,2023-10-12,Daedeok-gu,대덕구,개,101
행정구역별,25428.0,25050,A,Each                          ,T001,DT_1YL20842,사업체수(A),인구 천명당 사업체수(등록기반)(시도/시/군/구),2022,2024-02-05,Daedeok-gu,대덕구,개,101
행정구역별,25377.0,25050,A,Each                          ,T001,DT_1YL20842,사업체수(A),인구 천명당 사업체수(등록기반)(시도/시/군/구),2023,2025-02-11,Daedeok-gu,대덕구,개,101
행정구역별,26164.0,25050,A,Each                          ,T001,DT_1YL20842,사업체수(A),인구 천명당 사업체수(등록기반)(시도/시/군/구),2024,2026-02-13,Daedeok-gu,대덕구,개,101
행정구역별,176384.0,25050,A,,T002,DT_1YL20842,주민등록인구(B),인구 천명당 사업체수(등록기반)(시도/시/군/구),2020,2023-10-12,Daedeok-gu,대덕구,명,101
행정구역별,175046.0,25050,A,,T002,DT_1YL20842,주민등록인구(B),인구 천명당 사업체수(등록기반)(시도/시/군/구),2021,2023-10-12,Daedeok-gu,대덕구,명,101
행정구역별,172746.0,25050,A,,T002,DT_1YL20842,주민등록인구(B),인구 천명당 사업체수(등록기반)(시도/시/군/구),2022,2024-02-05,Daedeok-gu,대덕구,명,101
행정구역별,169853.0,25050,A,,T002,DT_1YL20842,주민등록인구(B),인구 천명당 사업체수(등록기반)(시도/시/군/구),2023,2025-02-11,Daedeok-gu,대덕구,명,101
행정구역별,168217.0,25050,A,,T002,DT_1YL20842,주민등록인구(B),인구 천명당 사업체수(등록기반)(시도/시/군/구),2024,2026-02-13,Daedeok-gu,대덕구,명,101
행정구역별,145.6,25050,A,Each                          ,T10,DT_1YL20842,인구천명당 사업체수(A÷B×1000),인구 천명당 사업체수(등록기반)(시도/시/군/구),2020,2023-10-12,Daedeok-gu,대덕구,개,101
행정구역별,145.1,25050,A,Each                          ,T10,DT_1YL20842,인구천명당 사업체수(A÷B×1000),인구 천명당 사업체수(등록기반)(시도/시/군/구),2021,2023-10-12,Daedeok-gu,대덕구,개,101
행정구역별,147.2,25050,A,Each                          ,T10,DT_1YL20842,인구천명당 사업체수(A÷B×1000),인구 천명당 사업체수(등록기반)(시도/시/군/구),2022,2024-02-05,Daedeok-gu,대덕구,개,101
행정구역별,149.4,25050,A,Each                          ,T10,DT_1YL20842,인구천명당 사업체수(A÷B×1000),인구 천명당 사업체수(등록기반)(시도/시/군/구),2023,2025-02-11,Daedeok-gu,대덕구,개,101
행정구역별,155.5,25050,A,Each                          ,T10,DT_1YL20842,인구천명당 사업체수(A÷B×1000),인구 천명당 사업체수(등록기반)(시도/시/군/구),2024,2026-02-13,Daedeok-gu,대덕구,개,101
행정구역별,117247.0,26,A,Each                          ,T001,DT_1YL20842,사업체수(A),인구 천명당 사업체수(등록기반)(시도/시/군/구),2020,2023-10-12,Ulsan,울산광역시,개,101
행정구역별,115408.0,26,A,Each                          ,T001,DT_1YL20842,사업체수(A),인구 천명당 사업체수(등록기반)(시도/시/군/구),2021,2023-10-12,Ulsan,울산광역시,개,101
행정구역별,115784.0,26,A,Each                          ,T001,DT_1YL20842,사업체수(A),인구 천명당 사업체수(등록기반)(시도/시/군/구),2022,2024-02-05,Ulsan,울산광역시,개,101
행정구역별,116666.0,26,A,Each                          ,T001,DT_1YL20842,사업체수(A),인구 천명당 사업체수(등록기반)(시도/시/군/구),2023,2025-02-11,Ulsan,울산광역시,개,101
행정구역별,116775.0,26,A,Each                          ,T001,DT_1YL20842,사업체수(A),인구 천명당 사업체수(등록기반)(시도/시/군/구),2024,2026-02-13,Ulsan,울산광역시,개,101
행정구역별,1136017.0,26,A,,T002,DT_1YL20842,주민등록인구(B),인구 천명당 사업체수(등록기반)(시도/시/군/구),2020,2023-10-12,Ulsan,울산광역시,명,101
행정구역별,1121592.0,26,A,,T002,DT_1YL20842,주민등록인구(B),인구 천명당 사업체수(등록기반)(시도/시/군/구),2021,2023-10-12,Ulsan,울산광역시,명,101
행정구역별,1110663.0,26,A,,T002,DT_1YL20842,주민등록인구(B),인구 천명당 사업체수(등록기반)(시도/시/군/구),2022,2024-02-05,Ulsan,울산광역시,명,101
행정구역별,1103661.0,26,A,,T002,DT_1YL20842,주민등록인구(B),인구 천명당 사업체수(등록기반)(시도/시/군/구),2023,2025-02-11,Ulsan,울산광역시,명,101
행정구역별,1098049.0,26,A,,T002,DT_1YL20842,주민등록인구(B),인구 천명당 사업체수(등록기반)(시도/시/군/구),2024,2026-02-13,Ulsan,울산광역시,명,101
행정구역별,103.2,26,A,Each                          ,T10,DT_1YL20842,인구천명당 사업체수(A÷B×1000),인구 천명당 사업체수(등록기반)(시도/시/군/구),2020,2023-10-12,Ulsan,울산광역시,개,101
행정구역별,102.9,26,A,Each                          ,T10,DT_1YL20842,인구천명당 사업체수(A÷B×1000),인구 천명당 사업체수(등록기반)(시도/시/군/구),2021,2023-10-12,Ulsan,울산광역시,개,101
행정구역별,104.2,26,A,Each                          ,T10,DT_1YL20842,인구천명당 사업체수(A÷B×1000),인구 천명당 사업체수(등록기반)(시도/시/군/구),2022,2024-02-05,Ulsan,울산광역시,개,101
행정구역별,105.7,26,A,Each                          ,T10,DT_1YL20842,인구천명당 사업체수(A÷B×1000),인구 천명당 사업체수(등록기반)(시도/시/군/구),2023,2025-02-11,Ulsan,울산광역시,개,101
행정구역별,106.3,26,A,Each                          ,T10,DT_1YL20842,인구천명당 사업체수(A÷B×1000),인구 천명당 사업체수(등록기반)(시도/시/군/구),2024,2026-02-13,Ulsan,울산광역시,개,101
행정구역별,20909.0,26010,A,Each                          ,T001,DT_1YL20842,사업체수(A),인구 천명당 사업체수(등록기반)(시도/시/군/구),2020,2023-10-12,Jung-gu,중구,개,101
행정구역별,20436.0,26010,A,Each                          ,T001,DT_1YL20842,사업체수(A),인구 천명당 사업체수(등록기반)(시도/시/군/구),2021,2023-10-12,Jung-gu,중구,개,101
행정구역별,20280.0,26010,A,Each                          ,T001,DT_1YL20842,사업체수(A),인구 천명당 사업체수(등록기반)(시도/시/군/구),2022,2024-02-05,Jung-gu,중구,개,101
행정구역별,20400.0,26010,A,Each                          ,T001,DT_1YL20842,사업체수(A),인구 천명당 사업체수(등록기반)(시도/시/군/구),2023,2025-02-11,Jung-gu,중구,개,101
행정구역별,20392.0,26010,A,Each                          ,T001,DT_1YL20842,사업체수(A),인구 천명당 사업체수(등록기반)(시도/시/군/구),2024,2026-02-13,Jung-gu,중구,개,101
행정구역별,217595.0,26010,A,,T002,DT_1YL20842,주민등록인구(B),인구 천명당 사업체수(등록기반)(시도/시/군/구),2020,2023-10-12,Jung-gu,중구,명,101
행정구역별,212883.0,26010,A,,T002,DT_1YL20842,주민등록인구(B),인구 천명당 사업체수(등록기반)(시도/시/군/구),2021,2023-10-12,Jung-gu,중구,명,101
행정구역별,208132.0,26010,A,,T002,DT_1YL20842,주민등록인구(B),인구 천명당 사업체수(등록기반)(시도/시/군/구),2022,2024-02-05,Jung-gu,중구,명,101
행정구역별,208668.0,26010,A,,T002,DT_1YL20842,주민등록인구(B),인구 천명당 사업체수(등록기반)(시도/시/군/구),2023,2025-02-11,Jung-gu,중구,명,101
행정구역별,207000.0,26010,A,,T002,DT_1YL20842,주민등록인구(B),인구 천명당 사업체수(등록기반)(시도/시/군/구),2024,2026-02-13,Jung-gu,중구,명,101
행정구역별,96.1,26010,A,Each                          ,T10,DT_1YL20842,인구천명당 사업체수(A÷B×1000),인구 천명당 사업체수(등록기반)(시도/시/군/구),2020,2023-10-12,Jung-gu,중구,개,101
행정구역별,96.0,26010,A,Each                          ,T10,DT_1YL20842,인구천명당 사업체수(A÷B×1000),인구 천명당 사업체수(등록기반)(시도/시/군/구),2021,2023-10-12,Jung-gu,중구,개,101
행정구역별,97.4,26010,A,Each                          ,T10,DT_1YL20842,인구천명당 사업체수(A÷B×1000),인구 천명당 사업체수(등록기반)(시도/시/군/구),2022,2024-02-05,Jung-gu,중구,개,101
행정구역별,97.8,26010,A,Each                          ,T10,DT_1YL20842,인구천명당 사업체수(A÷B×1000),인구 천명당 사업체수(등록기반)(시도/시/군/구),2023,2025-02-11,Jung-gu,중구,개,101
행정구역별,98.5,26010,A,Each                          ,T10,DT_1YL20842,인구천명당 사업체수(A÷B×1000),인구 천명당 사업체수(등록기반)(시도/시/군/구),2024,2026-02-13,Jung-gu,중구,개,101
행정구역별,42627.0,26020,A,Each                          ,T001,DT_1YL20842,사업체수(A),인구 천명당 사업체수(등록기반)(시도/시/군/구),2020,2023-10-12,Nam-gu,남구,개,101
행정구역별,41144.0,26020,A,Each                          ,T001,DT_1YL20842,사업체수(A),인구 천명당 사업체수(등록기반)(시도/시/군/구),2021,2023-10-12,Nam-gu,남구,개,101
행정구역별,40665.0,26020,A,Each                          ,T001,DT_1YL20842,사업체수(A),인구 천명당 사업체수(등록기반)(시도/시/군/구),2022,2024-02-05,Nam-gu,남구,개,101
행정구역별,40605.0,26020,A,Each                          ,T001,DT_1YL20842,사업체수(A),인구 천명당 사업체수(등록기반)(시도/시/군/구),2023,2025-02-11,Nam-gu,남구,개,101
행정구역별,40448.0,26020,A,Each                          ,T001,DT_1YL20842,사업체수(A),인구 천명당 사업체수(등록기반)(시도/시/군/구),2024,2026-02-13,Nam-gu,남구,개,101
행정구역별,320064.0,26020,A,,T002,DT_1YL20842,주민등록인구(B),인구 천명당 사업체수(등록기반)(시도/시/군/구),2020,2023-10-12,Nam-gu,남구,명,101
행정구역별,313819.0,26020,A,,T002,DT_1YL20842,주민등록인구(B),인구 천명당 사업체수(등록기반)(시도/시/군/구),2021,2023-10-12,Nam-gu,남구,명,101
행정구역별,310638.0,26020,A,,T002,DT_1YL20842,주민등록인구(B),인구 천명당 사업체수(등록기반)(시도/시/군/구),2022,2024-02-05,Nam-gu,남구,명,101
행정구역별,307232.0,26020,A,,T002,DT_1YL20842,주민등록인구(B),인구 천명당 사업체수(등록기반)(시도/시/군/구),2023,2025-02-11,Nam-gu,남구,명,101
행정구역별,304885.0,26020,A,,T002,DT_1YL20842,주민등록인구(B),인구 천명당 사업체수(등록기반)(시도/시/군/구),2024,2026-02-13,Nam-gu,남구,명,101
행정구역별,133.2,26020,A,Each                          ,T10,DT_1YL20842,인구천명당 사업체수(A÷B×1000),인구 천명당 사업체수(등록기반)(시도/시/군/구),2020,2023-10-12,Nam-gu,남구,개,101
행정구역별,131.1,26020,A,Each                          ,T10,DT_1YL20842,인구천명당 사업체수(A÷B×1000),인구 천명당 사업체수(등록기반)(시도/시/군/구),2021,2023-10-12,Nam-gu,남구,개,101
행정구역별,130.9,26020,A,Each                          ,T10,DT_1YL20842,인구천명당 사업체수(A÷B×1000),인구 천명당 사업체수(등록기반)(시도/시/군/구),2022,2024-02-05,Nam-gu,남구,개,101
행정구역별,132.2,26020,A,Each                          ,T10,DT_1YL20842,인구천명당 사업체수(A÷B×1000),인구 천명당 사업체수(등록기반)(시도/시/군/구),2023,2025-02-11,Nam-gu,남구,개,101
행정구역별,132.7,26020,A,Each                          ,T10,DT_1YL20842,인구천명당 사업체수(A÷B×1000),인구 천명당 사업체수(등록기반)(시도/시/군/구),2024,2026-02-13,Nam-gu,남구,개,101
행정구역별,10849.0,26030,A,Each                          ,T001,DT_1YL20842,사업체수(A),인구 천명당 사업체수(등록기반)(시도/시/군/구),2020,2023-10-12,Dong-gu,동구,개,101
행정구역별,10717.0,26030,A,Each                          ,T001,DT_1YL20842,사업체수(A),인구 천명당 사업체수(등록기반)(시도/시/군/구),2021,2023-10-12,Dong-gu,동구,개,101
행정구역별,10781.0,26030,A,Each                          ,T001,DT_1YL20842,사업체수(A),인구 천명당 사업체수(등록기반)(시도/시/군/구),2022,2024-02-05,Dong-gu,동구,개,101
행정구역별,10849.0,26030,A,Each                          ,T001,DT_1YL20842,사업체수(A),인구 천명당 사업체수(등록기반)(시도/시/군/구),2023,2025-02-11,Dong-gu,동구,개,101
행정구역별,10809.0,26030,A,Each                          ,T001,DT_1YL20842,사업체수(A),인구 천명당 사업체수(등록기반)(시도/시/군/구),2024,2026-02-13,Dong-gu,동구,개,101
행정구역별,156806.0,26030,A,,T002,DT_1YL20842,주민등록인구(B),인구 천명당 사업체수(등록기반)(시도/시/군/구),2020,2023-10-12,Dong-gu,동구,명,101
행정구역별,154096.0,26030,A,,T002,DT_1YL20842,주민등록인구(B),인구 천명당 사업체수(등록기반)(시도/시/군/구),2021,2023-10-12,Dong-gu,동구,명,101
행정구역별,151711.0,26030,A,,T002,DT_1YL20842,주민등록인구(B),인구 천명당 사업체수(등록기반)(시도/시/군/구),2022,2024-02-05,Dong-gu,동구,명,101
행정구역별,152287.0,26030,A,,T002,DT_1YL20842,주민등록인구(B),인구 천명당 사업체수(등록기반)(시도/시/군/구),2023,2025-02-11,Dong-gu,동구,명,101
행정구역별,150836.0,26030,A,,T002,DT_1YL20842,주민등록인구(B),인구 천명당 사업체수(등록기반)(시도/시/군/구),2024,2026-02-13,Dong-gu,동구,명,101
행정구역별,69.2,26030,A,Each                          ,T10,DT_1YL20842,인구천명당 사업체수(A÷B×1000),인구 천명당 사업체수(등록기반)(시도/시/군/구),2020,2023-10-12,Dong-gu,동구,개,101
행정구역별,69.5,26030,A,Each                          ,T10,DT_1YL20842,인구천명당 사업체수(A÷B×1000),인구 천명당 사업체수(등록기반)(시도/시/군/구),2021,2023-10-12,Dong-gu,동구,개,101
행정구역별,71.1,26030,A,Each                          ,T10,DT_1YL20842,인구천명당 사업체수(A÷B×1000),인구 천명당 사업체수(등록기반)(시도/시/군/구),2022,2024-02-05,Dong-gu,동구,개,101
행정구역별,71.2,26030,A,Each                          ,T10,DT_1YL20842,인구천명당 사업체수(A÷B×1000),인구 천명당 사업체수(등록기반)(시도/시/군/구),2023,2025-02-11,Dong-gu,동구,개,101
행정구역별,71.7,26030,A,Each                          ,T10,DT_1YL20842,인구천명당 사업체수(A÷B×1000),인구 천명당 사업체수(등록기반)(시도/시/군/구),2024,2026-02-13,Dong-gu,동구,개,101
행정구역별,17439.0,26040,A,Each                          ,T001,DT_1YL20842,사업체수(A),인구 천명당 사업체수(등록기반)(시도/시/군/구),2020,2023-10-12,Buk-gu,북구,개,101
행정구역별,18017.0,26040,A,Each                          ,T001,DT_1YL20842,사업체수(A),인구 천명당 사업체수(등록기반)(시도/시/군/구),2021,2023-10-12,Buk-gu,북구,개,101
행정구역별,18913.0,26040,A,Each                          ,T001,DT_1YL20842,사업체수(A),인구 천명당 사업체수(등록기반)(시도/시/군/구),2022,2024-02-05,Buk-gu,북구,개,101
행정구역별,19255.0,26040,A,Each                          ,T001,DT_1YL20842,사업체수(A),인구 천명당 사업체수(등록기반)(시도/시/군/구),2023,2025-02-11,Buk-gu,북구,개,101
행정구역별,19171.0,26040,A,Each                          ,T001,DT_1YL20842,사업체수(A),인구 천명당 사업체수(등록기반)(시도/시/군/구),2024,2026-02-13,Buk-gu,북구,개,101
행정구역별,219014.0,26040,A,,T002,DT_1YL20842,주민등록인구(B),인구 천명당 사업체수(등록기반)(시도/시/군/구),2020,2023-10-12,Buk-gu,북구,명,101
행정구역별,218735.0,26040,A,,T002,DT_1YL20842,주민등록인구(B),인구 천명당 사업체수(등록기반)(시도/시/군/구),2021,2023-10-12,Buk-gu,북구,명,101
행정구역별,218670.0,26040,A,,T002,DT_1YL20842,주민등록인구(B),인구 천명당 사업체수(등록기반)(시도/시/군/구),2022,2024-02-05,Buk-gu,북구,명,101
행정구역별,216477.0,26040,A,,T002,DT_1YL20842,주민등록인구(B),인구 천명당 사업체수(등록기반)(시도/시/군/구),2023,2025-02-11,Buk-gu,북구,명,101
행정구역별,216522.0,26040,A,,T002,DT_1YL20842,주민등록인구(B),인구 천명당 사업체수(등록기반)(시도/시/군/구),2024,2026-02-13,Buk-gu,북구,명,101
행정구역별,79.6,26040,A,Each                          ,T10,DT_1YL20842,인구천명당 사업체수(A÷B×1000),인구 천명당 사업체수(등록기반)(시도/시/군/구),2020,2023-10-12,Buk-gu,북구,개,101
행정구역별,82.4,26040,A,Each                          ,T10,DT_1YL20842,인구천명당 사업체수(A÷B×1000),인구 천명당 사업체수(등록기반)(시도/시/군/구),2021,2023-10-12,Buk-gu,북구,개,101
행정구역별,86.5,26040,A,Each                          ,T10,DT_1YL20842,인구천명당 사업체수(A÷B×1000),인구 천명당 사업체수(등록기반)(시도/시/군/구),2022,2024-02-05,Buk-gu,북구,개,101
행정구역별,88.9,26040,A,Each                          ,T10,DT_1YL20842,인구천명당 사업체수(A÷B×1000),인구 천명당 사업체수(등록기반)(시도/시/군/구),2023,2025-02-11,Buk-gu,북구,개,101
행정구역별,88.5,26040,A,Each                          ,T10,DT_1YL20842,인구천명당 사업체수(A÷B×1000),인구 천명당 사업체수(등록기반)(시도/시/군/구),2024,2026-02-13,Buk-gu,북구,개,101
행정구역별,25423.0,26510,A,Each                          ,T001,DT_1YL20842,사업체수(A),인구 천명당 사업체수(등록기반)(시도/시/군/구),2020,2023-10-12,Ulju-gun,울주군,개,101
행정구역별,25094.0,26510,A,Each                          ,T001,DT_1YL20842,사업체수(A),인구 천명당 사업체수(등록기반)(시도/시/군/구),2021,2023-10-12,Ulju-gun,울주군,개,101
행정구역별,25145.0,26510,A,Each                          ,T001,DT_1YL20842,사업체수(A),인구 천명당 사업체수(등록기반)(시도/시/군/구),2022,2024-02-05,Ulju-gun,울주군,개,101
행정구역별,25557.0,26510,A,Each                          ,T001,DT_1YL20842,사업체수(A),인구 천명당 사업체수(등록기반)(시도/시/군/구),2023,2025-02-11,Ulju-gun,울주군,개,101
행정구역별,25955.0,26510,A,Each                          ,T001,DT_1YL20842,사업체수(A),인구 천명당 사업체수(등록기반)(시도/시/군/구),2024,2026-02-13,Ulju-gun,울주군,개,101
행정구역별,222538.0,26510,A,,T002,DT_1YL20842,주민등록인구(B),인구 천명당 사업체수(등록기반)(시도/시/군/구),2020,2023-10-12,Ulju-gun,울주군,명,101
행정구역별,222059.0,26510,A,,T002,DT_1YL20842,주민등록인구(B),인구 천명당 사업체수(등록기반)(시도/시/군/구),2021,2023-10-12,Ulju-gun,울주군,명,101
행정구역별,221512.0,26510,A,,T002,DT_1YL20842,주민등록인구(B),인구 천명당 사업체수(등록기반)(시도/시/군/구),2022,2024-02-05,Ulju-gun,울주군,명,101
행정구역별,218997.0,26510,A,,T002,DT_1YL20842,주민등록인구(B),인구 천명당 사업체수(등록기반)(시도/시/군/구),2023,2025-02-11,Ulju-gun,울주군,명,101
행정구역별,218806.0,26510,A,,T002,DT_1YL20842,주민등록인구(B),인구 천명당 사업체수(등록기반)(시도/시/군/구),2024,2026-02-13,Ulju-gun,울주군,명,101
행정구역별,114.2,26510,A,Each                          ,T10,DT_1YL20842,인구천명당 사업체수(A÷B×1000),인구 천명당 사업체수(등록기반)(시도/시/군/구),2020,2023-10-12,Ulju-gun,울주군,개,101
행정구역별,113.0,26510,A,Each                          ,T10,DT_1YL20842,인구천명당 사업체수(A÷B×1000),인구 천명당 사업체수(등록기반)(시도/시/군/구),2021,2023-10-12,Ulju-gun,울주군,개,101
행정구역별,113.5,26510,A,Each                          ,T10,DT_1YL20842,인구천명당 사업체수(A÷B×1000),인구 천명당 사업체수(등록기반)(시도/시/군/구),2022,2024-02-05,Ulju-gun,울주군,개,101
행정구역별,116.7,26510,A,Each                          ,T10,DT_1YL20842,인구천명당 사업체수(A÷B×1000),인구 천명당 사업체수(등록기반)(시도/시/군/구),2023,2025-02-11,Ulju-gun,울주군,개,101
행정구역별,118.6,26510,A,Each                          ,T10,DT_1YL20842,인구천명당 사업체수(A÷B×1000),인구 천명당 사업체수(등록기반)(시도/시/군/구),2024,2026-02-13,Ulju-gun,울주군,개,101
행정구역별,28490.0,29,A,Each                          ,T001,DT_1YL20842,사업체수(A),인구 천명당 사업체수(등록기반)(시도/시/군/구),2020,2023-10-12,Sejong City,세종특별자치시,개,101
행정구역별,30478.0,29,A,Each                          ,T001,DT_1YL20842,사업체수(A),인구 천명당 사업체수(등록기반)(시도/시/군/구),2021,2023-10-12,Sejong City,세종특별자치시,개,101
행정구역별,33076.0,29,A,Each                          ,T001,DT_1YL20842,사업체수(A),인구 천명당 사업체수(등록기반)(시도/시/군/구),2022,2024-02-05,Sejong City,세종특별자치시,개,101
행정구역별,34099.0,29,A,Each                          ,T001,DT_1YL20842,사업체수(A),인구 천명당 사업체수(등록기반)(시도/시/군/구),2023,2025-02-11,Sejong City,세종특별자치시,개,101
행정구역별,36117.0,29,A,Each                          ,T001,DT_1YL20842,사업체수(A),인구 천명당 사업체수(등록기반)(시도/시/군/구),2024,2026-02-13,Sejong City,세종특별자치시,개,101
행정구역별,355831.0,29,A,,T002,DT_1YL20842,주민등록인구(B),인구 천명당 사업체수(등록기반)(시도/시/군/구),2020,2023-10-12,Sejong City,세종특별자치시,명,101
행정구역별,371895.0,29,A,,T002,DT_1YL20842,주민등록인구(B),인구 천명당 사업체수(등록기반)(시도/시/군/구),2021,2023-10-12,Sejong City,세종특별자치시,명,101
행정구역별,383591.0,29,A,,T002,DT_1YL20842,주민등록인구(B),인구 천명당 사업체수(등록기반)(시도/시/군/구),2022,2024-02-05,Sejong City,세종특별자치시,명,101
행정구역별,386525.0,29,A,,T002,DT_1YL20842,주민등록인구(B),인구 천명당 사업체수(등록기반)(시도/시/군/구),2023,2025-02-11,Sejong City,세종특별자치시,명,101
행정구역별,390685.0,29,A,,T002,DT_1YL20842,주민등록인구(B),인구 천명당 사업체수(등록기반)(시도/시/군/구),2024,2026-02-13,Sejong City,세종특별자치시,명,101
행정구역별,80.1,29,A,Each                          ,T10,DT_1YL20842,인구천명당 사업체수(A÷B×1000),인구 천명당 사업체수(등록기반)(시도/시/군/구),2020,2023-10-12,Sejong City,세종특별자치시,개,101
행정구역별,82.0,29,A,Each                          ,T10,DT_1YL20842,인구천명당 사업체수(A÷B×1000),인구 천명당 사업체수(등록기반)(시도/시/군/구),2021,2023-10-12,Sejong City,세종특별자치시,개,101
행정구역별,86.2,29,A,Each                          ,T10,DT_1YL20842,인구천명당 사업체수(A÷B×1000),인구 천명당 사업체수(등록기반)(시도/시/군/구),2022,2024-02-05,Sejong City,세종특별자치시,개,101
행정구역별,88.2,29,A,Each                          ,T10,DT_1YL20842,인구천명당 사업체수(A÷B×1000),인구 천명당 사업체수(등록기반)(시도/시/군/구),2023,2025-02-11,Sejong City,세종특별자치시,개,101
행정구역별,92.4,29,A,Each                          ,T10,DT_1YL20842,인구천명당 사업체수(A÷B×1000),인구 천명당 사업체수(등록기반)(시도/시/군/구),2024,2026-02-13,Sejong City,세종특별자치시,개,101
행정구역별,1455644.0,31,A,Each                          ,T001,DT_1YL20842,사업체수(A),인구 천명당 사업체수(등록기반)(시도/시/군/구),2020,2023-10-12,Gyeonggi-do,경기도,개,101
행정구역별,1481054.0,31,A,Each                          ,T001,DT_1YL20842,사업체수(A),인구 천명당 사업체수(등록기반)(시도/시/군/구),2021,2023-10-12,Gyeonggi-do,경기도,개,101
행정구역별,1514951.0,31,A,Each                          ,T001,DT_1YL20842,사업체수(A),인구 천명당 사업체수(등록기반)(시도/시/군/구),2022,2024-02-05,Gyeonggi-do,경기도,개,101
행정구역별,1562116.0,31,A,Each                          ,T001,DT_1YL20842,사업체수(A),인구 천명당 사업체수(등록기반)(시도/시/군/구),2023,2025-02-11,Gyeonggi-do,경기도,개,101
행정구역별,1604724.0,31,A,Each                          ,T001,DT_1YL20842,사업체수(A),인구 천명당 사업체수(등록기반)(시도/시/군/구),2024,2026-02-13,Gyeonggi-do,경기도,개,101
행정구역별,13427014.0,31,A,,T002,DT_1YL20842,주민등록인구(B),인구 천명당 사업체수(등록기반)(시도/시/군/구),2020,2023-10-12,Gyeonggi-do,경기도,명,101
행정구역별,13565450.0,31,A,,T002,DT_1YL20842,주민등록인구(B),인구 천명당 사업체수(등록기반)(시도/시/군/구),2021,2023-10-12,Gyeonggi-do,경기도,명,101
행정구역별,13589432.0,31,A,,T002,DT_1YL20842,주민등록인구(B),인구 천명당 사업체수(등록기반)(시도/시/군/구),2022,2024-02-05,Gyeonggi-do,경기도,명,101
행정구역별,13630821.0,31,A,,T002,DT_1YL20842,주민등록인구(B),인구 천명당 사업체수(등록기반)(시도/시/군/구),2023,2025-02-11,Gyeonggi-do,경기도,명,101
행정구역별,13694685.0,31,A,,T002,DT_1YL20842,주민등록인구(B),인구 천명당 사업체수(등록기반)(시도/시/군/구),2024,2026-02-13,Gyeonggi-do,경기도,명,101
행정구역별,108.4,31,A,Each                          ,T10,DT_1YL20842,인구천명당 사업체수(A÷B×1000),인구 천명당 사업체수(등록기반)(시도/시/군/구),2020,2023-10-12,Gyeonggi-do,경기도,개,101
행정구역별,109.2,31,A,Each                          ,T10,DT_1YL20842,인구천명당 사업체수(A÷B×1000),인구 천명당 사업체수(등록기반)(시도/시/군/구),2021,2023-10-12,Gyeonggi-do,경기도,개,101
행정구역별,111.5,31,A,Each                          ,T10,DT_1YL20842,인구천명당 사업체수(A÷B×1000),인구 천명당 사업체수(등록기반)(시도/시/군/구),2022,2024-02-05,Gyeonggi-do,경기도,개,101
행정구역별,114.6,31,A,Each                          ,T10,DT_1YL20842,인구천명당 사업체수(A÷B×1000),인구 천명당 사업체수(등록기반)(시도/시/군/구),2023,2025-02-11,Gyeonggi-do,경기도,개,101
행정구역별,117.2,31,A,Each                          ,T10,DT_1YL20842,인구천명당 사업체수(A÷B×1000),인구 천명당 사업체수(등록기반)(시도/시/군/구),2024,2026-02-13,Gyeonggi-do,경기도,개,101
행정구역별,109330.0,31010,A,Each                          ,T001,DT_1YL20842,사업체수(A),인구 천명당 사업체수(등록기반)(시도/시/군/구),2020,2023-10-12,Suwon-si,수원시,개,101
행정구역별,110987.0,31010,A,Each                          ,T001,DT_1YL20842,사업체수(A),인구 천명당 사업체수(등록기반)(시도/시/군/구),2021,2023-10-12,Suwon-si,수원시,개,101
행정구역별,112282.0,31010,A,Each                          ,T001,DT_1YL20842,사업체수(A),인구 천명당 사업체수(등록기반)(시도/시/군/구),2022,2024-02-05,Suwon-si,수원시,개,101
행정구역별,116559.0,31010,A,Each                          ,T001,DT_1YL20842,사업체수(A),인구 천명당 사업체수(등록기반)(시도/시/군/구),2023,2025-02-11,Suwon-si,수원시,개,101
행정구역별,119612.0,31010,A,Each                          ,T001,DT_1YL20842,사업체수(A),인구 천명당 사업체수(등록기반)(시도/시/군/구),2024,2026-02-13,Suwon-si,수원시,개,101
행정구역별,1186078.0,31010,A,,T002,DT_1YL20842,주민등록인구(B),인구 천명당 사업체수(등록기반)(시도/시/군/구),2020,2023-10-12,Suwon-si,수원시,명,101
행정구역별,1183714.0,31010,A,,T002,DT_1YL20842,주민등록인구(B),인구 천명당 사업체수(등록기반)(시도/시/군/구),2021,2023-10-12,Suwon-si,수원시,명,101
행정구역별,1190964.0,31010,A,,T002,DT_1YL20842,주민등록인구(B),인구 천명당 사업체수(등록기반)(시도/시/군/구),2022,2024-02-05,Suwon-si,수원시,명,101
행정구역별,1197257.0,31010,A,,T002,DT_1YL20842,주민등록인구(B),인구 천명당 사업체수(등록기반)(시도/시/군/구),2023,2025-02-11,Suwon-si,수원시,명,101
행정구역별,1193005.0,31010,A,,T002,DT_1YL20842,주민등록인구(B),인구 천명당 사업체수(등록기반)(시도/시/군/구),2024,2026-02-13,Suwon-si,수원시,명,101
행정구역별,92.2,31010,A,Each                          ,T10,DT_1YL20842,인구천명당 사업체수(A÷B×1000),인구 천명당 사업체수(등록기반)(시도/시/군/구),2020,2023-10-12,Suwon-si,수원시,개,101
행정구역별,93.8,31010,A,Each                          ,T10,DT_1YL20842,인구천명당 사업체수(A÷B×1000),인구 천명당 사업체수(등록기반)(시도/시/군/구),2021,2023-10-12,Suwon-si,수원시,개,101
행정구역별,94.3,31010,A,Each                          ,T10,DT_1YL20842,인구천명당 사업체수(A÷B×1000),인구 천명당 사업체수(등록기반)(시도/시/군/구),2022,2024-02-05,Suwon-si,수원시,개,101
행정구역별,97.4,31010,A,Each                          ,T10,DT_1YL20842,인구천명당 사업체수(A÷B×1000),인구 천명당 사업체수(등록기반)(시도/시/군/구),2023,2025-02-11,Suwon-si,수원시,개,101
행정구역별,100.3,31010,A,Each                          ,T10,DT_1YL20842,인구천명당 사업체수(A÷B×1000),인구 천명당 사업체수(등록기반)(시도/시/군/구),2024,2026-02-13,Suwon-si,수원시,개,101
행정구역별,97505.0,31020,A,Each                          ,T001,DT_1YL20842,사업체수(A),인구 천명당 사업체수(등록기반)(시도/시/군/구),2020,2023-10-12,Seongnam-si,성남시,개,101
행정구역별,97955.0,31020,A,Each                          ,T001,DT_1YL20842,사업체수(A),인구 천명당 사업체수(등록기반)(시도/시/군/구),2021,2023-10-12,Seongnam-si,성남시,개,101
행정구역별,97596.0,31020,A,Each                          ,T001,DT_1YL20842,사업체수(A),인구 천명당 사업체수(등록기반)(시도/시/군/구),2022,2024-02-05,Seongnam-si,성남시,개,101
행정구역별,98891.0,31020,A,Each                          ,T001,DT_1YL20842,사업체수(A),인구 천명당 사업체수(등록기반)(시도/시/군/구),2023,2025-02-11,Seongnam-si,성남시,개,101
행정구역별,97249.0,31020,A,Each                          ,T001,DT_1YL20842,사업체수(A),인구 천명당 사업체수(등록기반)(시도/시/군/구),2024,2026-02-13,Seongnam-si,성남시,개,101
행정구역별,940064.0,31020,A,,T002,DT_1YL20842,주민등록인구(B),인구 천명당 사업체수(등록기반)(시도/시/군/구),2020,2023-10-12,Seongnam-si,성남시,명,101
행정구역별,930948.0,31020,A,,T002,DT_1YL20842,주민등록인구(B),인구 천명당 사업체수(등록기반)(시도/시/군/구),2021,2023-10-12,Seongnam-si,성남시,명,101
행정구역별,922518.0,31020,A,,T002,DT_1YL20842,주민등록인구(B),인구 천명당 사업체수(등록기반)(시도/시/군/구),2022,2024-02-05,Seongnam-si,성남시,명,101
행정구역별,919747.0,31020,A,,T002,DT_1YL20842,주민등록인구(B),인구 천명당 사업체수(등록기반)(시도/시/군/구),2023,2025-02-11,Seongnam-si,성남시,명,101
행정구역별,913009.0,31020,A,,T002,DT_1YL20842,주민등록인구(B),인구 천명당 사업체수(등록기반)(시도/시/군/구),2024,2026-02-13,Seongnam-si,성남시,명,101
행정구역별,103.7,31020,A,Each                          ,T10,DT_1YL20842,인구천명당 사업체수(A÷B×1000),인구 천명당 사업체수(등록기반)(시도/시/군/구),2020,2023-10-12,Seongnam-si,성남시,개,101
행정구역별,105.2,31020,A,Each                          ,T10,DT_1YL20842,인구천명당 사업체수(A÷B×1000),인구 천명당 사업체수(등록기반)(시도/시/군/구),2021,2023-10-12,Seongnam-si,성남시,개,101
행정구역별,105.8,31020,A,Each                          ,T10,DT_1YL20842,인구천명당 사업체수(A÷B×1000),인구 천명당 사업체수(등록기반)(시도/시/군/구),2022,2024-02-05,Seongnam-si,성남시,개,101
행정구역별,107.5,31020,A,Each                          ,T10,DT_1YL20842,인구천명당 사업체수(A÷B×1000),인구 천명당 사업체수(등록기반)(시도/시/군/구),2023,2025-02-11,Seongnam-si,성남시,개,101
행정구역별,106.5,31020,A,Each                          ,T10,DT_1YL20842,인구천명당 사업체수(A÷B×1000),인구 천명당 사업체수(등록기반)(시도/시/군/구),2024,2026-02-13,Seongnam-si,성남시,개,101
행정구역별,41425.0,31030,A,Each                          ,T001,DT_1YL20842,사업체수(A),인구 천명당 사업체수(등록기반)(시도/시/군/구),2020,2023-10-12,Uijeongbu-si,의정부시,개,101
행정구역별,40864.0,31030,A,Each                          ,T001,DT_1YL20842,사업체수(A),인구 천명당 사업체수(등록기반)(시도/시/군/구),2021,2023-10-12,Uijeongbu-si,의정부시,개,101
행정구역별,41403.0,31030,A,Each                          ,T001,DT_1YL20842,사업체수(A),인구 천명당 사업체수(등록기반)(시도/시/군/구),2022,2024-02-05,Uijeongbu-si,의정부시,개,101
행정구역별,42066.0,31030,A,Each                          ,T001,DT_1YL20842,사업체수(A),인구 천명당 사업체수(등록기반)(시도/시/군/구),2023,2025-02-11,Uijeongbu-si,의정부시,개,101
행정구역별,42879.0,31030,A,Each                          ,T001,DT_1YL20842,사업체수(A),인구 천명당 사업체수(등록기반)(시도/시/군/구),2024,2026-02-13,Uijeongbu-si,의정부시,개,101
행정구역별,461710.0,31030,A,,T002,DT_1YL20842,주민등록인구(B),인구 천명당 사업체수(등록기반)(시도/시/군/구),2020,2023-10-12,Uijeongbu-si,의정부시,명,101
행정구역별,463661.0,31030,A,,T002,DT_1YL20842,주민등록인구(B),인구 천명당 사업체수(등록기반)(시도/시/군/구),2021,2023-10-12,Uijeongbu-si,의정부시,명,101
행정구역별,463724.0,31030,A,,T002,DT_1YL20842,주민등록인구(B),인구 천명당 사업체수(등록기반)(시도/시/군/구),2022,2024-02-05,Uijeongbu-si,의정부시,명,101
행정구역별,464213.0,31030,A,,T002,DT_1YL20842,주민등록인구(B),인구 천명당 사업체수(등록기반)(시도/시/군/구),2023,2025-02-11,Uijeongbu-si,의정부시,명,101
행정구역별,461271.0,31030,A,,T002,DT_1YL20842,주민등록인구(B),인구 천명당 사업체수(등록기반)(시도/시/군/구),2024,2026-02-13,Uijeongbu-si,의정부시,명,101
행정구역별,89.7,31030,A,Each                          ,T10,DT_1YL20842,인구천명당 사업체수(A÷B×1000),인구 천명당 사업체수(등록기반)(시도/시/군/구),2020,2023-10-12,Uijeongbu-si,의정부시,개,101
행정구역별,88.1,31030,A,Each                          ,T10,DT_1YL20842,인구천명당 사업체수(A÷B×1000),인구 천명당 사업체수(등록기반)(시도/시/군/구),2021,2023-10-12,Uijeongbu-si,의정부시,개,101
행정구역별,89.3,31030,A,Each                          ,T10,DT_1YL20842,인구천명당 사업체수(A÷B×1000),인구 천명당 사업체수(등록기반)(시도/시/군/구),2022,2024-02-05,Uijeongbu-si,의정부시,개,101
행정구역별,90.6,31030,A,Each                          ,T10,DT_1YL20842,인구천명당 사업체수(A÷B×1000),인구 천명당 사업체수(등록기반)(시도/시/군/구),2023,2025-02-11,Uijeongbu-si,의정부시,개,101
행정구역별,93.0,31030,A,Each                          ,T10,DT_1YL20842,인구천명당 사업체수(A÷B×1000),인구 천명당 사업체수(등록기반)(시도/시/군/구),2024,2026-02-13,Uijeongbu-si,의정부시,개,101
행정구역별,63348.0,31040,A,Each                          ,T001,DT_1YL20842,사업체수(A),인구 천명당 사업체수(등록기반)(시도/시/군/구),2020,2023-10-12,Anyang-si,안양시,개,101
행정구역별,63452.0,31040,A,Each                          ,T001,DT_1YL20842,사업체수(A),인구 천명당 사업체수(등록기반)(시도/시/군/구),2021,2023-10-12,Anyang-si,안양시,개,101
행정구역별,65722.0,31040,A,Each                          ,T001,DT_1YL20842,사업체수(A),인구 천명당 사업체수(등록기반)(시도/시/군/구),2022,2024-02-05,Anyang-si,안양시,개,101
행정구역별,66594.0,31040,A,Each                          ,T001,DT_1YL20842,사업체수(A),인구 천명당 사업체수(등록기반)(시도/시/군/구),2023,2025-02-11,Anyang-si,안양시,개,101
행정구역별,66906.0,31040,A,Each                          ,T001,DT_1YL20842,사업체수(A),인구 천명당 사업체수(등록기반)(시도/시/군/구),2024,2026-02-13,Anyang-si,안양시,개,101
행정구역별,550027.0,31040,A,,T002,DT_1YL20842,주민등록인구(B),인구 천명당 사업체수(등록기반)(시도/시/군/구),2020,2023-10-12,Anyang-si,안양시,명,101
행정구역별,547178.0,31040,A,,T002,DT_1YL20842,주민등록인구(B),인구 천명당 사업체수(등록기반)(시도/시/군/구),2021,2023-10-12,Anyang-si,안양시,명,101
행정구역별,548228.0,31040,A,,T002,DT_1YL20842,주민등록인구(B),인구 천명당 사업체수(등록기반)(시도/시/군/구),2022,2024-02-05,Anyang-si,안양시,명,101
행정구역별,544660.0,31040,A,,T002,DT_1YL20842,주민등록인구(B),인구 천명당 사업체수(등록기반)(시도/시/군/구),2023,2025-02-11,Anyang-si,안양시,명,101
행정구역별,556492.0,31040,A,,T002,DT_1YL20842,주민등록인구(B),인구 천명당 사업체수(등록기반)(시도/시/군/구),2024,2026-02-13,Anyang-si,안양시,명,101
행정구역별,115.2,31040,A,Each                          ,T10,DT_1YL20842,인구천명당 사업체수(A÷B×1000),인구 천명당 사업체수(등록기반)(시도/시/군/구),2020,2023-10-12,Anyang-si,안양시,개,101
행정구역별,116.0,31040,A,Each                          ,T10,DT_1YL20842,인구천명당 사업체수(A÷B×1000),인구 천명당 사업체수(등록기반)(시도/시/군/구),2021,2023-10-12,Anyang-si,안양시,개,101
행정구역별,119.9,31040,A,Each                          ,T10,DT_1YL20842,인구천명당 사업체수(A÷B×1000),인구 천명당 사업체수(등록기반)(시도/시/군/구),2022,2024-02-05,Anyang-si,안양시,개,101
행정구역별,122.3,31040,A,Each                          ,T10,DT_1YL20842,인구천명당 사업체수(A÷B×1000),인구 천명당 사업체수(등록기반)(시도/시/군/구),2023,2025-02-11,Anyang-si,안양시,개,101
행정구역별,120.2,31040,A,Each                          ,T10,DT_1YL20842,인구천명당 사업체수(A÷B×1000),인구 천명당 사업체수(등록기반)(시도/시/군/구),2024,2026-02-13,Anyang-si,안양시,개,101
행정구역별,90250.0,31050,A,Each                          ,T001,DT_1YL20842,사업체수(A),인구 천명당 사업체수(등록기반)(시도/시/군/구),2020,2023-10-12,Bucheon-si,부천시,개,101
행정구역별,87889.0,31050,A,Each                          ,T001,DT_1YL20842,사업체수(A),인구 천명당 사업체수(등록기반)(시도/시/군/구),2021,2023-10-12,Bucheon-si,부천시,개,101
행정구역별,88728.0,31050,A,Each                          ,T001,DT_1YL20842,사업체수(A),인구 천명당 사업체수(등록기반)(시도/시/군/구),2022,2024-02-05,Bucheon-si,부천시,개,101
행정구역별,89469.0,31050,A,Each                          ,T001,DT_1YL20842,사업체수(A),인구 천명당 사업체수(등록기반)(시도/시/군/구),2023,2025-02-11,Bucheon-si,부천시,개,101
행정구역별,88867.0,31050,A,Each                          ,T001,DT_1YL20842,사업체수(A),인구 천명당 사업체수(등록기반)(시도/시/군/구),2024,2026-02-13,Bucheon-si,부천시,개,101
행정구역별,818383.0,31050,A,,T002,DT_1YL20842,주민등록인구(B),인구 천명당 사업체수(등록기반)(시도/시/군/구),2020,2023-10-12,Bucheon-si,부천시,명,101
행정구역별,806067.0,31050,A,,T002,DT_1YL20842,주민등록인구(B),인구 천명당 사업체수(등록기반)(시도/시/군/구),2021,2023-10-12,Bucheon-si,부천시,명,101
행정구역별,790128.0,31050,A,,T002,DT_1YL20842,주민등록인구(B),인구 천명당 사업체수(등록기반)(시도/시/군/구),2022,2024-02-05,Bucheon-si,부천시,명,101
행정구역별,779968.0,31050,A,,T002,DT_1YL20842,주민등록인구(B),인구 천명당 사업체수(등록기반)(시도/시/군/구),2023,2025-02-11,Bucheon-si,부천시,명,101
행정구역별,769918.0,31050,A,,T002,DT_1YL20842,주민등록인구(B),인구 천명당 사업체수(등록기반)(시도/시/군/구),2024,2026-02-13,Bucheon-si,부천시,명,101
행정구역별,110.3,31050,A,Each                          ,T10,DT_1YL20842,인구천명당 사업체수(A÷B×1000),인구 천명당 사업체수(등록기반)(시도/시/군/구),2020,2023-10-12,Bucheon-si,부천시,개,101
행정구역별,109.0,31050,A,Each                          ,T10,DT_1YL20842,인구천명당 사업체수(A÷B×1000),인구 천명당 사업체수(등록기반)(시도/시/군/구),2021,2023-10-12,Bucheon-si,부천시,개,101
행정구역별,112.3,31050,A,Each                          ,T10,DT_1YL20842,인구천명당 사업체수(A÷B×1000),인구 천명당 사업체수(등록기반)(시도/시/군/구),2022,2024-02-05,Bucheon-si,부천시,개,101
행정구역별,114.7,31050,A,Each                          ,T10,DT_1YL20842,인구천명당 사업체수(A÷B×1000),인구 천명당 사업체수(등록기반)(시도/시/군/구),2023,2025-02-11,Bucheon-si,부천시,개,101
행정구역별,115.4,31050,A,Each                          ,T10,DT_1YL20842,인구천명당 사업체수(A÷B×1000),인구 천명당 사업체수(등록기반)(시도/시/군/구),2024,2026-02-13,Bucheon-si,부천시,개,101
행정구역별,27517.0,31060,A,Each                          ,T001,DT_1YL20842,사업체수(A),인구 천명당 사업체수(등록기반)(시도/시/군/구),2020,2023-10-12,Gwangmyeong-si,광명시,개,101
행정구역별,26653.0,31060,A,Each                          ,T001,DT_1YL20842,사업체수(A),인구 천명당 사업체수(등록기반)(시도/시/군/구),2021,2023-10-12,Gwangmyeong-si,광명시,개,101
행정구역별,26394.0,31060,A,Each                          ,T001,DT_1YL20842,사업체수(A),인구 천명당 사업체수(등록기반)(시도/시/군/구),2022,2024-02-05,Gwangmyeong-si,광명시,개,101
행정구역별,26604.0,31060,A,Each                          ,T001,DT_1YL20842,사업체수(A),인구 천명당 사업체수(등록기반)(시도/시/군/구),2023,2025-02-11,Gwangmyeong-si,광명시,개,101
행정구역별,26651.0,31060,A,Each                          ,T001,DT_1YL20842,사업체수(A),인구 천명당 사업체수(등록기반)(시도/시/군/구),2024,2026-02-13,Gwangmyeong-si,광명시,개,101
행정구역별,298599.0,31060,A,,T002,DT_1YL20842,주민등록인구(B),인구 천명당 사업체수(등록기반)(시도/시/군/구),2020,2023-10-12,Gwangmyeong-si,광명시,명,101
행정구역별,292893.0,31060,A,,T002,DT_1YL20842,주민등록인구(B),인구 천명당 사업체수(등록기반)(시도/시/군/구),2021,2023-10-12,Gwangmyeong-si,광명시,명,101
행정구역별,287945.0,31060,A,,T002,DT_1YL20842,주민등록인구(B),인구 천명당 사업체수(등록기반)(시도/시/군/구),2022,2024-02-05,Gwangmyeong-si,광명시,명,101
행정구역별,280197.0,31060,A,,T002,DT_1YL20842,주민등록인구(B),인구 천명당 사업체수(등록기반)(시도/시/군/구),2023,2025-02-11,Gwangmyeong-si,광명시,명,101
행정구역별,278167.0,31060,A,,T002,DT_1YL20842,주민등록인구(B),인구 천명당 사업체수(등록기반)(시도/시/군/구),2024,2026-02-13,Gwangmyeong-si,광명시,명,101
행정구역별,92.2,31060,A,Each                          ,T10,DT_1YL20842,인구천명당 사업체수(A÷B×1000),인구 천명당 사업체수(등록기반)(시도/시/군/구),2020,2023-10-12,Gwangmyeong-si,광명시,개,101
행정구역별,91.0,31060,A,Each                          ,T10,DT_1YL20842,인구천명당 사업체수(A÷B×1000),인구 천명당 사업체수(등록기반)(시도/시/군/구),2021,2023-10-12,Gwangmyeong-si,광명시,개,101
행정구역별,91.7,31060,A,Each                          ,T10,DT_1YL20842,인구천명당 사업체수(A÷B×1000),인구 천명당 사업체수(등록기반)(시도/시/군/구),2022,2024-02-05,Gwangmyeong-si,광명시,개,101
행정구역별,94.9,31060,A,Each                          ,T10,DT_1YL20842,인구천명당 사업체수(A÷B×1000),인구 천명당 사업체수(등록기반)(시도/시/군/구),2023,2025-02-11,Gwangmyeong-si,광명시,개,101
행정구역별,95.8,31060,A,Each                          ,T10,DT_1YL20842,인구천명당 사업체수(A÷B×1000),인구 천명당 사업체수(등록기반)(시도/시/군/구),2024,2026-02-13,Gwangmyeong-si,광명시,개,101
행정구역별,59691.0,31070,A,Each                          ,T001,DT_1YL20842,사업체수(A),인구 천명당 사업체수(등록기반)(시도/시/군/구),2020,2023-10-12,Pyeongtaek-si,평택시,개,101
행정구역별,60910.0,31070,A,Each                          ,T001,DT_1YL20842,사업체수(A),인구 천명당 사업체수(등록기반)(시도/시/군/구),2021,2023-10-12,Pyeongtaek-si,평택시,개,101
행정구역별,61651.0,31070,A,Each                          ,T001,DT_1YL20842,사업체수(A),인구 천명당 사업체수(등록기반)(시도/시/군/구),2022,2024-02-05,Pyeongtaek-si,평택시,개,101
행정구역별,63346.0,31070,A,Each                          ,T001,DT_1YL20842,사업체수(A),인구 천명당 사업체수(등록기반)(시도/시/군/구),2023,2025-02-11,Pyeongtaek-si,평택시,개,101
행정구역별,64714.0,31070,A,Each                          ,T001,DT_1YL20842,사업체수(A),인구 천명당 사업체수(등록기반)(시도/시/군/구),2024,2026-02-13,Pyeongtaek-si,평택시,개,101
행정구역별,537307.0,31070,A,,T002,DT_1YL20842,주민등록인구(B),인구 천명당 사업체수(등록기반)(시도/시/군/구),2020,2023-10-12,Pyeongtaek-si,평택시,명,101
행정구역별,564288.0,31070,A,,T002,DT_1YL20842,주민등록인구(B),인구 천명당 사업체수(등록기반)(시도/시/군/구),2021,2023-10-12,Pyeongtaek-si,평택시,명,101
행정구역별,578529.0,31070,A,,T002,DT_1YL20842,주민등록인구(B),인구 천명당 사업체수(등록기반)(시도/시/군/구),2022,2024-02-05,Pyeongtaek-si,평택시,명,101
행정구역별,591022.0,31070,A,,T002,DT_1YL20842,주민등록인구(B),인구 천명당 사업체수(등록기반)(시도/시/군/구),2023,2025-02-11,Pyeongtaek-si,평택시,명,101
행정구역별,598556.0,31070,A,,T002,DT_1YL20842,주민등록인구(B),인구 천명당 사업체수(등록기반)(시도/시/군/구),2024,2026-02-13,Pyeongtaek-si,평택시,명,101
행정구역별,111.1,31070,A,Each                          ,T10,DT_1YL20842,인구천명당 사업체수(A÷B×1000),인구 천명당 사업체수(등록기반)(시도/시/군/구),2020,2023-10-12,Pyeongtaek-si,평택시,개,101
행정구역별,107.9,31070,A,Each                          ,T10,DT_1YL20842,인구천명당 사업체수(A÷B×1000),인구 천명당 사업체수(등록기반)(시도/시/군/구),2021,2023-10-12,Pyeongtaek-si,평택시,개,101
행정구역별,106.6,31070,A,Each                          ,T10,DT_1YL20842,인구천명당 사업체수(A÷B×1000),인구 천명당 사업체수(등록기반)(시도/시/군/구),2022,2024-02-05,Pyeongtaek-si,평택시,개,101
행정구역별,107.2,31070,A,Each                          ,T10,DT_1YL20842,인구천명당 사업체수(A÷B×1000),인구 천명당 사업체수(등록기반)(시도/시/군/구),2023,2025-02-11,Pyeongtaek-si,평택시,개,101
행정구역별,108.1,31070,A,Each                          ,T10,DT_1YL20842,인구천명당 사업체수(A÷B×1000),인구 천명당 사업체수(등록기반)(시도/시/군/구),2024,2026-02-13,Pyeongtaek-si,평택시,개,101
행정구역별,8826.0,31080,A,Each                          ,T001,DT_1YL20842,사업체수(A),인구 천명당 사업체수(등록기반)(시도/시/군/구),2020,2023-10-12,Dongducheon-si,동두천시,개,101
행정구역별,9011.0,31080,A,Each                          ,T001,DT_1YL20842,사업체수(A),인구 천명당 사업체수(등록기반)(시도/시/군/구),2021,2023-10-12,Dongducheon-si,동두천시,개,101
행정구역별,9077.0,31080,A,Each                          ,T001,DT_1YL20842,사업체수(A),인구 천명당 사업체수(등록기반)(시도/시/군/구),2022,2024-02-05,Dongducheon-si,동두천시,개,101
행정구역별,9327.0,31080,A,Each                          ,T001,DT_1YL20842,사업체수(A),인구 천명당 사업체수(등록기반)(시도/시/군/구),2023,2025-02-11,Dongducheon-si,동두천시,개,101
행정구역별,9281.0,31080,A,Each                          ,T001,DT_1YL20842,사업체수(A),인구 천명당 사업체수(등록기반)(시도/시/군/구),2024,2026-02-13,Dongducheon-si,동두천시,개,101
행정구역별,94353.0,31080,A,,T002,DT_1YL20842,주민등록인구(B),인구 천명당 사업체수(등록기반)(시도/시/군/구),2020,2023-10-12,Dongducheon-si,동두천시,명,101
행정구역별,93592.0,31080,A,,T002,DT_1YL20842,주민등록인구(B),인구 천명당 사업체수(등록기반)(시도/시/군/구),2021,2023-10-12,Dongducheon-si,동두천시,명,101
행정구역별,91546.0,31080,A,,T002,DT_1YL20842,주민등록인구(B),인구 천명당 사업체수(등록기반)(시도/시/군/구),2022,2024-02-05,Dongducheon-si,동두천시,명,101
행정구역별,88626.0,31080,A,,T002,DT_1YL20842,주민등록인구(B),인구 천명당 사업체수(등록기반)(시도/시/군/구),2023,2025-02-11,Dongducheon-si,동두천시,명,101
행정구역별,86838.0,31080,A,,T002,DT_1YL20842,주민등록인구(B),인구 천명당 사업체수(등록기반)(시도/시/군/구),2024,2026-02-13,Dongducheon-si,동두천시,명,101
행정구역별,93.5,31080,A,Each                          ,T10,DT_1YL20842,인구천명당 사업체수(A÷B×1000),인구 천명당 사업체수(등록기반)(시도/시/군/구),2020,2023-10-12,Dongducheon-si,동두천시,개,101
행정구역별,96.3,31080,A,Each                          ,T10,DT_1YL20842,인구천명당 사업체수(A÷B×1000),인구 천명당 사업체수(등록기반)(시도/시/군/구),2021,2023-10-12,Dongducheon-si,동두천시,개,101
행정구역별,99.2,31080,A,Each                          ,T10,DT_1YL20842,인구천명당 사업체수(A÷B×1000),인구 천명당 사업체수(등록기반)(시도/시/군/구),2022,2024-02-05,Dongducheon-si,동두천시,개,101
행정구역별,105.2,31080,A,Each                          ,T10,DT_1YL20842,인구천명당 사업체수(A÷B×1000),인구 천명당 사업체수(등록기반)(시도/시/군/구),2023,2025-02-11,Dongducheon-si,동두천시,개,101
행정구역별,106.9,31080,A,Each                          ,T10,DT_1YL20842,인구천명당 사업체수(A÷B×1000),인구 천명당 사업체수(등록기반)(시도/시/군/구),2024,2026-02-13,Dongducheon-si,동두천시,개,101
행정구역별,81784.0,31090,A,Each                          ,T001,DT_1YL20842,사업체수(A),인구 천명당 사업체수(등록기반)(시도/시/군/구),2020,2023-10-12,Ansan-si,안산시,개,101
행정구역별,81372.0,31090,A,Each                          ,T001,DT_1YL20842,사업체수(A),인구 천명당 사업체수(등록기반)(시도/시/군/구),2021,2023-10-12,Ansan-si,안산시,개,101
행정구역별,82523.0,31090,A,Each                          ,T001,DT_1YL20842,사업체수(A),인구 천명당 사업체수(등록기반)(시도/시/군/구),2022,2024-02-05,Ansan-si,안산시,개,101
행정구역별,84944.0,31090,A,Each                          ,T001,DT_1YL20842,사업체수(A),인구 천명당 사업체수(등록기반)(시도/시/군/구),2023,2025-02-11,Ansan-si,안산시,개,101
행정구역별,86784.0,31090,A,Each                          ,T001,DT_1YL20842,사업체수(A),인구 천명당 사업체수(등록기반)(시도/시/군/구),2024,2026-02-13,Ansan-si,안산시,개,101
행정구역별,654915.0,31090,A,,T002,DT_1YL20842,주민등록인구(B),인구 천명당 사업체수(등록기반)(시도/시/군/구),2020,2023-10-12,Ansan-si,안산시,명,101
행정구역별,652726.0,31090,A,,T002,DT_1YL20842,주민등록인구(B),인구 천명당 사업체수(등록기반)(시도/시/군/구),2021,2023-10-12,Ansan-si,안산시,명,101
행정구역별,641660.0,31090,A,,T002,DT_1YL20842,주민등록인구(B),인구 천명당 사업체수(등록기반)(시도/시/군/구),2022,2024-02-05,Ansan-si,안산시,명,101
행정구역별,629308.0,31090,A,,T002,DT_1YL20842,주민등록인구(B),인구 천명당 사업체수(등록기반)(시도/시/군/구),2023,2025-02-11,Ansan-si,안산시,명,101
행정구역별,620579.0,31090,A,,T002,DT_1YL20842,주민등록인구(B),인구 천명당 사업체수(등록기반)(시도/시/군/구),2024,2026-02-13,Ansan-si,안산시,명,101
행정구역별,124.9,31090,A,Each                          ,T10,DT_1YL20842,인구천명당 사업체수(A÷B×1000),인구 천명당 사업체수(등록기반)(시도/시/군/구),2020,2023-10-12,Ansan-si,안산시,개,101
행정구역별,124.7,31090,A,Each                          ,T10,DT_1YL20842,인구천명당 사업체수(A÷B×1000),인구 천명당 사업체수(등록기반)(시도/시/군/구),2021,2023-10-12,Ansan-si,안산시,개,101
행정구역별,128.6,31090,A,Each                          ,T10,DT_1YL20842,인구천명당 사업체수(A÷B×1000),인구 천명당 사업체수(등록기반)(시도/시/군/구),2022,2024-02-05,Ansan-si,안산시,개,101
행정구역별,135.0,31090,A,Each                          ,T10,DT_1YL20842,인구천명당 사업체수(A÷B×1000),인구 천명당 사업체수(등록기반)(시도/시/군/구),2023,2025-02-11,Ansan-si,안산시,개,101
행정구역별,139.8,31090,A,Each                          ,T10,DT_1YL20842,인구천명당 사업체수(A÷B×1000),인구 천명당 사업체수(등록기반)(시도/시/군/구),2024,2026-02-13,Ansan-si,안산시,개,101
행정구역별,107469.0,31100,A,Each                          ,T001,DT_1YL20842,사업체수(A),인구 천명당 사업체수(등록기반)(시도/시/군/구),2020,2023-10-12,Goyang-si,고양시,개,101
행정구역별,110660.0,31100,A,Each                          ,T001,DT_1YL20842,사업체수(A),인구 천명당 사업체수(등록기반)(시도/시/군/구),2021,2023-10-12,Goyang-si,고양시,개,101
행정구역별,111401.0,31100,A,Each                          ,T001,DT_1YL20842,사업체수(A),인구 천명당 사업체수(등록기반)(시도/시/군/구),2022,2024-02-05,Goyang-si,고양시,개,101
행정구역별,116028.0,31100,A,Each                          ,T001,DT_1YL20842,사업체수(A),인구 천명당 사업체수(등록기반)(시도/시/군/구),2023,2025-02-11,Goyang-si,고양시,개,101
행정구역별,119540.0,31100,A,Each                          ,T001,DT_1YL20842,사업체수(A),인구 천명당 사업체수(등록기반)(시도/시/군/구),2024,2026-02-13,Goyang-si,고양시,개,101
행정구역별,1079216.0,31100,A,,T002,DT_1YL20842,주민등록인구(B),인구 천명당 사업체수(등록기반)(시도/시/군/구),2020,2023-10-12,Goyang-si,고양시,명,101
행정구역별,1079353.0,31100,A,,T002,DT_1YL20842,주민등록인구(B),인구 천명당 사업체수(등록기반)(시도/시/군/구),2021,2023-10-12,Goyang-si,고양시,명,101
행정구역별,1076535.0,31100,A,,T002,DT_1YL20842,주민등록인구(B),인구 천명당 사업체수(등록기반)(시도/시/군/구),2022,2024-02-05,Goyang-si,고양시,명,101
행정구역별,1074907.0,31100,A,,T002,DT_1YL20842,주민등록인구(B),인구 천명당 사업체수(등록기반)(시도/시/군/구),2023,2025-02-11,Goyang-si,고양시,명,101
행정구역별,1070120.0,31100,A,,T002,DT_1YL20842,주민등록인구(B),인구 천명당 사업체수(등록기반)(시도/시/군/구),2024,2026-02-13,Goyang-si,고양시,명,101
행정구역별,99.6,31100,A,Each                          ,T10,DT_1YL20842,인구천명당 사업체수(A÷B×1000),인구 천명당 사업체수(등록기반)(시도/시/군/구),2020,2023-10-12,Goyang-si,고양시,개,101
행정구역별,102.5,31100,A,Each                          ,T10,DT_1YL20842,인구천명당 사업체수(A÷B×1000),인구 천명당 사업체수(등록기반)(시도/시/군/구),2021,2023-10-12,Goyang-si,고양시,개,101
행정구역별,103.5,31100,A,Each                          ,T10,DT_1YL20842,인구천명당 사업체수(A÷B×1000),인구 천명당 사업체수(등록기반)(시도/시/군/구),2022,2024-02-05,Goyang-si,고양시,개,101
행정구역별,107.9,31100,A,Each                          ,T10,DT_1YL20842,인구천명당 사업체수(A÷B×1000),인구 천명당 사업체수(등록기반)(시도/시/군/구),2023,2025-02-11,Goyang-si,고양시,개,101
행정구역별,111.7,31100,A,Each                          ,T10,DT_1YL20842,인구천명당 사업체수(A÷B×1000),인구 천명당 사업체수(등록기반)(시도/시/군/구),2024,2026-02-13,Goyang-si,고양시,개,101
행정구역별,6068.0,31110,A,Each                          ,T001,DT_1YL20842,사업체수(A),인구 천명당 사업체수(등록기반)(시도/시/군/구),2020,2023-10-12,Gwacheon-si,과천시,개,101
행정구역별,6039.0,31110,A,Each                          ,T001,DT_1YL20842,사업체수(A),인구 천명당 사업체수(등록기반)(시도/시/군/구),2021,2023-10-12,Gwacheon-si,과천시,개,101
행정구역별,6218.0,31110,A,Each                          ,T001,DT_1YL20842,사업체수(A),인구 천명당 사업체수(등록기반)(시도/시/군/구),2022,2024-02-05,Gwacheon-si,과천시,개,101
행정구역별,6714.0,31110,A,Each                          ,T001,DT_1YL20842,사업체수(A),인구 천명당 사업체수(등록기반)(시도/시/군/구),2023,2025-02-11,Gwacheon-si,과천시,개,101
행정구역별,7522.0,31110,A,Each                          ,T001,DT_1YL20842,사업체수(A),인구 천명당 사업체수(등록기반)(시도/시/군/구),2024,2026-02-13,Gwacheon-si,과천시,개,101
행정구역별,63231.0,31110,A,,T002,DT_1YL20842,주민등록인구(B),인구 천명당 사업체수(등록기반)(시도/시/군/구),2020,2023-10-12,Gwacheon-si,과천시,명,101
행정구역별,73345.0,31110,A,,T002,DT_1YL20842,주민등록인구(B),인구 천명당 사업체수(등록기반)(시도/시/군/구),2021,2023-10-12,Gwacheon-si,과천시,명,101
행정구역별,78137.0,31110,A,,T002,DT_1YL20842,주민등록인구(B),인구 천명당 사업체수(등록기반)(시도/시/군/구),2022,2024-02-05,Gwacheon-si,과천시,명,101
행정구역별,81000.0,31110,A,,T002,DT_1YL20842,주민등록인구(B),인구 천명당 사업체수(등록기반)(시도/시/군/구),2023,2025-02-11,Gwacheon-si,과천시,명,101
행정구역별,85512.0,31110,A,,T002,DT_1YL20842,주민등록인구(B),인구 천명당 사업체수(등록기반)(시도/시/군/구),2024,2026-02-13,Gwacheon-si,과천시,명,101
행정구역별,96.0,31110,A,Each                          ,T10,DT_1YL20842,인구천명당 사업체수(A÷B×1000),인구 천명당 사업체수(등록기반)(시도/시/군/구),2020,2023-10-12,Gwacheon-si,과천시,개,101
행정구역별,82.3,31110,A,Each                          ,T10,DT_1YL20842,인구천명당 사업체수(A÷B×1000),인구 천명당 사업체수(등록기반)(시도/시/군/구),2021,2023-10-12,Gwacheon-si,과천시,개,101
행정구역별,79.6,31110,A,Each                          ,T10,DT_1YL20842,인구천명당 사업체수(A÷B×1000),인구 천명당 사업체수(등록기반)(시도/시/군/구),2022,2024-02-05,Gwacheon-si,과천시,개,101
행정구역별,82.9,31110,A,Each                          ,T10,DT_1YL20842,인구천명당 사업체수(A÷B×1000),인구 천명당 사업체수(등록기반)(시도/시/군/구),2023,2025-02-11,Gwacheon-si,과천시,개,101
행정구역별,88.0,31110,A,Each                          ,T10,DT_1YL20842,인구천명당 사업체수(A÷B×1000),인구 천명당 사업체수(등록기반)(시도/시/군/구),2024,2026-02-13,Gwacheon-si,과천시,개,101
행정구역별,21866.0,31120,A,Each                          ,T001,DT_1YL20842,사업체수(A),인구 천명당 사업체수(등록기반)(시도/시/군/구),2020,2023-10-12,Guri-si,구리시,개,101
행정구역별,21325.0,31120,A,Each                          ,T001,DT_1YL20842,사업체수(A),인구 천명당 사업체수(등록기반)(시도/시/군/구),2021,2023-10-12,Guri-si,구리시,개,101
행정구역별,21435.0,31120,A,Each                          ,T001,DT_1YL20842,사업체수(A),인구 천명당 사업체수(등록기반)(시도/시/군/구),2022,2024-02-05,Guri-si,구리시,개,101
행정구역별,22121.0,31120,A,Each                          ,T001,DT_1YL20842,사업체수(A),인구 천명당 사업체수(등록기반)(시도/시/군/구),2023,2025-02-11,Guri-si,구리시,개,101
행정구역별,23089.0,31120,A,Each                          ,T001,DT_1YL20842,사업체수(A),인구 천명당 사업체수(등록기반)(시도/시/군/구),2024,2026-02-13,Guri-si,구리시,개,101
행정구역별,197454.0,31120,A,,T002,DT_1YL20842,주민등록인구(B),인구 천명당 사업체수(등록기반)(시도/시/군/구),2020,2023-10-12,Guri-si,구리시,명,101
행정구역별,191948.0,31120,A,,T002,DT_1YL20842,주민등록인구(B),인구 천명당 사업체수(등록기반)(시도/시/군/구),2021,2023-10-12,Guri-si,구리시,명,101
행정구역별,188701.0,31120,A,,T002,DT_1YL20842,주민등록인구(B),인구 천명당 사업체수(등록기반)(시도/시/군/구),2022,2024-02-05,Guri-si,구리시,명,101
행정구역별,187093.0,31120,A,,T002,DT_1YL20842,주민등록인구(B),인구 천명당 사업체수(등록기반)(시도/시/군/구),2023,2025-02-11,Guri-si,구리시,명,101
행정구역별,186882.0,31120,A,,T002,DT_1YL20842,주민등록인구(B),인구 천명당 사업체수(등록기반)(시도/시/군/구),2024,2026-02-13,Guri-si,구리시,명,101
행정구역별,110.7,31120,A,Each                          ,T10,DT_1YL20842,인구천명당 사업체수(A÷B×1000),인구 천명당 사업체수(등록기반)(시도/시/군/구),2020,2023-10-12,Guri-si,구리시,개,101
행정구역별,111.1,31120,A,Each                          ,T10,DT_1YL20842,인구천명당 사업체수(A÷B×1000),인구 천명당 사업체수(등록기반)(시도/시/군/구),2021,2023-10-12,Guri-si,구리시,개,101
행정구역별,113.6,31120,A,Each                          ,T10,DT_1YL20842,인구천명당 사업체수(A÷B×1000),인구 천명당 사업체수(등록기반)(시도/시/군/구),2022,2024-02-05,Guri-si,구리시,개,101
행정구역별,118.2,31120,A,Each                          ,T10,DT_1YL20842,인구천명당 사업체수(A÷B×1000),인구 천명당 사업체수(등록기반)(시도/시/군/구),2023,2025-02-11,Guri-si,구리시,개,101
행정구역별,123.5,31120,A,Each                          ,T10,DT_1YL20842,인구천명당 사업체수(A÷B×1000),인구 천명당 사업체수(등록기반)(시도/시/군/구),2024,2026-02-13,Guri-si,구리시,개,101
행정구역별,68337.0,31130,A,Each                          ,T001,DT_1YL20842,사업체수(A),인구 천명당 사업체수(등록기반)(시도/시/군/구),2020,2023-10-12,Namyangju-si,남양주시,개,101
행정구역별,66794.0,31130,A,Each                          ,T001,DT_1YL20842,사업체수(A),인구 천명당 사업체수(등록기반)(시도/시/군/구),2021,2023-10-12,Namyangju-si,남양주시,개,101
행정구역별,68272.0,31130,A,Each                          ,T001,DT_1YL20842,사업체수(A),인구 천명당 사업체수(등록기반)(시도/시/군/구),2022,2024-02-05,Namyangju-si,남양주시,개,101
행정구역별,71539.0,31130,A,Each                          ,T001,DT_1YL20842,사업체수(A),인구 천명당 사업체수(등록기반)(시도/시/군/구),2023,2025-02-11,Namyangju-si,남양주시,개,101
행정구역별,71838.0,31130,A,Each                          ,T001,DT_1YL20842,사업체수(A),인구 천명당 사업체수(등록기반)(시도/시/군/구),2024,2026-02-13,Namyangju-si,남양주시,개,101
행정구역별,713321.0,31130,A,,T002,DT_1YL20842,주민등록인구(B),인구 천명당 사업체수(등록기반)(시도/시/군/구),2020,2023-10-12,Namyangju-si,남양주시,명,101
행정구역별,733798.0,31130,A,,T002,DT_1YL20842,주민등록인구(B),인구 천명당 사업체수(등록기반)(시도/시/군/구),2021,2023-10-12,Namyangju-si,남양주시,명,101
행정구역별,737353.0,31130,A,,T002,DT_1YL20842,주민등록인구(B),인구 천명당 사업체수(등록기반)(시도/시/군/구),2022,2024-02-05,Namyangju-si,남양주시,명,101
행정구역별,732265.0,31130,A,,T002,DT_1YL20842,주민등록인구(B),인구 천명당 사업체수(등록기반)(시도/시/군/구),2023,2025-02-11,Namyangju-si,남양주시,명,101
행정구역별,732482.0,31130,A,,T002,DT_1YL20842,주민등록인구(B),인구 천명당 사업체수(등록기반)(시도/시/군/구),2024,2026-02-13,Namyangju-si,남양주시,명,101
행정구역별,95.8,31130,A,Each                          ,T10,DT_1YL20842,인구천명당 사업체수(A÷B×1000),인구 천명당 사업체수(등록기반)(시도/시/군/구),2020,2023-10-12,Namyangju-si,남양주시,개,101
행정구역별,91.0,31130,A,Each                          ,T10,DT_1YL20842,인구천명당 사업체수(A÷B×1000),인구 천명당 사업체수(등록기반)(시도/시/군/구),2021,2023-10-12,Namyangju-si,남양주시,개,101
행정구역별,92.6,31130,A,Each                          ,T10,DT_1YL20842,인구천명당 사업체수(A÷B×1000),인구 천명당 사업체수(등록기반)(시도/시/군/구),2022,2024-02-05,Namyangju-si,남양주시,개,101
행정구역별,97.7,31130,A,Each                          ,T10,DT_1YL20842,인구천명당 사업체수(A÷B×1000),인구 천명당 사업체수(등록기반)(시도/시/군/구),2023,2025-02-11,Namyangju-si,남양주시,개,101
행정구역별,98.1,31130,A,Each                          ,T10,DT_1YL20842,인구천명당 사업체수(A÷B×1000),인구 천명당 사업체수(등록기반)(시도/시/군/구),2024,2026-02-13,Namyangju-si,남양주시,개,101
행정구역별,19532.0,31140,A,Each                          ,T001,DT_1YL20842,사업체수(A),인구 천명당 사업체수(등록기반)(시도/시/군/구),2020,2023-10-12,Osan-si,오산시,개,101
행정구역별,20094.0,31140,A,Each                          ,T001,DT_1YL20842,사업체수(A),인구 천명당 사업체수(등록기반)(시도/시/군/구),2021,2023-10-12,Osan-si,오산시,개,101
행정구역별,20440.0,31140,A,Each                          ,T001,DT_1YL20842,사업체수(A),인구 천명당 사업체수(등록기반)(시도/시/군/구),2022,2024-02-05,Osan-si,오산시,개,101
행정구역별,21691.0,31140,A,Each                          ,T001,DT_1YL20842,사업체수(A),인구 천명당 사업체수(등록기반)(시도/시/군/구),2023,2025-02-11,Osan-si,오산시,개,101
행정구역별,22692.0,31140,A,Each                          ,T001,DT_1YL20842,사업체수(A),인구 천명당 사업체수(등록기반)(시도/시/군/구),2024,2026-02-13,Osan-si,오산시,개,101
행정구역별,229725.0,31140,A,,T002,DT_1YL20842,주민등록인구(B),인구 천명당 사업체수(등록기반)(시도/시/군/구),2020,2023-10-12,Osan-si,오산시,명,101
행정구역별,229983.0,31140,A,,T002,DT_1YL20842,주민등록인구(B),인구 천명당 사업체수(등록기반)(시도/시/군/구),2021,2023-10-12,Osan-si,오산시,명,101
행정구역별,229849.0,31140,A,,T002,DT_1YL20842,주민등록인구(B),인구 천명당 사업체수(등록기반)(시도/시/군/구),2022,2024-02-05,Osan-si,오산시,명,101
행정구역별,229656.0,31140,A,,T002,DT_1YL20842,주민등록인구(B),인구 천명당 사업체수(등록기반)(시도/시/군/구),2023,2025-02-11,Osan-si,오산시,명,101
행정구역별,242065.0,31140,A,,T002,DT_1YL20842,주민등록인구(B),인구 천명당 사업체수(등록기반)(시도/시/군/구),2024,2026-02-13,Osan-si,오산시,명,101
행정구역별,85.0,31140,A,Each                          ,T10,DT_1YL20842,인구천명당 사업체수(A÷B×1000),인구 천명당 사업체수(등록기반)(시도/시/군/구),2020,2023-10-12,Osan-si,오산시,개,101
행정구역별,87.4,31140,A,Each                          ,T10,DT_1YL20842,인구천명당 사업체수(A÷B×1000),인구 천명당 사업체수(등록기반)(시도/시/군/구),2021,2023-10-12,Osan-si,오산시,개,101
행정구역별,88.9,31140,A,Each                          ,T10,DT_1YL20842,인구천명당 사업체수(A÷B×1000),인구 천명당 사업체수(등록기반)(시도/시/군/구),2022,2024-02-05,Osan-si,오산시,개,101
행정구역별,94.4,31140,A,Each                          ,T10,DT_1YL20842,인구천명당 사업체수(A÷B×1000),인구 천명당 사업체수(등록기반)(시도/시/군/구),2023,2025-02-11,Osan-si,오산시,개,101
행정구역별,93.7,31140,A,Each                          ,T10,DT_1YL20842,인구천명당 사업체수(A÷B×1000),인구 천명당 사업체수(등록기반)(시도/시/군/구),2024,2026-02-13,Osan-si,오산시,개,101
행정구역별,68001.0,31150,A,Each                          ,T001,DT_1YL20842,사업체수(A),인구 천명당 사업체수(등록기반)(시도/시/군/구),2020,2023-10-12,Siheung-si,시흥시,개,101
행정구역별,69637.0,31150,A,Each                          ,T001,DT_1YL20842,사업체수(A),인구 천명당 사업체수(등록기반)(시도/시/군/구),2021,2023-10-12,Siheung-si,시흥시,개,101
행정구역별,71474.0,31150,A,Each                          ,T001,DT_1YL20842,사업체수(A),인구 천명당 사업체수(등록기반)(시도/시/군/구),2022,2024-02-05,Siheung-si,시흥시,개,101
행정구역별,71302.0,31150,A,Each                          ,T001,DT_1YL20842,사업체수(A),인구 천명당 사업체수(등록기반)(시도/시/군/구),2023,2025-02-11,Siheung-si,시흥시,개,101
행정구역별,71949.0,31150,A,Each                          ,T001,DT_1YL20842,사업체수(A),인구 천명당 사업체수(등록기반)(시도/시/군/구),2024,2026-02-13,Siheung-si,시흥시,개,101
행정구역별,500895.0,31150,A,,T002,DT_1YL20842,주민등록인구(B),인구 천명당 사업체수(등록기반)(시도/시/군/구),2020,2023-10-12,Siheung-si,시흥시,명,101
행정구역별,512030.0,31150,A,,T002,DT_1YL20842,주민등록인구(B),인구 천명당 사업체수(등록기반)(시도/시/군/구),2021,2023-10-12,Siheung-si,시흥시,명,101
행정구역별,512912.0,31150,A,,T002,DT_1YL20842,주민등록인구(B),인구 천명당 사업체수(등록기반)(시도/시/군/구),2022,2024-02-05,Siheung-si,시흥시,명,101
행정구역별,519715.0,31150,A,,T002,DT_1YL20842,주민등록인구(B),인구 천명당 사업체수(등록기반)(시도/시/군/구),2023,2025-02-11,Siheung-si,시흥시,명,101
행정구역별,518132.0,31150,A,,T002,DT_1YL20842,주민등록인구(B),인구 천명당 사업체수(등록기반)(시도/시/군/구),2024,2026-02-13,Siheung-si,시흥시,명,101
행정구역별,135.8,31150,A,Each                          ,T10,DT_1YL20842,인구천명당 사업체수(A÷B×1000),인구 천명당 사업체수(등록기반)(시도/시/군/구),2020,2023-10-12,Siheung-si,시흥시,개,101
행정구역별,136.0,31150,A,Each                          ,T10,DT_1YL20842,인구천명당 사업체수(A÷B×1000),인구 천명당 사업체수(등록기반)(시도/시/군/구),2021,2023-10-12,Siheung-si,시흥시,개,101
행정구역별,139.3,31150,A,Each                          ,T10,DT_1YL20842,인구천명당 사업체수(A÷B×1000),인구 천명당 사업체수(등록기반)(시도/시/군/구),2022,2024-02-05,Siheung-si,시흥시,개,101
행정구역별,137.2,31150,A,Each                          ,T10,DT_1YL20842,인구천명당 사업체수(A÷B×1000),인구 천명당 사업체수(등록기반)(시도/시/군/구),2023,2025-02-11,Siheung-si,시흥시,개,101
행정구역별,138.9,31150,A,Each                          ,T10,DT_1YL20842,인구천명당 사업체수(A÷B×1000),인구 천명당 사업체수(등록기반)(시도/시/군/구),2024,2026-02-13,Siheung-si,시흥시,개,101
행정구역별,26142.0,31160,A,Each                          ,T001,DT_1YL20842,사업체수(A),인구 천명당 사업체수(등록기반)(시도/시/군/구),2020,2023-10-12,Gunpo-si,군포시,개,101
행정구역별,26843.0,31160,A,Each                          ,T001,DT_1YL20842,사업체수(A),인구 천명당 사업체수(등록기반)(시도/시/군/구),2021,2023-10-12,Gunpo-si,군포시,개,101
행정구역별,28217.0,31160,A,Each                          ,T001,DT_1YL20842,사업체수(A),인구 천명당 사업체수(등록기반)(시도/시/군/구),2022,2024-02-05,Gunpo-si,군포시,개,101
행정구역별,28071.0,31160,A,Each                          ,T001,DT_1YL20842,사업체수(A),인구 천명당 사업체수(등록기반)(시도/시/군/구),2023,2025-02-11,Gunpo-si,군포시,개,101
행정구역별,27999.0,31160,A,Each                          ,T001,DT_1YL20842,사업체수(A),인구 천명당 사업체수(등록기반)(시도/시/군/구),2024,2026-02-13,Gunpo-si,군포시,개,101
행정구역별,273791.0,31160,A,,T002,DT_1YL20842,주민등록인구(B),인구 천명당 사업체수(등록기반)(시도/시/군/구),2020,2023-10-12,Gunpo-si,군포시,명,101
행정구역별,268535.0,31160,A,,T002,DT_1YL20842,주민등록인구(B),인구 천명당 사업체수(등록기반)(시도/시/군/구),2021,2023-10-12,Gunpo-si,군포시,명,101
행정구역별,266213.0,31160,A,,T002,DT_1YL20842,주민등록인구(B),인구 천명당 사업체수(등록기반)(시도/시/군/구),2022,2024-02-05,Gunpo-si,군포시,명,101
행정구역별,261229.0,31160,A,,T002,DT_1YL20842,주민등록인구(B),인구 천명당 사업체수(등록기반)(시도/시/군/구),2023,2025-02-11,Gunpo-si,군포시,명,101
행정구역별,255931.0,31160,A,,T002,DT_1YL20842,주민등록인구(B),인구 천명당 사업체수(등록기반)(시도/시/군/구),2024,2026-02-13,Gunpo-si,군포시,명,101
행정구역별,95.5,31160,A,Each                          ,T10,DT_1YL20842,인구천명당 사업체수(A÷B×1000),인구 천명당 사업체수(등록기반)(시도/시/군/구),2020,2023-10-12,Gunpo-si,군포시,개,101
행정구역별,100.0,31160,A,Each                          ,T10,DT_1YL20842,인구천명당 사업체수(A÷B×1000),인구 천명당 사업체수(등록기반)(시도/시/군/구),2021,2023-10-12,Gunpo-si,군포시,개,101
행정구역별,106.0,31160,A,Each                          ,T10,DT_1YL20842,인구천명당 사업체수(A÷B×1000),인구 천명당 사업체수(등록기반)(시도/시/군/구),2022,2024-02-05,Gunpo-si,군포시,개,101
행정구역별,107.5,31160,A,Each                          ,T10,DT_1YL20842,인구천명당 사업체수(A÷B×1000),인구 천명당 사업체수(등록기반)(시도/시/군/구),2023,2025-02-11,Gunpo-si,군포시,개,101
행정구역별,109.4,31160,A,Each                          ,T10,DT_1YL20842,인구천명당 사업체수(A÷B×1000),인구 천명당 사업체수(등록기반)(시도/시/군/구),2024,2026-02-13,Gunpo-si,군포시,개,101
행정구역별,13244.0,31170,A,Each                          ,T001,DT_1YL20842,사업체수(A),인구 천명당 사업체수(등록기반)(시도/시/군/구),2020,2023-10-12,Uiwang-si,의왕시,개,101
행정구역별,13761.0,31170,A,Each                          ,T001,DT_1YL20842,사업체수(A),인구 천명당 사업체수(등록기반)(시도/시/군/구),2021,2023-10-12,Uiwang-si,의왕시,개,101
행정구역별,13983.0,31170,A,Each                          ,T001,DT_1YL20842,사업체수(A),인구 천명당 사업체수(등록기반)(시도/시/군/구),2022,2024-02-05,Uiwang-si,의왕시,개,101
행정구역별,14240.0,31170,A,Each                          ,T001,DT_1YL20842,사업체수(A),인구 천명당 사업체수(등록기반)(시도/시/군/구),2023,2025-02-11,Uiwang-si,의왕시,개,101
행정구역별,14403.0,31170,A,Each                          ,T001,DT_1YL20842,사업체수(A),인구 천명당 사업체수(등록기반)(시도/시/군/구),2024,2026-02-13,Uiwang-si,의왕시,개,101
행정구역별,163795.0,31170,A,,T002,DT_1YL20842,주민등록인구(B),인구 천명당 사업체수(등록기반)(시도/시/군/구),2020,2023-10-12,Uiwang-si,의왕시,명,101
행정구역별,163356.0,31170,A,,T002,DT_1YL20842,주민등록인구(B),인구 천명당 사업체수(등록기반)(시도/시/군/구),2021,2023-10-12,Uiwang-si,의왕시,명,101
행정구역별,160221.0,31170,A,,T002,DT_1YL20842,주민등록인구(B),인구 천명당 사업체수(등록기반)(시도/시/군/구),2022,2024-02-05,Uiwang-si,의왕시,명,101
행정구역별,158870.0,31170,A,,T002,DT_1YL20842,주민등록인구(B),인구 천명당 사업체수(등록기반)(시도/시/군/구),2023,2025-02-11,Uiwang-si,의왕시,명,101
행정구역별,154488.0,31170,A,,T002,DT_1YL20842,주민등록인구(B),인구 천명당 사업체수(등록기반)(시도/시/군/구),2024,2026-02-13,Uiwang-si,의왕시,명,101
행정구역별,80.9,31170,A,Each                          ,T10,DT_1YL20842,인구천명당 사업체수(A÷B×1000),인구 천명당 사업체수(등록기반)(시도/시/군/구),2020,2023-10-12,Uiwang-si,의왕시,개,101
행정구역별,84.2,31170,A,Each                          ,T10,DT_1YL20842,인구천명당 사업체수(A÷B×1000),인구 천명당 사업체수(등록기반)(시도/시/군/구),2021,2023-10-12,Uiwang-si,의왕시,개,101
행정구역별,87.3,31170,A,Each                          ,T10,DT_1YL20842,인구천명당 사업체수(A÷B×1000),인구 천명당 사업체수(등록기반)(시도/시/군/구),2022,2024-02-05,Uiwang-si,의왕시,개,101
행정구역별,89.6,31170,A,Each                          ,T10,DT_1YL20842,인구천명당 사업체수(A÷B×1000),인구 천명당 사업체수(등록기반)(시도/시/군/구),2023,2025-02-11,Uiwang-si,의왕시,개,101
행정구역별,93.2,31170,A,Each                          ,T10,DT_1YL20842,인구천명당 사업체수(A÷B×1000),인구 천명당 사업체수(등록기반)(시도/시/군/구),2024,2026-02-13,Uiwang-si,의왕시,개,101
행정구역별,31453.0,31180,A,Each                          ,T001,DT_1YL20842,사업체수(A),인구 천명당 사업체수(등록기반)(시도/시/군/구),2020,2023-10-12,Hanam-si,하남시,개,101
행정구역별,32386.0,31180,A,Each                          ,T001,DT_1YL20842,사업체수(A),인구 천명당 사업체수(등록기반)(시도/시/군/구),2021,2023-10-12,Hanam-si,하남시,개,101
행정구역별,34456.0,31180,A,Each                          ,T001,DT_1YL20842,사업체수(A),인구 천명당 사업체수(등록기반)(시도/시/군/구),2022,2024-02-05,Hanam-si,하남시,개,101
행정구역별,35781.0,31180,A,Each                          ,T001,DT_1YL20842,사업체수(A),인구 천명당 사업체수(등록기반)(시도/시/군/구),2023,2025-02-11,Hanam-si,하남시,개,101
행정구역별,36396.0,31180,A,Each                          ,T001,DT_1YL20842,사업체수(A),인구 천명당 사업체수(등록기반)(시도/시/군/구),2024,2026-02-13,Hanam-si,하남시,개,101
행정구역별,293452.0,31180,A,,T002,DT_1YL20842,주민등록인구(B),인구 천명당 사업체수(등록기반)(시도/시/군/구),2020,2023-10-12,Hanam-si,하남시,명,101
행정구역별,320087.0,31180,A,,T002,DT_1YL20842,주민등록인구(B),인구 천명당 사업체수(등록기반)(시도/시/군/구),2021,2023-10-12,Hanam-si,하남시,명,101
행정구역별,326059.0,31180,A,,T002,DT_1YL20842,주민등록인구(B),인구 천명당 사업체수(등록기반)(시도/시/군/구),2022,2024-02-05,Hanam-si,하남시,명,101
행정구역별,329861.0,31180,A,,T002,DT_1YL20842,주민등록인구(B),인구 천명당 사업체수(등록기반)(시도/시/군/구),2023,2025-02-11,Hanam-si,하남시,명,101
행정구역별,329120.0,31180,A,,T002,DT_1YL20842,주민등록인구(B),인구 천명당 사업체수(등록기반)(시도/시/군/구),2024,2026-02-13,Hanam-si,하남시,명,101
행정구역별,107.2,31180,A,Each                          ,T10,DT_1YL20842,인구천명당 사업체수(A÷B×1000),인구 천명당 사업체수(등록기반)(시도/시/군/구),2020,2023-10-12,Hanam-si,하남시,개,101
행정구역별,101.2,31180,A,Each                          ,T10,DT_1YL20842,인구천명당 사업체수(A÷B×1000),인구 천명당 사업체수(등록기반)(시도/시/군/구),2021,2023-10-12,Hanam-si,하남시,개,101
행정구역별,105.7,31180,A,Each                          ,T10,DT_1YL20842,인구천명당 사업체수(A÷B×1000),인구 천명당 사업체수(등록기반)(시도/시/군/구),2022,2024-02-05,Hanam-si,하남시,개,101
행정구역별,108.5,31180,A,Each                          ,T10,DT_1YL20842,인구천명당 사업체수(A÷B×1000),인구 천명당 사업체수(등록기반)(시도/시/군/구),2023,2025-02-11,Hanam-si,하남시,개,101
행정구역별,110.6,31180,A,Each                          ,T10,DT_1YL20842,인구천명당 사업체수(A÷B×1000),인구 천명당 사업체수(등록기반)(시도/시/군/구),2024,2026-02-13,Hanam-si,하남시,개,101
행정구역별,95663.0,31190,A,Each                          ,T001,DT_1YL20842,사업체수(A),인구 천명당 사업체수(등록기반)(시도/시/군/구),2020,2023-10-12,Yongin-si,용인시,개,101
행정구역별,98465.0,31190,A,Each                          ,T001,DT_1YL20842,사업체수(A),인구 천명당 사업체수(등록기반)(시도/시/군/구),2021,2023-10-12,Yongin-si,용인시,개,101
행정구역별,100231.0,31190,A,Each                          ,T001,DT_1YL20842,사업체수(A),인구 천명당 사업체수(등록기반)(시도/시/군/구),2022,2024-02-05,Yongin-si,용인시,개,101
행정구역별,109797.0,31190,A,Each                          ,T001,DT_1YL20842,사업체수(A),인구 천명당 사업체수(등록기반)(시도/시/군/구),2023,2025-02-11,Yongin-si,용인시,개,101
행정구역별,116869.0,31190,A,Each                          ,T001,DT_1YL20842,사업체수(A),인구 천명당 사업체수(등록기반)(시도/시/군/구),2024,2026-02-13,Yongin-si,용인시,개,101
행정구역별,1074176.0,31190,A,,T002,DT_1YL20842,주민등록인구(B),인구 천명당 사업체수(등록기반)(시도/시/군/구),2020,2023-10-12,Yongin-si,용인시,명,101
행정구역별,1077508.0,31190,A,,T002,DT_1YL20842,주민등록인구(B),인구 천명당 사업체수(등록기반)(시도/시/군/구),2021,2023-10-12,Yongin-si,용인시,명,101
행정구역별,1074971.0,31190,A,,T002,DT_1YL20842,주민등록인구(B),인구 천명당 사업체수(등록기반)(시도/시/군/구),2022,2024-02-05,Yongin-si,용인시,명,101
행정구역별,1075566.0,31190,A,,T002,DT_1YL20842,주민등록인구(B),인구 천명당 사업체수(등록기반)(시도/시/군/구),2023,2025-02-11,Yongin-si,용인시,명,101
행정구역별,1085864.0,31190,A,,T002,DT_1YL20842,주민등록인구(B),인구 천명당 사업체수(등록기반)(시도/시/군/구),2024,2026-02-13,Yongin-si,용인시,명,101
행정구역별,89.1,31190,A,Each                          ,T10,DT_1YL20842,인구천명당 사업체수(A÷B×1000),인구 천명당 사업체수(등록기반)(시도/시/군/구),2020,2023-10-12,Yongin-si,용인시,개,101
행정구역별,91.4,31190,A,Each                          ,T10,DT_1YL20842,인구천명당 사업체수(A÷B×1000),인구 천명당 사업체수(등록기반)(시도/시/군/구),2021,2023-10-12,Yongin-si,용인시,개,101
행정구역별,93.2,31190,A,Each                          ,T10,DT_1YL20842,인구천명당 사업체수(A÷B×1000),인구 천명당 사업체수(등록기반)(시도/시/군/구),2022,2024-02-05,Yongin-si,용인시,개,101
행정구역별,102.1,31190,A,Each                          ,T10,DT_1YL20842,인구천명당 사업체수(A÷B×1000),인구 천명당 사업체수(등록기반)(시도/시/군/구),2023,2025-02-11,Yongin-si,용인시,개,101
행정구역별,107.6,31190,A,Each                          ,T10,DT_1YL20842,인구천명당 사업체수(A÷B×1000),인구 천명당 사업체수(등록기반)(시도/시/군/구),2024,2026-02-13,Yongin-si,용인시,개,101
행정구역별,53459.0,31200,A,Each                          ,T001,DT_1YL20842,사업체수(A),인구 천명당 사업체수(등록기반)(시도/시/군/구),2020,2023-10-12,Paju-si,파주시,개,101
행정구역별,56504.0,31200,A,Each                          ,T001,DT_1YL20842,사업체수(A),인구 천명당 사업체수(등록기반)(시도/시/군/구),2021,2023-10-12,Paju-si,파주시,개,101
행정구역별,59553.0,31200,A,Each                          ,T001,DT_1YL20842,사업체수(A),인구 천명당 사업체수(등록기반)(시도/시/군/구),2022,2024-02-05,Paju-si,파주시,개,101
행정구역별,62183.0,31200,A,Each                          ,T001,DT_1YL20842,사업체수(A),인구 천명당 사업체수(등록기반)(시도/시/군/구),2023,2025-02-11,Paju-si,파주시,개,101
행정구역별,66356.0,31200,A,Each                          ,T001,DT_1YL20842,사업체수(A),인구 천명당 사업체수(등록기반)(시도/시/군/구),2024,2026-02-13,Paju-si,파주시,개,101
행정구역별,465617.0,31200,A,,T002,DT_1YL20842,주민등록인구(B),인구 천명당 사업체수(등록기반)(시도/시/군/구),2020,2023-10-12,Paju-si,파주시,명,101
행정구역별,483245.0,31200,A,,T002,DT_1YL20842,주민등록인구(B),인구 천명당 사업체수(등록기반)(시도/시/군/구),2021,2023-10-12,Paju-si,파주시,명,101
행정구역별,495315.0,31200,A,,T002,DT_1YL20842,주민등록인구(B),인구 천명당 사업체수(등록기반)(시도/시/군/구),2022,2024-02-05,Paju-si,파주시,명,101
행정구역별,497753.0,31200,A,,T002,DT_1YL20842,주민등록인구(B),인구 천명당 사업체수(등록기반)(시도/시/군/구),2023,2025-02-11,Paju-si,파주시,명,101
행정구역별,511308.0,31200,A,,T002,DT_1YL20842,주민등록인구(B),인구 천명당 사업체수(등록기반)(시도/시/군/구),2024,2026-02-13,Paju-si,파주시,명,101
행정구역별,114.8,31200,A,Each                          ,T10,DT_1YL20842,인구천명당 사업체수(A÷B×1000),인구 천명당 사업체수(등록기반)(시도/시/군/구),2020,2023-10-12,Paju-si,파주시,개,101
행정구역별,116.9,31200,A,Each                          ,T10,DT_1YL20842,인구천명당 사업체수(A÷B×1000),인구 천명당 사업체수(등록기반)(시도/시/군/구),2021,2023-10-12,Paju-si,파주시,개,101
행정구역별,120.2,31200,A,Each                          ,T10,DT_1YL20842,인구천명당 사업체수(A÷B×1000),인구 천명당 사업체수(등록기반)(시도/시/군/구),2022,2024-02-05,Paju-si,파주시,개,101
행정구역별,124.9,31200,A,Each                          ,T10,DT_1YL20842,인구천명당 사업체수(A÷B×1000),인구 천명당 사업체수(등록기반)(시도/시/군/구),2023,2025-02-11,Paju-si,파주시,개,101
행정구역별,129.8,31200,A,Each                          ,T10,DT_1YL20842,인구천명당 사업체수(A÷B×1000),인구 천명당 사업체수(등록기반)(시도/시/군/구),2024,2026-02-13,Paju-si,파주시,개,101
행정구역별,27722.0,31210,A,Each                          ,T001,DT_1YL20842,사업체수(A),인구 천명당 사업체수(등록기반)(시도/시/군/구),2020,2023-10-12,Icheon-si,이천시,개,101
행정구역별,28608.0,31210,A,Each                          ,T001,DT_1YL20842,사업체수(A),인구 천명당 사업체수(등록기반)(시도/시/군/구),2021,2023-10-12,Icheon-si,이천시,개,101
행정구역별,29422.0,31210,A,Each                          ,T001,DT_1YL20842,사업체수(A),인구 천명당 사업체수(등록기반)(시도/시/군/구),2022,2024-02-05,Icheon-si,이천시,개,101
행정구역별,29824.0,31210,A,Each                          ,T001,DT_1YL20842,사업체수(A),인구 천명당 사업체수(등록기반)(시도/시/군/구),2023,2025-02-11,Icheon-si,이천시,개,101
행정구역별,30298.0,31210,A,Each                          ,T001,DT_1YL20842,사업체수(A),인구 천명당 사업체수(등록기반)(시도/시/군/구),2024,2026-02-13,Icheon-si,이천시,개,101
행정구역별,218388.0,31210,A,,T002,DT_1YL20842,주민등록인구(B),인구 천명당 사업체수(등록기반)(시도/시/군/구),2020,2023-10-12,Icheon-si,이천시,명,101
행정구역별,223177.0,31210,A,,T002,DT_1YL20842,주민등록인구(B),인구 천명당 사업체수(등록기반)(시도/시/군/구),2021,2023-10-12,Icheon-si,이천시,명,101
행정구역별,222721.0,31210,A,,T002,DT_1YL20842,주민등록인구(B),인구 천명당 사업체수(등록기반)(시도/시/군/구),2022,2024-02-05,Icheon-si,이천시,명,101
행정구역별,222098.0,31210,A,,T002,DT_1YL20842,주민등록인구(B),인구 천명당 사업체수(등록기반)(시도/시/군/구),2023,2025-02-11,Icheon-si,이천시,명,101
행정구역별,222443.0,31210,A,,T002,DT_1YL20842,주민등록인구(B),인구 천명당 사업체수(등록기반)(시도/시/군/구),2024,2026-02-13,Icheon-si,이천시,명,101
행정구역별,126.9,31210,A,Each                          ,T10,DT_1YL20842,인구천명당 사업체수(A÷B×1000),인구 천명당 사업체수(등록기반)(시도/시/군/구),2020,2023-10-12,Icheon-si,이천시,개,101
행정구역별,128.2,31210,A,Each                          ,T10,DT_1YL20842,인구천명당 사업체수(A÷B×1000),인구 천명당 사업체수(등록기반)(시도/시/군/구),2021,2023-10-12,Icheon-si,이천시,개,101
행정구역별,132.1,31210,A,Each                          ,T10,DT_1YL20842,인구천명당 사업체수(A÷B×1000),인구 천명당 사업체수(등록기반)(시도/시/군/구),2022,2024-02-05,Icheon-si,이천시,개,101
행정구역별,134.3,31210,A,Each                          ,T10,DT_1YL20842,인구천명당 사업체수(A÷B×1000),인구 천명당 사업체수(등록기반)(시도/시/군/구),2023,2025-02-11,Icheon-si,이천시,개,101
행정구역별,136.2,31210,A,Each                          ,T10,DT_1YL20842,인구천명당 사업체수(A÷B×1000),인구 천명당 사업체수(등록기반)(시도/시/군/구),2024,2026-02-13,Icheon-si,이천시,개,101
행정구역별,24888.0,31220,A,Each                          ,T001,DT_1YL20842,사업체수(A),인구 천명당 사업체수(등록기반)(시도/시/군/구),2020,2023-10-12,Anseong-si,안성시,개,101
행정구역별,26323.0,31220,A,Each                          ,T001,DT_1YL20842,사업체수(A),인구 천명당 사업체수(등록기반)(시도/시/군/구),2021,2023-10-12,Anseong-si,안성시,개,101
행정구역별,26827.0,31220,A,Each                          ,T001,DT_1YL20842,사업체수(A),인구 천명당 사업체수(등록기반)(시도/시/군/구),2022,2024-02-05,Anseong-si,안성시,개,101
행정구역별,27219.0,31220,A,Each                          ,T001,DT_1YL20842,사업체수(A),인구 천명당 사업체수(등록기반)(시도/시/군/구),2023,2025-02-11,Anseong-si,안성시,개,101
행정구역별,27700.0,31220,A,Each                          ,T001,DT_1YL20842,사업체수(A),인구 천명당 사업체수(등록기반)(시도/시/군/구),2024,2026-02-13,Anseong-si,안성시,개,101
행정구역별,187012.0,31220,A,,T002,DT_1YL20842,주민등록인구(B),인구 천명당 사업체수(등록기반)(시도/시/군/구),2020,2023-10-12,Anseong-si,안성시,명,101
행정구역별,189534.0,31220,A,,T002,DT_1YL20842,주민등록인구(B),인구 천명당 사업체수(등록기반)(시도/시/군/구),2021,2023-10-12,Anseong-si,안성시,명,101
행정구역별,188842.0,31220,A,,T002,DT_1YL20842,주민등록인구(B),인구 천명당 사업체수(등록기반)(시도/시/군/구),2022,2024-02-05,Anseong-si,안성시,명,101
행정구역별,189034.0,31220,A,,T002,DT_1YL20842,주민등록인구(B),인구 천명당 사업체수(등록기반)(시도/시/군/구),2023,2025-02-11,Anseong-si,안성시,명,101
행정구역별,193949.0,31220,A,,T002,DT_1YL20842,주민등록인구(B),인구 천명당 사업체수(등록기반)(시도/시/군/구),2024,2026-02-13,Anseong-si,안성시,명,101
행정구역별,133.1,31220,A,Each                          ,T10,DT_1YL20842,인구천명당 사업체수(A÷B×1000),인구 천명당 사업체수(등록기반)(시도/시/군/구),2020,2023-10-12,Anseong-si,안성시,개,101
행정구역별,138.9,31220,A,Each                          ,T10,DT_1YL20842,인구천명당 사업체수(A÷B×1000),인구 천명당 사업체수(등록기반)(시도/시/군/구),2021,2023-10-12,Anseong-si,안성시,개,101
행정구역별,142.1,31220,A,Each                          ,T10,DT_1YL20842,인구천명당 사업체수(A÷B×1000),인구 천명당 사업체수(등록기반)(시도/시/군/구),2022,2024-02-05,Anseong-si,안성시,개,101
행정구역별,144.0,31220,A,Each                          ,T10,DT_1YL20842,인구천명당 사업체수(A÷B×1000),인구 천명당 사업체수(등록기반)(시도/시/군/구),2023,2025-02-11,Anseong-si,안성시,개,101
행정구역별,142.8,31220,A,Each                          ,T10,DT_1YL20842,인구천명당 사업체수(A÷B×1000),인구 천명당 사업체수(등록기반)(시도/시/군/구),2024,2026-02-13,Anseong-si,안성시,개,101
행정구역별,57931.0,31230,A,Each                          ,T001,DT_1YL20842,사업체수(A),인구 천명당 사업체수(등록기반)(시도/시/군/구),2020,2023-10-12,Gimpo-si,김포시,개,101
행정구역별,62310.0,31230,A,Each                          ,T001,DT_1YL20842,사업체수(A),인구 천명당 사업체수(등록기반)(시도/시/군/구),2021,2023-10-12,Gimpo-si,김포시,개,101
행정구역별,64231.0,31230,A,Each                          ,T001,DT_1YL20842,사업체수(A),인구 천명당 사업체수(등록기반)(시도/시/군/구),2022,2024-02-05,Gimpo-si,김포시,개,101
행정구역별,66118.0,31230,A,Each                          ,T001,DT_1YL20842,사업체수(A),인구 천명당 사업체수(등록기반)(시도/시/군/구),2023,2025-02-11,Gimpo-si,김포시,개,101
행정구역별,71946.0,31230,A,Each                          ,T001,DT_1YL20842,사업체수(A),인구 천명당 사업체수(등록기반)(시도/시/군/구),2024,2026-02-13,Gimpo-si,김포시,개,101
행정구역별,473970.0,31230,A,,T002,DT_1YL20842,주민등록인구(B),인구 천명당 사업체수(등록기반)(시도/시/군/구),2020,2023-10-12,Gimpo-si,김포시,명,101
행정구역별,486508.0,31230,A,,T002,DT_1YL20842,주민등록인구(B),인구 천명당 사업체수(등록기반)(시도/시/군/구),2021,2023-10-12,Gimpo-si,김포시,명,101
행정구역별,484267.0,31230,A,,T002,DT_1YL20842,주민등록인구(B),인구 천명당 사업체수(등록기반)(시도/시/군/구),2022,2024-02-05,Gimpo-si,김포시,명,101
행정구역별,486172.0,31230,A,,T002,DT_1YL20842,주민등록인구(B),인구 천명당 사업체수(등록기반)(시도/시/군/구),2023,2025-02-11,Gimpo-si,김포시,명,101
행정구역별,486853.0,31230,A,,T002,DT_1YL20842,주민등록인구(B),인구 천명당 사업체수(등록기반)(시도/시/군/구),2024,2026-02-13,Gimpo-si,김포시,명,101
행정구역별,122.2,31230,A,Each                          ,T10,DT_1YL20842,인구천명당 사업체수(A÷B×1000),인구 천명당 사업체수(등록기반)(시도/시/군/구),2020,2023-10-12,Gimpo-si,김포시,개,101
행정구역별,128.1,31230,A,Each                          ,T10,DT_1YL20842,인구천명당 사업체수(A÷B×1000),인구 천명당 사업체수(등록기반)(시도/시/군/구),2021,2023-10-12,Gimpo-si,김포시,개,101
행정구역별,132.6,31230,A,Each                          ,T10,DT_1YL20842,인구천명당 사업체수(A÷B×1000),인구 천명당 사업체수(등록기반)(시도/시/군/구),2022,2024-02-05,Gimpo-si,김포시,개,101
행정구역별,136.0,31230,A,Each                          ,T10,DT_1YL20842,인구천명당 사업체수(A÷B×1000),인구 천명당 사업체수(등록기반)(시도/시/군/구),2023,2025-02-11,Gimpo-si,김포시,개,101
행정구역별,147.8,31230,A,Each                          ,T10,DT_1YL20842,인구천명당 사업체수(A÷B×1000),인구 천명당 사업체수(등록기반)(시도/시/군/구),2024,2026-02-13,Gimpo-si,김포시,개,101
행정구역별,104961.0,31240,A,Each                          ,T001,DT_1YL20842,사업체수(A),인구 천명당 사업체수(등록기반)(시도/시/군/구),2020,2023-10-12,Hwaseong-si,화성시,개,101
행정구역별,109971.0,31240,A,Each                          ,T001,DT_1YL20842,사업체수(A),인구 천명당 사업체수(등록기반)(시도/시/군/구),2021,2023-10-12,Hwaseong-si,화성시,개,101
행정구역별,116455.0,31240,A,Each                          ,T001,DT_1YL20842,사업체수(A),인구 천명당 사업체수(등록기반)(시도/시/군/구),2022,2024-02-05,Hwaseong-si,화성시,개,101
행정구역별,121189.0,31240,A,Each                          ,T001,DT_1YL20842,사업체수(A),인구 천명당 사업체수(등록기반)(시도/시/군/구),2023,2025-02-11,Hwaseong-si,화성시,개,101
행정구역별,126252.0,31240,A,Each                          ,T001,DT_1YL20842,사업체수(A),인구 천명당 사업체수(등록기반)(시도/시/군/구),2024,2026-02-13,Hwaseong-si,화성시,개,101
행정구역별,855248.0,31240,A,,T002,DT_1YL20842,주민등록인구(B),인구 천명당 사업체수(등록기반)(시도/시/군/구),2020,2023-10-12,Hwaseong-si,화성시,명,101
행정구역별,887015.0,31240,A,,T002,DT_1YL20842,주민등록인구(B),인구 천명당 사업체수(등록기반)(시도/시/군/구),2021,2023-10-12,Hwaseong-si,화성시,명,101
행정구역별,910814.0,31240,A,,T002,DT_1YL20842,주민등록인구(B),인구 천명당 사업체수(등록기반)(시도/시/군/구),2022,2024-02-05,Hwaseong-si,화성시,명,101
행정구역별,944342.0,31240,A,,T002,DT_1YL20842,주민등록인구(B),인구 천명당 사업체수(등록기반)(시도/시/군/구),2023,2025-02-11,Hwaseong-si,화성시,명,101
행정구역별,968821.0,31240,A,,T002,DT_1YL20842,주민등록인구(B),인구 천명당 사업체수(등록기반)(시도/시/군/구),2024,2026-02-13,Hwaseong-si,화성시,명,101
행정구역별,122.7,31240,A,Each                          ,T10,DT_1YL20842,인구천명당 사업체수(A÷B×1000),인구 천명당 사업체수(등록기반)(시도/시/군/구),2020,2023-10-12,Hwaseong-si,화성시,개,101
행정구역별,124.0,31240,A,Each                          ,T10,DT_1YL20842,인구천명당 사업체수(A÷B×1000),인구 천명당 사업체수(등록기반)(시도/시/군/구),2021,2023-10-12,Hwaseong-si,화성시,개,101
행정구역별,127.9,31240,A,Each                          ,T10,DT_1YL20842,인구천명당 사업체수(A÷B×1000),인구 천명당 사업체수(등록기반)(시도/시/군/구),2022,2024-02-05,Hwaseong-si,화성시,개,101
행정구역별,128.3,31240,A,Each                          ,T10,DT_1YL20842,인구천명당 사업체수(A÷B×1000),인구 천명당 사업체수(등록기반)(시도/시/군/구),2023,2025-02-11,Hwaseong-si,화성시,개,101
행정구역별,130.3,31240,A,Each                          ,T10,DT_1YL20842,인구천명당 사업체수(A÷B×1000),인구 천명당 사업체수(등록기반)(시도/시/군/구),2024,2026-02-13,Hwaseong-si,화성시,개,101
행정구역별,44946.0,31250,A,Each                          ,T001,DT_1YL20842,사업체수(A),인구 천명당 사업체수(등록기반)(시도/시/군/구),2020,2023-10-12,Gwangju-si,광주시,개,101
행정구역별,46834.0,31250,A,Each                          ,T001,DT_1YL20842,사업체수(A),인구 천명당 사업체수(등록기반)(시도/시/군/구),2021,2023-10-12,Gwangju-si,광주시,개,101
행정구역별,48726.0,31250,A,Each                          ,T001,DT_1YL20842,사업체수(A),인구 천명당 사업체수(등록기반)(시도/시/군/구),2022,2024-02-05,Gwangju-si,광주시,개,101
행정구역별,49927.0,31250,A,Each                          ,T001,DT_1YL20842,사업체수(A),인구 천명당 사업체수(등록기반)(시도/시/군/구),2023,2025-02-11,Gwangju-si,광주시,개,101
행정구역별,50455.0,31250,A,Each                          ,T001,DT_1YL20842,사업체수(A),인구 천명당 사업체수(등록기반)(시도/시/군/구),2024,2026-02-13,Gwangju-si,광주시,개,101
행정구역별,382054.0,31250,A,,T002,DT_1YL20842,주민등록인구(B),인구 천명당 사업체수(등록기반)(시도/시/군/구),2020,2023-10-12,Gwangju-si,광주시,명,101
행정구역별,387289.0,31250,A,,T002,DT_1YL20842,주민등록인구(B),인구 천명당 사업체수(등록기반)(시도/시/군/구),2021,2023-10-12,Gwangju-si,광주시,명,101
행정구역별,391462.0,31250,A,,T002,DT_1YL20842,주민등록인구(B),인구 천명당 사업체수(등록기반)(시도/시/군/구),2022,2024-02-05,Gwangju-si,광주시,명,101
행정구역별,391377.0,31250,A,,T002,DT_1YL20842,주민등록인구(B),인구 천명당 사업체수(등록기반)(시도/시/군/구),2023,2025-02-11,Gwangju-si,광주시,명,101
행정구역별,397605.0,31250,A,,T002,DT_1YL20842,주민등록인구(B),인구 천명당 사업체수(등록기반)(시도/시/군/구),2024,2026-02-13,Gwangju-si,광주시,명,101
행정구역별,117.6,31250,A,Each                          ,T10,DT_1YL20842,인구천명당 사업체수(A÷B×1000),인구 천명당 사업체수(등록기반)(시도/시/군/구),2020,2023-10-12,Gwangju-si,광주시,개,101
행정구역별,120.9,31250,A,Each                          ,T10,DT_1YL20842,인구천명당 사업체수(A÷B×1000),인구 천명당 사업체수(등록기반)(시도/시/군/구),2021,2023-10-12,Gwangju-si,광주시,개,101
행정구역별,124.5,31250,A,Each                          ,T10,DT_1YL20842,인구천명당 사업체수(A÷B×1000),인구 천명당 사업체수(등록기반)(시도/시/군/구),2022,2024-02-05,Gwangju-si,광주시,개,101
행정구역별,127.6,31250,A,Each                          ,T10,DT_1YL20842,인구천명당 사업체수(A÷B×1000),인구 천명당 사업체수(등록기반)(시도/시/군/구),2023,2025-02-11,Gwangju-si,광주시,개,101
행정구역별,126.9,31250,A,Each                          ,T10,DT_1YL20842,인구천명당 사업체수(A÷B×1000),인구 천명당 사업체수(등록기반)(시도/시/군/구),2024,2026-02-13,Gwangju-si,광주시,개,101
행정구역별,27495.0,31260,A,Each                          ,T001,DT_1YL20842,사업체수(A),인구 천명당 사업체수(등록기반)(시도/시/군/구),2020,2023-10-12,Yangju-si,양주시,개,101
행정구역별,28132.0,31260,A,Each                          ,T001,DT_1YL20842,사업체수(A),인구 천명당 사업체수(등록기반)(시도/시/군/구),2021,2023-10-12,Yangju-si,양주시,개,101
행정구역별,29246.0,31260,A,Each                          ,T001,DT_1YL20842,사업체수(A),인구 천명당 사업체수(등록기반)(시도/시/군/구),2022,2024-02-05,Yangju-si,양주시,개,101
행정구역별,30903.0,31260,A,Each                          ,T001,DT_1YL20842,사업체수(A),인구 천명당 사업체수(등록기반)(시도/시/군/구),2023,2025-02-11,Yangju-si,양주시,개,101
행정구역별,33303.0,31260,A,Each                          ,T001,DT_1YL20842,사업체수(A),인구 천명당 사업체수(등록기반)(시도/시/군/구),2024,2026-02-13,Yangju-si,양주시,개,101
행정구역별,230359.0,31260,A,,T002,DT_1YL20842,주민등록인구(B),인구 천명당 사업체수(등록기반)(시도/시/군/구),2020,2023-10-12,Yangju-si,양주시,명,101
행정구역별,236368.0,31260,A,,T002,DT_1YL20842,주민등록인구(B),인구 천명당 사업체수(등록기반)(시도/시/군/구),2021,2023-10-12,Yangju-si,양주시,명,101
행정구역별,243432.0,31260,A,,T002,DT_1YL20842,주민등록인구(B),인구 천명당 사업체수(등록기반)(시도/시/군/구),2022,2024-02-05,Yangju-si,양주시,명,101
행정구역별,268026.0,31260,A,,T002,DT_1YL20842,주민등록인구(B),인구 천명당 사업체수(등록기반)(시도/시/군/구),2023,2025-02-11,Yangju-si,양주시,명,101
행정구역별,289005.0,31260,A,,T002,DT_1YL20842,주민등록인구(B),인구 천명당 사업체수(등록기반)(시도/시/군/구),2024,2026-02-13,Yangju-si,양주시,명,101
행정구역별,119.4,31260,A,Each                          ,T10,DT_1YL20842,인구천명당 사업체수(A÷B×1000),인구 천명당 사업체수(등록기반)(시도/시/군/구),2020,2023-10-12,Yangju-si,양주시,개,101
행정구역별,119.0,31260,A,Each                          ,T10,DT_1YL20842,인구천명당 사업체수(A÷B×1000),인구 천명당 사업체수(등록기반)(시도/시/군/구),2021,2023-10-12,Yangju-si,양주시,개,101
행정구역별,120.1,31260,A,Each                          ,T10,DT_1YL20842,인구천명당 사업체수(A÷B×1000),인구 천명당 사업체수(등록기반)(시도/시/군/구),2022,2024-02-05,Yangju-si,양주시,개,101
행정구역별,115.3,31260,A,Each                          ,T10,DT_1YL20842,인구천명당 사업체수(A÷B×1000),인구 천명당 사업체수(등록기반)(시도/시/군/구),2023,2025-02-11,Yangju-si,양주시,개,101
행정구역별,115.2,31260,A,Each                          ,T10,DT_1YL20842,인구천명당 사업체수(A÷B×1000),인구 천명당 사업체수(등록기반)(시도/시/군/구),2024,2026-02-13,Yangju-si,양주시,개,101
행정구역별,28111.0,31270,A,Each                          ,T001,DT_1YL20842,사업체수(A),인구 천명당 사업체수(등록기반)(시도/시/군/구),2020,2023-10-12,Pocheon-si,포천시,개,101
행정구역별,27380.0,31270,A,Each                          ,T001,DT_1YL20842,사업체수(A),인구 천명당 사업체수(등록기반)(시도/시/군/구),2021,2023-10-12,Pocheon-si,포천시,개,101
행정구역별,27551.0,31270,A,Each                          ,T001,DT_1YL20842,사업체수(A),인구 천명당 사업체수(등록기반)(시도/시/군/구),2022,2024-02-05,Pocheon-si,포천시,개,101
행정구역별,27710.0,31270,A,Each                          ,T001,DT_1YL20842,사업체수(A),인구 천명당 사업체수(등록기반)(시도/시/군/구),2023,2025-02-11,Pocheon-si,포천시,개,101
행정구역별,28035.0,31270,A,Each                          ,T001,DT_1YL20842,사업체수(A),인구 천명당 사업체수(등록기반)(시도/시/군/구),2024,2026-02-13,Pocheon-si,포천시,개,101
행정구역별,147274.0,31270,A,,T002,DT_1YL20842,주민등록인구(B),인구 천명당 사업체수(등록기반)(시도/시/군/구),2020,2023-10-12,Pocheon-si,포천시,명,101
행정구역별,148939.0,31270,A,,T002,DT_1YL20842,주민등록인구(B),인구 천명당 사업체수(등록기반)(시도/시/군/구),2021,2023-10-12,Pocheon-si,포천시,명,101
행정구역별,146701.0,31270,A,,T002,DT_1YL20842,주민등록인구(B),인구 천명당 사업체수(등록기반)(시도/시/군/구),2022,2024-02-05,Pocheon-si,포천시,명,101
행정구역별,143323.0,31270,A,,T002,DT_1YL20842,주민등록인구(B),인구 천명당 사업체수(등록기반)(시도/시/군/구),2023,2025-02-11,Pocheon-si,포천시,명,101
행정구역별,141463.0,31270,A,,T002,DT_1YL20842,주민등록인구(B),인구 천명당 사업체수(등록기반)(시도/시/군/구),2024,2026-02-13,Pocheon-si,포천시,명,101
행정구역별,190.9,31270,A,Each                          ,T10,DT_1YL20842,인구천명당 사업체수(A÷B×1000),인구 천명당 사업체수(등록기반)(시도/시/군/구),2020,2023-10-12,Pocheon-si,포천시,개,101
행정구역별,183.8,31270,A,Each                          ,T10,DT_1YL20842,인구천명당 사업체수(A÷B×1000),인구 천명당 사업체수(등록기반)(시도/시/군/구),2021,2023-10-12,Pocheon-si,포천시,개,101
행정구역별,187.8,31270,A,Each                          ,T10,DT_1YL20842,인구천명당 사업체수(A÷B×1000),인구 천명당 사업체수(등록기반)(시도/시/군/구),2022,2024-02-05,Pocheon-si,포천시,개,101
행정구역별,193.3,31270,A,Each                          ,T10,DT_1YL20842,인구천명당 사업체수(A÷B×1000),인구 천명당 사업체수(등록기반)(시도/시/군/구),2023,2025-02-11,Pocheon-si,포천시,개,101
행정구역별,198.2,31270,A,Each                          ,T10,DT_1YL20842,인구천명당 사업체수(A÷B×1000),인구 천명당 사업체수(등록기반)(시도/시/군/구),2024,2026-02-13,Pocheon-si,포천시,개,101
행정구역별,18074.0,31280,A,Each                          ,T001,DT_1YL20842,사업체수(A),인구 천명당 사업체수(등록기반)(시도/시/군/구),2020,2023-10-12,Yeoju-si,여주시,개,101
행정구역별,18154.0,31280,A,Each                          ,T001,DT_1YL20842,사업체수(A),인구 천명당 사업체수(등록기반)(시도/시/군/구),2021,2023-10-12,Yeoju-si,여주시,개,101
행정구역별,18780.0,31280,A,Each                          ,T001,DT_1YL20842,사업체수(A),인구 천명당 사업체수(등록기반)(시도/시/군/구),2022,2024-02-05,Yeoju-si,여주시,개,101
행정구역별,19501.0,31280,A,Each                          ,T001,DT_1YL20842,사업체수(A),인구 천명당 사업체수(등록기반)(시도/시/군/구),2023,2025-02-11,Yeoju-si,여주시,개,101
행정구역별,20440.0,31280,A,Each                          ,T001,DT_1YL20842,사업체수(A),인구 천명당 사업체수(등록기반)(시도/시/군/구),2024,2026-02-13,Yeoju-si,여주시,개,101
행정구역별,111897.0,31280,A,,T002,DT_1YL20842,주민등록인구(B),인구 천명당 사업체수(등록기반)(시도/시/군/구),2020,2023-10-12,Yeoju-si,여주시,명,101
행정구역별,112150.0,31280,A,,T002,DT_1YL20842,주민등록인구(B),인구 천명당 사업체수(등록기반)(시도/시/군/구),2021,2023-10-12,Yeoju-si,여주시,명,101
행정구역별,113150.0,31280,A,,T002,DT_1YL20842,주민등록인구(B),인구 천명당 사업체수(등록기반)(시도/시/군/구),2022,2024-02-05,Yeoju-si,여주시,명,101
행정구역별,114412.0,31280,A,,T002,DT_1YL20842,주민등록인구(B),인구 천명당 사업체수(등록기반)(시도/시/군/구),2023,2025-02-11,Yeoju-si,여주시,명,101
행정구역별,114610.0,31280,A,,T002,DT_1YL20842,주민등록인구(B),인구 천명당 사업체수(등록기반)(시도/시/군/구),2024,2026-02-13,Yeoju-si,여주시,명,101
행정구역별,161.5,31280,A,Each                          ,T10,DT_1YL20842,인구천명당 사업체수(A÷B×1000),인구 천명당 사업체수(등록기반)(시도/시/군/구),2020,2023-10-12,Yeoju-si,여주시,개,101
행정구역별,161.9,31280,A,Each                          ,T10,DT_1YL20842,인구천명당 사업체수(A÷B×1000),인구 천명당 사업체수(등록기반)(시도/시/군/구),2021,2023-10-12,Yeoju-si,여주시,개,101
행정구역별,166.0,31280,A,Each                          ,T10,DT_1YL20842,인구천명당 사업체수(A÷B×1000),인구 천명당 사업체수(등록기반)(시도/시/군/구),2022,2024-02-05,Yeoju-si,여주시,개,101
행정구역별,170.4,31280,A,Each                          ,T10,DT_1YL20842,인구천명당 사업체수(A÷B×1000),인구 천명당 사업체수(등록기반)(시도/시/군/구),2023,2025-02-11,Yeoju-si,여주시,개,101
행정구역별,178.3,31280,A,Each                          ,T10,DT_1YL20842,인구천명당 사업체수(A÷B×1000),인구 천명당 사업체수(등록기반)(시도/시/군/구),2024,2026-02-13,Yeoju-si,여주시,개,101
행정구역별,8746.0,31550,A,Each                          ,T001,DT_1YL20842,사업체수(A),인구 천명당 사업체수(등록기반)(시도/시/군/구),2020,2023-10-12,Yeoncheon-gun,연천군,개,101
행정구역별,8967.0,31550,A,Each                          ,T001,DT_1YL20842,사업체수(A),인구 천명당 사업체수(등록기반)(시도/시/군/구),2021,2023-10-12,Yeoncheon-gun,연천군,개,101
행정구역별,9116.0,31550,A,Each                          ,T001,DT_1YL20842,사업체수(A),인구 천명당 사업체수(등록기반)(시도/시/군/구),2022,2024-02-05,Yeoncheon-gun,연천군,개,101
행정구역별,7359.0,31550,A,Each                          ,T001,DT_1YL20842,사업체수(A),인구 천명당 사업체수(등록기반)(시도/시/군/구),2023,2025-02-11,Yeoncheon-gun,연천군,개,101
행정구역별,7672.0,31550,A,Each                          ,T001,DT_1YL20842,사업체수(A),인구 천명당 사업체수(등록기반)(시도/시/군/구),2024,2026-02-13,Yeoncheon-gun,연천군,개,101
행정구역별,43516.0,31550,A,,T002,DT_1YL20842,주민등록인구(B),인구 천명당 사업체수(등록기반)(시도/시/군/구),2020,2023-10-12,Yeoncheon-gun,연천군,명,101
행정구역별,42721.0,31550,A,,T002,DT_1YL20842,주민등록인구(B),인구 천명당 사업체수(등록기반)(시도/시/군/구),2021,2023-10-12,Yeoncheon-gun,연천군,명,101
행정구역별,42062.0,31550,A,,T002,DT_1YL20842,주민등록인구(B),인구 천명당 사업체수(등록기반)(시도/시/군/구),2022,2024-02-05,Yeoncheon-gun,연천군,명,101
행정구역별,41584.0,31550,A,,T002,DT_1YL20842,주민등록인구(B),인구 천명당 사업체수(등록기반)(시도/시/군/구),2023,2025-02-11,Yeoncheon-gun,연천군,명,101
행정구역별,40866.0,31550,A,,T002,DT_1YL20842,주민등록인구(B),인구 천명당 사업체수(등록기반)(시도/시/군/구),2024,2026-02-13,Yeoncheon-gun,연천군,명,101
행정구역별,201.0,31550,A,Each                          ,T10,DT_1YL20842,인구천명당 사업체수(A÷B×1000),인구 천명당 사업체수(등록기반)(시도/시/군/구),2020,2023-10-12,Yeoncheon-gun,연천군,개,101
행정구역별,209.9,31550,A,Each                          ,T10,DT_1YL20842,인구천명당 사업체수(A÷B×1000),인구 천명당 사업체수(등록기반)(시도/시/군/구),2021,2023-10-12,Yeoncheon-gun,연천군,개,101
행정구역별,216.7,31550,A,Each                          ,T10,DT_1YL20842,인구천명당 사업체수(A÷B×1000),인구 천명당 사업체수(등록기반)(시도/시/군/구),2022,2024-02-05,Yeoncheon-gun,연천군,개,101
행정구역별,177.0,31550,A,Each                          ,T10,DT_1YL20842,인구천명당 사업체수(A÷B×1000),인구 천명당 사업체수(등록기반)(시도/시/군/구),2023,2025-02-11,Yeoncheon-gun,연천군,개,101
행정구역별,187.7,31550,A,Each                          ,T10,DT_1YL20842,인구천명당 사업체수(A÷B×1000),인구 천명당 사업체수(등록기반)(시도/시/군/구),2024,2026-02-13,Yeoncheon-gun,연천군,개,101
행정구역별,8916.0,31570,A,Each                          ,T001,DT_1YL20842,사업체수(A),인구 천명당 사업체수(등록기반)(시도/시/군/구),2020,2023-10-12,Gapyeong-gun,가평군,개,101
행정구역별,9289.0,31570,A,Each                          ,T001,DT_1YL20842,사업체수(A),인구 천명당 사업체수(등록기반)(시도/시/군/구),2021,2023-10-12,Gapyeong-gun,가평군,개,101
행정구역별,9658.0,31570,A,Each                          ,T001,DT_1YL20842,사업체수(A),인구 천명당 사업체수(등록기반)(시도/시/군/구),2022,2024-02-05,Gapyeong-gun,가평군,개,101
행정구역별,9945.0,31570,A,Each                          ,T001,DT_1YL20842,사업체수(A),인구 천명당 사업체수(등록기반)(시도/시/군/구),2023,2025-02-11,Gapyeong-gun,가평군,개,101
행정구역별,10041.0,31570,A,Each                          ,T001,DT_1YL20842,사업체수(A),인구 천명당 사업체수(등록기반)(시도/시/군/구),2024,2026-02-13,Gapyeong-gun,가평군,개,101
행정구역별,62377.0,31570,A,,T002,DT_1YL20842,주민등록인구(B),인구 천명당 사업체수(등록기반)(시도/시/군/구),2020,2023-10-12,Gapyeong-gun,가평군,명,101
행정구역별,62264.0,31570,A,,T002,DT_1YL20842,주민등록인구(B),인구 천명당 사업체수(등록기반)(시도/시/군/구),2021,2023-10-12,Gapyeong-gun,가평군,명,101
행정구역별,62150.0,31570,A,,T002,DT_1YL20842,주민등록인구(B),인구 천명당 사업체수(등록기반)(시도/시/군/구),2022,2024-02-05,Gapyeong-gun,가평군,명,101
행정구역별,62302.0,31570,A,,T002,DT_1YL20842,주민등록인구(B),인구 천명당 사업체수(등록기반)(시도/시/군/구),2023,2025-02-11,Gapyeong-gun,가평군,명,101
행정구역별,62527.0,31570,A,,T002,DT_1YL20842,주민등록인구(B),인구 천명당 사업체수(등록기반)(시도/시/군/구),2024,2026-02-13,Gapyeong-gun,가평군,명,101
행정구역별,142.9,31570,A,Each                          ,T10,DT_1YL20842,인구천명당 사업체수(A÷B×1000),인구 천명당 사업체수(등록기반)(시도/시/군/구),2020,2023-10-12,Gapyeong-gun,가평군,개,101
행정구역별,149.2,31570,A,Each                          ,T10,DT_1YL20842,인구천명당 사업체수(A÷B×1000),인구 천명당 사업체수(등록기반)(시도/시/군/구),2021,2023-10-12,Gapyeong-gun,가평군,개,101
행정구역별,155.4,31570,A,Each                          ,T10,DT_1YL20842,인구천명당 사업체수(A÷B×1000),인구 천명당 사업체수(등록기반)(시도/시/군/구),2022,2024-02-05,Gapyeong-gun,가평군,개,101
행정구역별,159.6,31570,A,Each                          ,T10,DT_1YL20842,인구천명당 사업체수(A÷B×1000),인구 천명당 사업체수(등록기반)(시도/시/군/구),2023,2025-02-11,Gapyeong-gun,가평군,개,101
행정구역별,160.6,31570,A,Each                          ,T10,DT_1YL20842,인구천명당 사업체수(A÷B×1000),인구 천명당 사업체수(등록기반)(시도/시/군/구),2024,2026-02-13,Gapyeong-gun,가평군,개,101
행정구역별,12944.0,31580,A,Each                          ,T001,DT_1YL20842,사업체수(A),인구 천명당 사업체수(등록기반)(시도/시/군/구),2020,2023-10-12,Yangpyeong-gun,양평군,개,101
행정구역별,13485.0,31580,A,Each                          ,T001,DT_1YL20842,사업체수(A),인구 천명당 사업체수(등록기반)(시도/시/군/구),2021,2023-10-12,Yangpyeong-gun,양평군,개,101
행정구역별,13883.0,31580,A,Each                          ,T001,DT_1YL20842,사업체수(A),인구 천명당 사업체수(등록기반)(시도/시/군/구),2022,2024-02-05,Yangpyeong-gun,양평군,개,101
행정구역별,15154.0,31580,A,Each                          ,T001,DT_1YL20842,사업체수(A),인구 천명당 사업체수(등록기반)(시도/시/군/구),2023,2025-02-11,Yangpyeong-gun,양평군,개,101
행정구역별,16986.0,31580,A,Each                          ,T001,DT_1YL20842,사업체수(A),인구 천명당 사업체수(등록기반)(시도/시/군/구),2024,2026-02-13,Yangpyeong-gun,양평군,개,101
행정구역별,118810.0,31580,A,,T002,DT_1YL20842,주민등록인구(B),인구 천명당 사업체수(등록기반)(시도/시/군/구),2020,2023-10-12,Yangpyeong-gun,양평군,명,101
행정구역별,121230.0,31580,A,,T002,DT_1YL20842,주민등록인구(B),인구 천명당 사업체수(등록기반)(시도/시/군/구),2021,2023-10-12,Yangpyeong-gun,양평군,명,101
행정구역별,122323.0,31580,A,,T002,DT_1YL20842,주민등록인구(B),인구 천명당 사업체수(등록기반)(시도/시/군/구),2022,2024-02-05,Yangpyeong-gun,양평군,명,101
행정구역별,125238.0,31580,A,,T002,DT_1YL20842,주민등록인구(B),인구 천명당 사업체수(등록기반)(시도/시/군/구),2023,2025-02-11,Yangpyeong-gun,양평군,명,101
행정구역별,126804.0,31580,A,,T002,DT_1YL20842,주민등록인구(B),인구 천명당 사업체수(등록기반)(시도/시/군/구),2024,2026-02-13,Yangpyeong-gun,양평군,명,101
행정구역별,108.9,31580,A,Each                          ,T10,DT_1YL20842,인구천명당 사업체수(A÷B×1000),인구 천명당 사업체수(등록기반)(시도/시/군/구),2020,2023-10-12,Yangpyeong-gun,양평군,개,101
행정구역별,111.2,31580,A,Each                          ,T10,DT_1YL20842,인구천명당 사업체수(A÷B×1000),인구 천명당 사업체수(등록기반)(시도/시/군/구),2021,2023-10-12,Yangpyeong-gun,양평군,개,101
행정구역별,113.5,31580,A,Each                          ,T10,DT_1YL20842,인구천명당 사업체수(A÷B×1000),인구 천명당 사업체수(등록기반)(시도/시/군/구),2022,2024-02-05,Yangpyeong-gun,양평군,개,101
행정구역별,121.0,31580,A,Each                          ,T10,DT_1YL20842,인구천명당 사업체수(A÷B×1000),인구 천명당 사업체수(등록기반)(시도/시/군/구),2023,2025-02-11,Yangpyeong-gun,양평군,개,101
행정구역별,134.0,31580,A,Each                          ,T10,DT_1YL20842,인구천명당 사업체수(A÷B×1000),인구 천명당 사업체수(등록기반)(시도/시/군/구),2024,2026-02-13,Yangpyeong-gun,양평군,개,101
행정구역별,193074.0,32,A,Each                          ,T001,DT_1YL20842,사업체수(A),인구 천명당 사업체수(등록기반)(시도/시/군/구),2020,2023-10-12,Gangwon State,강원특별자치도,개,101
행정구역별,200365.0,32,A,Each                          ,T001,DT_1YL20842,사업체수(A),인구 천명당 사업체수(등록기반)(시도/시/군/구),2021,2023-10-12,Gangwon State,강원특별자치도,개,101
행정구역별,203375.0,32,A,Each                          ,T001,DT_1YL20842,사업체수(A),인구 천명당 사업체수(등록기반)(시도/시/군/구),2022,2024-02-05,Gangwon State,강원특별자치도,개,101
행정구역별,209314.0,32,A,Each                          ,T001,DT_1YL20842,사업체수(A),인구 천명당 사업체수(등록기반)(시도/시/군/구),2023,2025-02-11,Gangwon State,강원특별자치도,개,101
행정구역별,214203.0,32,A,Each                          ,T001,DT_1YL20842,사업체수(A),인구 천명당 사업체수(등록기반)(시도/시/군/구),2024,2026-02-13,Gangwon State,강원특별자치도,개,101
행정구역별,1542840.0,32,A,,T002,DT_1YL20842,주민등록인구(B),인구 천명당 사업체수(등록기반)(시도/시/군/구),2020,2023-10-12,Gangwon State,강원특별자치도,명,101
행정구역별,1538492.0,32,A,,T002,DT_1YL20842,주민등록인구(B),인구 천명당 사업체수(등록기반)(시도/시/군/구),2021,2023-10-12,Gangwon State,강원특별자치도,명,101
행정구역별,1536498.0,32,A,,T002,DT_1YL20842,주민등록인구(B),인구 천명당 사업체수(등록기반)(시도/시/군/구),2022,2024-02-05,Gangwon State,강원특별자치도,명,101
행정구역별,1527807.0,32,A,,T002,DT_1YL20842,주민등록인구(B),인구 천명당 사업체수(등록기반)(시도/시/군/구),2023,2025-02-11,Gangwon State,강원특별자치도,명,101
행정구역별,1517766.0,32,A,,T002,DT_1YL20842,주민등록인구(B),인구 천명당 사업체수(등록기반)(시도/시/군/구),2024,2026-02-13,Gangwon State,강원특별자치도,명,101
행정구역별,125.1,32,A,Each                          ,T10,DT_1YL20842,인구천명당 사업체수(A÷B×1000),인구 천명당 사업체수(등록기반)(시도/시/군/구),2020,2023-10-12,Gangwon State,강원특별자치도,개,101
행정구역별,130.2,32,A,Each                          ,T10,DT_1YL20842,인구천명당 사업체수(A÷B×1000),인구 천명당 사업체수(등록기반)(시도/시/군/구),2021,2023-10-12,Gangwon State,강원특별자치도,개,101
행정구역별,132.4,32,A,Each                          ,T10,DT_1YL20842,인구천명당 사업체수(A÷B×1000),인구 천명당 사업체수(등록기반)(시도/시/군/구),2022,2024-02-05,Gangwon State,강원특별자치도,개,101
행정구역별,137.0,32,A,Each                          ,T10,DT_1YL20842,인구천명당 사업체수(A÷B×1000),인구 천명당 사업체수(등록기반)(시도/시/군/구),2023,2025-02-11,Gangwon State,강원특별자치도,개,101
행정구역별,141.1,32,A,Each                          ,T10,DT_1YL20842,인구천명당 사업체수(A÷B×1000),인구 천명당 사업체수(등록기반)(시도/시/군/구),2024,2026-02-13,Gangwon State,강원특별자치도,개,101
행정구역별,32363.0,32010,A,Each                          ,T001,DT_1YL20842,사업체수(A),인구 천명당 사업체수(등록기반)(시도/시/군/구),2020,2023-10-12,Chuncheon-si,춘천시,개,101
행정구역별,32958.0,32010,A,Each                          ,T001,DT_1YL20842,사업체수(A),인구 천명당 사업체수(등록기반)(시도/시/군/구),2021,2023-10-12,Chuncheon-si,춘천시,개,101
행정구역별,33323.0,32010,A,Each                          ,T001,DT_1YL20842,사업체수(A),인구 천명당 사업체수(등록기반)(시도/시/군/구),2022,2024-02-05,Chuncheon-si,춘천시,개,101
행정구역별,34322.0,32010,A,Each                          ,T001,DT_1YL20842,사업체수(A),인구 천명당 사업체수(등록기반)(시도/시/군/구),2023,2025-02-11,Chuncheon-si,춘천시,개,101
행정구역별,34696.0,32010,A,Each                          ,T001,DT_1YL20842,사업체수(A),인구 천명당 사업체수(등록기반)(시도/시/군/구),2024,2026-02-13,Chuncheon-si,춘천시,개,101
행정구역별,282765.0,32010,A,,T002,DT_1YL20842,주민등록인구(B),인구 천명당 사업체수(등록기반)(시도/시/군/구),2020,2023-10-12,Chuncheon-si,춘천시,명,101
행정구역별,284594.0,32010,A,,T002,DT_1YL20842,주민등록인구(B),인구 천명당 사업체수(등록기반)(시도/시/군/구),2021,2023-10-12,Chuncheon-si,춘천시,명,101
행정구역별,286664.0,32010,A,,T002,DT_1YL20842,주민등록인구(B),인구 천명당 사업체수(등록기반)(시도/시/군/구),2022,2024-02-05,Chuncheon-si,춘천시,명,101
행정구역별,286426.0,32010,A,,T002,DT_1YL20842,주민등록인구(B),인구 천명당 사업체수(등록기반)(시도/시/군/구),2023,2025-02-11,Chuncheon-si,춘천시,명,101
행정구역별,286069.0,32010,A,,T002,DT_1YL20842,주민등록인구(B),인구 천명당 사업체수(등록기반)(시도/시/군/구),2024,2026-02-13,Chuncheon-si,춘천시,명,101
행정구역별,114.5,32010,A,Each                          ,T10,DT_1YL20842,인구천명당 사업체수(A÷B×1000),인구 천명당 사업체수(등록기반)(시도/시/군/구),2020,2023-10-12,Chuncheon-si,춘천시,개,101
행정구역별,115.8,32010,A,Each                          ,T10,DT_1YL20842,인구천명당 사업체수(A÷B×1000),인구 천명당 사업체수(등록기반)(시도/시/군/구),2021,2023-10-12,Chuncheon-si,춘천시,개,101
행정구역별,116.2,32010,A,Each                          ,T10,DT_1YL20842,인구천명당 사업체수(A÷B×1000),인구 천명당 사업체수(등록기반)(시도/시/군/구),2022,2024-02-05,Chuncheon-si,춘천시,개,101
행정구역별,119.8,32010,A,Each                          ,T10,DT_1YL20842,인구천명당 사업체수(A÷B×1000),인구 천명당 사업체수(등록기반)(시도/시/군/구),2023,2025-02-11,Chuncheon-si,춘천시,개,101
행정구역별,121.3,32010,A,Each                          ,T10,DT_1YL20842,인구천명당 사업체수(A÷B×1000),인구 천명당 사업체수(등록기반)(시도/시/군/구),2024,2026-02-13,Chuncheon-si,춘천시,개,101
행정구역별,40998.0,32020,A,Each                          ,T001,DT_1YL20842,사업체수(A),인구 천명당 사업체수(등록기반)(시도/시/군/구),2020,2023-10-12,Wonju-si,원주시,개,101
행정구역별,42783.0,32020,A,Each                          ,T001,DT_1YL20842,사업체수(A),인구 천명당 사업체수(등록기반)(시도/시/군/구),2021,2023-10-12,Wonju-si,원주시,개,101
행정구역별,43665.0,32020,A,Each                          ,T001,DT_1YL20842,사업체수(A),인구 천명당 사업체수(등록기반)(시도/시/군/구),2022,2024-02-05,Wonju-si,원주시,개,101
행정구역별,45011.0,32020,A,Each                          ,T001,DT_1YL20842,사업체수(A),인구 천명당 사업체수(등록기반)(시도/시/군/구),2023,2025-02-11,Wonju-si,원주시,개,101
행정구역별,46869.0,32020,A,Each                          ,T001,DT_1YL20842,사업체수(A),인구 천명당 사업체수(등록기반)(시도/시/군/구),2024,2026-02-13,Wonju-si,원주시,개,101
행정구역별,354376.0,32020,A,,T002,DT_1YL20842,주민등록인구(B),인구 천명당 사업체수(등록기반)(시도/시/군/구),2020,2023-10-12,Wonju-si,원주시,명,101
행정구역별,357757.0,32020,A,,T002,DT_1YL20842,주민등록인구(B),인구 천명당 사업체수(등록기반)(시도/시/군/구),2021,2023-10-12,Wonju-si,원주시,명,101
행정구역별,360807.0,32020,A,,T002,DT_1YL20842,주민등록인구(B),인구 천명당 사업체수(등록기반)(시도/시/군/구),2022,2024-02-05,Wonju-si,원주시,명,101
행정구역별,361503.0,32020,A,,T002,DT_1YL20842,주민등록인구(B),인구 천명당 사업체수(등록기반)(시도/시/군/구),2023,2025-02-11,Wonju-si,원주시,명,101
행정구역별,362164.0,32020,A,,T002,DT_1YL20842,주민등록인구(B),인구 천명당 사업체수(등록기반)(시도/시/군/구),2024,2026-02-13,Wonju-si,원주시,명,101
행정구역별,115.7,32020,A,Each                          ,T10,DT_1YL20842,인구천명당 사업체수(A÷B×1000),인구 천명당 사업체수(등록기반)(시도/시/군/구),2020,2023-10-12,Wonju-si,원주시,개,101
행정구역별,119.6,32020,A,Each                          ,T10,DT_1YL20842,인구천명당 사업체수(A÷B×1000),인구 천명당 사업체수(등록기반)(시도/시/군/구),2021,2023-10-12,Wonju-si,원주시,개,101
행정구역별,121.0,32020,A,Each                          ,T10,DT_1YL20842,인구천명당 사업체수(A÷B×1000),인구 천명당 사업체수(등록기반)(시도/시/군/구),2022,2024-02-05,Wonju-si,원주시,개,101
행정구역별,124.5,32020,A,Each                          ,T10,DT_1YL20842,인구천명당 사업체수(A÷B×1000),인구 천명당 사업체수(등록기반)(시도/시/군/구),2023,2025-02-11,Wonju-si,원주시,개,101
행정구역별,129.4,32020,A,Each                          ,T10,DT_1YL20842,인구천명당 사업체수(A÷B×1000),인구 천명당 사업체수(등록기반)(시도/시/군/구),2024,2026-02-13,Wonju-si,원주시,개,101
행정구역별,27992.0,32030,A,Each                          ,T001,DT_1YL20842,사업체수(A),인구 천명당 사업체수(등록기반)(시도/시/군/구),2020,2023-10-12,Gangneung-si,강릉시,개,101
행정구역별,29034.0,32030,A,Each                          ,T001,DT_1YL20842,사업체수(A),인구 천명당 사업체수(등록기반)(시도/시/군/구),2021,2023-10-12,Gangneung-si,강릉시,개,101
행정구역별,29280.0,32030,A,Each                          ,T001,DT_1YL20842,사업체수(A),인구 천명당 사업체수(등록기반)(시도/시/군/구),2022,2024-02-05,Gangneung-si,강릉시,개,101
행정구역별,30009.0,32030,A,Each                          ,T001,DT_1YL20842,사업체수(A),인구 천명당 사업체수(등록기반)(시도/시/군/구),2023,2025-02-11,Gangneung-si,강릉시,개,101
행정구역별,30053.0,32030,A,Each                          ,T001,DT_1YL20842,사업체수(A),인구 천명당 사업체수(등록기반)(시도/시/군/구),2024,2026-02-13,Gangneung-si,강릉시,개,101
행정구역별,213321.0,32030,A,,T002,DT_1YL20842,주민등록인구(B),인구 천명당 사업체수(등록기반)(시도/시/군/구),2020,2023-10-12,Gangneung-si,강릉시,명,101
행정구역별,212965.0,32030,A,,T002,DT_1YL20842,주민등록인구(B),인구 천명당 사업체수(등록기반)(시도/시/군/구),2021,2023-10-12,Gangneung-si,강릉시,명,101
행정구역별,211381.0,32030,A,,T002,DT_1YL20842,주민등록인구(B),인구 천명당 사업체수(등록기반)(시도/시/군/구),2022,2024-02-05,Gangneung-si,강릉시,명,101
행정구역별,209439.0,32030,A,,T002,DT_1YL20842,주민등록인구(B),인구 천명당 사업체수(등록기반)(시도/시/군/구),2023,2025-02-11,Gangneung-si,강릉시,명,101
행정구역별,207731.0,32030,A,,T002,DT_1YL20842,주민등록인구(B),인구 천명당 사업체수(등록기반)(시도/시/군/구),2024,2026-02-13,Gangneung-si,강릉시,명,101
행정구역별,131.2,32030,A,Each                          ,T10,DT_1YL20842,인구천명당 사업체수(A÷B×1000),인구 천명당 사업체수(등록기반)(시도/시/군/구),2020,2023-10-12,Gangneung-si,강릉시,개,101
행정구역별,136.3,32030,A,Each                          ,T10,DT_1YL20842,인구천명당 사업체수(A÷B×1000),인구 천명당 사업체수(등록기반)(시도/시/군/구),2021,2023-10-12,Gangneung-si,강릉시,개,101
행정구역별,138.5,32030,A,Each                          ,T10,DT_1YL20842,인구천명당 사업체수(A÷B×1000),인구 천명당 사업체수(등록기반)(시도/시/군/구),2022,2024-02-05,Gangneung-si,강릉시,개,101
행정구역별,143.3,32030,A,Each                          ,T10,DT_1YL20842,인구천명당 사업체수(A÷B×1000),인구 천명당 사업체수(등록기반)(시도/시/군/구),2023,2025-02-11,Gangneung-si,강릉시,개,101
행정구역별,144.7,32030,A,Each                          ,T10,DT_1YL20842,인구천명당 사업체수(A÷B×1000),인구 천명당 사업체수(등록기반)(시도/시/군/구),2024,2026-02-13,Gangneung-si,강릉시,개,101
행정구역별,11111.0,32040,A,Each                          ,T001,DT_1YL20842,사업체수(A),인구 천명당 사업체수(등록기반)(시도/시/군/구),2020,2023-10-12,Donghae-si,동해시,개,101
행정구역별,11395.0,32040,A,Each                          ,T001,DT_1YL20842,사업체수(A),인구 천명당 사업체수(등록기반)(시도/시/군/구),2021,2023-10-12,Donghae-si,동해시,개,101
행정구역별,11516.0,32040,A,Each                          ,T001,DT_1YL20842,사업체수(A),인구 천명당 사업체수(등록기반)(시도/시/군/구),2022,2024-02-05,Donghae-si,동해시,개,101
행정구역별,11666.0,32040,A,Each                          ,T001,DT_1YL20842,사업체수(A),인구 천명당 사업체수(등록기반)(시도/시/군/구),2023,2025-02-11,Donghae-si,동해시,개,101
행정구역별,11862.0,32040,A,Each                          ,T001,DT_1YL20842,사업체수(A),인구 천명당 사업체수(등록기반)(시도/시/군/구),2024,2026-02-13,Donghae-si,동해시,개,101
행정구역별,90593.0,32040,A,,T002,DT_1YL20842,주민등록인구(B),인구 천명당 사업체수(등록기반)(시도/시/군/구),2020,2023-10-12,Donghae-si,동해시,명,101
행정구역별,90081.0,32040,A,,T002,DT_1YL20842,주민등록인구(B),인구 천명당 사업체수(등록기반)(시도/시/군/구),2021,2023-10-12,Donghae-si,동해시,명,101
행정구역별,89426.0,32040,A,,T002,DT_1YL20842,주민등록인구(B),인구 천명당 사업체수(등록기반)(시도/시/군/구),2022,2024-02-05,Donghae-si,동해시,명,101
행정구역별,88625.0,32040,A,,T002,DT_1YL20842,주민등록인구(B),인구 천명당 사업체수(등록기반)(시도/시/군/구),2023,2025-02-11,Donghae-si,동해시,명,101
행정구역별,87675.0,32040,A,,T002,DT_1YL20842,주민등록인구(B),인구 천명당 사업체수(등록기반)(시도/시/군/구),2024,2026-02-13,Donghae-si,동해시,명,101
행정구역별,122.6,32040,A,Each                          ,T10,DT_1YL20842,인구천명당 사업체수(A÷B×1000),인구 천명당 사업체수(등록기반)(시도/시/군/구),2020,2023-10-12,Donghae-si,동해시,개,101
행정구역별,126.5,32040,A,Each                          ,T10,DT_1YL20842,인구천명당 사업체수(A÷B×1000),인구 천명당 사업체수(등록기반)(시도/시/군/구),2021,2023-10-12,Donghae-si,동해시,개,101
행정구역별,128.8,32040,A,Each                          ,T10,DT_1YL20842,인구천명당 사업체수(A÷B×1000),인구 천명당 사업체수(등록기반)(시도/시/군/구),2022,2024-02-05,Donghae-si,동해시,개,101
행정구역별,131.6,32040,A,Each                          ,T10,DT_1YL20842,인구천명당 사업체수(A÷B×1000),인구 천명당 사업체수(등록기반)(시도/시/군/구),2023,2025-02-11,Donghae-si,동해시,개,101
행정구역별,135.3,32040,A,Each                          ,T10,DT_1YL20842,인구천명당 사업체수(A÷B×1000),인구 천명당 사업체수(등록기반)(시도/시/군/구),2024,2026-02-13,Donghae-si,동해시,개,101
행정구역별,5329.0,32050,A,Each                          ,T001,DT_1YL20842,사업체수(A),인구 천명당 사업체수(등록기반)(시도/시/군/구),2020,2023-10-12,Taebaek-si,태백시,개,101
행정구역별,5399.0,32050,A,Each                          ,T001,DT_1YL20842,사업체수(A),인구 천명당 사업체수(등록기반)(시도/시/군/구),2021,2023-10-12,Taebaek-si,태백시,개,101
행정구역별,5495.0,32050,A,Each                          ,T001,DT_1YL20842,사업체수(A),인구 천명당 사업체수(등록기반)(시도/시/군/구),2022,2024-02-05,Taebaek-si,태백시,개,101
행정구역별,5665.0,32050,A,Each                          ,T001,DT_1YL20842,사업체수(A),인구 천명당 사업체수(등록기반)(시도/시/군/구),2023,2025-02-11,Taebaek-si,태백시,개,101
행정구역별,5686.0,32050,A,Each                          ,T001,DT_1YL20842,사업체수(A),인구 천명당 사업체수(등록기반)(시도/시/군/구),2024,2026-02-13,Taebaek-si,태백시,개,101
행정구역별,42719.0,32050,A,,T002,DT_1YL20842,주민등록인구(B),인구 천명당 사업체수(등록기반)(시도/시/군/구),2020,2023-10-12,Taebaek-si,태백시,명,101
행정구역별,40844.0,32050,A,,T002,DT_1YL20842,주민등록인구(B),인구 천명당 사업체수(등록기반)(시도/시/군/구),2021,2023-10-12,Taebaek-si,태백시,명,101
행정구역별,39428.0,32050,A,,T002,DT_1YL20842,주민등록인구(B),인구 천명당 사업체수(등록기반)(시도/시/군/구),2022,2024-02-05,Taebaek-si,태백시,명,101
행정구역별,38702.0,32050,A,,T002,DT_1YL20842,주민등록인구(B),인구 천명당 사업체수(등록기반)(시도/시/군/구),2023,2025-02-11,Taebaek-si,태백시,명,101
행정구역별,37936.0,32050,A,,T002,DT_1YL20842,주민등록인구(B),인구 천명당 사업체수(등록기반)(시도/시/군/구),2024,2026-02-13,Taebaek-si,태백시,명,101
행정구역별,124.7,32050,A,Each                          ,T10,DT_1YL20842,인구천명당 사업체수(A÷B×1000),인구 천명당 사업체수(등록기반)(시도/시/군/구),2020,2023-10-12,Taebaek-si,태백시,개,101
행정구역별,132.2,32050,A,Each                          ,T10,DT_1YL20842,인구천명당 사업체수(A÷B×1000),인구 천명당 사업체수(등록기반)(시도/시/군/구),2021,2023-10-12,Taebaek-si,태백시,개,101
행정구역별,139.4,32050,A,Each                          ,T10,DT_1YL20842,인구천명당 사업체수(A÷B×1000),인구 천명당 사업체수(등록기반)(시도/시/군/구),2022,2024-02-05,Taebaek-si,태백시,개,101
행정구역별,146.4,32050,A,Each                          ,T10,DT_1YL20842,인구천명당 사업체수(A÷B×1000),인구 천명당 사업체수(등록기반)(시도/시/군/구),2023,2025-02-11,Taebaek-si,태백시,개,101
행정구역별,149.9,32050,A,Each                          ,T10,DT_1YL20842,인구천명당 사업체수(A÷B×1000),인구 천명당 사업체수(등록기반)(시도/시/군/구),2024,2026-02-13,Taebaek-si,태백시,개,101
행정구역별,11158.0,32060,A,Each                          ,T001,DT_1YL20842,사업체수(A),인구 천명당 사업체수(등록기반)(시도/시/군/구),2020,2023-10-12,Sokcho-si,속초시,개,101
행정구역별,11658.0,32060,A,Each                          ,T001,DT_1YL20842,사업체수(A),인구 천명당 사업체수(등록기반)(시도/시/군/구),2021,2023-10-12,Sokcho-si,속초시,개,101
행정구역별,11736.0,32060,A,Each                          ,T001,DT_1YL20842,사업체수(A),인구 천명당 사업체수(등록기반)(시도/시/군/구),2022,2024-02-05,Sokcho-si,속초시,개,101
행정구역별,12035.0,32060,A,Each                          ,T001,DT_1YL20842,사업체수(A),인구 천명당 사업체수(등록기반)(시도/시/군/구),2023,2025-02-11,Sokcho-si,속초시,개,101
행정구역별,12179.0,32060,A,Each                          ,T001,DT_1YL20842,사업체수(A),인구 천명당 사업체수(등록기반)(시도/시/군/구),2024,2026-02-13,Sokcho-si,속초시,개,101
행정구역별,82665.0,32060,A,,T002,DT_1YL20842,주민등록인구(B),인구 천명당 사업체수(등록기반)(시도/시/군/구),2020,2023-10-12,Sokcho-si,속초시,명,101
행정구역별,82791.0,32060,A,,T002,DT_1YL20842,주민등록인구(B),인구 천명당 사업체수(등록기반)(시도/시/군/구),2021,2023-10-12,Sokcho-si,속초시,명,101
행정구역별,82806.0,32060,A,,T002,DT_1YL20842,주민등록인구(B),인구 천명당 사업체수(등록기반)(시도/시/군/구),2022,2024-02-05,Sokcho-si,속초시,명,101
행정구역별,82054.0,32060,A,,T002,DT_1YL20842,주민등록인구(B),인구 천명당 사업체수(등록기반)(시도/시/군/구),2023,2025-02-11,Sokcho-si,속초시,명,101
행정구역별,80933.0,32060,A,,T002,DT_1YL20842,주민등록인구(B),인구 천명당 사업체수(등록기반)(시도/시/군/구),2024,2026-02-13,Sokcho-si,속초시,명,101
행정구역별,135.0,32060,A,Each                          ,T10,DT_1YL20842,인구천명당 사업체수(A÷B×1000),인구 천명당 사업체수(등록기반)(시도/시/군/구),2020,2023-10-12,Sokcho-si,속초시,개,101
행정구역별,140.8,32060,A,Each                          ,T10,DT_1YL20842,인구천명당 사업체수(A÷B×1000),인구 천명당 사업체수(등록기반)(시도/시/군/구),2021,2023-10-12,Sokcho-si,속초시,개,101
행정구역별,141.7,32060,A,Each                          ,T10,DT_1YL20842,인구천명당 사업체수(A÷B×1000),인구 천명당 사업체수(등록기반)(시도/시/군/구),2022,2024-02-05,Sokcho-si,속초시,개,101
행정구역별,146.7,32060,A,Each                          ,T10,DT_1YL20842,인구천명당 사업체수(A÷B×1000),인구 천명당 사업체수(등록기반)(시도/시/군/구),2023,2025-02-11,Sokcho-si,속초시,개,101
행정구역별,150.5,32060,A,Each                          ,T10,DT_1YL20842,인구천명당 사업체수(A÷B×1000),인구 천명당 사업체수(등록기반)(시도/시/군/구),2024,2026-02-13,Sokcho-si,속초시,개,101
행정구역별,8445.0,32070,A,Each                          ,T001,DT_1YL20842,사업체수(A),인구 천명당 사업체수(등록기반)(시도/시/군/구),2020,2023-10-12,Samcheok-si,삼척시,개,101
행정구역별,8912.0,32070,A,Each                          ,T001,DT_1YL20842,사업체수(A),인구 천명당 사업체수(등록기반)(시도/시/군/구),2021,2023-10-12,Samcheok-si,삼척시,개,101
행정구역별,9150.0,32070,A,Each                          ,T001,DT_1YL20842,사업체수(A),인구 천명당 사업체수(등록기반)(시도/시/군/구),2022,2024-02-05,Samcheok-si,삼척시,개,101
행정구역별,9268.0,32070,A,Each                          ,T001,DT_1YL20842,사업체수(A),인구 천명당 사업체수(등록기반)(시도/시/군/구),2023,2025-02-11,Samcheok-si,삼척시,개,101
행정구역별,9346.0,32070,A,Each                          ,T001,DT_1YL20842,사업체수(A),인구 천명당 사업체수(등록기반)(시도/시/군/구),2024,2026-02-13,Samcheok-si,삼척시,개,101
행정구역별,65243.0,32070,A,,T002,DT_1YL20842,주민등록인구(B),인구 천명당 사업체수(등록기반)(시도/시/군/구),2020,2023-10-12,Samcheok-si,삼척시,명,101
행정구역별,63429.0,32070,A,,T002,DT_1YL20842,주민등록인구(B),인구 천명당 사업체수(등록기반)(시도/시/군/구),2021,2023-10-12,Samcheok-si,삼척시,명,101
행정구역별,63455.0,32070,A,,T002,DT_1YL20842,주민등록인구(B),인구 천명당 사업체수(등록기반)(시도/시/군/구),2022,2024-02-05,Samcheok-si,삼척시,명,101
행정구역별,62651.0,32070,A,,T002,DT_1YL20842,주민등록인구(B),인구 천명당 사업체수(등록기반)(시도/시/군/구),2023,2025-02-11,Samcheok-si,삼척시,명,101
행정구역별,61735.0,32070,A,,T002,DT_1YL20842,주민등록인구(B),인구 천명당 사업체수(등록기반)(시도/시/군/구),2024,2026-02-13,Samcheok-si,삼척시,명,101
행정구역별,129.4,32070,A,Each                          ,T10,DT_1YL20842,인구천명당 사업체수(A÷B×1000),인구 천명당 사업체수(등록기반)(시도/시/군/구),2020,2023-10-12,Samcheok-si,삼척시,개,101
행정구역별,140.5,32070,A,Each                          ,T10,DT_1YL20842,인구천명당 사업체수(A÷B×1000),인구 천명당 사업체수(등록기반)(시도/시/군/구),2021,2023-10-12,Samcheok-si,삼척시,개,101
행정구역별,144.2,32070,A,Each                          ,T10,DT_1YL20842,인구천명당 사업체수(A÷B×1000),인구 천명당 사업체수(등록기반)(시도/시/군/구),2022,2024-02-05,Samcheok-si,삼척시,개,101
행정구역별,147.9,32070,A,Each                          ,T10,DT_1YL20842,인구천명당 사업체수(A÷B×1000),인구 천명당 사업체수(등록기반)(시도/시/군/구),2023,2025-02-11,Samcheok-si,삼척시,개,101
행정구역별,151.4,32070,A,Each                          ,T10,DT_1YL20842,인구천명당 사업체수(A÷B×1000),인구 천명당 사업체수(등록기반)(시도/시/군/구),2024,2026-02-13,Samcheok-si,삼척시,개,101
행정구역별,9097.0,32510,A,Each                          ,T001,DT_1YL20842,사업체수(A),인구 천명당 사업체수(등록기반)(시도/시/군/구),2020,2023-10-12,Hongcheon-gun,홍천군,개,101
행정구역별,9423.0,32510,A,Each                          ,T001,DT_1YL20842,사업체수(A),인구 천명당 사업체수(등록기반)(시도/시/군/구),2021,2023-10-12,Hongcheon-gun,홍천군,개,101
행정구역별,9661.0,32510,A,Each                          ,T001,DT_1YL20842,사업체수(A),인구 천명당 사업체수(등록기반)(시도/시/군/구),2022,2024-02-05,Hongcheon-gun,홍천군,개,101
행정구역별,9905.0,32510,A,Each                          ,T001,DT_1YL20842,사업체수(A),인구 천명당 사업체수(등록기반)(시도/시/군/구),2023,2025-02-11,Hongcheon-gun,홍천군,개,101
행정구역별,10316.0,32510,A,Each                          ,T001,DT_1YL20842,사업체수(A),인구 천명당 사업체수(등록기반)(시도/시/군/구),2024,2026-02-13,Hongcheon-gun,홍천군,개,101
행정구역별,69242.0,32510,A,,T002,DT_1YL20842,주민등록인구(B),인구 천명당 사업체수(등록기반)(시도/시/군/구),2020,2023-10-12,Hongcheon-gun,홍천군,명,101
행정구역별,68365.0,32510,A,,T002,DT_1YL20842,주민등록인구(B),인구 천명당 사업체수(등록기반)(시도/시/군/구),2021,2023-10-12,Hongcheon-gun,홍천군,명,101
행정구역별,67977.0,32510,A,,T002,DT_1YL20842,주민등록인구(B),인구 천명당 사업체수(등록기반)(시도/시/군/구),2022,2024-02-05,Hongcheon-gun,홍천군,명,101
행정구역별,67309.0,32510,A,,T002,DT_1YL20842,주민등록인구(B),인구 천명당 사업체수(등록기반)(시도/시/군/구),2023,2025-02-11,Hongcheon-gun,홍천군,명,101
행정구역별,66717.0,32510,A,,T002,DT_1YL20842,주민등록인구(B),인구 천명당 사업체수(등록기반)(시도/시/군/구),2024,2026-02-13,Hongcheon-gun,홍천군,명,101
행정구역별,131.4,32510,A,Each                          ,T10,DT_1YL20842,인구천명당 사업체수(A÷B×1000),인구 천명당 사업체수(등록기반)(시도/시/군/구),2020,2023-10-12,Hongcheon-gun,홍천군,개,101
행정구역별,137.8,32510,A,Each                          ,T10,DT_1YL20842,인구천명당 사업체수(A÷B×1000),인구 천명당 사업체수(등록기반)(시도/시/군/구),2021,2023-10-12,Hongcheon-gun,홍천군,개,101
행정구역별,142.1,32510,A,Each                          ,T10,DT_1YL20842,인구천명당 사업체수(A÷B×1000),인구 천명당 사업체수(등록기반)(시도/시/군/구),2022,2024-02-05,Hongcheon-gun,홍천군,개,101
행정구역별,147.2,32510,A,Each                          ,T10,DT_1YL20842,인구천명당 사업체수(A÷B×1000),인구 천명당 사업체수(등록기반)(시도/시/군/구),2023,2025-02-11,Hongcheon-gun,홍천군,개,101
행정구역별,154.6,32510,A,Each                          ,T10,DT_1YL20842,인구천명당 사업체수(A÷B×1000),인구 천명당 사업체수(등록기반)(시도/시/군/구),2024,2026-02-13,Hongcheon-gun,홍천군,개,101
행정구역별,5615.0,32520,A,Each                          ,T001,DT_1YL20842,사업체수(A),인구 천명당 사업체수(등록기반)(시도/시/군/구),2020,2023-10-12,Hoengseong-gun,횡성군,개,101
행정구역별,5813.0,32520,A,Each                          ,T001,DT_1YL20842,사업체수(A),인구 천명당 사업체수(등록기반)(시도/시/군/구),2021,2023-10-12,Hoengseong-gun,횡성군,개,101
행정구역별,6066.0,32520,A,Each                          ,T001,DT_1YL20842,사업체수(A),인구 천명당 사업체수(등록기반)(시도/시/군/구),2022,2024-02-05,Hoengseong-gun,횡성군,개,101
행정구역별,6322.0,32520,A,Each                          ,T001,DT_1YL20842,사업체수(A),인구 천명당 사업체수(등록기반)(시도/시/군/구),2023,2025-02-11,Hoengseong-gun,횡성군,개,101
행정구역별,6646.0,32520,A,Each                          ,T001,DT_1YL20842,사업체수(A),인구 천명당 사업체수(등록기반)(시도/시/군/구),2024,2026-02-13,Hoengseong-gun,횡성군,개,101
행정구역별,46472.0,32520,A,,T002,DT_1YL20842,주민등록인구(B),인구 천명당 사업체수(등록기반)(시도/시/군/구),2020,2023-10-12,Hoengseong-gun,횡성군,명,101
행정구역별,46481.0,32520,A,,T002,DT_1YL20842,주민등록인구(B),인구 천명당 사업체수(등록기반)(시도/시/군/구),2021,2023-10-12,Hoengseong-gun,횡성군,명,101
행정구역별,46532.0,32520,A,,T002,DT_1YL20842,주민등록인구(B),인구 천명당 사업체수(등록기반)(시도/시/군/구),2022,2024-02-05,Hoengseong-gun,횡성군,명,101
행정구역별,46359.0,32520,A,,T002,DT_1YL20842,주민등록인구(B),인구 천명당 사업체수(등록기반)(시도/시/군/구),2023,2025-02-11,Hoengseong-gun,횡성군,명,101
행정구역별,46111.0,32520,A,,T002,DT_1YL20842,주민등록인구(B),인구 천명당 사업체수(등록기반)(시도/시/군/구),2024,2026-02-13,Hoengseong-gun,횡성군,명,101
행정구역별,120.8,32520,A,Each                          ,T10,DT_1YL20842,인구천명당 사업체수(A÷B×1000),인구 천명당 사업체수(등록기반)(시도/시/군/구),2020,2023-10-12,Hoengseong-gun,횡성군,개,101
행정구역별,125.1,32520,A,Each                          ,T10,DT_1YL20842,인구천명당 사업체수(A÷B×1000),인구 천명당 사업체수(등록기반)(시도/시/군/구),2021,2023-10-12,Hoengseong-gun,횡성군,개,101
행정구역별,130.4,32520,A,Each                          ,T10,DT_1YL20842,인구천명당 사업체수(A÷B×1000),인구 천명당 사업체수(등록기반)(시도/시/군/구),2022,2024-02-05,Hoengseong-gun,횡성군,개,101
행정구역별,136.4,32520,A,Each                          ,T10,DT_1YL20842,인구천명당 사업체수(A÷B×1000),인구 천명당 사업체수(등록기반)(시도/시/군/구),2023,2025-02-11,Hoengseong-gun,횡성군,개,101
행정구역별,144.1,32520,A,Each                          ,T10,DT_1YL20842,인구천명당 사업체수(A÷B×1000),인구 천명당 사업체수(등록기반)(시도/시/군/구),2024,2026-02-13,Hoengseong-gun,횡성군,개,101
행정구역별,5232.0,32530,A,Each                          ,T001,DT_1YL20842,사업체수(A),인구 천명당 사업체수(등록기반)(시도/시/군/구),2020,2023-10-12,Yeongwol-gun,영월군,개,101
행정구역별,5452.0,32530,A,Each                          ,T001,DT_1YL20842,사업체수(A),인구 천명당 사업체수(등록기반)(시도/시/군/구),2021,2023-10-12,Yeongwol-gun,영월군,개,101
행정구역별,5574.0,32530,A,Each                          ,T001,DT_1YL20842,사업체수(A),인구 천명당 사업체수(등록기반)(시도/시/군/구),2022,2024-02-05,Yeongwol-gun,영월군,개,101
행정구역별,5778.0,32530,A,Each                          ,T001,DT_1YL20842,사업체수(A),인구 천명당 사업체수(등록기반)(시도/시/군/구),2023,2025-02-11,Yeongwol-gun,영월군,개,101
행정구역별,5947.0,32530,A,Each                          ,T001,DT_1YL20842,사업체수(A),인구 천명당 사업체수(등록기반)(시도/시/군/구),2024,2026-02-13,Yeongwol-gun,영월군,개,101
행정구역별,38662.0,32530,A,,T002,DT_1YL20842,주민등록인구(B),인구 천명당 사업체수(등록기반)(시도/시/군/구),2020,2023-10-12,Yeongwol-gun,영월군,명,101
행정구역별,37904.0,32530,A,,T002,DT_1YL20842,주민등록인구(B),인구 천명당 사업체수(등록기반)(시도/시/군/구),2021,2023-10-12,Yeongwol-gun,영월군,명,101
행정구역별,37728.0,32530,A,,T002,DT_1YL20842,주민등록인구(B),인구 천명당 사업체수(등록기반)(시도/시/군/구),2022,2024-02-05,Yeongwol-gun,영월군,명,101
행정구역별,37332.0,32530,A,,T002,DT_1YL20842,주민등록인구(B),인구 천명당 사업체수(등록기반)(시도/시/군/구),2023,2025-02-11,Yeongwol-gun,영월군,명,101
행정구역별,36721.0,32530,A,,T002,DT_1YL20842,주민등록인구(B),인구 천명당 사업체수(등록기반)(시도/시/군/구),2024,2026-02-13,Yeongwol-gun,영월군,명,101
행정구역별,135.3,32530,A,Each                          ,T10,DT_1YL20842,인구천명당 사업체수(A÷B×1000),인구 천명당 사업체수(등록기반)(시도/시/군/구),2020,2023-10-12,Yeongwol-gun,영월군,개,101
행정구역별,143.8,32530,A,Each                          ,T10,DT_1YL20842,인구천명당 사업체수(A÷B×1000),인구 천명당 사업체수(등록기반)(시도/시/군/구),2021,2023-10-12,Yeongwol-gun,영월군,개,101
행정구역별,147.7,32530,A,Each                          ,T10,DT_1YL20842,인구천명당 사업체수(A÷B×1000),인구 천명당 사업체수(등록기반)(시도/시/군/구),2022,2024-02-05,Yeongwol-gun,영월군,개,101
행정구역별,154.8,32530,A,Each                          ,T10,DT_1YL20842,인구천명당 사업체수(A÷B×1000),인구 천명당 사업체수(등록기반)(시도/시/군/구),2023,2025-02-11,Yeongwol-gun,영월군,개,101
행정구역별,162.0,32530,A,Each                          ,T10,DT_1YL20842,인구천명당 사업체수(A÷B×1000),인구 천명당 사업체수(등록기반)(시도/시/군/구),2024,2026-02-13,Yeongwol-gun,영월군,개,101
행정구역별,6257.0,32540,A,Each                          ,T001,DT_1YL20842,사업체수(A),인구 천명당 사업체수(등록기반)(시도/시/군/구),2020,2023-10-12,Pyeongchang-gun,평창군,개,101
행정구역별,6493.0,32540,A,Each                          ,T001,DT_1YL20842,사업체수(A),인구 천명당 사업체수(등록기반)(시도/시/군/구),2021,2023-10-12,Pyeongchang-gun,평창군,개,101
행정구역별,6563.0,32540,A,Each                          ,T001,DT_1YL20842,사업체수(A),인구 천명당 사업체수(등록기반)(시도/시/군/구),2022,2024-02-05,Pyeongchang-gun,평창군,개,101
행정구역별,6764.0,32540,A,Each                          ,T001,DT_1YL20842,사업체수(A),인구 천명당 사업체수(등록기반)(시도/시/군/구),2023,2025-02-11,Pyeongchang-gun,평창군,개,101
행정구역별,6929.0,32540,A,Each                          ,T001,DT_1YL20842,사업체수(A),인구 천명당 사업체수(등록기반)(시도/시/군/구),2024,2026-02-13,Pyeongchang-gun,평창군,개,101
행정구역별,41681.0,32540,A,,T002,DT_1YL20842,주민등록인구(B),인구 천명당 사업체수(등록기반)(시도/시/군/구),2020,2023-10-12,Pyeongchang-gun,평창군,명,101
행정구역별,40996.0,32540,A,,T002,DT_1YL20842,주민등록인구(B),인구 천명당 사업체수(등록기반)(시도/시/군/구),2021,2023-10-12,Pyeongchang-gun,평창군,명,101
행정구역별,40990.0,32540,A,,T002,DT_1YL20842,주민등록인구(B),인구 천명당 사업체수(등록기반)(시도/시/군/구),2022,2024-02-05,Pyeongchang-gun,평창군,명,101
행정구역별,40659.0,32540,A,,T002,DT_1YL20842,주민등록인구(B),인구 천명당 사업체수(등록기반)(시도/시/군/구),2023,2025-02-11,Pyeongchang-gun,평창군,명,101
행정구역별,40396.0,32540,A,,T002,DT_1YL20842,주민등록인구(B),인구 천명당 사업체수(등록기반)(시도/시/군/구),2024,2026-02-13,Pyeongchang-gun,평창군,명,101
행정구역별,150.1,32540,A,Each                          ,T10,DT_1YL20842,인구천명당 사업체수(A÷B×1000),인구 천명당 사업체수(등록기반)(시도/시/군/구),2020,2023-10-12,Pyeongchang-gun,평창군,개,101
행정구역별,158.4,32540,A,Each                          ,T10,DT_1YL20842,인구천명당 사업체수(A÷B×1000),인구 천명당 사업체수(등록기반)(시도/시/군/구),2021,2023-10-12,Pyeongchang-gun,평창군,개,101
행정구역별,160.1,32540,A,Each                          ,T10,DT_1YL20842,인구천명당 사업체수(A÷B×1000),인구 천명당 사업체수(등록기반)(시도/시/군/구),2022,2024-02-05,Pyeongchang-gun,평창군,개,101
행정구역별,166.4,32540,A,Each                          ,T10,DT_1YL20842,인구천명당 사업체수(A÷B×1000),인구 천명당 사업체수(등록기반)(시도/시/군/구),2023,2025-02-11,Pyeongchang-gun,평창군,개,101
행정구역별,171.5,32540,A,Each                          ,T10,DT_1YL20842,인구천명당 사업체수(A÷B×1000),인구 천명당 사업체수(등록기반)(시도/시/군/구),2024,2026-02-13,Pyeongchang-gun,평창군,개,101
행정구역별,5045.0,32550,A,Each                          ,T001,DT_1YL20842,사업체수(A),인구 천명당 사업체수(등록기반)(시도/시/군/구),2020,2023-10-12,Jeongseon-gun,정선군,개,101
행정구역별,5138.0,32550,A,Each                          ,T001,DT_1YL20842,사업체수(A),인구 천명당 사업체수(등록기반)(시도/시/군/구),2021,2023-10-12,Jeongseon-gun,정선군,개,101
행정구역별,5001.0,32550,A,Each                          ,T001,DT_1YL20842,사업체수(A),인구 천명당 사업체수(등록기반)(시도/시/군/구),2022,2024-02-05,Jeongseon-gun,정선군,개,101
행정구역별,5133.0,32550,A,Each                          ,T001,DT_1YL20842,사업체수(A),인구 천명당 사업체수(등록기반)(시도/시/군/구),2023,2025-02-11,Jeongseon-gun,정선군,개,101
행정구역별,5075.0,32550,A,Each                          ,T001,DT_1YL20842,사업체수(A),인구 천명당 사업체수(등록기반)(시도/시/군/구),2024,2026-02-13,Jeongseon-gun,정선군,개,101
행정구역별,36870.0,32550,A,,T002,DT_1YL20842,주민등록인구(B),인구 천명당 사업체수(등록기반)(시도/시/군/구),2020,2023-10-12,Jeongseon-gun,정선군,명,101
행정구역별,35675.0,32550,A,,T002,DT_1YL20842,주민등록인구(B),인구 천명당 사업체수(등록기반)(시도/시/군/구),2021,2023-10-12,Jeongseon-gun,정선군,명,101
행정구역별,34931.0,32550,A,,T002,DT_1YL20842,주민등록인구(B),인구 천명당 사업체수(등록기반)(시도/시/군/구),2022,2024-02-05,Jeongseon-gun,정선군,명,101
행정구역별,34202.0,32550,A,,T002,DT_1YL20842,주민등록인구(B),인구 천명당 사업체수(등록기반)(시도/시/군/구),2023,2025-02-11,Jeongseon-gun,정선군,명,101
행정구역별,33515.0,32550,A,,T002,DT_1YL20842,주민등록인구(B),인구 천명당 사업체수(등록기반)(시도/시/군/구),2024,2026-02-13,Jeongseon-gun,정선군,명,101
행정구역별,136.8,32550,A,Each                          ,T10,DT_1YL20842,인구천명당 사업체수(A÷B×1000),인구 천명당 사업체수(등록기반)(시도/시/군/구),2020,2023-10-12,Jeongseon-gun,정선군,개,101
행정구역별,144.0,32550,A,Each                          ,T10,DT_1YL20842,인구천명당 사업체수(A÷B×1000),인구 천명당 사업체수(등록기반)(시도/시/군/구),2021,2023-10-12,Jeongseon-gun,정선군,개,101
행정구역별,143.2,32550,A,Each                          ,T10,DT_1YL20842,인구천명당 사업체수(A÷B×1000),인구 천명당 사업체수(등록기반)(시도/시/군/구),2022,2024-02-05,Jeongseon-gun,정선군,개,101
행정구역별,150.1,32550,A,Each                          ,T10,DT_1YL20842,인구천명당 사업체수(A÷B×1000),인구 천명당 사업체수(등록기반)(시도/시/군/구),2023,2025-02-11,Jeongseon-gun,정선군,개,101
행정구역별,151.4,32550,A,Each                          ,T10,DT_1YL20842,인구천명당 사업체수(A÷B×1000),인구 천명당 사업체수(등록기반)(시도/시/군/구),2024,2026-02-13,Jeongseon-gun,정선군,개,101
행정구역별,4934.0,32560,A,Each                          ,T001,DT_1YL20842,사업체수(A),인구 천명당 사업체수(등록기반)(시도/시/군/구),2020,2023-10-12,Cheorwon-gun,철원군,개,101
행정구역별,5105.0,32560,A,Each                          ,T001,DT_1YL20842,사업체수(A),인구 천명당 사업체수(등록기반)(시도/시/군/구),2021,2023-10-12,Cheorwon-gun,철원군,개,101
행정구역별,5274.0,32560,A,Each                          ,T001,DT_1YL20842,사업체수(A),인구 천명당 사업체수(등록기반)(시도/시/군/구),2022,2024-02-05,Cheorwon-gun,철원군,개,101
행정구역별,5518.0,32560,A,Each                          ,T001,DT_1YL20842,사업체수(A),인구 천명당 사업체수(등록기반)(시도/시/군/구),2023,2025-02-11,Cheorwon-gun,철원군,개,101
행정구역별,5792.0,32560,A,Each                          ,T001,DT_1YL20842,사업체수(A),인구 천명당 사업체수(등록기반)(시도/시/군/구),2024,2026-02-13,Cheorwon-gun,철원군,개,101
행정구역별,44699.0,32560,A,,T002,DT_1YL20842,주민등록인구(B),인구 천명당 사업체수(등록기반)(시도/시/군/구),2020,2023-10-12,Cheorwon-gun,철원군,명,101
행정구역별,43340.0,32560,A,,T002,DT_1YL20842,주민등록인구(B),인구 천명당 사업체수(등록기반)(시도/시/군/구),2021,2023-10-12,Cheorwon-gun,철원군,명,101
행정구역별,42256.0,32560,A,,T002,DT_1YL20842,주민등록인구(B),인구 천명당 사업체수(등록기반)(시도/시/군/구),2022,2024-02-05,Cheorwon-gun,철원군,명,101
행정구역별,41448.0,32560,A,,T002,DT_1YL20842,주민등록인구(B),인구 천명당 사업체수(등록기반)(시도/시/군/구),2023,2025-02-11,Cheorwon-gun,철원군,명,101
행정구역별,40497.0,32560,A,,T002,DT_1YL20842,주민등록인구(B),인구 천명당 사업체수(등록기반)(시도/시/군/구),2024,2026-02-13,Cheorwon-gun,철원군,명,101
행정구역별,110.4,32560,A,Each                          ,T10,DT_1YL20842,인구천명당 사업체수(A÷B×1000),인구 천명당 사업체수(등록기반)(시도/시/군/구),2020,2023-10-12,Cheorwon-gun,철원군,개,101
행정구역별,117.8,32560,A,Each                          ,T10,DT_1YL20842,인구천명당 사업체수(A÷B×1000),인구 천명당 사업체수(등록기반)(시도/시/군/구),2021,2023-10-12,Cheorwon-gun,철원군,개,101
행정구역별,124.8,32560,A,Each                          ,T10,DT_1YL20842,인구천명당 사업체수(A÷B×1000),인구 천명당 사업체수(등록기반)(시도/시/군/구),2022,2024-02-05,Cheorwon-gun,철원군,개,101
행정구역별,133.1,32560,A,Each                          ,T10,DT_1YL20842,인구천명당 사업체수(A÷B×1000),인구 천명당 사업체수(등록기반)(시도/시/군/구),2023,2025-02-11,Cheorwon-gun,철원군,개,101
행정구역별,143.0,32560,A,Each                          ,T10,DT_1YL20842,인구천명당 사업체수(A÷B×1000),인구 천명당 사업체수(등록기반)(시도/시/군/구),2024,2026-02-13,Cheorwon-gun,철원군,개,101
행정구역별,2955.0,32570,A,Each                          ,T001,DT_1YL20842,사업체수(A),인구 천명당 사업체수(등록기반)(시도/시/군/구),2020,2023-10-12,Hwacheon-gun,화천군,개,101
행정구역별,3172.0,32570,A,Each                          ,T001,DT_1YL20842,사업체수(A),인구 천명당 사업체수(등록기반)(시도/시/군/구),2021,2023-10-12,Hwacheon-gun,화천군,개,101
행정구역별,3183.0,32570,A,Each                          ,T001,DT_1YL20842,사업체수(A),인구 천명당 사업체수(등록기반)(시도/시/군/구),2022,2024-02-05,Hwacheon-gun,화천군,개,101
행정구역별,3259.0,32570,A,Each                          ,T001,DT_1YL20842,사업체수(A),인구 천명당 사업체수(등록기반)(시도/시/군/구),2023,2025-02-11,Hwacheon-gun,화천군,개,101
행정구역별,3351.0,32570,A,Each                          ,T001,DT_1YL20842,사업체수(A),인구 천명당 사업체수(등록기반)(시도/시/군/구),2024,2026-02-13,Hwacheon-gun,화천군,개,101
행정구역별,24857.0,32570,A,,T002,DT_1YL20842,주민등록인구(B),인구 천명당 사업체수(등록기반)(시도/시/군/구),2020,2023-10-12,Hwacheon-gun,화천군,명,101
행정구역별,24195.0,32570,A,,T002,DT_1YL20842,주민등록인구(B),인구 천명당 사업체수(등록기반)(시도/시/군/구),2021,2023-10-12,Hwacheon-gun,화천군,명,101
행정구역별,23388.0,32570,A,,T002,DT_1YL20842,주민등록인구(B),인구 천명당 사업체수(등록기반)(시도/시/군/구),2022,2024-02-05,Hwacheon-gun,화천군,명,101
행정구역별,23007.0,32570,A,,T002,DT_1YL20842,주민등록인구(B),인구 천명당 사업체수(등록기반)(시도/시/군/구),2023,2025-02-11,Hwacheon-gun,화천군,명,101
행정구역별,22922.0,32570,A,,T002,DT_1YL20842,주민등록인구(B),인구 천명당 사업체수(등록기반)(시도/시/군/구),2024,2026-02-13,Hwacheon-gun,화천군,명,101
행정구역별,118.9,32570,A,Each                          ,T10,DT_1YL20842,인구천명당 사업체수(A÷B×1000),인구 천명당 사업체수(등록기반)(시도/시/군/구),2020,2023-10-12,Hwacheon-gun,화천군,개,101
행정구역별,131.1,32570,A,Each                          ,T10,DT_1YL20842,인구천명당 사업체수(A÷B×1000),인구 천명당 사업체수(등록기반)(시도/시/군/구),2021,2023-10-12,Hwacheon-gun,화천군,개,101
행정구역별,136.1,32570,A,Each                          ,T10,DT_1YL20842,인구천명당 사업체수(A÷B×1000),인구 천명당 사업체수(등록기반)(시도/시/군/구),2022,2024-02-05,Hwacheon-gun,화천군,개,101
행정구역별,141.7,32570,A,Each                          ,T10,DT_1YL20842,인구천명당 사업체수(A÷B×1000),인구 천명당 사업체수(등록기반)(시도/시/군/구),2023,2025-02-11,Hwacheon-gun,화천군,개,101
행정구역별,146.2,32570,A,Each                          ,T10,DT_1YL20842,인구천명당 사업체수(A÷B×1000),인구 천명당 사업체수(등록기반)(시도/시/군/구),2024,2026-02-13,Hwacheon-gun,화천군,개,101
행정구역별,3047.0,32580,A,Each                          ,T001,DT_1YL20842,사업체수(A),인구 천명당 사업체수(등록기반)(시도/시/군/구),2020,2023-10-12,Yanggu-gun,양구군,개,101
행정구역별,3186.0,32580,A,Each                          ,T001,DT_1YL20842,사업체수(A),인구 천명당 사업체수(등록기반)(시도/시/군/구),2021,2023-10-12,Yanggu-gun,양구군,개,101
행정구역별,3184.0,32580,A,Each                          ,T001,DT_1YL20842,사업체수(A),인구 천명당 사업체수(등록기반)(시도/시/군/구),2022,2024-02-05,Yanggu-gun,양구군,개,101
행정구역별,3320.0,32580,A,Each                          ,T001,DT_1YL20842,사업체수(A),인구 천명당 사업체수(등록기반)(시도/시/군/구),2023,2025-02-11,Yanggu-gun,양구군,개,101
행정구역별,3428.0,32580,A,Each                          ,T001,DT_1YL20842,사업체수(A),인구 천명당 사업체수(등록기반)(시도/시/군/구),2024,2026-02-13,Yanggu-gun,양구군,개,101
행정구역별,22278.0,32580,A,,T002,DT_1YL20842,주민등록인구(B),인구 천명당 사업체수(등록기반)(시도/시/군/구),2020,2023-10-12,Yanggu-gun,양구군,명,101
행정구역별,21748.0,32580,A,,T002,DT_1YL20842,주민등록인구(B),인구 천명당 사업체수(등록기반)(시도/시/군/구),2021,2023-10-12,Yanggu-gun,양구군,명,101
행정구역별,21383.0,32580,A,,T002,DT_1YL20842,주민등록인구(B),인구 천명당 사업체수(등록기반)(시도/시/군/구),2022,2024-02-05,Yanggu-gun,양구군,명,101
행정구역별,21056.0,32580,A,,T002,DT_1YL20842,주민등록인구(B),인구 천명당 사업체수(등록기반)(시도/시/군/구),2023,2025-02-11,Yanggu-gun,양구군,명,101
행정구역별,20621.0,32580,A,,T002,DT_1YL20842,주민등록인구(B),인구 천명당 사업체수(등록기반)(시도/시/군/구),2024,2026-02-13,Yanggu-gun,양구군,명,101
행정구역별,136.8,32580,A,Each                          ,T10,DT_1YL20842,인구천명당 사업체수(A÷B×1000),인구 천명당 사업체수(등록기반)(시도/시/군/구),2020,2023-10-12,Yanggu-gun,양구군,개,101
행정구역별,146.5,32580,A,Each                          ,T10,DT_1YL20842,인구천명당 사업체수(A÷B×1000),인구 천명당 사업체수(등록기반)(시도/시/군/구),2021,2023-10-12,Yanggu-gun,양구군,개,101
행정구역별,148.9,32580,A,Each                          ,T10,DT_1YL20842,인구천명당 사업체수(A÷B×1000),인구 천명당 사업체수(등록기반)(시도/시/군/구),2022,2024-02-05,Yanggu-gun,양구군,개,101
행정구역별,157.7,32580,A,Each                          ,T10,DT_1YL20842,인구천명당 사업체수(A÷B×1000),인구 천명당 사업체수(등록기반)(시도/시/군/구),2023,2025-02-11,Yanggu-gun,양구군,개,101
행정구역별,166.2,32580,A,Each                          ,T10,DT_1YL20842,인구천명당 사업체수(A÷B×1000),인구 천명당 사업체수(등록기반)(시도/시/군/구),2024,2026-02-13,Yanggu-gun,양구군,개,101
행정구역별,4780.0,32590,A,Each                          ,T001,DT_1YL20842,사업체수(A),인구 천명당 사업체수(등록기반)(시도/시/군/구),2020,2023-10-12,Inje-gun,인제군,개,101
행정구역별,5090.0,32590,A,Each                          ,T001,DT_1YL20842,사업체수(A),인구 천명당 사업체수(등록기반)(시도/시/군/구),2021,2023-10-12,Inje-gun,인제군,개,101
행정구역별,5077.0,32590,A,Each                          ,T001,DT_1YL20842,사업체수(A),인구 천명당 사업체수(등록기반)(시도/시/군/구),2022,2024-02-05,Inje-gun,인제군,개,101
행정구역별,5277.0,32590,A,Each                          ,T001,DT_1YL20842,사업체수(A),인구 천명당 사업체수(등록기반)(시도/시/군/구),2023,2025-02-11,Inje-gun,인제군,개,101
행정구역별,5418.0,32590,A,Each                          ,T001,DT_1YL20842,사업체수(A),인구 천명당 사업체수(등록기반)(시도/시/군/구),2024,2026-02-13,Inje-gun,인제군,개,101
행정구역별,31694.0,32590,A,,T002,DT_1YL20842,주민등록인구(B),인구 천명당 사업체수(등록기반)(시도/시/군/구),2020,2023-10-12,Inje-gun,인제군,명,101
행정구역별,32165.0,32590,A,,T002,DT_1YL20842,주민등록인구(B),인구 천명당 사업체수(등록기반)(시도/시/군/구),2021,2023-10-12,Inje-gun,인제군,명,101
행정구역별,32206.0,32590,A,,T002,DT_1YL20842,주민등록인구(B),인구 천명당 사업체수(등록기반)(시도/시/군/구),2022,2024-02-05,Inje-gun,인제군,명,101
행정구역별,32020.0,32590,A,,T002,DT_1YL20842,주민등록인구(B),인구 천명당 사업체수(등록기반)(시도/시/군/구),2023,2025-02-11,Inje-gun,인제군,명,101
행정구역별,31535.0,32590,A,,T002,DT_1YL20842,주민등록인구(B),인구 천명당 사업체수(등록기반)(시도/시/군/구),2024,2026-02-13,Inje-gun,인제군,명,101
행정구역별,150.8,32590,A,Each                          ,T10,DT_1YL20842,인구천명당 사업체수(A÷B×1000),인구 천명당 사업체수(등록기반)(시도/시/군/구),2020,2023-10-12,Inje-gun,인제군,개,101
행정구역별,158.2,32590,A,Each                          ,T10,DT_1YL20842,인구천명당 사업체수(A÷B×1000),인구 천명당 사업체수(등록기반)(시도/시/군/구),2021,2023-10-12,Inje-gun,인제군,개,101
행정구역별,157.6,32590,A,Each                          ,T10,DT_1YL20842,인구천명당 사업체수(A÷B×1000),인구 천명당 사업체수(등록기반)(시도/시/군/구),2022,2024-02-05,Inje-gun,인제군,개,101
행정구역별,164.8,32590,A,Each                          ,T10,DT_1YL20842,인구천명당 사업체수(A÷B×1000),인구 천명당 사업체수(등록기반)(시도/시/군/구),2023,2025-02-11,Inje-gun,인제군,개,101
행정구역별,171.8,32590,A,Each                          ,T10,DT_1YL20842,인구천명당 사업체수(A÷B×1000),인구 천명당 사업체수(등록기반)(시도/시/군/구),2024,2026-02-13,Inje-gun,인제군,개,101
행정구역별,4004.0,32600,A,Each                          ,T001,DT_1YL20842,사업체수(A),인구 천명당 사업체수(등록기반)(시도/시/군/구),2020,2023-10-12,Goseong-gun,고성군,개,101
행정구역별,4365.0,32600,A,Each                          ,T001,DT_1YL20842,사업체수(A),인구 천명당 사업체수(등록기반)(시도/시/군/구),2021,2023-10-12,Goseong-gun,고성군,개,101
행정구역별,4426.0,32600,A,Each                          ,T001,DT_1YL20842,사업체수(A),인구 천명당 사업체수(등록기반)(시도/시/군/구),2022,2024-02-05,Goseong-gun,고성군,개,101
행정구역별,4683.0,32600,A,Each                          ,T001,DT_1YL20842,사업체수(A),인구 천명당 사업체수(등록기반)(시도/시/군/구),2023,2025-02-11,Goseong-gun,고성군,개,101
행정구역별,4828.0,32600,A,Each                          ,T001,DT_1YL20842,사업체수(A),인구 천명당 사업체수(등록기반)(시도/시/군/구),2024,2026-02-13,Goseong-gun,고성군,개,101
행정구역별,26757.0,32600,A,,T002,DT_1YL20842,주민등록인구(B),인구 천명당 사업체수(등록기반)(시도/시/군/구),2020,2023-10-12,Goseong-gun,고성군,명,101
행정구역별,27249.0,32600,A,,T002,DT_1YL20842,주민등록인구(B),인구 천명당 사업체수(등록기반)(시도/시/군/구),2021,2023-10-12,Goseong-gun,고성군,명,101
행정구역별,27274.0,32600,A,,T002,DT_1YL20842,주민등록인구(B),인구 천명당 사업체수(등록기반)(시도/시/군/구),2022,2024-02-05,Goseong-gun,고성군,명,101
행정구역별,27305.0,32600,A,,T002,DT_1YL20842,주민등록인구(B),인구 천명당 사업체수(등록기반)(시도/시/군/구),2023,2025-02-11,Goseong-gun,고성군,명,101
행정구역별,26999.0,32600,A,,T002,DT_1YL20842,주민등록인구(B),인구 천명당 사업체수(등록기반)(시도/시/군/구),2024,2026-02-13,Goseong-gun,고성군,명,101
행정구역별,149.6,32600,A,Each                          ,T10,DT_1YL20842,인구천명당 사업체수(A÷B×1000),인구 천명당 사업체수(등록기반)(시도/시/군/구),2020,2023-10-12,Goseong-gun,고성군,개,101
행정구역별,160.2,32600,A,Each                          ,T10,DT_1YL20842,인구천명당 사업체수(A÷B×1000),인구 천명당 사업체수(등록기반)(시도/시/군/구),2021,2023-10-12,Goseong-gun,고성군,개,101
행정구역별,162.3,32600,A,Each                          ,T10,DT_1YL20842,인구천명당 사업체수(A÷B×1000),인구 천명당 사업체수(등록기반)(시도/시/군/구),2022,2024-02-05,Goseong-gun,고성군,개,101
행정구역별,171.5,32600,A,Each                          ,T10,DT_1YL20842,인구천명당 사업체수(A÷B×1000),인구 천명당 사업체수(등록기반)(시도/시/군/구),2023,2025-02-11,Goseong-gun,고성군,개,101
행정구역별,178.8,32600,A,Each                          ,T10,DT_1YL20842,인구천명당 사업체수(A÷B×1000),인구 천명당 사업체수(등록기반)(시도/시/군/구),2024,2026-02-13,Goseong-gun,고성군,개,101
행정구역별,4712.0,32610,A,Each                          ,T001,DT_1YL20842,사업체수(A),인구 천명당 사업체수(등록기반)(시도/시/군/구),2020,2023-10-12,Yangyang-gun,양양군,개,101
행정구역별,4989.0,32610,A,Each                          ,T001,DT_1YL20842,사업체수(A),인구 천명당 사업체수(등록기반)(시도/시/군/구),2021,2023-10-12,Yangyang-gun,양양군,개,101
행정구역별,5201.0,32610,A,Each                          ,T001,DT_1YL20842,사업체수(A),인구 천명당 사업체수(등록기반)(시도/시/군/구),2022,2024-02-05,Yangyang-gun,양양군,개,101
행정구역별,5379.0,32610,A,Each                          ,T001,DT_1YL20842,사업체수(A),인구 천명당 사업체수(등록기반)(시도/시/군/구),2023,2025-02-11,Yangyang-gun,양양군,개,101
행정구역별,5782.0,32610,A,Each                          ,T001,DT_1YL20842,사업체수(A),인구 천명당 사업체수(등록기반)(시도/시/군/구),2024,2026-02-13,Yangyang-gun,양양군,개,101
행정구역별,27946.0,32610,A,,T002,DT_1YL20842,주민등록인구(B),인구 천명당 사업체수(등록기반)(시도/시/군/구),2020,2023-10-12,Yangyang-gun,양양군,명,101
행정구역별,27913.0,32610,A,,T002,DT_1YL20842,주민등록인구(B),인구 천명당 사업체수(등록기반)(시도/시/군/구),2021,2023-10-12,Yangyang-gun,양양군,명,101
행정구역별,27866.0,32610,A,,T002,DT_1YL20842,주민등록인구(B),인구 천명당 사업체수(등록기반)(시도/시/군/구),2022,2024-02-05,Yangyang-gun,양양군,명,101
행정구역별,27710.0,32610,A,,T002,DT_1YL20842,주민등록인구(B),인구 천명당 사업체수(등록기반)(시도/시/군/구),2023,2025-02-11,Yangyang-gun,양양군,명,101
행정구역별,27489.0,32610,A,,T002,DT_1YL20842,주민등록인구(B),인구 천명당 사업체수(등록기반)(시도/시/군/구),2024,2026-02-13,Yangyang-gun,양양군,명,101
행정구역별,168.6,32610,A,Each                          ,T10,DT_1YL20842,인구천명당 사업체수(A÷B×1000),인구 천명당 사업체수(등록기반)(시도/시/군/구),2020,2023-10-12,Yangyang-gun,양양군,개,101
행정구역별,178.7,32610,A,Each                          ,T10,DT_1YL20842,인구천명당 사업체수(A÷B×1000),인구 천명당 사업체수(등록기반)(시도/시/군/구),2021,2023-10-12,Yangyang-gun,양양군,개,101
행정구역별,186.6,32610,A,Each                          ,T10,DT_1YL20842,인구천명당 사업체수(A÷B×1000),인구 천명당 사업체수(등록기반)(시도/시/군/구),2022,2024-02-05,Yangyang-gun,양양군,개,101
행정구역별,194.1,32610,A,Each                          ,T10,DT_1YL20842,인구천명당 사업체수(A÷B×1000),인구 천명당 사업체수(등록기반)(시도/시/군/구),2023,2025-02-11,Yangyang-gun,양양군,개,101
행정구역별,210.3,32610,A,Each                          ,T10,DT_1YL20842,인구천명당 사업체수(A÷B×1000),인구 천명당 사업체수(등록기반)(시도/시/군/구),2024,2026-02-13,Yangyang-gun,양양군,개,101
행정구역별,191265.0,33,A,Each                          ,T001,DT_1YL20842,사업체수(A),인구 천명당 사업체수(등록기반)(시도/시/군/구),2020,2023-10-12,Chungcheongbuk-do,충청북도,개,101
행정구역별,194561.0,33,A,Each                          ,T001,DT_1YL20842,사업체수(A),인구 천명당 사업체수(등록기반)(시도/시/군/구),2021,2023-10-12,Chungcheongbuk-do,충청북도,개,101
행정구역별,197158.0,33,A,Each                          ,T001,DT_1YL20842,사업체수(A),인구 천명당 사업체수(등록기반)(시도/시/군/구),2022,2024-02-05,Chungcheongbuk-do,충청북도,개,101
행정구역별,203356.0,33,A,Each                          ,T001,DT_1YL20842,사업체수(A),인구 천명당 사업체수(등록기반)(시도/시/군/구),2023,2025-02-11,Chungcheongbuk-do,충청북도,개,101
행정구역별,208190.0,33,A,Each                          ,T001,DT_1YL20842,사업체수(A),인구 천명당 사업체수(등록기반)(시도/시/군/구),2024,2026-02-13,Chungcheongbuk-do,충청북도,개,101
행정구역별,1600837.0,33,A,,T002,DT_1YL20842,주민등록인구(B),인구 천명당 사업체수(등록기반)(시도/시/군/구),2020,2023-10-12,Chungcheongbuk-do,충청북도,명,101
행정구역별,1597427.0,33,A,,T002,DT_1YL20842,주민등록인구(B),인구 천명당 사업체수(등록기반)(시도/시/군/구),2021,2023-10-12,Chungcheongbuk-do,충청북도,명,101
행정구역별,1595058.0,33,A,,T002,DT_1YL20842,주민등록인구(B),인구 천명당 사업체수(등록기반)(시도/시/군/구),2022,2024-02-05,Chungcheongbuk-do,충청북도,명,101
행정구역별,1593469.0,33,A,,T002,DT_1YL20842,주민등록인구(B),인구 천명당 사업체수(등록기반)(시도/시/군/구),2023,2025-02-11,Chungcheongbuk-do,충청북도,명,101
행정구역별,1591177.0,33,A,,T002,DT_1YL20842,주민등록인구(B),인구 천명당 사업체수(등록기반)(시도/시/군/구),2024,2026-02-13,Chungcheongbuk-do,충청북도,명,101
행정구역별,119.5,33,A,Each                          ,T10,DT_1YL20842,인구천명당 사업체수(A÷B×1000),인구 천명당 사업체수(등록기반)(시도/시/군/구),2020,2023-10-12,Chungcheongbuk-do,충청북도,개,101
행정구역별,121.8,33,A,Each                          ,T10,DT_1YL20842,인구천명당 사업체수(A÷B×1000),인구 천명당 사업체수(등록기반)(시도/시/군/구),2021,2023-10-12,Chungcheongbuk-do,충청북도,개,101
행정구역별,123.6,33,A,Each                          ,T10,DT_1YL20842,인구천명당 사업체수(A÷B×1000),인구 천명당 사업체수(등록기반)(시도/시/군/구),2022,2024-02-05,Chungcheongbuk-do,충청북도,개,101
행정구역별,127.6,33,A,Each                          ,T10,DT_1YL20842,인구천명당 사업체수(A÷B×1000),인구 천명당 사업체수(등록기반)(시도/시/군/구),2023,2025-02-11,Chungcheongbuk-do,충청북도,개,101
행정구역별,130.8,33,A,Each                          ,T10,DT_1YL20842,인구천명당 사업체수(A÷B×1000),인구 천명당 사업체수(등록기반)(시도/시/군/구),2024,2026-02-13,Chungcheongbuk-do,충청북도,개,101
행정구역별,25940.0,33020,A,Each                          ,T001,DT_1YL20842,사업체수(A),인구 천명당 사업체수(등록기반)(시도/시/군/구),2020,2023-10-12,Chungju-si,충주시,개,101
행정구역별,26893.0,33020,A,Each                          ,T001,DT_1YL20842,사업체수(A),인구 천명당 사업체수(등록기반)(시도/시/군/구),2021,2023-10-12,Chungju-si,충주시,개,101
행정구역별,27207.0,33020,A,Each                          ,T001,DT_1YL20842,사업체수(A),인구 천명당 사업체수(등록기반)(시도/시/군/구),2022,2024-02-05,Chungju-si,충주시,개,101
행정구역별,27657.0,33020,A,Each                          ,T001,DT_1YL20842,사업체수(A),인구 천명당 사업체수(등록기반)(시도/시/군/구),2023,2025-02-11,Chungju-si,충주시,개,101
행정구역별,28386.0,33020,A,Each                          ,T001,DT_1YL20842,사업체수(A),인구 천명당 사업체수(등록기반)(시도/시/군/구),2024,2026-02-13,Chungju-si,충주시,개,101
행정구역별,210186.0,33020,A,,T002,DT_1YL20842,주민등록인구(B),인구 천명당 사업체수(등록기반)(시도/시/군/구),2020,2023-10-12,Chungju-si,충주시,명,101
행정구역별,209358.0,33020,A,,T002,DT_1YL20842,주민등록인구(B),인구 천명당 사업체수(등록기반)(시도/시/군/구),2021,2023-10-12,Chungju-si,충주시,명,101
행정구역별,208277.0,33020,A,,T002,DT_1YL20842,주민등록인구(B),인구 천명당 사업체수(등록기반)(시도/시/군/구),2022,2024-02-05,Chungju-si,충주시,명,101
행정구역별,207778.0,33020,A,,T002,DT_1YL20842,주민등록인구(B),인구 천명당 사업체수(등록기반)(시도/시/군/구),2023,2025-02-11,Chungju-si,충주시,명,101
행정구역별,207241.0,33020,A,,T002,DT_1YL20842,주민등록인구(B),인구 천명당 사업체수(등록기반)(시도/시/군/구),2024,2026-02-13,Chungju-si,충주시,명,101
행정구역별,123.4,33020,A,Each                          ,T10,DT_1YL20842,인구천명당 사업체수(A÷B×1000),인구 천명당 사업체수(등록기반)(시도/시/군/구),2020,2023-10-12,Chungju-si,충주시,개,101
행정구역별,128.5,33020,A,Each                          ,T10,DT_1YL20842,인구천명당 사업체수(A÷B×1000),인구 천명당 사업체수(등록기반)(시도/시/군/구),2021,2023-10-12,Chungju-si,충주시,개,101
행정구역별,130.6,33020,A,Each                          ,T10,DT_1YL20842,인구천명당 사업체수(A÷B×1000),인구 천명당 사업체수(등록기반)(시도/시/군/구),2022,2024-02-05,Chungju-si,충주시,개,101
행정구역별,133.1,33020,A,Each                          ,T10,DT_1YL20842,인구천명당 사업체수(A÷B×1000),인구 천명당 사업체수(등록기반)(시도/시/군/구),2023,2025-02-11,Chungju-si,충주시,개,101
행정구역별,137.0,33020,A,Each                          ,T10,DT_1YL20842,인구천명당 사업체수(A÷B×1000),인구 천명당 사업체수(등록기반)(시도/시/군/구),2024,2026-02-13,Chungju-si,충주시,개,101
행정구역별,18005.0,33030,A,Each                          ,T001,DT_1YL20842,사업체수(A),인구 천명당 사업체수(등록기반)(시도/시/군/구),2020,2023-10-12,Jecheon-si,제천시,개,101
행정구역별,18496.0,33030,A,Each                          ,T001,DT_1YL20842,사업체수(A),인구 천명당 사업체수(등록기반)(시도/시/군/구),2021,2023-10-12,Jecheon-si,제천시,개,101
행정구역별,19001.0,33030,A,Each                          ,T001,DT_1YL20842,사업체수(A),인구 천명당 사업체수(등록기반)(시도/시/군/구),2022,2024-02-05,Jecheon-si,제천시,개,101
행정구역별,19233.0,33030,A,Each                          ,T001,DT_1YL20842,사업체수(A),인구 천명당 사업체수(등록기반)(시도/시/군/구),2023,2025-02-11,Jecheon-si,제천시,개,101
행정구역별,19466.0,33030,A,Each                          ,T001,DT_1YL20842,사업체수(A),인구 천명당 사업체수(등록기반)(시도/시/군/구),2024,2026-02-13,Jecheon-si,제천시,개,101
행정구역별,133018.0,33030,A,,T002,DT_1YL20842,주민등록인구(B),인구 천명당 사업체수(등록기반)(시도/시/군/구),2020,2023-10-12,Jecheon-si,제천시,명,101
행정구역별,131591.0,33030,A,,T002,DT_1YL20842,주민등록인구(B),인구 천명당 사업체수(등록기반)(시도/시/군/구),2021,2023-10-12,Jecheon-si,제천시,명,101
행정구역별,130988.0,33030,A,,T002,DT_1YL20842,주민등록인구(B),인구 천명당 사업체수(등록기반)(시도/시/군/구),2022,2024-02-05,Jecheon-si,제천시,명,101
행정구역별,130194.0,33030,A,,T002,DT_1YL20842,주민등록인구(B),인구 천명당 사업체수(등록기반)(시도/시/군/구),2023,2025-02-11,Jecheon-si,제천시,명,101
행정구역별,128569.0,33030,A,,T002,DT_1YL20842,주민등록인구(B),인구 천명당 사업체수(등록기반)(시도/시/군/구),2024,2026-02-13,Jecheon-si,제천시,명,101
행정구역별,135.4,33030,A,Each                          ,T10,DT_1YL20842,인구천명당 사업체수(A÷B×1000),인구 천명당 사업체수(등록기반)(시도/시/군/구),2020,2023-10-12,Jecheon-si,제천시,개,101
행정구역별,140.6,33030,A,Each                          ,T10,DT_1YL20842,인구천명당 사업체수(A÷B×1000),인구 천명당 사업체수(등록기반)(시도/시/군/구),2021,2023-10-12,Jecheon-si,제천시,개,101
행정구역별,145.1,33030,A,Each                          ,T10,DT_1YL20842,인구천명당 사업체수(A÷B×1000),인구 천명당 사업체수(등록기반)(시도/시/군/구),2022,2024-02-05,Jecheon-si,제천시,개,101
행정구역별,147.7,33030,A,Each                          ,T10,DT_1YL20842,인구천명당 사업체수(A÷B×1000),인구 천명당 사업체수(등록기반)(시도/시/군/구),2023,2025-02-11,Jecheon-si,제천시,개,101
행정구역별,151.4,33030,A,Each                          ,T10,DT_1YL20842,인구천명당 사업체수(A÷B×1000),인구 천명당 사업체수(등록기반)(시도/시/군/구),2024,2026-02-13,Jecheon-si,제천시,개,101
행정구역별,91570.0,33040,A,Each                          ,T001,DT_1YL20842,사업체수(A),인구 천명당 사업체수(등록기반)(시도/시/군/구),2020,2023-10-12,Cheongju-si,청주시,개,101
행정구역별,91315.0,33040,A,Each                          ,T001,DT_1YL20842,사업체수(A),인구 천명당 사업체수(등록기반)(시도/시/군/구),2021,2023-10-12,Cheongju-si,청주시,개,101
행정구역별,92424.0,33040,A,Each                          ,T001,DT_1YL20842,사업체수(A),인구 천명당 사업체수(등록기반)(시도/시/군/구),2022,2024-02-05,Cheongju-si,청주시,개,101
행정구역별,95487.0,33040,A,Each                          ,T001,DT_1YL20842,사업체수(A),인구 천명당 사업체수(등록기반)(시도/시/군/구),2023,2025-02-11,Cheongju-si,청주시,개,101
행정구역별,97279.0,33040,A,Each                          ,T001,DT_1YL20842,사업체수(A),인구 천명당 사업체수(등록기반)(시도/시/군/구),2024,2026-02-13,Cheongju-si,청주시,개,101
행정구역별,844993.0,33040,A,,T002,DT_1YL20842,주민등록인구(B),인구 천명당 사업체수(등록기반)(시도/시/군/구),2020,2023-10-12,Cheongju-si,청주시,명,101
행정구역별,848482.0,33040,A,,T002,DT_1YL20842,주민등록인구(B),인구 천명당 사업체수(등록기반)(시도/시/군/구),2021,2023-10-12,Cheongju-si,청주시,명,101
행정구역별,849573.0,33040,A,,T002,DT_1YL20842,주민등록인구(B),인구 천명당 사업체수(등록기반)(시도/시/군/구),2022,2024-02-05,Cheongju-si,청주시,명,101
행정구역별,852189.0,33040,A,,T002,DT_1YL20842,주민등록인구(B),인구 천명당 사업체수(등록기반)(시도/시/군/구),2023,2025-02-11,Cheongju-si,청주시,명,101
행정구역별,854537.0,33040,A,,T002,DT_1YL20842,주민등록인구(B),인구 천명당 사업체수(등록기반)(시도/시/군/구),2024,2026-02-13,Cheongju-si,청주시,명,101
행정구역별,108.4,33040,A,Each                          ,T10,DT_1YL20842,인구천명당 사업체수(A÷B×1000),인구 천명당 사업체수(등록기반)(시도/시/군/구),2020,2023-10-12,Cheongju-si,청주시,개,101
행정구역별,107.6,33040,A,Each                          ,T10,DT_1YL20842,인구천명당 사업체수(A÷B×1000),인구 천명당 사업체수(등록기반)(시도/시/군/구),2021,2023-10-12,Cheongju-si,청주시,개,101
행정구역별,108.8,33040,A,Each                          ,T10,DT_1YL20842,인구천명당 사업체수(A÷B×1000),인구 천명당 사업체수(등록기반)(시도/시/군/구),2022,2024-02-05,Cheongju-si,청주시,개,101
행정구역별,112.0,33040,A,Each                          ,T10,DT_1YL20842,인구천명당 사업체수(A÷B×1000),인구 천명당 사업체수(등록기반)(시도/시/군/구),2023,2025-02-11,Cheongju-si,청주시,개,101
행정구역별,113.8,33040,A,Each                          ,T10,DT_1YL20842,인구천명당 사업체수(A÷B×1000),인구 천명당 사업체수(등록기반)(시도/시/군/구),2024,2026-02-13,Cheongju-si,청주시,개,101
행정구역별,4246.0,33520,A,Each                          ,T001,DT_1YL20842,사업체수(A),인구 천명당 사업체수(등록기반)(시도/시/군/구),2020,2023-10-12,Boeun-gun,보은군,개,101
행정구역별,4488.0,33520,A,Each                          ,T001,DT_1YL20842,사업체수(A),인구 천명당 사업체수(등록기반)(시도/시/군/구),2021,2023-10-12,Boeun-gun,보은군,개,101
행정구역별,4293.0,33520,A,Each                          ,T001,DT_1YL20842,사업체수(A),인구 천명당 사업체수(등록기반)(시도/시/군/구),2022,2024-02-05,Boeun-gun,보은군,개,101
행정구역별,4597.0,33520,A,Each                          ,T001,DT_1YL20842,사업체수(A),인구 천명당 사업체수(등록기반)(시도/시/군/구),2023,2025-02-11,Boeun-gun,보은군,개,101
행정구역별,4737.0,33520,A,Each                          ,T001,DT_1YL20842,사업체수(A),인구 천명당 사업체수(등록기반)(시도/시/군/구),2024,2026-02-13,Boeun-gun,보은군,개,101
행정구역별,32412.0,33520,A,,T002,DT_1YL20842,주민등록인구(B),인구 천명당 사업체수(등록기반)(시도/시/군/구),2020,2023-10-12,Boeun-gun,보은군,명,101
행정구역별,31878.0,33520,A,,T002,DT_1YL20842,주민등록인구(B),인구 천명당 사업체수(등록기반)(시도/시/군/구),2021,2023-10-12,Boeun-gun,보은군,명,101
행정구역별,31455.0,33520,A,,T002,DT_1YL20842,주민등록인구(B),인구 천명당 사업체수(등록기반)(시도/시/군/구),2022,2024-02-05,Boeun-gun,보은군,명,101
행정구역별,31010.0,33520,A,,T002,DT_1YL20842,주민등록인구(B),인구 천명당 사업체수(등록기반)(시도/시/군/구),2023,2025-02-11,Boeun-gun,보은군,명,101
행정구역별,30527.0,33520,A,,T002,DT_1YL20842,주민등록인구(B),인구 천명당 사업체수(등록기반)(시도/시/군/구),2024,2026-02-13,Boeun-gun,보은군,명,101
행정구역별,131.0,33520,A,Each                          ,T10,DT_1YL20842,인구천명당 사업체수(A÷B×1000),인구 천명당 사업체수(등록기반)(시도/시/군/구),2020,2023-10-12,Boeun-gun,보은군,개,101
행정구역별,140.8,33520,A,Each                          ,T10,DT_1YL20842,인구천명당 사업체수(A÷B×1000),인구 천명당 사업체수(등록기반)(시도/시/군/구),2021,2023-10-12,Boeun-gun,보은군,개,101
행정구역별,136.5,33520,A,Each                          ,T10,DT_1YL20842,인구천명당 사업체수(A÷B×1000),인구 천명당 사업체수(등록기반)(시도/시/군/구),2022,2024-02-05,Boeun-gun,보은군,개,101
행정구역별,148.2,33520,A,Each                          ,T10,DT_1YL20842,인구천명당 사업체수(A÷B×1000),인구 천명당 사업체수(등록기반)(시도/시/군/구),2023,2025-02-11,Boeun-gun,보은군,개,101
행정구역별,155.2,33520,A,Each                          ,T10,DT_1YL20842,인구천명당 사업체수(A÷B×1000),인구 천명당 사업체수(등록기반)(시도/시/군/구),2024,2026-02-13,Boeun-gun,보은군,개,101
행정구역별,7088.0,33530,A,Each                          ,T001,DT_1YL20842,사업체수(A),인구 천명당 사업체수(등록기반)(시도/시/군/구),2020,2023-10-12,Okcheon-gun,옥천군,개,101
행정구역별,7433.0,33530,A,Each                          ,T001,DT_1YL20842,사업체수(A),인구 천명당 사업체수(등록기반)(시도/시/군/구),2021,2023-10-12,Okcheon-gun,옥천군,개,101
행정구역별,7627.0,33530,A,Each                          ,T001,DT_1YL20842,사업체수(A),인구 천명당 사업체수(등록기반)(시도/시/군/구),2022,2024-02-05,Okcheon-gun,옥천군,개,101
행정구역별,8047.0,33530,A,Each                          ,T001,DT_1YL20842,사업체수(A),인구 천명당 사업체수(등록기반)(시도/시/군/구),2023,2025-02-11,Okcheon-gun,옥천군,개,101
행정구역별,8302.0,33530,A,Each                          ,T001,DT_1YL20842,사업체수(A),인구 천명당 사업체수(등록기반)(시도/시/군/구),2024,2026-02-13,Okcheon-gun,옥천군,개,101
행정구역별,50527.0,33530,A,,T002,DT_1YL20842,주민등록인구(B),인구 천명당 사업체수(등록기반)(시도/시/군/구),2020,2023-10-12,Okcheon-gun,옥천군,명,101
행정구역별,50093.0,33530,A,,T002,DT_1YL20842,주민등록인구(B),인구 천명당 사업체수(등록기반)(시도/시/군/구),2021,2023-10-12,Okcheon-gun,옥천군,명,101
행정구역별,49520.0,33530,A,,T002,DT_1YL20842,주민등록인구(B),인구 천명당 사업체수(등록기반)(시도/시/군/구),2022,2024-02-05,Okcheon-gun,옥천군,명,101
행정구역별,48891.0,33530,A,,T002,DT_1YL20842,주민등록인구(B),인구 천명당 사업체수(등록기반)(시도/시/군/구),2023,2025-02-11,Okcheon-gun,옥천군,명,101
행정구역별,48204.0,33530,A,,T002,DT_1YL20842,주민등록인구(B),인구 천명당 사업체수(등록기반)(시도/시/군/구),2024,2026-02-13,Okcheon-gun,옥천군,명,101
행정구역별,140.3,33530,A,Each                          ,T10,DT_1YL20842,인구천명당 사업체수(A÷B×1000),인구 천명당 사업체수(등록기반)(시도/시/군/구),2020,2023-10-12,Okcheon-gun,옥천군,개,101
행정구역별,148.4,33530,A,Each                          ,T10,DT_1YL20842,인구천명당 사업체수(A÷B×1000),인구 천명당 사업체수(등록기반)(시도/시/군/구),2021,2023-10-12,Okcheon-gun,옥천군,개,101
행정구역별,154.0,33530,A,Each                          ,T10,DT_1YL20842,인구천명당 사업체수(A÷B×1000),인구 천명당 사업체수(등록기반)(시도/시/군/구),2022,2024-02-05,Okcheon-gun,옥천군,개,101
행정구역별,164.6,33530,A,Each                          ,T10,DT_1YL20842,인구천명당 사업체수(A÷B×1000),인구 천명당 사업체수(등록기반)(시도/시/군/구),2023,2025-02-11,Okcheon-gun,옥천군,개,101
행정구역별,172.2,33530,A,Each                          ,T10,DT_1YL20842,인구천명당 사업체수(A÷B×1000),인구 천명당 사업체수(등록기반)(시도/시/군/구),2024,2026-02-13,Okcheon-gun,옥천군,개,101
행정구역별,5048.0,33540,A,Each                          ,T001,DT_1YL20842,사업체수(A),인구 천명당 사업체수(등록기반)(시도/시/군/구),2020,2023-10-12,Yeongdong-gun,영동군,개,101
행정구역별,5486.0,33540,A,Each                          ,T001,DT_1YL20842,사업체수(A),인구 천명당 사업체수(등록기반)(시도/시/군/구),2021,2023-10-12,Yeongdong-gun,영동군,개,101
행정구역별,5422.0,33540,A,Each                          ,T001,DT_1YL20842,사업체수(A),인구 천명당 사업체수(등록기반)(시도/시/군/구),2022,2024-02-05,Yeongdong-gun,영동군,개,101
행정구역별,5716.0,33540,A,Each                          ,T001,DT_1YL20842,사업체수(A),인구 천명당 사업체수(등록기반)(시도/시/군/구),2023,2025-02-11,Yeongdong-gun,영동군,개,101
행정구역별,5893.0,33540,A,Each                          ,T001,DT_1YL20842,사업체수(A),인구 천명당 사업체수(등록기반)(시도/시/군/구),2024,2026-02-13,Yeongdong-gun,영동군,개,101
행정구역별,47475.0,33540,A,,T002,DT_1YL20842,주민등록인구(B),인구 천명당 사업체수(등록기반)(시도/시/군/구),2020,2023-10-12,Yeongdong-gun,영동군,명,101
행정구역별,45773.0,33540,A,,T002,DT_1YL20842,주민등록인구(B),인구 천명당 사업체수(등록기반)(시도/시/군/구),2021,2023-10-12,Yeongdong-gun,영동군,명,101
행정구역별,44956.0,33540,A,,T002,DT_1YL20842,주민등록인구(B),인구 천명당 사업체수(등록기반)(시도/시/군/구),2022,2024-02-05,Yeongdong-gun,영동군,명,101
행정구역별,44195.0,33540,A,,T002,DT_1YL20842,주민등록인구(B),인구 천명당 사업체수(등록기반)(시도/시/군/구),2023,2025-02-11,Yeongdong-gun,영동군,명,101
행정구역별,43551.0,33540,A,,T002,DT_1YL20842,주민등록인구(B),인구 천명당 사업체수(등록기반)(시도/시/군/구),2024,2026-02-13,Yeongdong-gun,영동군,명,101
행정구역별,106.3,33540,A,Each                          ,T10,DT_1YL20842,인구천명당 사업체수(A÷B×1000),인구 천명당 사업체수(등록기반)(시도/시/군/구),2020,2023-10-12,Yeongdong-gun,영동군,개,101
행정구역별,119.9,33540,A,Each                          ,T10,DT_1YL20842,인구천명당 사업체수(A÷B×1000),인구 천명당 사업체수(등록기반)(시도/시/군/구),2021,2023-10-12,Yeongdong-gun,영동군,개,101
행정구역별,120.6,33540,A,Each                          ,T10,DT_1YL20842,인구천명당 사업체수(A÷B×1000),인구 천명당 사업체수(등록기반)(시도/시/군/구),2022,2024-02-05,Yeongdong-gun,영동군,개,101
행정구역별,129.3,33540,A,Each                          ,T10,DT_1YL20842,인구천명당 사업체수(A÷B×1000),인구 천명당 사업체수(등록기반)(시도/시/군/구),2023,2025-02-11,Yeongdong-gun,영동군,개,101
행정구역별,135.3,33540,A,Each                          ,T10,DT_1YL20842,인구천명당 사업체수(A÷B×1000),인구 천명당 사업체수(등록기반)(시도/시/군/구),2024,2026-02-13,Yeongdong-gun,영동군,개,101
행정구역별,10950.0,33550,A,Each                          ,T001,DT_1YL20842,사업체수(A),인구 천명당 사업체수(등록기반)(시도/시/군/구),2020,2023-10-12,Jincheon-gun,진천군,개,101
행정구역별,11244.0,33550,A,Each                          ,T001,DT_1YL20842,사업체수(A),인구 천명당 사업체수(등록기반)(시도/시/군/구),2021,2023-10-12,Jincheon-gun,진천군,개,101
행정구역별,11218.0,33550,A,Each                          ,T001,DT_1YL20842,사업체수(A),인구 천명당 사업체수(등록기반)(시도/시/군/구),2022,2024-02-05,Jincheon-gun,진천군,개,101
행정구역별,11579.0,33550,A,Each                          ,T001,DT_1YL20842,사업체수(A),인구 천명당 사업체수(등록기반)(시도/시/군/구),2023,2025-02-11,Jincheon-gun,진천군,개,101
행정구역별,11880.0,33550,A,Each                          ,T001,DT_1YL20842,사업체수(A),인구 천명당 사업체수(등록기반)(시도/시/군/구),2024,2026-02-13,Jincheon-gun,진천군,개,101
행정구역별,83718.0,33550,A,,T002,DT_1YL20842,주민등록인구(B),인구 천명당 사업체수(등록기반)(시도/시/군/구),2020,2023-10-12,Jincheon-gun,진천군,명,101
행정구역별,85176.0,33550,A,,T002,DT_1YL20842,주민등록인구(B),인구 천명당 사업체수(등록기반)(시도/시/군/구),2021,2023-10-12,Jincheon-gun,진천군,명,101
행정구역별,86147.0,33550,A,,T002,DT_1YL20842,주민등록인구(B),인구 천명당 사업체수(등록기반)(시도/시/군/구),2022,2024-02-05,Jincheon-gun,진천군,명,101
행정구역별,86254.0,33550,A,,T002,DT_1YL20842,주민등록인구(B),인구 천명당 사업체수(등록기반)(시도/시/군/구),2023,2025-02-11,Jincheon-gun,진천군,명,101
행정구역별,86537.0,33550,A,,T002,DT_1YL20842,주민등록인구(B),인구 천명당 사업체수(등록기반)(시도/시/군/구),2024,2026-02-13,Jincheon-gun,진천군,명,101
행정구역별,130.8,33550,A,Each                          ,T10,DT_1YL20842,인구천명당 사업체수(A÷B×1000),인구 천명당 사업체수(등록기반)(시도/시/군/구),2020,2023-10-12,Jincheon-gun,진천군,개,101
행정구역별,132.0,33550,A,Each                          ,T10,DT_1YL20842,인구천명당 사업체수(A÷B×1000),인구 천명당 사업체수(등록기반)(시도/시/군/구),2021,2023-10-12,Jincheon-gun,진천군,개,101
행정구역별,130.2,33550,A,Each                          ,T10,DT_1YL20842,인구천명당 사업체수(A÷B×1000),인구 천명당 사업체수(등록기반)(시도/시/군/구),2022,2024-02-05,Jincheon-gun,진천군,개,101
행정구역별,134.2,33550,A,Each                          ,T10,DT_1YL20842,인구천명당 사업체수(A÷B×1000),인구 천명당 사업체수(등록기반)(시도/시/군/구),2023,2025-02-11,Jincheon-gun,진천군,개,101
행정구역별,137.3,33550,A,Each                          ,T10,DT_1YL20842,인구천명당 사업체수(A÷B×1000),인구 천명당 사업체수(등록기반)(시도/시/군/구),2024,2026-02-13,Jincheon-gun,진천군,개,101
행정구역별,4645.0,33560,A,Each                          ,T001,DT_1YL20842,사업체수(A),인구 천명당 사업체수(등록기반)(시도/시/군/구),2020,2023-10-12,Goesan-gun,괴산군,개,101
행정구역별,4932.0,33560,A,Each                          ,T001,DT_1YL20842,사업체수(A),인구 천명당 사업체수(등록기반)(시도/시/군/구),2021,2023-10-12,Goesan-gun,괴산군,개,101
행정구역별,4934.0,33560,A,Each                          ,T001,DT_1YL20842,사업체수(A),인구 천명당 사업체수(등록기반)(시도/시/군/구),2022,2024-02-05,Goesan-gun,괴산군,개,101
행정구역별,5231.0,33560,A,Each                          ,T001,DT_1YL20842,사업체수(A),인구 천명당 사업체수(등록기반)(시도/시/군/구),2023,2025-02-11,Goesan-gun,괴산군,개,101
행정구역별,5555.0,33560,A,Each                          ,T001,DT_1YL20842,사업체수(A),인구 천명당 사업체수(등록기반)(시도/시/군/구),2024,2026-02-13,Goesan-gun,괴산군,개,101
행정구역별,39393.0,33560,A,,T002,DT_1YL20842,주민등록인구(B),인구 천명당 사업체수(등록기반)(시도/시/군/구),2020,2023-10-12,Goesan-gun,괴산군,명,101
행정구역별,38122.0,33560,A,,T002,DT_1YL20842,주민등록인구(B),인구 천명당 사업체수(등록기반)(시도/시/군/구),2021,2023-10-12,Goesan-gun,괴산군,명,101
행정구역별,37055.0,33560,A,,T002,DT_1YL20842,주민등록인구(B),인구 천명당 사업체수(등록기반)(시도/시/군/구),2022,2024-02-05,Goesan-gun,괴산군,명,101
행정구역별,36590.0,33560,A,,T002,DT_1YL20842,주민등록인구(B),인구 천명당 사업체수(등록기반)(시도/시/군/구),2023,2025-02-11,Goesan-gun,괴산군,명,101
행정구역별,36252.0,33560,A,,T002,DT_1YL20842,주민등록인구(B),인구 천명당 사업체수(등록기반)(시도/시/군/구),2024,2026-02-13,Goesan-gun,괴산군,명,101
행정구역별,117.9,33560,A,Each                          ,T10,DT_1YL20842,인구천명당 사업체수(A÷B×1000),인구 천명당 사업체수(등록기반)(시도/시/군/구),2020,2023-10-12,Goesan-gun,괴산군,개,101
행정구역별,129.4,33560,A,Each                          ,T10,DT_1YL20842,인구천명당 사업체수(A÷B×1000),인구 천명당 사업체수(등록기반)(시도/시/군/구),2021,2023-10-12,Goesan-gun,괴산군,개,101
행정구역별,133.2,33560,A,Each                          ,T10,DT_1YL20842,인구천명당 사업체수(A÷B×1000),인구 천명당 사업체수(등록기반)(시도/시/군/구),2022,2024-02-05,Goesan-gun,괴산군,개,101
행정구역별,143.0,33560,A,Each                          ,T10,DT_1YL20842,인구천명당 사업체수(A÷B×1000),인구 천명당 사업체수(등록기반)(시도/시/군/구),2023,2025-02-11,Goesan-gun,괴산군,개,101
행정구역별,153.2,33560,A,Each                          ,T10,DT_1YL20842,인구천명당 사업체수(A÷B×1000),인구 천명당 사업체수(등록기반)(시도/시/군/구),2024,2026-02-13,Goesan-gun,괴산군,개,101
행정구역별,14967.0,33570,A,Each                          ,T001,DT_1YL20842,사업체수(A),인구 천명당 사업체수(등록기반)(시도/시/군/구),2020,2023-10-12,Eumseong-gun,음성군,개,101
행정구역별,15430.0,33570,A,Each                          ,T001,DT_1YL20842,사업체수(A),인구 천명당 사업체수(등록기반)(시도/시/군/구),2021,2023-10-12,Eumseong-gun,음성군,개,101
행정구역별,16068.0,33570,A,Each                          ,T001,DT_1YL20842,사업체수(A),인구 천명당 사업체수(등록기반)(시도/시/군/구),2022,2024-02-05,Eumseong-gun,음성군,개,101
행정구역별,16480.0,33570,A,Each                          ,T001,DT_1YL20842,사업체수(A),인구 천명당 사업체수(등록기반)(시도/시/군/구),2023,2025-02-11,Eumseong-gun,음성군,개,101
행정구역별,17071.0,33570,A,Each                          ,T001,DT_1YL20842,사업체수(A),인구 천명당 사업체수(등록기반)(시도/시/군/구),2024,2026-02-13,Eumseong-gun,음성군,개,101
행정구역별,93153.0,33570,A,,T002,DT_1YL20842,주민등록인구(B),인구 천명당 사업체수(등록기반)(시도/시/군/구),2020,2023-10-12,Eumseong-gun,음성군,명,101
행정구역별,92197.0,33570,A,,T002,DT_1YL20842,주민등록인구(B),인구 천명당 사업체수(등록기반)(시도/시/군/구),2021,2023-10-12,Eumseong-gun,음성군,명,101
행정구역별,92058.0,33570,A,,T002,DT_1YL20842,주민등록인구(B),인구 천명당 사업체수(등록기반)(시도/시/군/구),2022,2024-02-05,Eumseong-gun,음성군,명,101
행정구역별,91183.0,33570,A,,T002,DT_1YL20842,주민등록인구(B),인구 천명당 사업체수(등록기반)(시도/시/군/구),2023,2025-02-11,Eumseong-gun,음성군,명,101
행정구역별,91236.0,33570,A,,T002,DT_1YL20842,주민등록인구(B),인구 천명당 사업체수(등록기반)(시도/시/군/구),2024,2026-02-13,Eumseong-gun,음성군,명,101
행정구역별,160.7,33570,A,Each                          ,T10,DT_1YL20842,인구천명당 사업체수(A÷B×1000),인구 천명당 사업체수(등록기반)(시도/시/군/구),2020,2023-10-12,Eumseong-gun,음성군,개,101
행정구역별,167.4,33570,A,Each                          ,T10,DT_1YL20842,인구천명당 사업체수(A÷B×1000),인구 천명당 사업체수(등록기반)(시도/시/군/구),2021,2023-10-12,Eumseong-gun,음성군,개,101
행정구역별,174.5,33570,A,Each                          ,T10,DT_1YL20842,인구천명당 사업체수(A÷B×1000),인구 천명당 사업체수(등록기반)(시도/시/군/구),2022,2024-02-05,Eumseong-gun,음성군,개,101
행정구역별,180.7,33570,A,Each                          ,T10,DT_1YL20842,인구천명당 사업체수(A÷B×1000),인구 천명당 사업체수(등록기반)(시도/시/군/구),2023,2025-02-11,Eumseong-gun,음성군,개,101
행정구역별,187.1,33570,A,Each                          ,T10,DT_1YL20842,인구천명당 사업체수(A÷B×1000),인구 천명당 사업체수(등록기반)(시도/시/군/구),2024,2026-02-13,Eumseong-gun,음성군,개,101
행정구역별,4332.0,33580,A,Each                          ,T001,DT_1YL20842,사업체수(A),인구 천명당 사업체수(등록기반)(시도/시/군/구),2020,2023-10-12,Danyang-gun,단양군,개,101
행정구역별,4451.0,33580,A,Each                          ,T001,DT_1YL20842,사업체수(A),인구 천명당 사업체수(등록기반)(시도/시/군/구),2021,2023-10-12,Danyang-gun,단양군,개,101
행정구역별,4468.0,33580,A,Each                          ,T001,DT_1YL20842,사업체수(A),인구 천명당 사업체수(등록기반)(시도/시/군/구),2022,2024-02-05,Danyang-gun,단양군,개,101
행정구역별,4679.0,33580,A,Each                          ,T001,DT_1YL20842,사업체수(A),인구 천명당 사업체수(등록기반)(시도/시/군/구),2023,2025-02-11,Danyang-gun,단양군,개,101
행정구역별,4879.0,33580,A,Each                          ,T001,DT_1YL20842,사업체수(A),인구 천명당 사업체수(등록기반)(시도/시/군/구),2024,2026-02-13,Danyang-gun,단양군,개,101
행정구역별,29155.0,33580,A,,T002,DT_1YL20842,주민등록인구(B),인구 천명당 사업체수(등록기반)(시도/시/군/구),2020,2023-10-12,Danyang-gun,단양군,명,101
행정구역별,28331.0,33580,A,,T002,DT_1YL20842,주민등록인구(B),인구 천명당 사업체수(등록기반)(시도/시/군/구),2021,2023-10-12,Danyang-gun,단양군,명,101
행정구역별,27767.0,33580,A,,T002,DT_1YL20842,주민등록인구(B),인구 천명당 사업체수(등록기반)(시도/시/군/구),2022,2024-02-05,Danyang-gun,단양군,명,101
행정구역별,27701.0,33580,A,,T002,DT_1YL20842,주민등록인구(B),인구 천명당 사업체수(등록기반)(시도/시/군/구),2023,2025-02-11,Danyang-gun,단양군,명,101
행정구역별,27352.0,33580,A,,T002,DT_1YL20842,주민등록인구(B),인구 천명당 사업체수(등록기반)(시도/시/군/구),2024,2026-02-13,Danyang-gun,단양군,명,101
행정구역별,148.6,33580,A,Each                          ,T10,DT_1YL20842,인구천명당 사업체수(A÷B×1000),인구 천명당 사업체수(등록기반)(시도/시/군/구),2020,2023-10-12,Danyang-gun,단양군,개,101
행정구역별,157.1,33580,A,Each                          ,T10,DT_1YL20842,인구천명당 사업체수(A÷B×1000),인구 천명당 사업체수(등록기반)(시도/시/군/구),2021,2023-10-12,Danyang-gun,단양군,개,101
행정구역별,160.9,33580,A,Each                          ,T10,DT_1YL20842,인구천명당 사업체수(A÷B×1000),인구 천명당 사업체수(등록기반)(시도/시/군/구),2022,2024-02-05,Danyang-gun,단양군,개,101
행정구역별,168.9,33580,A,Each                          ,T10,DT_1YL20842,인구천명당 사업체수(A÷B×1000),인구 천명당 사업체수(등록기반)(시도/시/군/구),2023,2025-02-11,Danyang-gun,단양군,개,101
행정구역별,178.4,33580,A,Each                          ,T10,DT_1YL20842,인구천명당 사업체수(A÷B×1000),인구 천명당 사업체수(등록기반)(시도/시/군/구),2024,2026-02-13,Danyang-gun,단양군,개,101
행정구역별,4474.0,33590,A,Each                          ,T001,DT_1YL20842,사업체수(A),인구 천명당 사업체수(등록기반)(시도/시/군/구),2020,2023-10-12,Jeungpyeong-gun,증평군,개,101
행정구역별,4393.0,33590,A,Each                          ,T001,DT_1YL20842,사업체수(A),인구 천명당 사업체수(등록기반)(시도/시/군/구),2021,2023-10-12,Jeungpyeong-gun,증평군,개,101
행정구역별,4496.0,33590,A,Each                          ,T001,DT_1YL20842,사업체수(A),인구 천명당 사업체수(등록기반)(시도/시/군/구),2022,2024-02-05,Jeungpyeong-gun,증평군,개,101
행정구역별,4650.0,33590,A,Each                          ,T001,DT_1YL20842,사업체수(A),인구 천명당 사업체수(등록기반)(시도/시/군/구),2023,2025-02-11,Jeungpyeong-gun,증평군,개,101
행정구역별,4742.0,33590,A,Each                          ,T001,DT_1YL20842,사업체수(A),인구 천명당 사업체수(등록기반)(시도/시/군/구),2024,2026-02-13,Jeungpyeong-gun,증평군,개,101
행정구역별,36807.0,33590,A,,T002,DT_1YL20842,주민등록인구(B),인구 천명당 사업체수(등록기반)(시도/시/군/구),2020,2023-10-12,Jeungpyeong-gun,증평군,명,101
행정구역별,36426.0,33590,A,,T002,DT_1YL20842,주민등록인구(B),인구 천명당 사업체수(등록기반)(시도/시/군/구),2021,2023-10-12,Jeungpyeong-gun,증평군,명,101
행정구역별,37262.0,33590,A,,T002,DT_1YL20842,주민등록인구(B),인구 천명당 사업체수(등록기반)(시도/시/군/구),2022,2024-02-05,Jeungpyeong-gun,증평군,명,101
행정구역별,37484.0,33590,A,,T002,DT_1YL20842,주민등록인구(B),인구 천명당 사업체수(등록기반)(시도/시/군/구),2023,2025-02-11,Jeungpyeong-gun,증평군,명,101
행정구역별,37171.0,33590,A,,T002,DT_1YL20842,주민등록인구(B),인구 천명당 사업체수(등록기반)(시도/시/군/구),2024,2026-02-13,Jeungpyeong-gun,증평군,명,101
행정구역별,121.6,33590,A,Each                          ,T10,DT_1YL20842,인구천명당 사업체수(A÷B×1000),인구 천명당 사업체수(등록기반)(시도/시/군/구),2020,2023-10-12,Jeungpyeong-gun,증평군,개,101
행정구역별,120.6,33590,A,Each                          ,T10,DT_1YL20842,인구천명당 사업체수(A÷B×1000),인구 천명당 사업체수(등록기반)(시도/시/군/구),2021,2023-10-12,Jeungpyeong-gun,증평군,개,101
행정구역별,120.7,33590,A,Each                          ,T10,DT_1YL20842,인구천명당 사업체수(A÷B×1000),인구 천명당 사업체수(등록기반)(시도/시/군/구),2022,2024-02-05,Jeungpyeong-gun,증평군,개,101
행정구역별,124.1,33590,A,Each                          ,T10,DT_1YL20842,인구천명당 사업체수(A÷B×1000),인구 천명당 사업체수(등록기반)(시도/시/군/구),2023,2025-02-11,Jeungpyeong-gun,증평군,개,101
행정구역별,127.6,33590,A,Each                          ,T10,DT_1YL20842,인구천명당 사업체수(A÷B×1000),인구 천명당 사업체수(등록기반)(시도/시/군/구),2024,2026-02-13,Jeungpyeong-gun,증평군,개,101
행정구역별,253192.0,34,A,Each                          ,T001,DT_1YL20842,사업체수(A),인구 천명당 사업체수(등록기반)(시도/시/군/구),2020,2023-10-12,Chungcheongnam-do,충청남도,개,101
행정구역별,261263.0,34,A,Each                          ,T001,DT_1YL20842,사업체수(A),인구 천명당 사업체수(등록기반)(시도/시/군/구),2021,2023-10-12,Chungcheongnam-do,충청남도,개,101
행정구역별,266577.0,34,A,Each                          ,T001,DT_1YL20842,사업체수(A),인구 천명당 사업체수(등록기반)(시도/시/군/구),2022,2024-02-05,Chungcheongnam-do,충청남도,개,101
행정구역별,276134.0,34,A,Each                          ,T001,DT_1YL20842,사업체수(A),인구 천명당 사업체수(등록기반)(시도/시/군/구),2023,2025-02-11,Chungcheongnam-do,충청남도,개,101
행정구역별,287424.0,34,A,Each                          ,T001,DT_1YL20842,사업체수(A),인구 천명당 사업체수(등록기반)(시도/시/군/구),2024,2026-02-13,Chungcheongnam-do,충청남도,개,101
행정구역별,2121029.0,34,A,,T002,DT_1YL20842,주민등록인구(B),인구 천명당 사업체수(등록기반)(시도/시/군/구),2020,2023-10-12,Chungcheongnam-do,충청남도,명,101
행정구역별,2119257.0,34,A,,T002,DT_1YL20842,주민등록인구(B),인구 천명당 사업체수(등록기반)(시도/시/군/구),2021,2023-10-12,Chungcheongnam-do,충청남도,명,101
행정구역별,2123037.0,34,A,,T002,DT_1YL20842,주민등록인구(B),인구 천명당 사업체수(등록기반)(시도/시/군/구),2022,2024-02-05,Chungcheongnam-do,충청남도,명,101
행정구역별,2130119.0,34,A,,T002,DT_1YL20842,주민등록인구(B),인구 천명당 사업체수(등록기반)(시도/시/군/구),2023,2025-02-11,Chungcheongnam-do,충청남도,명,101
행정구역별,2136574.0,34,A,,T002,DT_1YL20842,주민등록인구(B),인구 천명당 사업체수(등록기반)(시도/시/군/구),2024,2026-02-13,Chungcheongnam-do,충청남도,명,101
행정구역별,119.4,34,A,Each                          ,T10,DT_1YL20842,인구천명당 사업체수(A÷B×1000),인구 천명당 사업체수(등록기반)(시도/시/군/구),2020,2023-10-12,Chungcheongnam-do,충청남도,개,101
행정구역별,123.3,34,A,Each                          ,T10,DT_1YL20842,인구천명당 사업체수(A÷B×1000),인구 천명당 사업체수(등록기반)(시도/시/군/구),2021,2023-10-12,Chungcheongnam-do,충청남도,개,101
행정구역별,125.6,34,A,Each                          ,T10,DT_1YL20842,인구천명당 사업체수(A÷B×1000),인구 천명당 사업체수(등록기반)(시도/시/군/구),2022,2024-02-05,Chungcheongnam-do,충청남도,개,101
행정구역별,129.6,34,A,Each                          ,T10,DT_1YL20842,인구천명당 사업체수(A÷B×1000),인구 천명당 사업체수(등록기반)(시도/시/군/구),2023,2025-02-11,Chungcheongnam-do,충청남도,개,101
행정구역별,134.5,34,A,Each                          ,T10,DT_1YL20842,인구천명당 사업체수(A÷B×1000),인구 천명당 사업체수(등록기반)(시도/시/군/구),2024,2026-02-13,Chungcheongnam-do,충청남도,개,101
행정구역별,73365.0,34010,A,Each                          ,T001,DT_1YL20842,사업체수(A),인구 천명당 사업체수(등록기반)(시도/시/군/구),2020,2023-10-12,Cheonan-si,천안시,개,101
행정구역별,74581.0,34010,A,Each                          ,T001,DT_1YL20842,사업체수(A),인구 천명당 사업체수(등록기반)(시도/시/군/구),2021,2023-10-12,Cheonan-si,천안시,개,101
행정구역별,77243.0,34010,A,Each                          ,T001,DT_1YL20842,사업체수(A),인구 천명당 사업체수(등록기반)(시도/시/군/구),2022,2024-02-05,Cheonan-si,천안시,개,101
행정구역별,79458.0,34010,A,Each                          ,T001,DT_1YL20842,사업체수(A),인구 천명당 사업체수(등록기반)(시도/시/군/구),2023,2025-02-11,Cheonan-si,천안시,개,101
행정구역별,82852.0,34010,A,Each                          ,T001,DT_1YL20842,사업체수(A),인구 천명당 사업체수(등록기반)(시도/시/군/구),2024,2026-02-13,Cheonan-si,천안시,개,101
행정구역별,658808.0,34010,A,,T002,DT_1YL20842,주민등록인구(B),인구 천명당 사업체수(등록기반)(시도/시/군/구),2020,2023-10-12,Cheonan-si,천안시,명,101
행정구역별,658486.0,34010,A,,T002,DT_1YL20842,주민등록인구(B),인구 천명당 사업체수(등록기반)(시도/시/군/구),2021,2023-10-12,Cheonan-si,천안시,명,101
행정구역별,657559.0,34010,A,,T002,DT_1YL20842,주민등록인구(B),인구 천명당 사업체수(등록기반)(시도/시/군/구),2022,2024-02-05,Cheonan-si,천안시,명,101
행정구역별,655959.0,34010,A,,T002,DT_1YL20842,주민등록인구(B),인구 천명당 사업체수(등록기반)(시도/시/군/구),2023,2025-02-11,Cheonan-si,천안시,명,101
행정구역별,659920.0,34010,A,,T002,DT_1YL20842,주민등록인구(B),인구 천명당 사업체수(등록기반)(시도/시/군/구),2024,2026-02-13,Cheonan-si,천안시,명,101
행정구역별,111.4,34010,A,Each                          ,T10,DT_1YL20842,인구천명당 사업체수(A÷B×1000),인구 천명당 사업체수(등록기반)(시도/시/군/구),2020,2023-10-12,Cheonan-si,천안시,개,101
행정구역별,113.3,34010,A,Each                          ,T10,DT_1YL20842,인구천명당 사업체수(A÷B×1000),인구 천명당 사업체수(등록기반)(시도/시/군/구),2021,2023-10-12,Cheonan-si,천안시,개,101
행정구역별,117.5,34010,A,Each                          ,T10,DT_1YL20842,인구천명당 사업체수(A÷B×1000),인구 천명당 사업체수(등록기반)(시도/시/군/구),2022,2024-02-05,Cheonan-si,천안시,개,101
행정구역별,121.1,34010,A,Each                          ,T10,DT_1YL20842,인구천명당 사업체수(A÷B×1000),인구 천명당 사업체수(등록기반)(시도/시/군/구),2023,2025-02-11,Cheonan-si,천안시,개,101
행정구역별,125.5,34010,A,Each                          ,T10,DT_1YL20842,인구천명당 사업체수(A÷B×1000),인구 천명당 사업체수(등록기반)(시도/시/군/구),2024,2026-02-13,Cheonan-si,천안시,개,101
행정구역별,13848.0,34020,A,Each                          ,T001,DT_1YL20842,사업체수(A),인구 천명당 사업체수(등록기반)(시도/시/군/구),2020,2023-10-12,Gongju-si,공주시,개,101
행정구역별,14691.0,34020,A,Each                          ,T001,DT_1YL20842,사업체수(A),인구 천명당 사업체수(등록기반)(시도/시/군/구),2021,2023-10-12,Gongju-si,공주시,개,101
행정구역별,14751.0,34020,A,Each                          ,T001,DT_1YL20842,사업체수(A),인구 천명당 사업체수(등록기반)(시도/시/군/구),2022,2024-02-05,Gongju-si,공주시,개,101
행정구역별,15401.0,34020,A,Each                          ,T001,DT_1YL20842,사업체수(A),인구 천명당 사업체수(등록기반)(시도/시/군/구),2023,2025-02-11,Gongju-si,공주시,개,101
행정구역별,16096.0,34020,A,Each                          ,T001,DT_1YL20842,사업체수(A),인구 천명당 사업체수(등록기반)(시도/시/군/구),2024,2026-02-13,Gongju-si,공주시,개,101
행정구역별,104545.0,34020,A,,T002,DT_1YL20842,주민등록인구(B),인구 천명당 사업체수(등록기반)(시도/시/군/구),2020,2023-10-12,Gongju-si,공주시,명,101
행정구역별,103145.0,34020,A,,T002,DT_1YL20842,주민등록인구(B),인구 천명당 사업체수(등록기반)(시도/시/군/구),2021,2023-10-12,Gongju-si,공주시,명,101
행정구역별,102571.0,34020,A,,T002,DT_1YL20842,주민등록인구(B),인구 천명당 사업체수(등록기반)(시도/시/군/구),2022,2024-02-05,Gongju-si,공주시,명,101
행정구역별,102104.0,34020,A,,T002,DT_1YL20842,주민등록인구(B),인구 천명당 사업체수(등록기반)(시도/시/군/구),2023,2025-02-11,Gongju-si,공주시,명,101
행정구역별,101285.0,34020,A,,T002,DT_1YL20842,주민등록인구(B),인구 천명당 사업체수(등록기반)(시도/시/군/구),2024,2026-02-13,Gongju-si,공주시,명,101
행정구역별,132.5,34020,A,Each                          ,T10,DT_1YL20842,인구천명당 사업체수(A÷B×1000),인구 천명당 사업체수(등록기반)(시도/시/군/구),2020,2023-10-12,Gongju-si,공주시,개,101
행정구역별,142.4,34020,A,Each                          ,T10,DT_1YL20842,인구천명당 사업체수(A÷B×1000),인구 천명당 사업체수(등록기반)(시도/시/군/구),2021,2023-10-12,Gongju-si,공주시,개,101
행정구역별,143.8,34020,A,Each                          ,T10,DT_1YL20842,인구천명당 사업체수(A÷B×1000),인구 천명당 사업체수(등록기반)(시도/시/군/구),2022,2024-02-05,Gongju-si,공주시,개,101
행정구역별,150.8,34020,A,Each                          ,T10,DT_1YL20842,인구천명당 사업체수(A÷B×1000),인구 천명당 사업체수(등록기반)(시도/시/군/구),2023,2025-02-11,Gongju-si,공주시,개,101
행정구역별,158.9,34020,A,Each                          ,T10,DT_1YL20842,인구천명당 사업체수(A÷B×1000),인구 천명당 사업체수(등록기반)(시도/시/군/구),2024,2026-02-13,Gongju-si,공주시,개,101
행정구역별,13142.0,34030,A,Each                          ,T001,DT_1YL20842,사업체수(A),인구 천명당 사업체수(등록기반)(시도/시/군/구),2020,2023-10-12,Boryeong-si,보령시,개,101
행정구역별,13513.0,34030,A,Each                          ,T001,DT_1YL20842,사업체수(A),인구 천명당 사업체수(등록기반)(시도/시/군/구),2021,2023-10-12,Boryeong-si,보령시,개,101
행정구역별,13600.0,34030,A,Each                          ,T001,DT_1YL20842,사업체수(A),인구 천명당 사업체수(등록기반)(시도/시/군/구),2022,2024-02-05,Boryeong-si,보령시,개,101
행정구역별,14136.0,34030,A,Each                          ,T001,DT_1YL20842,사업체수(A),인구 천명당 사업체수(등록기반)(시도/시/군/구),2023,2025-02-11,Boryeong-si,보령시,개,101
행정구역별,14325.0,34030,A,Each                          ,T001,DT_1YL20842,사업체수(A),인구 천명당 사업체수(등록기반)(시도/시/군/구),2024,2026-02-13,Boryeong-si,보령시,개,101
행정구역별,100229.0,34030,A,,T002,DT_1YL20842,주민등록인구(B),인구 천명당 사업체수(등록기반)(시도/시/군/구),2020,2023-10-12,Boryeong-si,보령시,명,101
행정구역별,98408.0,34030,A,,T002,DT_1YL20842,주민등록인구(B),인구 천명당 사업체수(등록기반)(시도/시/군/구),2021,2023-10-12,Boryeong-si,보령시,명,101
행정구역별,97157.0,34030,A,,T002,DT_1YL20842,주민등록인구(B),인구 천명당 사업체수(등록기반)(시도/시/군/구),2022,2024-02-05,Boryeong-si,보령시,명,101
행정구역별,95772.0,34030,A,,T002,DT_1YL20842,주민등록인구(B),인구 천명당 사업체수(등록기반)(시도/시/군/구),2023,2025-02-11,Boryeong-si,보령시,명,101
행정구역별,93780.0,34030,A,,T002,DT_1YL20842,주민등록인구(B),인구 천명당 사업체수(등록기반)(시도/시/군/구),2024,2026-02-13,Boryeong-si,보령시,명,101
행정구역별,131.1,34030,A,Each                          ,T10,DT_1YL20842,인구천명당 사업체수(A÷B×1000),인구 천명당 사업체수(등록기반)(시도/시/군/구),2020,2023-10-12,Boryeong-si,보령시,개,101
행정구역별,137.3,34030,A,Each                          ,T10,DT_1YL20842,인구천명당 사업체수(A÷B×1000),인구 천명당 사업체수(등록기반)(시도/시/군/구),2021,2023-10-12,Boryeong-si,보령시,개,101
행정구역별,140.0,34030,A,Each                          ,T10,DT_1YL20842,인구천명당 사업체수(A÷B×1000),인구 천명당 사업체수(등록기반)(시도/시/군/구),2022,2024-02-05,Boryeong-si,보령시,개,101
행정구역별,147.6,34030,A,Each                          ,T10,DT_1YL20842,인구천명당 사업체수(A÷B×1000),인구 천명당 사업체수(등록기반)(시도/시/군/구),2023,2025-02-11,Boryeong-si,보령시,개,101
행정구역별,152.8,34030,A,Each                          ,T10,DT_1YL20842,인구천명당 사업체수(A÷B×1000),인구 천명당 사업체수(등록기반)(시도/시/군/구),2024,2026-02-13,Boryeong-si,보령시,개,101
행정구역별,34436.0,34040,A,Each                          ,T001,DT_1YL20842,사업체수(A),인구 천명당 사업체수(등록기반)(시도/시/군/구),2020,2023-10-12,Asan-si,아산시,개,101
행정구역별,34775.0,34040,A,Each                          ,T001,DT_1YL20842,사업체수(A),인구 천명당 사업체수(등록기반)(시도/시/군/구),2021,2023-10-12,Asan-si,아산시,개,101
행정구역별,35938.0,34040,A,Each                          ,T001,DT_1YL20842,사업체수(A),인구 천명당 사업체수(등록기반)(시도/시/군/구),2022,2024-02-05,Asan-si,아산시,개,101
행정구역별,36996.0,34040,A,Each                          ,T001,DT_1YL20842,사업체수(A),인구 천명당 사업체수(등록기반)(시도/시/군/구),2023,2025-02-11,Asan-si,아산시,개,101
행정구역별,39340.0,34040,A,Each                          ,T001,DT_1YL20842,사업체수(A),인구 천명당 사업체수(등록기반)(시도/시/군/구),2024,2026-02-13,Asan-si,아산시,개,101
행정구역별,316129.0,34040,A,,T002,DT_1YL20842,주민등록인구(B),인구 천명당 사업체수(등록기반)(시도/시/군/구),2020,2023-10-12,Asan-si,아산시,명,101
행정구역별,324580.0,34040,A,,T002,DT_1YL20842,주민등록인구(B),인구 천명당 사업체수(등록기반)(시도/시/군/구),2021,2023-10-12,Asan-si,아산시,명,101
행정구역별,334539.0,34040,A,,T002,DT_1YL20842,주민등록인구(B),인구 천명당 사업체수(등록기반)(시도/시/군/구),2022,2024-02-05,Asan-si,아산시,명,101
행정구역별,345796.0,34040,A,,T002,DT_1YL20842,주민등록인구(B),인구 천명당 사업체수(등록기반)(시도/시/군/구),2023,2025-02-11,Asan-si,아산시,명,101
행정구역별,355014.0,34040,A,,T002,DT_1YL20842,주민등록인구(B),인구 천명당 사업체수(등록기반)(시도/시/군/구),2024,2026-02-13,Asan-si,아산시,명,101
행정구역별,108.9,34040,A,Each                          ,T10,DT_1YL20842,인구천명당 사업체수(A÷B×1000),인구 천명당 사업체수(등록기반)(시도/시/군/구),2020,2023-10-12,Asan-si,아산시,개,101
행정구역별,107.1,34040,A,Each                          ,T10,DT_1YL20842,인구천명당 사업체수(A÷B×1000),인구 천명당 사업체수(등록기반)(시도/시/군/구),2021,2023-10-12,Asan-si,아산시,개,101
행정구역별,107.4,34040,A,Each                          ,T10,DT_1YL20842,인구천명당 사업체수(A÷B×1000),인구 천명당 사업체수(등록기반)(시도/시/군/구),2022,2024-02-05,Asan-si,아산시,개,101
행정구역별,107.0,34040,A,Each                          ,T10,DT_1YL20842,인구천명당 사업체수(A÷B×1000),인구 천명당 사업체수(등록기반)(시도/시/군/구),2023,2025-02-11,Asan-si,아산시,개,101
행정구역별,110.8,34040,A,Each                          ,T10,DT_1YL20842,인구천명당 사업체수(A÷B×1000),인구 천명당 사업체수(등록기반)(시도/시/군/구),2024,2026-02-13,Asan-si,아산시,개,101
행정구역별,19112.0,34050,A,Each                          ,T001,DT_1YL20842,사업체수(A),인구 천명당 사업체수(등록기반)(시도/시/군/구),2020,2023-10-12,Seosan-si,서산시,개,101
행정구역별,19964.0,34050,A,Each                          ,T001,DT_1YL20842,사업체수(A),인구 천명당 사업체수(등록기반)(시도/시/군/구),2021,2023-10-12,Seosan-si,서산시,개,101
행정구역별,19588.0,34050,A,Each                          ,T001,DT_1YL20842,사업체수(A),인구 천명당 사업체수(등록기반)(시도/시/군/구),2022,2024-02-05,Seosan-si,서산시,개,101
행정구역별,20443.0,34050,A,Each                          ,T001,DT_1YL20842,사업체수(A),인구 천명당 사업체수(등록기반)(시도/시/군/구),2023,2025-02-11,Seosan-si,서산시,개,101
행정구역별,21147.0,34050,A,Each                          ,T001,DT_1YL20842,사업체수(A),인구 천명당 사업체수(등록기반)(시도/시/군/구),2024,2026-02-13,Seosan-si,서산시,개,101
행정구역별,175591.0,34050,A,,T002,DT_1YL20842,주민등록인구(B),인구 천명당 사업체수(등록기반)(시도/시/군/구),2020,2023-10-12,Seosan-si,서산시,명,101
행정구역별,176645.0,34050,A,,T002,DT_1YL20842,주민등록인구(B),인구 천명당 사업체수(등록기반)(시도/시/군/구),2021,2023-10-12,Seosan-si,서산시,명,101
행정구역별,176413.0,34050,A,,T002,DT_1YL20842,주민등록인구(B),인구 천명당 사업체수(등록기반)(시도/시/군/구),2022,2024-02-05,Seosan-si,서산시,명,101
행정구역별,176011.0,34050,A,,T002,DT_1YL20842,주민등록인구(B),인구 천명당 사업체수(등록기반)(시도/시/군/구),2023,2025-02-11,Seosan-si,서산시,명,101
행정구역별,174445.0,34050,A,,T002,DT_1YL20842,주민등록인구(B),인구 천명당 사업체수(등록기반)(시도/시/군/구),2024,2026-02-13,Seosan-si,서산시,명,101
행정구역별,108.8,34050,A,Each                          ,T10,DT_1YL20842,인구천명당 사업체수(A÷B×1000),인구 천명당 사업체수(등록기반)(시도/시/군/구),2020,2023-10-12,Seosan-si,서산시,개,101
행정구역별,113.0,34050,A,Each                          ,T10,DT_1YL20842,인구천명당 사업체수(A÷B×1000),인구 천명당 사업체수(등록기반)(시도/시/군/구),2021,2023-10-12,Seosan-si,서산시,개,101
행정구역별,111.0,34050,A,Each                          ,T10,DT_1YL20842,인구천명당 사업체수(A÷B×1000),인구 천명당 사업체수(등록기반)(시도/시/군/구),2022,2024-02-05,Seosan-si,서산시,개,101
행정구역별,116.1,34050,A,Each                          ,T10,DT_1YL20842,인구천명당 사업체수(A÷B×1000),인구 천명당 사업체수(등록기반)(시도/시/군/구),2023,2025-02-11,Seosan-si,서산시,개,101
행정구역별,121.2,34050,A,Each                          ,T10,DT_1YL20842,인구천명당 사업체수(A÷B×1000),인구 천명당 사업체수(등록기반)(시도/시/군/구),2024,2026-02-13,Seosan-si,서산시,개,101
행정구역별,16015.0,34060,A,Each                          ,T001,DT_1YL20842,사업체수(A),인구 천명당 사업체수(등록기반)(시도/시/군/구),2020,2023-10-12,Nonsan-si,논산시,개,101
행정구역별,16724.0,34060,A,Each                          ,T001,DT_1YL20842,사업체수(A),인구 천명당 사업체수(등록기반)(시도/시/군/구),2021,2023-10-12,Nonsan-si,논산시,개,101
행정구역별,17205.0,34060,A,Each                          ,T001,DT_1YL20842,사업체수(A),인구 천명당 사업체수(등록기반)(시도/시/군/구),2022,2024-02-05,Nonsan-si,논산시,개,101
행정구역별,17940.0,34060,A,Each                          ,T001,DT_1YL20842,사업체수(A),인구 천명당 사업체수(등록기반)(시도/시/군/구),2023,2025-02-11,Nonsan-si,논산시,개,101
행정구역별,18486.0,34060,A,Each                          ,T001,DT_1YL20842,사업체수(A),인구 천명당 사업체수(등록기반)(시도/시/군/구),2024,2026-02-13,Nonsan-si,논산시,개,101
행정구역별,116675.0,34060,A,,T002,DT_1YL20842,주민등록인구(B),인구 천명당 사업체수(등록기반)(시도/시/군/구),2020,2023-10-12,Nonsan-si,논산시,명,101
행정구역별,114483.0,34060,A,,T002,DT_1YL20842,주민등록인구(B),인구 천명당 사업체수(등록기반)(시도/시/군/구),2021,2023-10-12,Nonsan-si,논산시,명,101
행정구역별,112617.0,34060,A,,T002,DT_1YL20842,주민등록인구(B),인구 천명당 사업체수(등록기반)(시도/시/군/구),2022,2024-02-05,Nonsan-si,논산시,명,101
행정구역별,110423.0,34060,A,,T002,DT_1YL20842,주민등록인구(B),인구 천명당 사업체수(등록기반)(시도/시/군/구),2023,2025-02-11,Nonsan-si,논산시,명,101
행정구역별,108529.0,34060,A,,T002,DT_1YL20842,주민등록인구(B),인구 천명당 사업체수(등록기반)(시도/시/군/구),2024,2026-02-13,Nonsan-si,논산시,명,101
행정구역별,137.3,34060,A,Each                          ,T10,DT_1YL20842,인구천명당 사업체수(A÷B×1000),인구 천명당 사업체수(등록기반)(시도/시/군/구),2020,2023-10-12,Nonsan-si,논산시,개,101
행정구역별,146.1,34060,A,Each                          ,T10,DT_1YL20842,인구천명당 사업체수(A÷B×1000),인구 천명당 사업체수(등록기반)(시도/시/군/구),2021,2023-10-12,Nonsan-si,논산시,개,101
행정구역별,152.8,34060,A,Each                          ,T10,DT_1YL20842,인구천명당 사업체수(A÷B×1000),인구 천명당 사업체수(등록기반)(시도/시/군/구),2022,2024-02-05,Nonsan-si,논산시,개,101
행정구역별,162.5,34060,A,Each                          ,T10,DT_1YL20842,인구천명당 사업체수(A÷B×1000),인구 천명당 사업체수(등록기반)(시도/시/군/구),2023,2025-02-11,Nonsan-si,논산시,개,101
행정구역별,170.3,34060,A,Each                          ,T10,DT_1YL20842,인구천명당 사업체수(A÷B×1000),인구 천명당 사업체수(등록기반)(시도/시/군/구),2024,2026-02-13,Nonsan-si,논산시,개,101
행정구역별,3217.0,34070,A,Each                          ,T001,DT_1YL20842,사업체수(A),인구 천명당 사업체수(등록기반)(시도/시/군/구),2020,2023-10-12,Gyeryong-si,계룡시,개,101
행정구역별,3307.0,34070,A,Each                          ,T001,DT_1YL20842,사업체수(A),인구 천명당 사업체수(등록기반)(시도/시/군/구),2021,2023-10-12,Gyeryong-si,계룡시,개,101
행정구역별,3397.0,34070,A,Each                          ,T001,DT_1YL20842,사업체수(A),인구 천명당 사업체수(등록기반)(시도/시/군/구),2022,2024-02-05,Gyeryong-si,계룡시,개,101
행정구역별,3607.0,34070,A,Each                          ,T001,DT_1YL20842,사업체수(A),인구 천명당 사업체수(등록기반)(시도/시/군/구),2023,2025-02-11,Gyeryong-si,계룡시,개,101
행정구역별,3758.0,34070,A,Each                          ,T001,DT_1YL20842,사업체수(A),인구 천명당 사업체수(등록기반)(시도/시/군/구),2024,2026-02-13,Gyeryong-si,계룡시,개,101
행정구역별,42822.0,34070,A,,T002,DT_1YL20842,주민등록인구(B),인구 천명당 사업체수(등록기반)(시도/시/군/구),2020,2023-10-12,Gyeryong-si,계룡시,명,101
행정구역별,43331.0,34070,A,,T002,DT_1YL20842,주민등록인구(B),인구 천명당 사업체수(등록기반)(시도/시/군/구),2021,2023-10-12,Gyeryong-si,계룡시,명,101
행정구역별,44475.0,34070,A,,T002,DT_1YL20842,주민등록인구(B),인구 천명당 사업체수(등록기반)(시도/시/군/구),2022,2024-02-05,Gyeryong-si,계룡시,명,101
행정구역별,46667.0,34070,A,,T002,DT_1YL20842,주민등록인구(B),인구 천명당 사업체수(등록기반)(시도/시/군/구),2023,2025-02-11,Gyeryong-si,계룡시,명,101
행정구역별,46540.0,34070,A,,T002,DT_1YL20842,주민등록인구(B),인구 천명당 사업체수(등록기반)(시도/시/군/구),2024,2026-02-13,Gyeryong-si,계룡시,명,101
행정구역별,75.1,34070,A,Each                          ,T10,DT_1YL20842,인구천명당 사업체수(A÷B×1000),인구 천명당 사업체수(등록기반)(시도/시/군/구),2020,2023-10-12,Gyeryong-si,계룡시,개,101
행정구역별,76.3,34070,A,Each                          ,T10,DT_1YL20842,인구천명당 사업체수(A÷B×1000),인구 천명당 사업체수(등록기반)(시도/시/군/구),2021,2023-10-12,Gyeryong-si,계룡시,개,101
행정구역별,76.4,34070,A,Each                          ,T10,DT_1YL20842,인구천명당 사업체수(A÷B×1000),인구 천명당 사업체수(등록기반)(시도/시/군/구),2022,2024-02-05,Gyeryong-si,계룡시,개,101
행정구역별,77.3,34070,A,Each                          ,T10,DT_1YL20842,인구천명당 사업체수(A÷B×1000),인구 천명당 사업체수(등록기반)(시도/시/군/구),2023,2025-02-11,Gyeryong-si,계룡시,개,101
행정구역별,80.7,34070,A,Each                          ,T10,DT_1YL20842,인구천명당 사업체수(A÷B×1000),인구 천명당 사업체수(등록기반)(시도/시/군/구),2024,2026-02-13,Gyeryong-si,계룡시,개,101
행정구역별,20189.0,34080,A,Each                          ,T001,DT_1YL20842,사업체수(A),인구 천명당 사업체수(등록기반)(시도/시/군/구),2020,2023-10-12,Dangjin-si,당진시,개,101
행정구역별,21029.0,34080,A,Each                          ,T001,DT_1YL20842,사업체수(A),인구 천명당 사업체수(등록기반)(시도/시/군/구),2021,2023-10-12,Dangjin-si,당진시,개,101
행정구역별,21838.0,34080,A,Each                          ,T001,DT_1YL20842,사업체수(A),인구 천명당 사업체수(등록기반)(시도/시/군/구),2022,2024-02-05,Dangjin-si,당진시,개,101
행정구역별,22607.0,34080,A,Each                          ,T001,DT_1YL20842,사업체수(A),인구 천명당 사업체수(등록기반)(시도/시/군/구),2023,2025-02-11,Dangjin-si,당진시,개,101
행정구역별,23559.0,34080,A,Each                          ,T001,DT_1YL20842,사업체수(A),인구 천명당 사업체수(등록기반)(시도/시/군/구),2024,2026-02-13,Dangjin-si,당진시,개,101
행정구역별,166249.0,34080,A,,T002,DT_1YL20842,주민등록인구(B),인구 천명당 사업체수(등록기반)(시도/시/군/구),2020,2023-10-12,Dangjin-si,당진시,명,101
행정구역별,167092.0,34080,A,,T002,DT_1YL20842,주민등록인구(B),인구 천명당 사업체수(등록기반)(시도/시/군/구),2021,2023-10-12,Dangjin-si,당진시,명,101
행정구역별,168253.0,34080,A,,T002,DT_1YL20842,주민등록인구(B),인구 천명당 사업체수(등록기반)(시도/시/군/구),2022,2024-02-05,Dangjin-si,당진시,명,101
행정구역별,170302.0,34080,A,,T002,DT_1YL20842,주민등록인구(B),인구 천명당 사업체수(등록기반)(시도/시/군/구),2023,2025-02-11,Dangjin-si,당진시,명,101
행정구역별,171931.0,34080,A,,T002,DT_1YL20842,주민등록인구(B),인구 천명당 사업체수(등록기반)(시도/시/군/구),2024,2026-02-13,Dangjin-si,당진시,명,101
행정구역별,121.4,34080,A,Each                          ,T10,DT_1YL20842,인구천명당 사업체수(A÷B×1000),인구 천명당 사업체수(등록기반)(시도/시/군/구),2020,2023-10-12,Dangjin-si,당진시,개,101
행정구역별,125.9,34080,A,Each                          ,T10,DT_1YL20842,인구천명당 사업체수(A÷B×1000),인구 천명당 사업체수(등록기반)(시도/시/군/구),2021,2023-10-12,Dangjin-si,당진시,개,101
행정구역별,129.8,34080,A,Each                          ,T10,DT_1YL20842,인구천명당 사업체수(A÷B×1000),인구 천명당 사업체수(등록기반)(시도/시/군/구),2022,2024-02-05,Dangjin-si,당진시,개,101
행정구역별,132.7,34080,A,Each                          ,T10,DT_1YL20842,인구천명당 사업체수(A÷B×1000),인구 천명당 사업체수(등록기반)(시도/시/군/구),2023,2025-02-11,Dangjin-si,당진시,개,101
행정구역별,137.0,34080,A,Each                          ,T10,DT_1YL20842,인구천명당 사업체수(A÷B×1000),인구 천명당 사업체수(등록기반)(시도/시/군/구),2024,2026-02-13,Dangjin-si,당진시,개,101
행정구역별,8909.0,34510,A,Each                          ,T001,DT_1YL20842,사업체수(A),인구 천명당 사업체수(등록기반)(시도/시/군/구),2020,2023-10-12,Geumsan-gun,금산군,개,101
행정구역별,9474.0,34510,A,Each                          ,T001,DT_1YL20842,사업체수(A),인구 천명당 사업체수(등록기반)(시도/시/군/구),2021,2023-10-12,Geumsan-gun,금산군,개,101
행정구역별,9507.0,34510,A,Each                          ,T001,DT_1YL20842,사업체수(A),인구 천명당 사업체수(등록기반)(시도/시/군/구),2022,2024-02-05,Geumsan-gun,금산군,개,101
행정구역별,9728.0,34510,A,Each                          ,T001,DT_1YL20842,사업체수(A),인구 천명당 사업체수(등록기반)(시도/시/군/구),2023,2025-02-11,Geumsan-gun,금산군,개,101
행정구역별,9979.0,34510,A,Each                          ,T001,DT_1YL20842,사업체수(A),인구 천명당 사업체수(등록기반)(시도/시/군/구),2024,2026-02-13,Geumsan-gun,금산군,개,101
행정구역별,51413.0,34510,A,,T002,DT_1YL20842,주민등록인구(B),인구 천명당 사업체수(등록기반)(시도/시/군/구),2020,2023-10-12,Geumsan-gun,금산군,명,101
행정구역별,50477.0,34510,A,,T002,DT_1YL20842,주민등록인구(B),인구 천명당 사업체수(등록기반)(시도/시/군/구),2021,2023-10-12,Geumsan-gun,금산군,명,101
행정구역별,50092.0,34510,A,,T002,DT_1YL20842,주민등록인구(B),인구 천명당 사업체수(등록기반)(시도/시/군/구),2022,2024-02-05,Geumsan-gun,금산군,명,101
행정구역별,50093.0,34510,A,,T002,DT_1YL20842,주민등록인구(B),인구 천명당 사업체수(등록기반)(시도/시/군/구),2023,2025-02-11,Geumsan-gun,금산군,명,101
행정구역별,49615.0,34510,A,,T002,DT_1YL20842,주민등록인구(B),인구 천명당 사업체수(등록기반)(시도/시/군/구),2024,2026-02-13,Geumsan-gun,금산군,명,101
행정구역별,173.3,34510,A,Each                          ,T10,DT_1YL20842,인구천명당 사업체수(A÷B×1000),인구 천명당 사업체수(등록기반)(시도/시/군/구),2020,2023-10-12,Geumsan-gun,금산군,개,101
행정구역별,187.7,34510,A,Each                          ,T10,DT_1YL20842,인구천명당 사업체수(A÷B×1000),인구 천명당 사업체수(등록기반)(시도/시/군/구),2021,2023-10-12,Geumsan-gun,금산군,개,101
행정구역별,189.8,34510,A,Each                          ,T10,DT_1YL20842,인구천명당 사업체수(A÷B×1000),인구 천명당 사업체수(등록기반)(시도/시/군/구),2022,2024-02-05,Geumsan-gun,금산군,개,101
행정구역별,194.2,34510,A,Each                          ,T10,DT_1YL20842,인구천명당 사업체수(A÷B×1000),인구 천명당 사업체수(등록기반)(시도/시/군/구),2023,2025-02-11,Geumsan-gun,금산군,개,101
행정구역별,201.1,34510,A,Each                          ,T10,DT_1YL20842,인구천명당 사업체수(A÷B×1000),인구 천명당 사업체수(등록기반)(시도/시/군/구),2024,2026-02-13,Geumsan-gun,금산군,개,101
행정구역별,7804.0,34530,A,Each                          ,T001,DT_1YL20842,사업체수(A),인구 천명당 사업체수(등록기반)(시도/시/군/구),2020,2023-10-12,Buyeo-gun,부여군,개,101
행정구역별,8146.0,34530,A,Each                          ,T001,DT_1YL20842,사업체수(A),인구 천명당 사업체수(등록기반)(시도/시/군/구),2021,2023-10-12,Buyeo-gun,부여군,개,101
행정구역별,7671.0,34530,A,Each                          ,T001,DT_1YL20842,사업체수(A),인구 천명당 사업체수(등록기반)(시도/시/군/구),2022,2024-02-05,Buyeo-gun,부여군,개,101
행정구역별,8337.0,34530,A,Each                          ,T001,DT_1YL20842,사업체수(A),인구 천명당 사업체수(등록기반)(시도/시/군/구),2023,2025-02-11,Buyeo-gun,부여군,개,101
행정구역별,8497.0,34530,A,Each                          ,T001,DT_1YL20842,사업체수(A),인구 천명당 사업체수(등록기반)(시도/시/군/구),2024,2026-02-13,Buyeo-gun,부여군,개,101
행정구역별,65354.0,34530,A,,T002,DT_1YL20842,주민등록인구(B),인구 천명당 사업체수(등록기반)(시도/시/군/구),2020,2023-10-12,Buyeo-gun,부여군,명,101
행정구역별,63774.0,34530,A,,T002,DT_1YL20842,주민등록인구(B),인구 천명당 사업체수(등록기반)(시도/시/군/구),2021,2023-10-12,Buyeo-gun,부여군,명,101
행정구역별,62343.0,34530,A,,T002,DT_1YL20842,주민등록인구(B),인구 천명당 사업체수(등록기반)(시도/시/군/구),2022,2024-02-05,Buyeo-gun,부여군,명,101
행정구역별,61046.0,34530,A,,T002,DT_1YL20842,주민등록인구(B),인구 천명당 사업체수(등록기반)(시도/시/군/구),2023,2025-02-11,Buyeo-gun,부여군,명,101
행정구역별,59550.0,34530,A,,T002,DT_1YL20842,주민등록인구(B),인구 천명당 사업체수(등록기반)(시도/시/군/구),2024,2026-02-13,Buyeo-gun,부여군,명,101
행정구역별,119.4,34530,A,Each                          ,T10,DT_1YL20842,인구천명당 사업체수(A÷B×1000),인구 천명당 사업체수(등록기반)(시도/시/군/구),2020,2023-10-12,Buyeo-gun,부여군,개,101
행정구역별,127.7,34530,A,Each                          ,T10,DT_1YL20842,인구천명당 사업체수(A÷B×1000),인구 천명당 사업체수(등록기반)(시도/시/군/구),2021,2023-10-12,Buyeo-gun,부여군,개,101
행정구역별,123.0,34530,A,Each                          ,T10,DT_1YL20842,인구천명당 사업체수(A÷B×1000),인구 천명당 사업체수(등록기반)(시도/시/군/구),2022,2024-02-05,Buyeo-gun,부여군,개,101
행정구역별,136.6,34530,A,Each                          ,T10,DT_1YL20842,인구천명당 사업체수(A÷B×1000),인구 천명당 사업체수(등록기반)(시도/시/군/구),2023,2025-02-11,Buyeo-gun,부여군,개,101
행정구역별,142.7,34530,A,Each                          ,T10,DT_1YL20842,인구천명당 사업체수(A÷B×1000),인구 천명당 사업체수(등록기반)(시도/시/군/구),2024,2026-02-13,Buyeo-gun,부여군,개,101
행정구역별,7206.0,34540,A,Each                          ,T001,DT_1YL20842,사업체수(A),인구 천명당 사업체수(등록기반)(시도/시/군/구),2020,2023-10-12,Seocheon-gun,서천군,개,101
행정구역별,7630.0,34540,A,Each                          ,T001,DT_1YL20842,사업체수(A),인구 천명당 사업체수(등록기반)(시도/시/군/구),2021,2023-10-12,Seocheon-gun,서천군,개,101
행정구역별,7898.0,34540,A,Each                          ,T001,DT_1YL20842,사업체수(A),인구 천명당 사업체수(등록기반)(시도/시/군/구),2022,2024-02-05,Seocheon-gun,서천군,개,101
행정구역별,8210.0,34540,A,Each                          ,T001,DT_1YL20842,사업체수(A),인구 천명당 사업체수(등록기반)(시도/시/군/구),2023,2025-02-11,Seocheon-gun,서천군,개,101
행정구역별,8652.0,34540,A,Each                          ,T001,DT_1YL20842,사업체수(A),인구 천명당 사업체수(등록기반)(시도/시/군/구),2024,2026-02-13,Seocheon-gun,서천군,개,101
행정구역별,51866.0,34540,A,,T002,DT_1YL20842,주민등록인구(B),인구 천명당 사업체수(등록기반)(시도/시/군/구),2020,2023-10-12,Seocheon-gun,서천군,명,101
행정구역별,50745.0,34540,A,,T002,DT_1YL20842,주민등록인구(B),인구 천명당 사업체수(등록기반)(시도/시/군/구),2021,2023-10-12,Seocheon-gun,서천군,명,101
행정구역별,49964.0,34540,A,,T002,DT_1YL20842,주민등록인구(B),인구 천명당 사업체수(등록기반)(시도/시/군/구),2022,2024-02-05,Seocheon-gun,서천군,명,101
행정구역별,49116.0,34540,A,,T002,DT_1YL20842,주민등록인구(B),인구 천명당 사업체수(등록기반)(시도/시/군/구),2023,2025-02-11,Seocheon-gun,서천군,명,101
행정구역별,48204.0,34540,A,,T002,DT_1YL20842,주민등록인구(B),인구 천명당 사업체수(등록기반)(시도/시/군/구),2024,2026-02-13,Seocheon-gun,서천군,명,101
행정구역별,138.9,34540,A,Each                          ,T10,DT_1YL20842,인구천명당 사업체수(A÷B×1000),인구 천명당 사업체수(등록기반)(시도/시/군/구),2020,2023-10-12,Seocheon-gun,서천군,개,101
행정구역별,150.4,34540,A,Each                          ,T10,DT_1YL20842,인구천명당 사업체수(A÷B×1000),인구 천명당 사업체수(등록기반)(시도/시/군/구),2021,2023-10-12,Seocheon-gun,서천군,개,101
행정구역별,158.1,34540,A,Each                          ,T10,DT_1YL20842,인구천명당 사업체수(A÷B×1000),인구 천명당 사업체수(등록기반)(시도/시/군/구),2022,2024-02-05,Seocheon-gun,서천군,개,101
행정구역별,167.2,34540,A,Each                          ,T10,DT_1YL20842,인구천명당 사업체수(A÷B×1000),인구 천명당 사업체수(등록기반)(시도/시/군/구),2023,2025-02-11,Seocheon-gun,서천군,개,101
행정구역별,179.5,34540,A,Each                          ,T10,DT_1YL20842,인구천명당 사업체수(A÷B×1000),인구 천명당 사업체수(등록기반)(시도/시/군/구),2024,2026-02-13,Seocheon-gun,서천군,개,101
행정구역별,4444.0,34550,A,Each                          ,T001,DT_1YL20842,사업체수(A),인구 천명당 사업체수(등록기반)(시도/시/군/구),2020,2023-10-12,Cheongyang-gun,청양군,개,101
행정구역별,4772.0,34550,A,Each                          ,T001,DT_1YL20842,사업체수(A),인구 천명당 사업체수(등록기반)(시도/시/군/구),2021,2023-10-12,Cheongyang-gun,청양군,개,101
행정구역별,4921.0,34550,A,Each                          ,T001,DT_1YL20842,사업체수(A),인구 천명당 사업체수(등록기반)(시도/시/군/구),2022,2024-02-05,Cheongyang-gun,청양군,개,101
행정구역별,4969.0,34550,A,Each                          ,T001,DT_1YL20842,사업체수(A),인구 천명당 사업체수(등록기반)(시도/시/군/구),2023,2025-02-11,Cheongyang-gun,청양군,개,101
행정구역별,5348.0,34550,A,Each                          ,T001,DT_1YL20842,사업체수(A),인구 천명당 사업체수(등록기반)(시도/시/군/구),2024,2026-02-13,Cheongyang-gun,청양군,개,101
행정구역별,30948.0,34550,A,,T002,DT_1YL20842,주민등록인구(B),인구 천명당 사업체수(등록기반)(시도/시/군/구),2020,2023-10-12,Cheongyang-gun,청양군,명,101
행정구역별,30440.0,34550,A,,T002,DT_1YL20842,주민등록인구(B),인구 천명당 사업체수(등록기반)(시도/시/군/구),2021,2023-10-12,Cheongyang-gun,청양군,명,101
행정구역별,30266.0,34550,A,,T002,DT_1YL20842,주민등록인구(B),인구 천명당 사업체수(등록기반)(시도/시/군/구),2022,2024-02-05,Cheongyang-gun,청양군,명,101
행정구역별,30168.0,34550,A,,T002,DT_1YL20842,주민등록인구(B),인구 천명당 사업체수(등록기반)(시도/시/군/구),2023,2025-02-11,Cheongyang-gun,청양군,명,101
행정구역별,29658.0,34550,A,,T002,DT_1YL20842,주민등록인구(B),인구 천명당 사업체수(등록기반)(시도/시/군/구),2024,2026-02-13,Cheongyang-gun,청양군,명,101
행정구역별,143.6,34550,A,Each                          ,T10,DT_1YL20842,인구천명당 사업체수(A÷B×1000),인구 천명당 사업체수(등록기반)(시도/시/군/구),2020,2023-10-12,Cheongyang-gun,청양군,개,101
행정구역별,156.8,34550,A,Each                          ,T10,DT_1YL20842,인구천명당 사업체수(A÷B×1000),인구 천명당 사업체수(등록기반)(시도/시/군/구),2021,2023-10-12,Cheongyang-gun,청양군,개,101
행정구역별,162.6,34550,A,Each                          ,T10,DT_1YL20842,인구천명당 사업체수(A÷B×1000),인구 천명당 사업체수(등록기반)(시도/시/군/구),2022,2024-02-05,Cheongyang-gun,청양군,개,101
행정구역별,164.7,34550,A,Each                          ,T10,DT_1YL20842,인구천명당 사업체수(A÷B×1000),인구 천명당 사업체수(등록기반)(시도/시/군/구),2023,2025-02-11,Cheongyang-gun,청양군,개,101
행정구역별,180.3,34550,A,Each                          ,T10,DT_1YL20842,인구천명당 사업체수(A÷B×1000),인구 천명당 사업체수(등록기반)(시도/시/군/구),2024,2026-02-13,Cheongyang-gun,청양군,개,101
행정구역별,12176.0,34560,A,Each                          ,T001,DT_1YL20842,사업체수(A),인구 천명당 사업체수(등록기반)(시도/시/군/구),2020,2023-10-12,Hongseong-gun,홍성군,개,101
행정구역별,12388.0,34560,A,Each                          ,T001,DT_1YL20842,사업체수(A),인구 천명당 사업체수(등록기반)(시도/시/군/구),2021,2023-10-12,Hongseong-gun,홍성군,개,101
행정구역별,12756.0,34560,A,Each                          ,T001,DT_1YL20842,사업체수(A),인구 천명당 사업체수(등록기반)(시도/시/군/구),2022,2024-02-05,Hongseong-gun,홍성군,개,101
행정구역별,13162.0,34560,A,Each                          ,T001,DT_1YL20842,사업체수(A),인구 천명당 사업체수(등록기반)(시도/시/군/구),2023,2025-02-11,Hongseong-gun,홍성군,개,101
행정구역별,13601.0,34560,A,Each                          ,T001,DT_1YL20842,사업체수(A),인구 천명당 사업체수(등록기반)(시도/시/군/구),2024,2026-02-13,Hongseong-gun,홍성군,개,101
행정구역별,100102.0,34560,A,,T002,DT_1YL20842,주민등록인구(B),인구 천명당 사업체수(등록기반)(시도/시/군/구),2020,2023-10-12,Hongseong-gun,홍성군,명,101
행정구역별,99324.0,34560,A,,T002,DT_1YL20842,주민등록인구(B),인구 천명당 사업체수(등록기반)(시도/시/군/구),2021,2023-10-12,Hongseong-gun,홍성군,명,101
행정구역별,98068.0,34560,A,,T002,DT_1YL20842,주민등록인구(B),인구 천명당 사업체수(등록기반)(시도/시/군/구),2022,2024-02-05,Hongseong-gun,홍성군,명,101
행정구역별,97524.0,34560,A,,T002,DT_1YL20842,주민등록인구(B),인구 천명당 사업체수(등록기반)(시도/시/군/구),2023,2025-02-11,Hongseong-gun,홍성군,명,101
행정구역별,99198.0,34560,A,,T002,DT_1YL20842,주민등록인구(B),인구 천명당 사업체수(등록기반)(시도/시/군/구),2024,2026-02-13,Hongseong-gun,홍성군,명,101
행정구역별,121.6,34560,A,Each                          ,T10,DT_1YL20842,인구천명당 사업체수(A÷B×1000),인구 천명당 사업체수(등록기반)(시도/시/군/구),2020,2023-10-12,Hongseong-gun,홍성군,개,101
행정구역별,124.7,34560,A,Each                          ,T10,DT_1YL20842,인구천명당 사업체수(A÷B×1000),인구 천명당 사업체수(등록기반)(시도/시/군/구),2021,2023-10-12,Hongseong-gun,홍성군,개,101
행정구역별,130.1,34560,A,Each                          ,T10,DT_1YL20842,인구천명당 사업체수(A÷B×1000),인구 천명당 사업체수(등록기반)(시도/시/군/구),2022,2024-02-05,Hongseong-gun,홍성군,개,101
행정구역별,135.0,34560,A,Each                          ,T10,DT_1YL20842,인구천명당 사업체수(A÷B×1000),인구 천명당 사업체수(등록기반)(시도/시/군/구),2023,2025-02-11,Hongseong-gun,홍성군,개,101
행정구역별,137.1,34560,A,Each                          ,T10,DT_1YL20842,인구천명당 사업체수(A÷B×1000),인구 천명당 사업체수(등록기반)(시도/시/군/구),2024,2026-02-13,Hongseong-gun,홍성군,개,101
행정구역별,10431.0,34570,A,Each                          ,T001,DT_1YL20842,사업체수(A),인구 천명당 사업체수(등록기반)(시도/시/군/구),2020,2023-10-12,Yesan-gun,예산군,개,101
행정구역별,10922.0,34570,A,Each                          ,T001,DT_1YL20842,사업체수(A),인구 천명당 사업체수(등록기반)(시도/시/군/구),2021,2023-10-12,Yesan-gun,예산군,개,101
행정구역별,11143.0,34570,A,Each                          ,T001,DT_1YL20842,사업체수(A),인구 천명당 사업체수(등록기반)(시도/시/군/구),2022,2024-02-05,Yesan-gun,예산군,개,101
행정구역별,11564.0,34570,A,Each                          ,T001,DT_1YL20842,사업체수(A),인구 천명당 사업체수(등록기반)(시도/시/군/구),2023,2025-02-11,Yesan-gun,예산군,개,101
행정구역별,12099.0,34570,A,Each                          ,T001,DT_1YL20842,사업체수(A),인구 천명당 사업체수(등록기반)(시도/시/군/구),2024,2026-02-13,Yesan-gun,예산군,개,101
행정구역별,78084.0,34570,A,,T002,DT_1YL20842,주민등록인구(B),인구 천명당 사업체수(등록기반)(시도/시/군/구),2020,2023-10-12,Yesan-gun,예산군,명,101
행정구역별,76801.0,34570,A,,T002,DT_1YL20842,주민등록인구(B),인구 천명당 사업체수(등록기반)(시도/시/군/구),2021,2023-10-12,Yesan-gun,예산군,명,101
행정구역별,77385.0,34570,A,,T002,DT_1YL20842,주민등록인구(B),인구 천명당 사업체수(등록기반)(시도/시/군/구),2022,2024-02-05,Yesan-gun,예산군,명,101
행정구역별,78354.0,34570,A,,T002,DT_1YL20842,주민등록인구(B),인구 천명당 사업체수(등록기반)(시도/시/군/구),2023,2025-02-11,Yesan-gun,예산군,명,101
행정구역별,78772.0,34570,A,,T002,DT_1YL20842,주민등록인구(B),인구 천명당 사업체수(등록기반)(시도/시/군/구),2024,2026-02-13,Yesan-gun,예산군,명,101
행정구역별,133.6,34570,A,Each                          ,T10,DT_1YL20842,인구천명당 사업체수(A÷B×1000),인구 천명당 사업체수(등록기반)(시도/시/군/구),2020,2023-10-12,Yesan-gun,예산군,개,101
행정구역별,142.2,34570,A,Each                          ,T10,DT_1YL20842,인구천명당 사업체수(A÷B×1000),인구 천명당 사업체수(등록기반)(시도/시/군/구),2021,2023-10-12,Yesan-gun,예산군,개,101
행정구역별,144.0,34570,A,Each                          ,T10,DT_1YL20842,인구천명당 사업체수(A÷B×1000),인구 천명당 사업체수(등록기반)(시도/시/군/구),2022,2024-02-05,Yesan-gun,예산군,개,101
행정구역별,147.6,34570,A,Each                          ,T10,DT_1YL20842,인구천명당 사업체수(A÷B×1000),인구 천명당 사업체수(등록기반)(시도/시/군/구),2023,2025-02-11,Yesan-gun,예산군,개,101
행정구역별,153.6,34570,A,Each                          ,T10,DT_1YL20842,인구천명당 사업체수(A÷B×1000),인구 천명당 사업체수(등록기반)(시도/시/군/구),2024,2026-02-13,Yesan-gun,예산군,개,101
행정구역별,8898.0,34580,A,Each                          ,T001,DT_1YL20842,사업체수(A),인구 천명당 사업체수(등록기반)(시도/시/군/구),2020,2023-10-12,Taean-gun,태안군,개,101
행정구역별,9347.0,34580,A,Each                          ,T001,DT_1YL20842,사업체수(A),인구 천명당 사업체수(등록기반)(시도/시/군/구),2021,2023-10-12,Taean-gun,태안군,개,101
행정구역별,9121.0,34580,A,Each                          ,T001,DT_1YL20842,사업체수(A),인구 천명당 사업체수(등록기반)(시도/시/군/구),2022,2024-02-05,Taean-gun,태안군,개,101
행정구역별,9576.0,34580,A,Each                          ,T001,DT_1YL20842,사업체수(A),인구 천명당 사업체수(등록기반)(시도/시/군/구),2023,2025-02-11,Taean-gun,태안군,개,101
행정구역별,9685.0,34580,A,Each                          ,T001,DT_1YL20842,사업체수(A),인구 천명당 사업체수(등록기반)(시도/시/군/구),2024,2026-02-13,Taean-gun,태안군,개,101
행정구역별,62214.0,34580,A,,T002,DT_1YL20842,주민등록인구(B),인구 천명당 사업체수(등록기반)(시도/시/군/구),2020,2023-10-12,Taean-gun,태안군,명,101
행정구역별,61526.0,34580,A,,T002,DT_1YL20842,주민등록인구(B),인구 천명당 사업체수(등록기반)(시도/시/군/구),2021,2023-10-12,Taean-gun,태안군,명,101
행정구역별,61335.0,34580,A,,T002,DT_1YL20842,주민등록인구(B),인구 천명당 사업체수(등록기반)(시도/시/군/구),2022,2024-02-05,Taean-gun,태안군,명,101
행정구역별,60784.0,34580,A,,T002,DT_1YL20842,주민등록인구(B),인구 천명당 사업체수(등록기반)(시도/시/군/구),2023,2025-02-11,Taean-gun,태안군,명,101
행정구역별,60133.0,34580,A,,T002,DT_1YL20842,주민등록인구(B),인구 천명당 사업체수(등록기반)(시도/시/군/구),2024,2026-02-13,Taean-gun,태안군,명,101
행정구역별,143.0,34580,A,Each                          ,T10,DT_1YL20842,인구천명당 사업체수(A÷B×1000),인구 천명당 사업체수(등록기반)(시도/시/군/구),2020,2023-10-12,Taean-gun,태안군,개,101
행정구역별,151.9,34580,A,Each                          ,T10,DT_1YL20842,인구천명당 사업체수(A÷B×1000),인구 천명당 사업체수(등록기반)(시도/시/군/구),2021,2023-10-12,Taean-gun,태안군,개,101
행정구역별,148.7,34580,A,Each                          ,T10,DT_1YL20842,인구천명당 사업체수(A÷B×1000),인구 천명당 사업체수(등록기반)(시도/시/군/구),2022,2024-02-05,Taean-gun,태안군,개,101
행정구역별,157.5,34580,A,Each                          ,T10,DT_1YL20842,인구천명당 사업체수(A÷B×1000),인구 천명당 사업체수(등록기반)(시도/시/군/구),2023,2025-02-11,Taean-gun,태안군,개,101
행정구역별,161.1,34580,A,Each                          ,T10,DT_1YL20842,인구천명당 사업체수(A÷B×1000),인구 천명당 사업체수(등록기반)(시도/시/군/구),2024,2026-02-13,Taean-gun,태안군,개,101
행정구역별,225964.0,35,A,Each                          ,T001,DT_1YL20842,사업체수(A),인구 천명당 사업체수(등록기반)(시도/시/군/구),2020,2023-10-12,Jeollabuk-do,전북특별자치도,개,101
행정구역별,231380.0,35,A,Each                          ,T001,DT_1YL20842,사업체수(A),인구 천명당 사업체수(등록기반)(시도/시/군/구),2021,2023-10-12,Jeollabuk-do,전북특별자치도,개,101
행정구역별,232695.0,35,A,Each                          ,T001,DT_1YL20842,사업체수(A),인구 천명당 사업체수(등록기반)(시도/시/군/구),2022,2024-02-05,Jeollabuk-do,전북특별자치도,개,101
행정구역별,239757.0,35,A,Each                          ,T001,DT_1YL20842,사업체수(A),인구 천명당 사업체수(등록기반)(시도/시/군/구),2023,2025-02-11,Jeollabuk-do,전북특별자치도,개,101
행정구역별,252411.0,35,A,Each                          ,T001,DT_1YL20842,사업체수(A),인구 천명당 사업체수(등록기반)(시도/시/군/구),2024,2026-02-13,Jeollabuk-do,전북특별자치도,개,101
행정구역별,1804104.0,35,A,,T002,DT_1YL20842,주민등록인구(B),인구 천명당 사업체수(등록기반)(시도/시/군/구),2020,2023-10-12,Jeollabuk-do,전북특별자치도,명,101
행정구역별,1786855.0,35,A,,T002,DT_1YL20842,주민등록인구(B),인구 천명당 사업체수(등록기반)(시도/시/군/구),2021,2023-10-12,Jeollabuk-do,전북특별자치도,명,101
행정구역별,1769607.0,35,A,,T002,DT_1YL20842,주민등록인구(B),인구 천명당 사업체수(등록기반)(시도/시/군/구),2022,2024-02-05,Jeollabuk-do,전북특별자치도,명,101
행정구역별,1754757.0,35,A,,T002,DT_1YL20842,주민등록인구(B),인구 천명당 사업체수(등록기반)(시도/시/군/구),2023,2025-02-11,Jeollabuk-do,전북특별자치도,명,101
행정구역별,1738690.0,35,A,,T002,DT_1YL20842,주민등록인구(B),인구 천명당 사업체수(등록기반)(시도/시/군/구),2024,2026-02-13,Jeollabuk-do,전북특별자치도,명,101
행정구역별,125.2,35,A,Each                          ,T10,DT_1YL20842,인구천명당 사업체수(A÷B×1000),인구 천명당 사업체수(등록기반)(시도/시/군/구),2020,2023-10-12,Jeollabuk-do,전북특별자치도,개,101
행정구역별,129.5,35,A,Each                          ,T10,DT_1YL20842,인구천명당 사업체수(A÷B×1000),인구 천명당 사업체수(등록기반)(시도/시/군/구),2021,2023-10-12,Jeollabuk-do,전북특별자치도,개,101
행정구역별,131.5,35,A,Each                          ,T10,DT_1YL20842,인구천명당 사업체수(A÷B×1000),인구 천명당 사업체수(등록기반)(시도/시/군/구),2022,2024-02-05,Jeollabuk-do,전북특별자치도,개,101
행정구역별,136.6,35,A,Each                          ,T10,DT_1YL20842,인구천명당 사업체수(A÷B×1000),인구 천명당 사업체수(등록기반)(시도/시/군/구),2023,2025-02-11,Jeollabuk-do,전북특별자치도,개,101
행정구역별,145.2,35,A,Each                          ,T10,DT_1YL20842,인구천명당 사업체수(A÷B×1000),인구 천명당 사업체수(등록기반)(시도/시/군/구),2024,2026-02-13,Jeollabuk-do,전북특별자치도,개,101
행정구역별,76263.0,35010,A,Each                          ,T001,DT_1YL20842,사업체수(A),인구 천명당 사업체수(등록기반)(시도/시/군/구),2020,2023-10-12,Jeonju-si,전주시,개,101
행정구역별,76227.0,35010,A,Each                          ,T001,DT_1YL20842,사업체수(A),인구 천명당 사업체수(등록기반)(시도/시/군/구),2021,2023-10-12,Jeonju-si,전주시,개,101
행정구역별,76634.0,35010,A,Each                          ,T001,DT_1YL20842,사업체수(A),인구 천명당 사업체수(등록기반)(시도/시/군/구),2022,2024-02-05,Jeonju-si,전주시,개,101
행정구역별,77923.0,35010,A,Each                          ,T001,DT_1YL20842,사업체수(A),인구 천명당 사업체수(등록기반)(시도/시/군/구),2023,2025-02-11,Jeonju-si,전주시,개,101
행정구역별,79355.0,35010,A,Each                          ,T001,DT_1YL20842,사업체수(A),인구 천명당 사업체수(등록기반)(시도/시/군/구),2024,2026-02-13,Jeonju-si,전주시,개,101
행정구역별,657432.0,35010,A,,T002,DT_1YL20842,주민등록인구(B),인구 천명당 사업체수(등록기반)(시도/시/군/구),2020,2023-10-12,Jeonju-si,전주시,명,101
행정구역별,657269.0,35010,A,,T002,DT_1YL20842,주민등록인구(B),인구 천명당 사업체수(등록기반)(시도/시/군/구),2021,2023-10-12,Jeonju-si,전주시,명,101
행정구역별,651495.0,35010,A,,T002,DT_1YL20842,주민등록인구(B),인구 천명당 사업체수(등록기반)(시도/시/군/구),2022,2024-02-05,Jeonju-si,전주시,명,101
행정구역별,642727.0,35010,A,,T002,DT_1YL20842,주민등록인구(B),인구 천명당 사업체수(등록기반)(시도/시/군/구),2023,2025-02-11,Jeonju-si,전주시,명,101
행정구역별,635651.0,35010,A,,T002,DT_1YL20842,주민등록인구(B),인구 천명당 사업체수(등록기반)(시도/시/군/구),2024,2026-02-13,Jeonju-si,전주시,명,101
행정구역별,116.0,35010,A,Each                          ,T10,DT_1YL20842,인구천명당 사업체수(A÷B×1000),인구 천명당 사업체수(등록기반)(시도/시/군/구),2020,2023-10-12,Jeonju-si,전주시,개,101
행정구역별,116.0,35010,A,Each                          ,T10,DT_1YL20842,인구천명당 사업체수(A÷B×1000),인구 천명당 사업체수(등록기반)(시도/시/군/구),2021,2023-10-12,Jeonju-si,전주시,개,101
행정구역별,117.6,35010,A,Each                          ,T10,DT_1YL20842,인구천명당 사업체수(A÷B×1000),인구 천명당 사업체수(등록기반)(시도/시/군/구),2022,2024-02-05,Jeonju-si,전주시,개,101
행정구역별,121.2,35010,A,Each                          ,T10,DT_1YL20842,인구천명당 사업체수(A÷B×1000),인구 천명당 사업체수(등록기반)(시도/시/군/구),2023,2025-02-11,Jeonju-si,전주시,개,101
행정구역별,124.8,35010,A,Each                          ,T10,DT_1YL20842,인구천명당 사업체수(A÷B×1000),인구 천명당 사업체수(등록기반)(시도/시/군/구),2024,2026-02-13,Jeonju-si,전주시,개,101
행정구역별,32326.0,35020,A,Each                          ,T001,DT_1YL20842,사업체수(A),인구 천명당 사업체수(등록기반)(시도/시/군/구),2020,2023-10-12,Gunsan-si,군산시,개,101
행정구역별,33592.0,35020,A,Each                          ,T001,DT_1YL20842,사업체수(A),인구 천명당 사업체수(등록기반)(시도/시/군/구),2021,2023-10-12,Gunsan-si,군산시,개,101
행정구역별,32870.0,35020,A,Each                          ,T001,DT_1YL20842,사업체수(A),인구 천명당 사업체수(등록기반)(시도/시/군/구),2022,2024-02-05,Gunsan-si,군산시,개,101
행정구역별,33811.0,35020,A,Each                          ,T001,DT_1YL20842,사업체수(A),인구 천명당 사업체수(등록기반)(시도/시/군/구),2023,2025-02-11,Gunsan-si,군산시,개,101
행정구역별,35094.0,35020,A,Each                          ,T001,DT_1YL20842,사업체수(A),인구 천명당 사업체수(등록기반)(시도/시/군/구),2024,2026-02-13,Gunsan-si,군산시,개,101
행정구역별,267859.0,35020,A,,T002,DT_1YL20842,주민등록인구(B),인구 천명당 사업체수(등록기반)(시도/시/군/구),2020,2023-10-12,Gunsan-si,군산시,명,101
행정구역별,265304.0,35020,A,,T002,DT_1YL20842,주민등록인구(B),인구 천명당 사업체수(등록기반)(시도/시/군/구),2021,2023-10-12,Gunsan-si,군산시,명,101
행정구역별,262467.0,35020,A,,T002,DT_1YL20842,주민등록인구(B),인구 천명당 사업체수(등록기반)(시도/시/군/구),2022,2024-02-05,Gunsan-si,군산시,명,101
행정구역별,259980.0,35020,A,,T002,DT_1YL20842,주민등록인구(B),인구 천명당 사업체수(등록기반)(시도/시/군/구),2023,2025-02-11,Gunsan-si,군산시,명,101
행정구역별,258047.0,35020,A,,T002,DT_1YL20842,주민등록인구(B),인구 천명당 사업체수(등록기반)(시도/시/군/구),2024,2026-02-13,Gunsan-si,군산시,명,101
행정구역별,120.7,35020,A,Each                          ,T10,DT_1YL20842,인구천명당 사업체수(A÷B×1000),인구 천명당 사업체수(등록기반)(시도/시/군/구),2020,2023-10-12,Gunsan-si,군산시,개,101
행정구역별,126.6,35020,A,Each                          ,T10,DT_1YL20842,인구천명당 사업체수(A÷B×1000),인구 천명당 사업체수(등록기반)(시도/시/군/구),2021,2023-10-12,Gunsan-si,군산시,개,101
행정구역별,125.2,35020,A,Each                          ,T10,DT_1YL20842,인구천명당 사업체수(A÷B×1000),인구 천명당 사업체수(등록기반)(시도/시/군/구),2022,2024-02-05,Gunsan-si,군산시,개,101
행정구역별,130.1,35020,A,Each                          ,T10,DT_1YL20842,인구천명당 사업체수(A÷B×1000),인구 천명당 사업체수(등록기반)(시도/시/군/구),2023,2025-02-11,Gunsan-si,군산시,개,101
행정구역별,136.0,35020,A,Each                          ,T10,DT_1YL20842,인구천명당 사업체수(A÷B×1000),인구 천명당 사업체수(등록기반)(시도/시/군/구),2024,2026-02-13,Gunsan-si,군산시,개,101
행정구역별,34546.0,35030,A,Each                          ,T001,DT_1YL20842,사업체수(A),인구 천명당 사업체수(등록기반)(시도/시/군/구),2020,2023-10-12,Iksan-si,익산시,개,101
행정구역별,35427.0,35030,A,Each                          ,T001,DT_1YL20842,사업체수(A),인구 천명당 사업체수(등록기반)(시도/시/군/구),2021,2023-10-12,Iksan-si,익산시,개,101
행정구역별,36147.0,35030,A,Each                          ,T001,DT_1YL20842,사업체수(A),인구 천명당 사업체수(등록기반)(시도/시/군/구),2022,2024-02-05,Iksan-si,익산시,개,101
행정구역별,36734.0,35030,A,Each                          ,T001,DT_1YL20842,사업체수(A),인구 천명당 사업체수(등록기반)(시도/시/군/구),2023,2025-02-11,Iksan-si,익산시,개,101
행정구역별,38833.0,35030,A,Each                          ,T001,DT_1YL20842,사업체수(A),인구 천명당 사업체수(등록기반)(시도/시/군/구),2024,2026-02-13,Iksan-si,익산시,개,101
행정구역별,282276.0,35030,A,,T002,DT_1YL20842,주민등록인구(B),인구 천명당 사업체수(등록기반)(시도/시/군/구),2020,2023-10-12,Iksan-si,익산시,명,101
행정구역별,278113.0,35030,A,,T002,DT_1YL20842,주민등록인구(B),인구 천명당 사업체수(등록기반)(시도/시/군/구),2021,2023-10-12,Iksan-si,익산시,명,101
행정구역별,273697.0,35030,A,,T002,DT_1YL20842,주민등록인구(B),인구 천명당 사업체수(등록기반)(시도/시/군/구),2022,2024-02-05,Iksan-si,익산시,명,101
행정구역별,270036.0,35030,A,,T002,DT_1YL20842,주민등록인구(B),인구 천명당 사업체수(등록기반)(시도/시/군/구),2023,2025-02-11,Iksan-si,익산시,명,101
행정구역별,268001.0,35030,A,,T002,DT_1YL20842,주민등록인구(B),인구 천명당 사업체수(등록기반)(시도/시/군/구),2024,2026-02-13,Iksan-si,익산시,명,101
행정구역별,122.4,35030,A,Each                          ,T10,DT_1YL20842,인구천명당 사업체수(A÷B×1000),인구 천명당 사업체수(등록기반)(시도/시/군/구),2020,2023-10-12,Iksan-si,익산시,개,101
행정구역별,127.4,35030,A,Each                          ,T10,DT_1YL20842,인구천명당 사업체수(A÷B×1000),인구 천명당 사업체수(등록기반)(시도/시/군/구),2021,2023-10-12,Iksan-si,익산시,개,101
행정구역별,132.1,35030,A,Each                          ,T10,DT_1YL20842,인구천명당 사업체수(A÷B×1000),인구 천명당 사업체수(등록기반)(시도/시/군/구),2022,2024-02-05,Iksan-si,익산시,개,101
행정구역별,136.0,35030,A,Each                          ,T10,DT_1YL20842,인구천명당 사업체수(A÷B×1000),인구 천명당 사업체수(등록기반)(시도/시/군/구),2023,2025-02-11,Iksan-si,익산시,개,101
행정구역별,144.9,35030,A,Each                          ,T10,DT_1YL20842,인구천명당 사업체수(A÷B×1000),인구 천명당 사업체수(등록기반)(시도/시/군/구),2024,2026-02-13,Iksan-si,익산시,개,101
행정구역별,15137.0,35040,A,Each                          ,T001,DT_1YL20842,사업체수(A),인구 천명당 사업체수(등록기반)(시도/시/군/구),2020,2023-10-12,Jeongeup-si,정읍시,개,101
행정구역별,15625.0,35040,A,Each                          ,T001,DT_1YL20842,사업체수(A),인구 천명당 사업체수(등록기반)(시도/시/군/구),2021,2023-10-12,Jeongeup-si,정읍시,개,101
행정구역별,16311.0,35040,A,Each                          ,T001,DT_1YL20842,사업체수(A),인구 천명당 사업체수(등록기반)(시도/시/군/구),2022,2024-02-05,Jeongeup-si,정읍시,개,101
행정구역별,16500.0,35040,A,Each                          ,T001,DT_1YL20842,사업체수(A),인구 천명당 사업체수(등록기반)(시도/시/군/구),2023,2025-02-11,Jeongeup-si,정읍시,개,101
행정구역별,18058.0,35040,A,Each                          ,T001,DT_1YL20842,사업체수(A),인구 천명당 사업체수(등록기반)(시도/시/군/구),2024,2026-02-13,Jeongeup-si,정읍시,개,101
행정구역별,108508.0,35040,A,,T002,DT_1YL20842,주민등록인구(B),인구 천명당 사업체수(등록기반)(시도/시/군/구),2020,2023-10-12,Jeongeup-si,정읍시,명,101
행정구역별,106487.0,35040,A,,T002,DT_1YL20842,주민등록인구(B),인구 천명당 사업체수(등록기반)(시도/시/군/구),2021,2023-10-12,Jeongeup-si,정읍시,명,101
행정구역별,105081.0,35040,A,,T002,DT_1YL20842,주민등록인구(B),인구 천명당 사업체수(등록기반)(시도/시/군/구),2022,2024-02-05,Jeongeup-si,정읍시,명,101
행정구역별,103620.0,35040,A,,T002,DT_1YL20842,주민등록인구(B),인구 천명당 사업체수(등록기반)(시도/시/군/구),2023,2025-02-11,Jeongeup-si,정읍시,명,101
행정구역별,102127.0,35040,A,,T002,DT_1YL20842,주민등록인구(B),인구 천명당 사업체수(등록기반)(시도/시/군/구),2024,2026-02-13,Jeongeup-si,정읍시,명,101
행정구역별,139.5,35040,A,Each                          ,T10,DT_1YL20842,인구천명당 사업체수(A÷B×1000),인구 천명당 사업체수(등록기반)(시도/시/군/구),2020,2023-10-12,Jeongeup-si,정읍시,개,101
행정구역별,146.7,35040,A,Each                          ,T10,DT_1YL20842,인구천명당 사업체수(A÷B×1000),인구 천명당 사업체수(등록기반)(시도/시/군/구),2021,2023-10-12,Jeongeup-si,정읍시,개,101
행정구역별,155.2,35040,A,Each                          ,T10,DT_1YL20842,인구천명당 사업체수(A÷B×1000),인구 천명당 사업체수(등록기반)(시도/시/군/구),2022,2024-02-05,Jeongeup-si,정읍시,개,101
행정구역별,159.2,35040,A,Each                          ,T10,DT_1YL20842,인구천명당 사업체수(A÷B×1000),인구 천명당 사업체수(등록기반)(시도/시/군/구),2023,2025-02-11,Jeongeup-si,정읍시,개,101
행정구역별,176.8,35040,A,Each                          ,T10,DT_1YL20842,인구천명당 사업체수(A÷B×1000),인구 천명당 사업체수(등록기반)(시도/시/군/구),2024,2026-02-13,Jeongeup-si,정읍시,개,101
행정구역별,11437.0,35050,A,Each                          ,T001,DT_1YL20842,사업체수(A),인구 천명당 사업체수(등록기반)(시도/시/군/구),2020,2023-10-12,Namwon-si,남원시,개,101
행정구역별,11634.0,35050,A,Each                          ,T001,DT_1YL20842,사업체수(A),인구 천명당 사업체수(등록기반)(시도/시/군/구),2021,2023-10-12,Namwon-si,남원시,개,101
행정구역별,10807.0,35050,A,Each                          ,T001,DT_1YL20842,사업체수(A),인구 천명당 사업체수(등록기반)(시도/시/군/구),2022,2024-02-05,Namwon-si,남원시,개,101
행정구역별,12207.0,35050,A,Each                          ,T001,DT_1YL20842,사업체수(A),인구 천명당 사업체수(등록기반)(시도/시/군/구),2023,2025-02-11,Namwon-si,남원시,개,101
행정구역별,12792.0,35050,A,Each                          ,T001,DT_1YL20842,사업체수(A),인구 천명당 사업체수(등록기반)(시도/시/군/구),2024,2026-02-13,Namwon-si,남원시,개,101
행정구역별,80662.0,35050,A,,T002,DT_1YL20842,주민등록인구(B),인구 천명당 사업체수(등록기반)(시도/시/군/구),2020,2023-10-12,Namwon-si,남원시,명,101
행정구역별,79431.0,35050,A,,T002,DT_1YL20842,주민등록인구(B),인구 천명당 사업체수(등록기반)(시도/시/군/구),2021,2023-10-12,Namwon-si,남원시,명,101
행정구역별,77948.0,35050,A,,T002,DT_1YL20842,주민등록인구(B),인구 천명당 사업체수(등록기반)(시도/시/군/구),2022,2024-02-05,Namwon-si,남원시,명,101
행정구역별,76781.0,35050,A,,T002,DT_1YL20842,주민등록인구(B),인구 천명당 사업체수(등록기반)(시도/시/군/구),2023,2025-02-11,Namwon-si,남원시,명,101
행정구역별,75647.0,35050,A,,T002,DT_1YL20842,주민등록인구(B),인구 천명당 사업체수(등록기반)(시도/시/군/구),2024,2026-02-13,Namwon-si,남원시,명,101
행정구역별,141.8,35050,A,Each                          ,T10,DT_1YL20842,인구천명당 사업체수(A÷B×1000),인구 천명당 사업체수(등록기반)(시도/시/군/구),2020,2023-10-12,Namwon-si,남원시,개,101
행정구역별,146.5,35050,A,Each                          ,T10,DT_1YL20842,인구천명당 사업체수(A÷B×1000),인구 천명당 사업체수(등록기반)(시도/시/군/구),2021,2023-10-12,Namwon-si,남원시,개,101
행정구역별,138.6,35050,A,Each                          ,T10,DT_1YL20842,인구천명당 사업체수(A÷B×1000),인구 천명당 사업체수(등록기반)(시도/시/군/구),2022,2024-02-05,Namwon-si,남원시,개,101
행정구역별,159.0,35050,A,Each                          ,T10,DT_1YL20842,인구천명당 사업체수(A÷B×1000),인구 천명당 사업체수(등록기반)(시도/시/군/구),2023,2025-02-11,Namwon-si,남원시,개,101
행정구역별,169.1,35050,A,Each                          ,T10,DT_1YL20842,인구천명당 사업체수(A÷B×1000),인구 천명당 사업체수(등록기반)(시도/시/군/구),2024,2026-02-13,Namwon-si,남원시,개,101
행정구역별,12660.0,35060,A,Each                          ,T001,DT_1YL20842,사업체수(A),인구 천명당 사업체수(등록기반)(시도/시/군/구),2020,2023-10-12,Gimje-si,김제시,개,101
행정구역별,13001.0,35060,A,Each                          ,T001,DT_1YL20842,사업체수(A),인구 천명당 사업체수(등록기반)(시도/시/군/구),2021,2023-10-12,Gimje-si,김제시,개,101
행정구역별,13019.0,35060,A,Each                          ,T001,DT_1YL20842,사업체수(A),인구 천명당 사업체수(등록기반)(시도/시/군/구),2022,2024-02-05,Gimje-si,김제시,개,101
행정구역별,13461.0,35060,A,Each                          ,T001,DT_1YL20842,사업체수(A),인구 천명당 사업체수(등록기반)(시도/시/군/구),2023,2025-02-11,Gimje-si,김제시,개,101
행정구역별,14315.0,35060,A,Each                          ,T001,DT_1YL20842,사업체수(A),인구 천명당 사업체수(등록기반)(시도/시/군/구),2024,2026-02-13,Gimje-si,김제시,개,101
행정구역별,82450.0,35060,A,,T002,DT_1YL20842,주민등록인구(B),인구 천명당 사업체수(등록기반)(시도/시/군/구),2020,2023-10-12,Gimje-si,김제시,명,101
행정구역별,80913.0,35060,A,,T002,DT_1YL20842,주민등록인구(B),인구 천명당 사업체수(등록기반)(시도/시/군/구),2021,2023-10-12,Gimje-si,김제시,명,101
행정구역별,81455.0,35060,A,,T002,DT_1YL20842,주민등록인구(B),인구 천명당 사업체수(등록기반)(시도/시/군/구),2022,2024-02-05,Gimje-si,김제시,명,101
행정구역별,81430.0,35060,A,,T002,DT_1YL20842,주민등록인구(B),인구 천명당 사업체수(등록기반)(시도/시/군/구),2023,2025-02-11,Gimje-si,김제시,명,101
행정구역별,80635.0,35060,A,,T002,DT_1YL20842,주민등록인구(B),인구 천명당 사업체수(등록기반)(시도/시/군/구),2024,2026-02-13,Gimje-si,김제시,명,101
행정구역별,153.5,35060,A,Each                          ,T10,DT_1YL20842,인구천명당 사업체수(A÷B×1000),인구 천명당 사업체수(등록기반)(시도/시/군/구),2020,2023-10-12,Gimje-si,김제시,개,101
행정구역별,160.7,35060,A,Each                          ,T10,DT_1YL20842,인구천명당 사업체수(A÷B×1000),인구 천명당 사업체수(등록기반)(시도/시/군/구),2021,2023-10-12,Gimje-si,김제시,개,101
행정구역별,159.8,35060,A,Each                          ,T10,DT_1YL20842,인구천명당 사업체수(A÷B×1000),인구 천명당 사업체수(등록기반)(시도/시/군/구),2022,2024-02-05,Gimje-si,김제시,개,101
행정구역별,165.3,35060,A,Each                          ,T10,DT_1YL20842,인구천명당 사업체수(A÷B×1000),인구 천명당 사업체수(등록기반)(시도/시/군/구),2023,2025-02-11,Gimje-si,김제시,개,101
행정구역별,177.5,35060,A,Each                          ,T10,DT_1YL20842,인구천명당 사업체수(A÷B×1000),인구 천명당 사업체수(등록기반)(시도/시/군/구),2024,2026-02-13,Gimje-si,김제시,개,101
행정구역별,12336.0,35510,A,Each                          ,T001,DT_1YL20842,사업체수(A),인구 천명당 사업체수(등록기반)(시도/시/군/구),2020,2023-10-12,Wanju-gun,완주군,개,101
행정구역별,12843.0,35510,A,Each                          ,T001,DT_1YL20842,사업체수(A),인구 천명당 사업체수(등록기반)(시도/시/군/구),2021,2023-10-12,Wanju-gun,완주군,개,101
행정구역별,13046.0,35510,A,Each                          ,T001,DT_1YL20842,사업체수(A),인구 천명당 사업체수(등록기반)(시도/시/군/구),2022,2024-02-05,Wanju-gun,완주군,개,101
행정구역별,13569.0,35510,A,Each                          ,T001,DT_1YL20842,사업체수(A),인구 천명당 사업체수(등록기반)(시도/시/군/구),2023,2025-02-11,Wanju-gun,완주군,개,101
행정구역별,14375.0,35510,A,Each                          ,T001,DT_1YL20842,사업체수(A),인구 천명당 사업체수(등록기반)(시도/시/군/구),2024,2026-02-13,Wanju-gun,완주군,개,101
행정구역별,91609.0,35510,A,,T002,DT_1YL20842,주민등록인구(B),인구 천명당 사업체수(등록기반)(시도/시/군/구),2020,2023-10-12,Wanju-gun,완주군,명,101
행정구역별,91142.0,35510,A,,T002,DT_1YL20842,주민등록인구(B),인구 천명당 사업체수(등록기반)(시도/시/군/구),2021,2023-10-12,Wanju-gun,완주군,명,101
행정구역별,92422.0,35510,A,,T002,DT_1YL20842,주민등록인구(B),인구 천명당 사업체수(등록기반)(시도/시/군/구),2022,2024-02-05,Wanju-gun,완주군,명,101
행정구역별,97827.0,35510,A,,T002,DT_1YL20842,주민등록인구(B),인구 천명당 사업체수(등록기반)(시도/시/군/구),2023,2025-02-11,Wanju-gun,완주군,명,101
행정구역별,99279.0,35510,A,,T002,DT_1YL20842,주민등록인구(B),인구 천명당 사업체수(등록기반)(시도/시/군/구),2024,2026-02-13,Wanju-gun,완주군,명,101
행정구역별,134.7,35510,A,Each                          ,T10,DT_1YL20842,인구천명당 사업체수(A÷B×1000),인구 천명당 사업체수(등록기반)(시도/시/군/구),2020,2023-10-12,Wanju-gun,완주군,개,101
행정구역별,140.9,35510,A,Each                          ,T10,DT_1YL20842,인구천명당 사업체수(A÷B×1000),인구 천명당 사업체수(등록기반)(시도/시/군/구),2021,2023-10-12,Wanju-gun,완주군,개,101
행정구역별,141.2,35510,A,Each                          ,T10,DT_1YL20842,인구천명당 사업체수(A÷B×1000),인구 천명당 사업체수(등록기반)(시도/시/군/구),2022,2024-02-05,Wanju-gun,완주군,개,101
행정구역별,138.7,35510,A,Each                          ,T10,DT_1YL20842,인구천명당 사업체수(A÷B×1000),인구 천명당 사업체수(등록기반)(시도/시/군/구),2023,2025-02-11,Wanju-gun,완주군,개,101
행정구역별,144.8,35510,A,Each                          ,T10,DT_1YL20842,인구천명당 사업체수(A÷B×1000),인구 천명당 사업체수(등록기반)(시도/시/군/구),2024,2026-02-13,Wanju-gun,완주군,개,101
행정구역별,3230.0,35520,A,Each                          ,T001,DT_1YL20842,사업체수(A),인구 천명당 사업체수(등록기반)(시도/시/군/구),2020,2023-10-12,Jinan-gun,진안군,개,101
행정구역별,3716.0,35520,A,Each                          ,T001,DT_1YL20842,사업체수(A),인구 천명당 사업체수(등록기반)(시도/시/군/구),2021,2023-10-12,Jinan-gun,진안군,개,101
행정구역별,4185.0,35520,A,Each                          ,T001,DT_1YL20842,사업체수(A),인구 천명당 사업체수(등록기반)(시도/시/군/구),2022,2024-02-05,Jinan-gun,진안군,개,101
행정구역별,4014.0,35520,A,Each                          ,T001,DT_1YL20842,사업체수(A),인구 천명당 사업체수(등록기반)(시도/시/군/구),2023,2025-02-11,Jinan-gun,진안군,개,101
행정구역별,4760.0,35520,A,Each                          ,T001,DT_1YL20842,사업체수(A),인구 천명당 사업체수(등록기반)(시도/시/군/구),2024,2026-02-13,Jinan-gun,진안군,개,101
행정구역별,25394.0,35520,A,,T002,DT_1YL20842,주민등록인구(B),인구 천명당 사업체수(등록기반)(시도/시/군/구),2020,2023-10-12,Jinan-gun,진안군,명,101
행정구역별,24987.0,35520,A,,T002,DT_1YL20842,주민등록인구(B),인구 천명당 사업체수(등록기반)(시도/시/군/구),2021,2023-10-12,Jinan-gun,진안군,명,101
행정구역별,24550.0,35520,A,,T002,DT_1YL20842,주민등록인구(B),인구 천명당 사업체수(등록기반)(시도/시/군/구),2022,2024-02-05,Jinan-gun,진안군,명,101
행정구역별,24465.0,35520,A,,T002,DT_1YL20842,주민등록인구(B),인구 천명당 사업체수(등록기반)(시도/시/군/구),2023,2025-02-11,Jinan-gun,진안군,명,101
행정구역별,24161.0,35520,A,,T002,DT_1YL20842,주민등록인구(B),인구 천명당 사업체수(등록기반)(시도/시/군/구),2024,2026-02-13,Jinan-gun,진안군,명,101
행정구역별,127.2,35520,A,Each                          ,T10,DT_1YL20842,인구천명당 사업체수(A÷B×1000),인구 천명당 사업체수(등록기반)(시도/시/군/구),2020,2023-10-12,Jinan-gun,진안군,개,101
행정구역별,148.7,35520,A,Each                          ,T10,DT_1YL20842,인구천명당 사업체수(A÷B×1000),인구 천명당 사업체수(등록기반)(시도/시/군/구),2021,2023-10-12,Jinan-gun,진안군,개,101
행정구역별,170.5,35520,A,Each                          ,T10,DT_1YL20842,인구천명당 사업체수(A÷B×1000),인구 천명당 사업체수(등록기반)(시도/시/군/구),2022,2024-02-05,Jinan-gun,진안군,개,101
행정구역별,164.1,35520,A,Each                          ,T10,DT_1YL20842,인구천명당 사업체수(A÷B×1000),인구 천명당 사업체수(등록기반)(시도/시/군/구),2023,2025-02-11,Jinan-gun,진안군,개,101
행정구역별,197.0,35520,A,Each                          ,T10,DT_1YL20842,인구천명당 사업체수(A÷B×1000),인구 천명당 사업체수(등록기반)(시도/시/군/구),2024,2026-02-13,Jinan-gun,진안군,개,101
행정구역별,3381.0,35530,A,Each                          ,T001,DT_1YL20842,사업체수(A),인구 천명당 사업체수(등록기반)(시도/시/군/구),2020,2023-10-12,Muju-gun,무주군,개,101
행정구역별,3462.0,35530,A,Each                          ,T001,DT_1YL20842,사업체수(A),인구 천명당 사업체수(등록기반)(시도/시/군/구),2021,2023-10-12,Muju-gun,무주군,개,101
행정구역별,3581.0,35530,A,Each                          ,T001,DT_1YL20842,사업체수(A),인구 천명당 사업체수(등록기반)(시도/시/군/구),2022,2024-02-05,Muju-gun,무주군,개,101
행정구역별,3703.0,35530,A,Each                          ,T001,DT_1YL20842,사업체수(A),인구 천명당 사업체수(등록기반)(시도/시/군/구),2023,2025-02-11,Muju-gun,무주군,개,101
행정구역별,4200.0,35530,A,Each                          ,T001,DT_1YL20842,사업체수(A),인구 천명당 사업체수(등록기반)(시도/시/군/구),2024,2026-02-13,Muju-gun,무주군,개,101
행정구역별,24036.0,35530,A,,T002,DT_1YL20842,주민등록인구(B),인구 천명당 사업체수(등록기반)(시도/시/군/구),2020,2023-10-12,Muju-gun,무주군,명,101
행정구역별,23748.0,35530,A,,T002,DT_1YL20842,주민등록인구(B),인구 천명당 사업체수(등록기반)(시도/시/군/구),2021,2023-10-12,Muju-gun,무주군,명,101
행정구역별,23489.0,35530,A,,T002,DT_1YL20842,주민등록인구(B),인구 천명당 사업체수(등록기반)(시도/시/군/구),2022,2024-02-05,Muju-gun,무주군,명,101
행정구역별,23251.0,35530,A,,T002,DT_1YL20842,주민등록인구(B),인구 천명당 사업체수(등록기반)(시도/시/군/구),2023,2025-02-11,Muju-gun,무주군,명,101
행정구역별,23032.0,35530,A,,T002,DT_1YL20842,주민등록인구(B),인구 천명당 사업체수(등록기반)(시도/시/군/구),2024,2026-02-13,Muju-gun,무주군,명,101
행정구역별,140.7,35530,A,Each                          ,T10,DT_1YL20842,인구천명당 사업체수(A÷B×1000),인구 천명당 사업체수(등록기반)(시도/시/군/구),2020,2023-10-12,Muju-gun,무주군,개,101
행정구역별,145.8,35530,A,Each                          ,T10,DT_1YL20842,인구천명당 사업체수(A÷B×1000),인구 천명당 사업체수(등록기반)(시도/시/군/구),2021,2023-10-12,Muju-gun,무주군,개,101
행정구역별,152.5,35530,A,Each                          ,T10,DT_1YL20842,인구천명당 사업체수(A÷B×1000),인구 천명당 사업체수(등록기반)(시도/시/군/구),2022,2024-02-05,Muju-gun,무주군,개,101
행정구역별,159.3,35530,A,Each                          ,T10,DT_1YL20842,인구천명당 사업체수(A÷B×1000),인구 천명당 사업체수(등록기반)(시도/시/군/구),2023,2025-02-11,Muju-gun,무주군,개,101
행정구역별,182.4,35530,A,Each                          ,T10,DT_1YL20842,인구천명당 사업체수(A÷B×1000),인구 천명당 사업체수(등록기반)(시도/시/군/구),2024,2026-02-13,Muju-gun,무주군,개,101
행정구역별,2972.0,35540,A,Each                          ,T001,DT_1YL20842,사업체수(A),인구 천명당 사업체수(등록기반)(시도/시/군/구),2020,2023-10-12,Jangsu-gun,장수군,개,101
행정구역별,3170.0,35540,A,Each                          ,T001,DT_1YL20842,사업체수(A),인구 천명당 사업체수(등록기반)(시도/시/군/구),2021,2023-10-12,Jangsu-gun,장수군,개,101
행정구역별,3098.0,35540,A,Each                          ,T001,DT_1YL20842,사업체수(A),인구 천명당 사업체수(등록기반)(시도/시/군/구),2022,2024-02-05,Jangsu-gun,장수군,개,101
행정구역별,3403.0,35540,A,Each                          ,T001,DT_1YL20842,사업체수(A),인구 천명당 사업체수(등록기반)(시도/시/군/구),2023,2025-02-11,Jangsu-gun,장수군,개,101
행정구역별,3537.0,35540,A,Each                          ,T001,DT_1YL20842,사업체수(A),인구 천명당 사업체수(등록기반)(시도/시/군/구),2024,2026-02-13,Jangsu-gun,장수군,개,101
행정구역별,22085.0,35540,A,,T002,DT_1YL20842,주민등록인구(B),인구 천명당 사업체수(등록기반)(시도/시/군/구),2020,2023-10-12,Jangsu-gun,장수군,명,101
행정구역별,21695.0,35540,A,,T002,DT_1YL20842,주민등록인구(B),인구 천명당 사업체수(등록기반)(시도/시/군/구),2021,2023-10-12,Jangsu-gun,장수군,명,101
행정구역별,21336.0,35540,A,,T002,DT_1YL20842,주민등록인구(B),인구 천명당 사업체수(등록기반)(시도/시/군/구),2022,2024-02-05,Jangsu-gun,장수군,명,101
행정구역별,20983.0,35540,A,,T002,DT_1YL20842,주민등록인구(B),인구 천명당 사업체수(등록기반)(시도/시/군/구),2023,2025-02-11,Jangsu-gun,장수군,명,101
행정구역별,20663.0,35540,A,,T002,DT_1YL20842,주민등록인구(B),인구 천명당 사업체수(등록기반)(시도/시/군/구),2024,2026-02-13,Jangsu-gun,장수군,명,101
행정구역별,134.6,35540,A,Each                          ,T10,DT_1YL20842,인구천명당 사업체수(A÷B×1000),인구 천명당 사업체수(등록기반)(시도/시/군/구),2020,2023-10-12,Jangsu-gun,장수군,개,101
행정구역별,146.1,35540,A,Each                          ,T10,DT_1YL20842,인구천명당 사업체수(A÷B×1000),인구 천명당 사업체수(등록기반)(시도/시/군/구),2021,2023-10-12,Jangsu-gun,장수군,개,101
행정구역별,145.2,35540,A,Each                          ,T10,DT_1YL20842,인구천명당 사업체수(A÷B×1000),인구 천명당 사업체수(등록기반)(시도/시/군/구),2022,2024-02-05,Jangsu-gun,장수군,개,101
행정구역별,162.2,35540,A,Each                          ,T10,DT_1YL20842,인구천명당 사업체수(A÷B×1000),인구 천명당 사업체수(등록기반)(시도/시/군/구),2023,2025-02-11,Jangsu-gun,장수군,개,101
행정구역별,171.2,35540,A,Each                          ,T10,DT_1YL20842,인구천명당 사업체수(A÷B×1000),인구 천명당 사업체수(등록기반)(시도/시/군/구),2024,2026-02-13,Jangsu-gun,장수군,개,101
행정구역별,4042.0,35550,A,Each                          ,T001,DT_1YL20842,사업체수(A),인구 천명당 사업체수(등록기반)(시도/시/군/구),2020,2023-10-12,Imsil-gun,임실군,개,101
행정구역별,4275.0,35550,A,Each                          ,T001,DT_1YL20842,사업체수(A),인구 천명당 사업체수(등록기반)(시도/시/군/구),2021,2023-10-12,Imsil-gun,임실군,개,101
행정구역별,4295.0,35550,A,Each                          ,T001,DT_1YL20842,사업체수(A),인구 천명당 사업체수(등록기반)(시도/시/군/구),2022,2024-02-05,Imsil-gun,임실군,개,101
행정구역별,4528.0,35550,A,Each                          ,T001,DT_1YL20842,사업체수(A),인구 천명당 사업체수(등록기반)(시도/시/군/구),2023,2025-02-11,Imsil-gun,임실군,개,101
행정구역별,5094.0,35550,A,Each                          ,T001,DT_1YL20842,사업체수(A),인구 천명당 사업체수(등록기반)(시도/시/군/구),2024,2026-02-13,Imsil-gun,임실군,개,101
행정구역별,27314.0,35550,A,,T002,DT_1YL20842,주민등록인구(B),인구 천명당 사업체수(등록기반)(시도/시/군/구),2020,2023-10-12,Imsil-gun,임실군,명,101
행정구역별,26730.0,35550,A,,T002,DT_1YL20842,주민등록인구(B),인구 천명당 사업체수(등록기반)(시도/시/군/구),2021,2023-10-12,Imsil-gun,임실군,명,101
행정구역별,26508.0,35550,A,,T002,DT_1YL20842,주민등록인구(B),인구 천명당 사업체수(등록기반)(시도/시/군/구),2022,2024-02-05,Imsil-gun,임실군,명,101
행정구역별,25956.0,35550,A,,T002,DT_1YL20842,주민등록인구(B),인구 천명당 사업체수(등록기반)(시도/시/군/구),2023,2025-02-11,Imsil-gun,임실군,명,101
행정구역별,25577.0,35550,A,,T002,DT_1YL20842,주민등록인구(B),인구 천명당 사업체수(등록기반)(시도/시/군/구),2024,2026-02-13,Imsil-gun,임실군,명,101
행정구역별,148.0,35550,A,Each                          ,T10,DT_1YL20842,인구천명당 사업체수(A÷B×1000),인구 천명당 사업체수(등록기반)(시도/시/군/구),2020,2023-10-12,Imsil-gun,임실군,개,101
행정구역별,159.9,35550,A,Each                          ,T10,DT_1YL20842,인구천명당 사업체수(A÷B×1000),인구 천명당 사업체수(등록기반)(시도/시/군/구),2021,2023-10-12,Imsil-gun,임실군,개,101
행정구역별,162.0,35550,A,Each                          ,T10,DT_1YL20842,인구천명당 사업체수(A÷B×1000),인구 천명당 사업체수(등록기반)(시도/시/군/구),2022,2024-02-05,Imsil-gun,임실군,개,101
행정구역별,174.4,35550,A,Each                          ,T10,DT_1YL20842,인구천명당 사업체수(A÷B×1000),인구 천명당 사업체수(등록기반)(시도/시/군/구),2023,2025-02-11,Imsil-gun,임실군,개,101
행정구역별,199.2,35550,A,Each                          ,T10,DT_1YL20842,인구천명당 사업체수(A÷B×1000),인구 천명당 사업체수(등록기반)(시도/시/군/구),2024,2026-02-13,Imsil-gun,임실군,개,101
행정구역별,3132.0,35560,A,Each                          ,T001,DT_1YL20842,사업체수(A),인구 천명당 사업체수(등록기반)(시도/시/군/구),2020,2023-10-12,Sunchang-gun,순창군,개,101
행정구역별,3358.0,35560,A,Each                          ,T001,DT_1YL20842,사업체수(A),인구 천명당 사업체수(등록기반)(시도/시/군/구),2021,2023-10-12,Sunchang-gun,순창군,개,101
행정구역별,3306.0,35560,A,Each                          ,T001,DT_1YL20842,사업체수(A),인구 천명당 사업체수(등록기반)(시도/시/군/구),2022,2024-02-05,Sunchang-gun,순창군,개,101
행정구역별,3686.0,35560,A,Each                          ,T001,DT_1YL20842,사업체수(A),인구 천명당 사업체수(등록기반)(시도/시/군/구),2023,2025-02-11,Sunchang-gun,순창군,개,101
행정구역별,4026.0,35560,A,Each                          ,T001,DT_1YL20842,사업체수(A),인구 천명당 사업체수(등록기반)(시도/시/군/구),2024,2026-02-13,Sunchang-gun,순창군,개,101
행정구역별,27810.0,35560,A,,T002,DT_1YL20842,주민등록인구(B),인구 천명당 사업체수(등록기반)(시도/시/군/구),2020,2023-10-12,Sunchang-gun,순창군,명,101
행정구역별,26855.0,35560,A,,T002,DT_1YL20842,주민등록인구(B),인구 천명당 사업체수(등록기반)(시도/시/군/구),2021,2023-10-12,Sunchang-gun,순창군,명,101
행정구역별,26727.0,35560,A,,T002,DT_1YL20842,주민등록인구(B),인구 천명당 사업체수(등록기반)(시도/시/군/구),2022,2024-02-05,Sunchang-gun,순창군,명,101
행정구역별,26764.0,35560,A,,T002,DT_1YL20842,주민등록인구(B),인구 천명당 사업체수(등록기반)(시도/시/군/구),2023,2025-02-11,Sunchang-gun,순창군,명,101
행정구역별,26822.0,35560,A,,T002,DT_1YL20842,주민등록인구(B),인구 천명당 사업체수(등록기반)(시도/시/군/구),2024,2026-02-13,Sunchang-gun,순창군,명,101
행정구역별,112.6,35560,A,Each                          ,T10,DT_1YL20842,인구천명당 사업체수(A÷B×1000),인구 천명당 사업체수(등록기반)(시도/시/군/구),2020,2023-10-12,Sunchang-gun,순창군,개,101
행정구역별,125.0,35560,A,Each                          ,T10,DT_1YL20842,인구천명당 사업체수(A÷B×1000),인구 천명당 사업체수(등록기반)(시도/시/군/구),2021,2023-10-12,Sunchang-gun,순창군,개,101
행정구역별,123.7,35560,A,Each                          ,T10,DT_1YL20842,인구천명당 사업체수(A÷B×1000),인구 천명당 사업체수(등록기반)(시도/시/군/구),2022,2024-02-05,Sunchang-gun,순창군,개,101
행정구역별,137.7,35560,A,Each                          ,T10,DT_1YL20842,인구천명당 사업체수(A÷B×1000),인구 천명당 사업체수(등록기반)(시도/시/군/구),2023,2025-02-11,Sunchang-gun,순창군,개,101
행정구역별,150.1,35560,A,Each                          ,T10,DT_1YL20842,인구천명당 사업체수(A÷B×1000),인구 천명당 사업체수(등록기반)(시도/시/군/구),2024,2026-02-13,Sunchang-gun,순창군,개,101
행정구역별,7036.0,35570,A,Each                          ,T001,DT_1YL20842,사업체수(A),인구 천명당 사업체수(등록기반)(시도/시/군/구),2020,2023-10-12,Gochang-gun,고창군,개,101
행정구역별,7374.0,35570,A,Each                          ,T001,DT_1YL20842,사업체수(A),인구 천명당 사업체수(등록기반)(시도/시/군/구),2021,2023-10-12,Gochang-gun,고창군,개,101
행정구역별,7746.0,35570,A,Each                          ,T001,DT_1YL20842,사업체수(A),인구 천명당 사업체수(등록기반)(시도/시/군/구),2022,2024-02-05,Gochang-gun,고창군,개,101
행정구역별,8262.0,35570,A,Each                          ,T001,DT_1YL20842,사업체수(A),인구 천명당 사업체수(등록기반)(시도/시/군/구),2023,2025-02-11,Gochang-gun,고창군,개,101
행정구역별,9268.0,35570,A,Each                          ,T001,DT_1YL20842,사업체수(A),인구 천명당 사업체수(등록기반)(시도/시/군/구),2024,2026-02-13,Gochang-gun,고창군,개,101
행정구역별,54529.0,35570,A,,T002,DT_1YL20842,주민등록인구(B),인구 천명당 사업체수(등록기반)(시도/시/군/구),2020,2023-10-12,Gochang-gun,고창군,명,101
행정구역별,53386.0,35570,A,,T002,DT_1YL20842,주민등록인구(B),인구 천명당 사업체수(등록기반)(시도/시/군/구),2021,2023-10-12,Gochang-gun,고창군,명,101
행정구역별,52338.0,35570,A,,T002,DT_1YL20842,주민등록인구(B),인구 천명당 사업체수(등록기반)(시도/시/군/구),2022,2024-02-05,Gochang-gun,고창군,명,101
행정구역별,51750.0,35570,A,,T002,DT_1YL20842,주민등록인구(B),인구 천명당 사업체수(등록기반)(시도/시/군/구),2023,2025-02-11,Gochang-gun,고창군,명,101
행정구역별,50982.0,35570,A,,T002,DT_1YL20842,주민등록인구(B),인구 천명당 사업체수(등록기반)(시도/시/군/구),2024,2026-02-13,Gochang-gun,고창군,명,101
행정구역별,129.0,35570,A,Each                          ,T10,DT_1YL20842,인구천명당 사업체수(A÷B×1000),인구 천명당 사업체수(등록기반)(시도/시/군/구),2020,2023-10-12,Gochang-gun,고창군,개,101
행정구역별,138.1,35570,A,Each                          ,T10,DT_1YL20842,인구천명당 사업체수(A÷B×1000),인구 천명당 사업체수(등록기반)(시도/시/군/구),2021,2023-10-12,Gochang-gun,고창군,개,101
행정구역별,148.0,35570,A,Each                          ,T10,DT_1YL20842,인구천명당 사업체수(A÷B×1000),인구 천명당 사업체수(등록기반)(시도/시/군/구),2022,2024-02-05,Gochang-gun,고창군,개,101
행정구역별,159.7,35570,A,Each                          ,T10,DT_1YL20842,인구천명당 사업체수(A÷B×1000),인구 천명당 사업체수(등록기반)(시도/시/군/구),2023,2025-02-11,Gochang-gun,고창군,개,101
행정구역별,181.8,35570,A,Each                          ,T10,DT_1YL20842,인구천명당 사업체수(A÷B×1000),인구 천명당 사업체수(등록기반)(시도/시/군/구),2024,2026-02-13,Gochang-gun,고창군,개,101
행정구역별,7466.0,35580,A,Each                          ,T001,DT_1YL20842,사업체수(A),인구 천명당 사업체수(등록기반)(시도/시/군/구),2020,2023-10-12,Buan-gun,부안군,개,101
행정구역별,7676.0,35580,A,Each                          ,T001,DT_1YL20842,사업체수(A),인구 천명당 사업체수(등록기반)(시도/시/군/구),2021,2023-10-12,Buan-gun,부안군,개,101
행정구역별,7650.0,35580,A,Each                          ,T001,DT_1YL20842,사업체수(A),인구 천명당 사업체수(등록기반)(시도/시/군/구),2022,2024-02-05,Buan-gun,부안군,개,101
행정구역별,7956.0,35580,A,Each                          ,T001,DT_1YL20842,사업체수(A),인구 천명당 사업체수(등록기반)(시도/시/군/구),2023,2025-02-11,Buan-gun,부안군,개,101
행정구역별,8704.0,35580,A,Each                          ,T001,DT_1YL20842,사업체수(A),인구 천명당 사업체수(등록기반)(시도/시/군/구),2024,2026-02-13,Buan-gun,부안군,개,101
행정구역별,52140.0,35580,A,,T002,DT_1YL20842,주민등록인구(B),인구 천명당 사업체수(등록기반)(시도/시/군/구),2020,2023-10-12,Buan-gun,부안군,명,101
행정구역별,50795.0,35580,A,,T002,DT_1YL20842,주민등록인구(B),인구 천명당 사업체수(등록기반)(시도/시/군/구),2021,2023-10-12,Buan-gun,부안군,명,101
행정구역별,50094.0,35580,A,,T002,DT_1YL20842,주민등록인구(B),인구 천명당 사업체수(등록기반)(시도/시/군/구),2022,2024-02-05,Buan-gun,부안군,명,101
행정구역별,49187.0,35580,A,,T002,DT_1YL20842,주민등록인구(B),인구 천명당 사업체수(등록기반)(시도/시/군/구),2023,2025-02-11,Buan-gun,부안군,명,101
행정구역별,48066.0,35580,A,,T002,DT_1YL20842,주민등록인구(B),인구 천명당 사업체수(등록기반)(시도/시/군/구),2024,2026-02-13,Buan-gun,부안군,명,101
행정구역별,143.2,35580,A,Each                          ,T10,DT_1YL20842,인구천명당 사업체수(A÷B×1000),인구 천명당 사업체수(등록기반)(시도/시/군/구),2020,2023-10-12,Buan-gun,부안군,개,101
행정구역별,151.1,35580,A,Each                          ,T10,DT_1YL20842,인구천명당 사업체수(A÷B×1000),인구 천명당 사업체수(등록기반)(시도/시/군/구),2021,2023-10-12,Buan-gun,부안군,개,101
행정구역별,152.7,35580,A,Each                          ,T10,DT_1YL20842,인구천명당 사업체수(A÷B×1000),인구 천명당 사업체수(등록기반)(시도/시/군/구),2022,2024-02-05,Buan-gun,부안군,개,101
행정구역별,161.8,35580,A,Each                          ,T10,DT_1YL20842,인구천명당 사업체수(A÷B×1000),인구 천명당 사업체수(등록기반)(시도/시/군/구),2023,2025-02-11,Buan-gun,부안군,개,101
행정구역별,181.1,35580,A,Each                          ,T10,DT_1YL20842,인구천명당 사업체수(A÷B×1000),인구 천명당 사업체수(등록기반)(시도/시/군/구),2024,2026-02-13,Buan-gun,부안군,개,101
행정구역별,228219.0,36,A,Each                          ,T001,DT_1YL20842,사업체수(A),인구 천명당 사업체수(등록기반)(시도/시/군/구),2020,2023-10-12,Jeollanam-do,전라남도,개,101
행정구역별,234688.0,36,A,Each                          ,T001,DT_1YL20842,사업체수(A),인구 천명당 사업체수(등록기반)(시도/시/군/구),2021,2023-10-12,Jeollanam-do,전라남도,개,101
행정구역별,236470.0,36,A,Each                          ,T001,DT_1YL20842,사업체수(A),인구 천명당 사업체수(등록기반)(시도/시/군/구),2022,2024-02-05,Jeollanam-do,전라남도,개,101
행정구역별,243020.0,36,A,Each                          ,T001,DT_1YL20842,사업체수(A),인구 천명당 사업체수(등록기반)(시도/시/군/구),2023,2025-02-11,Jeollanam-do,전라남도,개,101
행정구역별,253206.0,36,A,Each                          ,T001,DT_1YL20842,사업체수(A),인구 천명당 사업체수(등록기반)(시도/시/군/구),2024,2026-02-13,Jeollanam-do,전라남도,개,101
행정구역별,1851549.0,36,A,,T002,DT_1YL20842,주민등록인구(B),인구 천명당 사업체수(등록기반)(시도/시/군/구),2020,2023-10-12,Jeollanam-do,전라남도,명,101
행정구역별,1832803.0,36,A,,T002,DT_1YL20842,주민등록인구(B),인구 천명당 사업체수(등록기반)(시도/시/군/구),2021,2023-10-12,Jeollanam-do,전라남도,명,101
행정구역별,1817697.0,36,A,,T002,DT_1YL20842,주민등록인구(B),인구 천명당 사업체수(등록기반)(시도/시/군/구),2022,2024-02-05,Jeollanam-do,전라남도,명,101
행정구역별,1804217.0,36,A,,T002,DT_1YL20842,주민등록인구(B),인구 천명당 사업체수(등록기반)(시도/시/군/구),2023,2025-02-11,Jeollanam-do,전라남도,명,101
행정구역별,1788819.0,36,A,,T002,DT_1YL20842,주민등록인구(B),인구 천명당 사업체수(등록기반)(시도/시/군/구),2024,2026-02-13,Jeollanam-do,전라남도,명,101
행정구역별,123.3,36,A,Each                          ,T10,DT_1YL20842,인구천명당 사업체수(A÷B×1000),인구 천명당 사업체수(등록기반)(시도/시/군/구),2020,2023-10-12,Jeollanam-do,전라남도,개,101
행정구역별,128.0,36,A,Each                          ,T10,DT_1YL20842,인구천명당 사업체수(A÷B×1000),인구 천명당 사업체수(등록기반)(시도/시/군/구),2021,2023-10-12,Jeollanam-do,전라남도,개,101
행정구역별,130.1,36,A,Each                          ,T10,DT_1YL20842,인구천명당 사업체수(A÷B×1000),인구 천명당 사업체수(등록기반)(시도/시/군/구),2022,2024-02-05,Jeollanam-do,전라남도,개,101
행정구역별,134.7,36,A,Each                          ,T10,DT_1YL20842,인구천명당 사업체수(A÷B×1000),인구 천명당 사업체수(등록기반)(시도/시/군/구),2023,2025-02-11,Jeollanam-do,전라남도,개,101
행정구역별,141.5,36,A,Each                          ,T10,DT_1YL20842,인구천명당 사업체수(A÷B×1000),인구 천명당 사업체수(등록기반)(시도/시/군/구),2024,2026-02-13,Jeollanam-do,전라남도,개,101
행정구역별,28781.0,36010,A,Each                          ,T001,DT_1YL20842,사업체수(A),인구 천명당 사업체수(등록기반)(시도/시/군/구),2020,2023-10-12,Mokpo-si,목포시,개,101
행정구역별,29018.0,36010,A,Each                          ,T001,DT_1YL20842,사업체수(A),인구 천명당 사업체수(등록기반)(시도/시/군/구),2021,2023-10-12,Mokpo-si,목포시,개,101
행정구역별,28662.0,36010,A,Each                          ,T001,DT_1YL20842,사업체수(A),인구 천명당 사업체수(등록기반)(시도/시/군/구),2022,2024-02-05,Mokpo-si,목포시,개,101
행정구역별,28791.0,36010,A,Each                          ,T001,DT_1YL20842,사업체수(A),인구 천명당 사업체수(등록기반)(시도/시/군/구),2023,2025-02-11,Mokpo-si,목포시,개,101
행정구역별,28734.0,36010,A,Each                          ,T001,DT_1YL20842,사업체수(A),인구 천명당 사업체수(등록기반)(시도/시/군/구),2024,2026-02-13,Mokpo-si,목포시,개,101
행정구역별,224044.0,36010,A,,T002,DT_1YL20842,주민등록인구(B),인구 천명당 사업체수(등록기반)(시도/시/군/구),2020,2023-10-12,Mokpo-si,목포시,명,101
행정구역별,218589.0,36010,A,,T002,DT_1YL20842,주민등록인구(B),인구 천명당 사업체수(등록기반)(시도/시/군/구),2021,2023-10-12,Mokpo-si,목포시,명,101
행정구역별,216939.0,36010,A,,T002,DT_1YL20842,주민등록인구(B),인구 천명당 사업체수(등록기반)(시도/시/군/구),2022,2024-02-05,Mokpo-si,목포시,명,101
행정구역별,214156.0,36010,A,,T002,DT_1YL20842,주민등록인구(B),인구 천명당 사업체수(등록기반)(시도/시/군/구),2023,2025-02-11,Mokpo-si,목포시,명,101
행정구역별,209890.0,36010,A,,T002,DT_1YL20842,주민등록인구(B),인구 천명당 사업체수(등록기반)(시도/시/군/구),2024,2026-02-13,Mokpo-si,목포시,명,101
행정구역별,128.5,36010,A,Each                          ,T10,DT_1YL20842,인구천명당 사업체수(A÷B×1000),인구 천명당 사업체수(등록기반)(시도/시/군/구),2020,2023-10-12,Mokpo-si,목포시,개,101
행정구역별,132.8,36010,A,Each                          ,T10,DT_1YL20842,인구천명당 사업체수(A÷B×1000),인구 천명당 사업체수(등록기반)(시도/시/군/구),2021,2023-10-12,Mokpo-si,목포시,개,101
행정구역별,132.1,36010,A,Each                          ,T10,DT_1YL20842,인구천명당 사업체수(A÷B×1000),인구 천명당 사업체수(등록기반)(시도/시/군/구),2022,2024-02-05,Mokpo-si,목포시,개,101
행정구역별,134.4,36010,A,Each                          ,T10,DT_1YL20842,인구천명당 사업체수(A÷B×1000),인구 천명당 사업체수(등록기반)(시도/시/군/구),2023,2025-02-11,Mokpo-si,목포시,개,101
행정구역별,136.9,36010,A,Each                          ,T10,DT_1YL20842,인구천명당 사업체수(A÷B×1000),인구 천명당 사업체수(등록기반)(시도/시/군/구),2024,2026-02-13,Mokpo-si,목포시,개,101
행정구역별,33046.0,36020,A,Each                          ,T001,DT_1YL20842,사업체수(A),인구 천명당 사업체수(등록기반)(시도/시/군/구),2020,2023-10-12,Yeosu-si,여수시,개,101
행정구역별,33780.0,36020,A,Each                          ,T001,DT_1YL20842,사업체수(A),인구 천명당 사업체수(등록기반)(시도/시/군/구),2021,2023-10-12,Yeosu-si,여수시,개,101
행정구역별,34291.0,36020,A,Each                          ,T001,DT_1YL20842,사업체수(A),인구 천명당 사업체수(등록기반)(시도/시/군/구),2022,2024-02-05,Yeosu-si,여수시,개,101
행정구역별,34533.0,36020,A,Each                          ,T001,DT_1YL20842,사업체수(A),인구 천명당 사업체수(등록기반)(시도/시/군/구),2023,2025-02-11,Yeosu-si,여수시,개,101
행정구역별,35054.0,36020,A,Each                          ,T001,DT_1YL20842,사업체수(A),인구 천명당 사업체수(등록기반)(시도/시/군/구),2024,2026-02-13,Yeosu-si,여수시,개,101
행정구역별,280242.0,36020,A,,T002,DT_1YL20842,주민등록인구(B),인구 천명당 사업체수(등록기반)(시도/시/군/구),2020,2023-10-12,Yeosu-si,여수시,명,101
행정구역별,276762.0,36020,A,,T002,DT_1YL20842,주민등록인구(B),인구 천명당 사업체수(등록기반)(시도/시/군/구),2021,2023-10-12,Yeosu-si,여수시,명,101
행정구역별,274765.0,36020,A,,T002,DT_1YL20842,주민등록인구(B),인구 천명당 사업체수(등록기반)(시도/시/군/구),2022,2024-02-05,Yeosu-si,여수시,명,101
행정구역별,271696.0,36020,A,,T002,DT_1YL20842,주민등록인구(B),인구 천명당 사업체수(등록기반)(시도/시/군/구),2023,2025-02-11,Yeosu-si,여수시,명,101
행정구역별,267816.0,36020,A,,T002,DT_1YL20842,주민등록인구(B),인구 천명당 사업체수(등록기반)(시도/시/군/구),2024,2026-02-13,Yeosu-si,여수시,명,101
행정구역별,117.9,36020,A,Each                          ,T10,DT_1YL20842,인구천명당 사업체수(A÷B×1000),인구 천명당 사업체수(등록기반)(시도/시/군/구),2020,2023-10-12,Yeosu-si,여수시,개,101
행정구역별,122.1,36020,A,Each                          ,T10,DT_1YL20842,인구천명당 사업체수(A÷B×1000),인구 천명당 사업체수(등록기반)(시도/시/군/구),2021,2023-10-12,Yeosu-si,여수시,개,101
행정구역별,124.8,36020,A,Each                          ,T10,DT_1YL20842,인구천명당 사업체수(A÷B×1000),인구 천명당 사업체수(등록기반)(시도/시/군/구),2022,2024-02-05,Yeosu-si,여수시,개,101
행정구역별,127.1,36020,A,Each                          ,T10,DT_1YL20842,인구천명당 사업체수(A÷B×1000),인구 천명당 사업체수(등록기반)(시도/시/군/구),2023,2025-02-11,Yeosu-si,여수시,개,101
행정구역별,130.9,36020,A,Each                          ,T10,DT_1YL20842,인구천명당 사업체수(A÷B×1000),인구 천명당 사업체수(등록기반)(시도/시/군/구),2024,2026-02-13,Yeosu-si,여수시,개,101
행정구역별,31691.0,36030,A,Each                          ,T001,DT_1YL20842,사업체수(A),인구 천명당 사업체수(등록기반)(시도/시/군/구),2020,2023-10-12,Suncheon-si,순천시,개,101
행정구역별,32480.0,36030,A,Each                          ,T001,DT_1YL20842,사업체수(A),인구 천명당 사업체수(등록기반)(시도/시/군/구),2021,2023-10-12,Suncheon-si,순천시,개,101
행정구역별,32428.0,36030,A,Each                          ,T001,DT_1YL20842,사업체수(A),인구 천명당 사업체수(등록기반)(시도/시/군/구),2022,2024-02-05,Suncheon-si,순천시,개,101
행정구역별,32751.0,36030,A,Each                          ,T001,DT_1YL20842,사업체수(A),인구 천명당 사업체수(등록기반)(시도/시/군/구),2023,2025-02-11,Suncheon-si,순천시,개,101
행정구역별,34308.0,36030,A,Each                          ,T001,DT_1YL20842,사업체수(A),인구 천명당 사업체수(등록기반)(시도/시/군/구),2024,2026-02-13,Suncheon-si,순천시,개,101
행정구역별,282189.0,36030,A,,T002,DT_1YL20842,주민등록인구(B),인구 천명당 사업체수(등록기반)(시도/시/군/구),2020,2023-10-12,Suncheon-si,순천시,명,101
행정구역별,281436.0,36030,A,,T002,DT_1YL20842,주민등록인구(B),인구 천명당 사업체수(등록기반)(시도/시/군/구),2021,2023-10-12,Suncheon-si,순천시,명,101
행정구역별,278737.0,36030,A,,T002,DT_1YL20842,주민등록인구(B),인구 천명당 사업체수(등록기반)(시도/시/군/구),2022,2024-02-05,Suncheon-si,순천시,명,101
행정구역별,278137.0,36030,A,,T002,DT_1YL20842,주민등록인구(B),인구 천명당 사업체수(등록기반)(시도/시/군/구),2023,2025-02-11,Suncheon-si,순천시,명,101
행정구역별,276329.0,36030,A,,T002,DT_1YL20842,주민등록인구(B),인구 천명당 사업체수(등록기반)(시도/시/군/구),2024,2026-02-13,Suncheon-si,순천시,명,101
행정구역별,112.3,36030,A,Each                          ,T10,DT_1YL20842,인구천명당 사업체수(A÷B×1000),인구 천명당 사업체수(등록기반)(시도/시/군/구),2020,2023-10-12,Suncheon-si,순천시,개,101
행정구역별,115.4,36030,A,Each                          ,T10,DT_1YL20842,인구천명당 사업체수(A÷B×1000),인구 천명당 사업체수(등록기반)(시도/시/군/구),2021,2023-10-12,Suncheon-si,순천시,개,101
행정구역별,116.3,36030,A,Each                          ,T10,DT_1YL20842,인구천명당 사업체수(A÷B×1000),인구 천명당 사업체수(등록기반)(시도/시/군/구),2022,2024-02-05,Suncheon-si,순천시,개,101
행정구역별,117.8,36030,A,Each                          ,T10,DT_1YL20842,인구천명당 사업체수(A÷B×1000),인구 천명당 사업체수(등록기반)(시도/시/군/구),2023,2025-02-11,Suncheon-si,순천시,개,101
행정구역별,124.2,36030,A,Each                          ,T10,DT_1YL20842,인구천명당 사업체수(A÷B×1000),인구 천명당 사업체수(등록기반)(시도/시/군/구),2024,2026-02-13,Suncheon-si,순천시,개,101
행정구역별,14796.0,36040,A,Each                          ,T001,DT_1YL20842,사업체수(A),인구 천명당 사업체수(등록기반)(시도/시/군/구),2020,2023-10-12,Naju-si,나주시,개,101
행정구역별,15459.0,36040,A,Each                          ,T001,DT_1YL20842,사업체수(A),인구 천명당 사업체수(등록기반)(시도/시/군/구),2021,2023-10-12,Naju-si,나주시,개,101
행정구역별,15963.0,36040,A,Each                          ,T001,DT_1YL20842,사업체수(A),인구 천명당 사업체수(등록기반)(시도/시/군/구),2022,2024-02-05,Naju-si,나주시,개,101
행정구역별,16660.0,36040,A,Each                          ,T001,DT_1YL20842,사업체수(A),인구 천명당 사업체수(등록기반)(시도/시/군/구),2023,2025-02-11,Naju-si,나주시,개,101
행정구역별,17465.0,36040,A,Each                          ,T001,DT_1YL20842,사업체수(A),인구 천명당 사업체수(등록기반)(시도/시/군/구),2024,2026-02-13,Naju-si,나주시,개,101
행정구역별,115613.0,36040,A,,T002,DT_1YL20842,주민등록인구(B),인구 천명당 사업체수(등록기반)(시도/시/군/구),2020,2023-10-12,Naju-si,나주시,명,101
행정구역별,116726.0,36040,A,,T002,DT_1YL20842,주민등록인구(B),인구 천명당 사업체수(등록기반)(시도/시/군/구),2021,2023-10-12,Naju-si,나주시,명,101
행정구역별,116456.0,36040,A,,T002,DT_1YL20842,주민등록인구(B),인구 천명당 사업체수(등록기반)(시도/시/군/구),2022,2024-02-05,Naju-si,나주시,명,101
행정구역별,117377.0,36040,A,,T002,DT_1YL20842,주민등록인구(B),인구 천명당 사업체수(등록기반)(시도/시/군/구),2023,2025-02-11,Naju-si,나주시,명,101
행정구역별,116654.0,36040,A,,T002,DT_1YL20842,주민등록인구(B),인구 천명당 사업체수(등록기반)(시도/시/군/구),2024,2026-02-13,Naju-si,나주시,명,101
행정구역별,128.0,36040,A,Each                          ,T10,DT_1YL20842,인구천명당 사업체수(A÷B×1000),인구 천명당 사업체수(등록기반)(시도/시/군/구),2020,2023-10-12,Naju-si,나주시,개,101
행정구역별,132.4,36040,A,Each                          ,T10,DT_1YL20842,인구천명당 사업체수(A÷B×1000),인구 천명당 사업체수(등록기반)(시도/시/군/구),2021,2023-10-12,Naju-si,나주시,개,101
행정구역별,137.1,36040,A,Each                          ,T10,DT_1YL20842,인구천명당 사업체수(A÷B×1000),인구 천명당 사업체수(등록기반)(시도/시/군/구),2022,2024-02-05,Naju-si,나주시,개,101
행정구역별,141.9,36040,A,Each                          ,T10,DT_1YL20842,인구천명당 사업체수(A÷B×1000),인구 천명당 사업체수(등록기반)(시도/시/군/구),2023,2025-02-11,Naju-si,나주시,개,101
행정구역별,149.7,36040,A,Each                          ,T10,DT_1YL20842,인구천명당 사업체수(A÷B×1000),인구 천명당 사업체수(등록기반)(시도/시/군/구),2024,2026-02-13,Naju-si,나주시,개,101
행정구역별,18478.0,36060,A,Each                          ,T001,DT_1YL20842,사업체수(A),인구 천명당 사업체수(등록기반)(시도/시/군/구),2020,2023-10-12,Gwangyang-si,광양시,개,101
행정구역별,18979.0,36060,A,Each                          ,T001,DT_1YL20842,사업체수(A),인구 천명당 사업체수(등록기반)(시도/시/군/구),2021,2023-10-12,Gwangyang-si,광양시,개,101
행정구역별,19504.0,36060,A,Each                          ,T001,DT_1YL20842,사업체수(A),인구 천명당 사업체수(등록기반)(시도/시/군/구),2022,2024-02-05,Gwangyang-si,광양시,개,101
행정구역별,19613.0,36060,A,Each                          ,T001,DT_1YL20842,사업체수(A),인구 천명당 사업체수(등록기반)(시도/시/군/구),2023,2025-02-11,Gwangyang-si,광양시,개,101
행정구역별,19865.0,36060,A,Each                          ,T001,DT_1YL20842,사업체수(A),인구 천명당 사업체수(등록기반)(시도/시/군/구),2024,2026-02-13,Gwangyang-si,광양시,개,101
행정구역별,151769.0,36060,A,,T002,DT_1YL20842,주민등록인구(B),인구 천명당 사업체수(등록기반)(시도/시/군/구),2020,2023-10-12,Gwangyang-si,광양시,명,101
행정구역별,150531.0,36060,A,,T002,DT_1YL20842,주민등록인구(B),인구 천명당 사업체수(등록기반)(시도/시/군/구),2021,2023-10-12,Gwangyang-si,광양시,명,101
행정구역별,152168.0,36060,A,,T002,DT_1YL20842,주민등록인구(B),인구 천명당 사업체수(등록기반)(시도/시/군/구),2022,2024-02-05,Gwangyang-si,광양시,명,101
행정구역별,152666.0,36060,A,,T002,DT_1YL20842,주민등록인구(B),인구 천명당 사업체수(등록기반)(시도/시/군/구),2023,2025-02-11,Gwangyang-si,광양시,명,101
행정구역별,154692.0,36060,A,,T002,DT_1YL20842,주민등록인구(B),인구 천명당 사업체수(등록기반)(시도/시/군/구),2024,2026-02-13,Gwangyang-si,광양시,명,101
행정구역별,121.8,36060,A,Each                          ,T10,DT_1YL20842,인구천명당 사업체수(A÷B×1000),인구 천명당 사업체수(등록기반)(시도/시/군/구),2020,2023-10-12,Gwangyang-si,광양시,개,101
행정구역별,126.1,36060,A,Each                          ,T10,DT_1YL20842,인구천명당 사업체수(A÷B×1000),인구 천명당 사업체수(등록기반)(시도/시/군/구),2021,2023-10-12,Gwangyang-si,광양시,개,101
행정구역별,128.2,36060,A,Each                          ,T10,DT_1YL20842,인구천명당 사업체수(A÷B×1000),인구 천명당 사업체수(등록기반)(시도/시/군/구),2022,2024-02-05,Gwangyang-si,광양시,개,101
행정구역별,128.5,36060,A,Each                          ,T10,DT_1YL20842,인구천명당 사업체수(A÷B×1000),인구 천명당 사업체수(등록기반)(시도/시/군/구),2023,2025-02-11,Gwangyang-si,광양시,개,101
행정구역별,128.4,36060,A,Each                          ,T10,DT_1YL20842,인구천명당 사업체수(A÷B×1000),인구 천명당 사업체수(등록기반)(시도/시/군/구),2024,2026-02-13,Gwangyang-si,광양시,개,101
행정구역별,6783.0,36510,A,Each                          ,T001,DT_1YL20842,사업체수(A),인구 천명당 사업체수(등록기반)(시도/시/군/구),2020,2023-10-12,Damyang-gun,담양군,개,101
행정구역별,6922.0,36510,A,Each                          ,T001,DT_1YL20842,사업체수(A),인구 천명당 사업체수(등록기반)(시도/시/군/구),2021,2023-10-12,Damyang-gun,담양군,개,101
행정구역별,6992.0,36510,A,Each                          ,T001,DT_1YL20842,사업체수(A),인구 천명당 사업체수(등록기반)(시도/시/군/구),2022,2024-02-05,Damyang-gun,담양군,개,101
행정구역별,7332.0,36510,A,Each                          ,T001,DT_1YL20842,사업체수(A),인구 천명당 사업체수(등록기반)(시도/시/군/구),2023,2025-02-11,Damyang-gun,담양군,개,101
행정구역별,7867.0,36510,A,Each                          ,T001,DT_1YL20842,사업체수(A),인구 천명당 사업체수(등록기반)(시도/시/군/구),2024,2026-02-13,Damyang-gun,담양군,개,101
행정구역별,46280.0,36510,A,,T002,DT_1YL20842,주민등록인구(B),인구 천명당 사업체수(등록기반)(시도/시/군/구),2020,2023-10-12,Damyang-gun,담양군,명,101
행정구역별,46180.0,36510,A,,T002,DT_1YL20842,주민등록인구(B),인구 천명당 사업체수(등록기반)(시도/시/군/구),2021,2023-10-12,Damyang-gun,담양군,명,101
행정구역별,45792.0,36510,A,,T002,DT_1YL20842,주민등록인구(B),인구 천명당 사업체수(등록기반)(시도/시/군/구),2022,2024-02-05,Damyang-gun,담양군,명,101
행정구역별,45373.0,36510,A,,T002,DT_1YL20842,주민등록인구(B),인구 천명당 사업체수(등록기반)(시도/시/군/구),2023,2025-02-11,Damyang-gun,담양군,명,101
행정구역별,44623.0,36510,A,,T002,DT_1YL20842,주민등록인구(B),인구 천명당 사업체수(등록기반)(시도/시/군/구),2024,2026-02-13,Damyang-gun,담양군,명,101
행정구역별,146.6,36510,A,Each                          ,T10,DT_1YL20842,인구천명당 사업체수(A÷B×1000),인구 천명당 사업체수(등록기반)(시도/시/군/구),2020,2023-10-12,Damyang-gun,담양군,개,101
행정구역별,149.9,36510,A,Each                          ,T10,DT_1YL20842,인구천명당 사업체수(A÷B×1000),인구 천명당 사업체수(등록기반)(시도/시/군/구),2021,2023-10-12,Damyang-gun,담양군,개,101
행정구역별,152.7,36510,A,Each                          ,T10,DT_1YL20842,인구천명당 사업체수(A÷B×1000),인구 천명당 사업체수(등록기반)(시도/시/군/구),2022,2024-02-05,Damyang-gun,담양군,개,101
행정구역별,161.6,36510,A,Each                          ,T10,DT_1YL20842,인구천명당 사업체수(A÷B×1000),인구 천명당 사업체수(등록기반)(시도/시/군/구),2023,2025-02-11,Damyang-gun,담양군,개,101
행정구역별,176.3,36510,A,Each                          ,T10,DT_1YL20842,인구천명당 사업체수(A÷B×1000),인구 천명당 사업체수(등록기반)(시도/시/군/구),2024,2026-02-13,Damyang-gun,담양군,개,101
행정구역별,3554.0,36520,A,Each                          ,T001,DT_1YL20842,사업체수(A),인구 천명당 사업체수(등록기반)(시도/시/군/구),2020,2023-10-12,Gokseong-gun,곡성군,개,101
행정구역별,3716.0,36520,A,Each                          ,T001,DT_1YL20842,사업체수(A),인구 천명당 사업체수(등록기반)(시도/시/군/구),2021,2023-10-12,Gokseong-gun,곡성군,개,101
행정구역별,3721.0,36520,A,Each                          ,T001,DT_1YL20842,사업체수(A),인구 천명당 사업체수(등록기반)(시도/시/군/구),2022,2024-02-05,Gokseong-gun,곡성군,개,101
행정구역별,3899.0,36520,A,Each                          ,T001,DT_1YL20842,사업체수(A),인구 천명당 사업체수(등록기반)(시도/시/군/구),2023,2025-02-11,Gokseong-gun,곡성군,개,101
행정구역별,4076.0,36520,A,Each                          ,T001,DT_1YL20842,사업체수(A),인구 천명당 사업체수(등록기반)(시도/시/군/구),2024,2026-02-13,Gokseong-gun,곡성군,개,101
행정구역별,28039.0,36520,A,,T002,DT_1YL20842,주민등록인구(B),인구 천명당 사업체수(등록기반)(시도/시/군/구),2020,2023-10-12,Gokseong-gun,곡성군,명,101
행정구역별,27535.0,36520,A,,T002,DT_1YL20842,주민등록인구(B),인구 천명당 사업체수(등록기반)(시도/시/군/구),2021,2023-10-12,Gokseong-gun,곡성군,명,101
행정구역별,27060.0,36520,A,,T002,DT_1YL20842,주민등록인구(B),인구 천명당 사업체수(등록기반)(시도/시/군/구),2022,2024-02-05,Gokseong-gun,곡성군,명,101
행정구역별,26905.0,36520,A,,T002,DT_1YL20842,주민등록인구(B),인구 천명당 사업체수(등록기반)(시도/시/군/구),2023,2025-02-11,Gokseong-gun,곡성군,명,101
행정구역별,26566.0,36520,A,,T002,DT_1YL20842,주민등록인구(B),인구 천명당 사업체수(등록기반)(시도/시/군/구),2024,2026-02-13,Gokseong-gun,곡성군,명,101
행정구역별,126.8,36520,A,Each                          ,T10,DT_1YL20842,인구천명당 사업체수(A÷B×1000),인구 천명당 사업체수(등록기반)(시도/시/군/구),2020,2023-10-12,Gokseong-gun,곡성군,개,101
행정구역별,135.0,36520,A,Each                          ,T10,DT_1YL20842,인구천명당 사업체수(A÷B×1000),인구 천명당 사업체수(등록기반)(시도/시/군/구),2021,2023-10-12,Gokseong-gun,곡성군,개,101
행정구역별,137.5,36520,A,Each                          ,T10,DT_1YL20842,인구천명당 사업체수(A÷B×1000),인구 천명당 사업체수(등록기반)(시도/시/군/구),2022,2024-02-05,Gokseong-gun,곡성군,개,101
행정구역별,144.9,36520,A,Each                          ,T10,DT_1YL20842,인구천명당 사업체수(A÷B×1000),인구 천명당 사업체수(등록기반)(시도/시/군/구),2023,2025-02-11,Gokseong-gun,곡성군,개,101
행정구역별,153.4,36520,A,Each                          ,T10,DT_1YL20842,인구천명당 사업체수(A÷B×1000),인구 천명당 사업체수(등록기반)(시도/시/군/구),2024,2026-02-13,Gokseong-gun,곡성군,개,101
행정구역별,3163.0,36530,A,Each                          ,T001,DT_1YL20842,사업체수(A),인구 천명당 사업체수(등록기반)(시도/시/군/구),2020,2023-10-12,Gurye-gun,구례군,개,101
행정구역별,3233.0,36530,A,Each                          ,T001,DT_1YL20842,사업체수(A),인구 천명당 사업체수(등록기반)(시도/시/군/구),2021,2023-10-12,Gurye-gun,구례군,개,101
행정구역별,3281.0,36530,A,Each                          ,T001,DT_1YL20842,사업체수(A),인구 천명당 사업체수(등록기반)(시도/시/군/구),2022,2024-02-05,Gurye-gun,구례군,개,101
행정구역별,3462.0,36530,A,Each                          ,T001,DT_1YL20842,사업체수(A),인구 천명당 사업체수(등록기반)(시도/시/군/구),2023,2025-02-11,Gurye-gun,구례군,개,101
행정구역별,3538.0,36530,A,Each                          ,T001,DT_1YL20842,사업체수(A),인구 천명당 사업체수(등록기반)(시도/시/군/구),2024,2026-02-13,Gurye-gun,구례군,개,101
행정구역별,25719.0,36530,A,,T002,DT_1YL20842,주민등록인구(B),인구 천명당 사업체수(등록기반)(시도/시/군/구),2020,2023-10-12,Gurye-gun,구례군,명,101
행정구역별,25235.0,36530,A,,T002,DT_1YL20842,주민등록인구(B),인구 천명당 사업체수(등록기반)(시도/시/군/구),2021,2023-10-12,Gurye-gun,구례군,명,101
행정구역별,24655.0,36530,A,,T002,DT_1YL20842,주민등록인구(B),인구 천명당 사업체수(등록기반)(시도/시/군/구),2022,2024-02-05,Gurye-gun,구례군,명,101
행정구역별,24314.0,36530,A,,T002,DT_1YL20842,주민등록인구(B),인구 천명당 사업체수(등록기반)(시도/시/군/구),2023,2025-02-11,Gurye-gun,구례군,명,101
행정구역별,24025.0,36530,A,,T002,DT_1YL20842,주민등록인구(B),인구 천명당 사업체수(등록기반)(시도/시/군/구),2024,2026-02-13,Gurye-gun,구례군,명,101
행정구역별,123.0,36530,A,Each                          ,T10,DT_1YL20842,인구천명당 사업체수(A÷B×1000),인구 천명당 사업체수(등록기반)(시도/시/군/구),2020,2023-10-12,Gurye-gun,구례군,개,101
행정구역별,128.1,36530,A,Each                          ,T10,DT_1YL20842,인구천명당 사업체수(A÷B×1000),인구 천명당 사업체수(등록기반)(시도/시/군/구),2021,2023-10-12,Gurye-gun,구례군,개,101
행정구역별,133.1,36530,A,Each                          ,T10,DT_1YL20842,인구천명당 사업체수(A÷B×1000),인구 천명당 사업체수(등록기반)(시도/시/군/구),2022,2024-02-05,Gurye-gun,구례군,개,101
행정구역별,142.4,36530,A,Each                          ,T10,DT_1YL20842,인구천명당 사업체수(A÷B×1000),인구 천명당 사업체수(등록기반)(시도/시/군/구),2023,2025-02-11,Gurye-gun,구례군,개,101
행정구역별,147.3,36530,A,Each                          ,T10,DT_1YL20842,인구천명당 사업체수(A÷B×1000),인구 천명당 사업체수(등록기반)(시도/시/군/구),2024,2026-02-13,Gurye-gun,구례군,개,101
행정구역별,7555.0,36550,A,Each                          ,T001,DT_1YL20842,사업체수(A),인구 천명당 사업체수(등록기반)(시도/시/군/구),2020,2023-10-12,Goheung-gun,고흥군,개,101
행정구역별,7933.0,36550,A,Each                          ,T001,DT_1YL20842,사업체수(A),인구 천명당 사업체수(등록기반)(시도/시/군/구),2021,2023-10-12,Goheung-gun,고흥군,개,101
행정구역별,7681.0,36550,A,Each                          ,T001,DT_1YL20842,사업체수(A),인구 천명당 사업체수(등록기반)(시도/시/군/구),2022,2024-02-05,Goheung-gun,고흥군,개,101
행정구역별,8237.0,36550,A,Each                          ,T001,DT_1YL20842,사업체수(A),인구 천명당 사업체수(등록기반)(시도/시/군/구),2023,2025-02-11,Goheung-gun,고흥군,개,101
행정구역별,8816.0,36550,A,Each                          ,T001,DT_1YL20842,사업체수(A),인구 천명당 사업체수(등록기반)(시도/시/군/구),2024,2026-02-13,Goheung-gun,고흥군,개,101
행정구역별,63922.0,36550,A,,T002,DT_1YL20842,주민등록인구(B),인구 천명당 사업체수(등록기반)(시도/시/군/구),2020,2023-10-12,Goheung-gun,고흥군,명,101
행정구역별,62762.0,36550,A,,T002,DT_1YL20842,주민등록인구(B),인구 천명당 사업체수(등록기반)(시도/시/군/구),2021,2023-10-12,Goheung-gun,고흥군,명,101
행정구역별,61880.0,36550,A,,T002,DT_1YL20842,주민등록인구(B),인구 천명당 사업체수(등록기반)(시도/시/군/구),2022,2024-02-05,Goheung-gun,고흥군,명,101
행정구역별,61113.0,36550,A,,T002,DT_1YL20842,주민등록인구(B),인구 천명당 사업체수(등록기반)(시도/시/군/구),2023,2025-02-11,Goheung-gun,고흥군,명,101
행정구역별,60190.0,36550,A,,T002,DT_1YL20842,주민등록인구(B),인구 천명당 사업체수(등록기반)(시도/시/군/구),2024,2026-02-13,Goheung-gun,고흥군,명,101
행정구역별,118.2,36550,A,Each                          ,T10,DT_1YL20842,인구천명당 사업체수(A÷B×1000),인구 천명당 사업체수(등록기반)(시도/시/군/구),2020,2023-10-12,Goheung-gun,고흥군,개,101
행정구역별,126.4,36550,A,Each                          ,T10,DT_1YL20842,인구천명당 사업체수(A÷B×1000),인구 천명당 사업체수(등록기반)(시도/시/군/구),2021,2023-10-12,Goheung-gun,고흥군,개,101
행정구역별,124.1,36550,A,Each                          ,T10,DT_1YL20842,인구천명당 사업체수(A÷B×1000),인구 천명당 사업체수(등록기반)(시도/시/군/구),2022,2024-02-05,Goheung-gun,고흥군,개,101
행정구역별,134.8,36550,A,Each                          ,T10,DT_1YL20842,인구천명당 사업체수(A÷B×1000),인구 천명당 사업체수(등록기반)(시도/시/군/구),2023,2025-02-11,Goheung-gun,고흥군,개,101
행정구역별,146.5,36550,A,Each                          ,T10,DT_1YL20842,인구천명당 사업체수(A÷B×1000),인구 천명당 사업체수(등록기반)(시도/시/군/구),2024,2026-02-13,Goheung-gun,고흥군,개,101
행정구역별,5030.0,36560,A,Each                          ,T001,DT_1YL20842,사업체수(A),인구 천명당 사업체수(등록기반)(시도/시/군/구),2020,2023-10-12,Boseong-gun,보성군,개,101
행정구역별,5129.0,36560,A,Each                          ,T001,DT_1YL20842,사업체수(A),인구 천명당 사업체수(등록기반)(시도/시/군/구),2021,2023-10-12,Boseong-gun,보성군,개,101
행정구역별,5088.0,36560,A,Each                          ,T001,DT_1YL20842,사업체수(A),인구 천명당 사업체수(등록기반)(시도/시/군/구),2022,2024-02-05,Boseong-gun,보성군,개,101
행정구역별,5412.0,36560,A,Each                          ,T001,DT_1YL20842,사업체수(A),인구 천명당 사업체수(등록기반)(시도/시/군/구),2023,2025-02-11,Boseong-gun,보성군,개,101
행정구역별,5645.0,36560,A,Each                          ,T001,DT_1YL20842,사업체수(A),인구 천명당 사업체수(등록기반)(시도/시/군/구),2024,2026-02-13,Boseong-gun,보성군,개,101
행정구역별,40482.0,36560,A,,T002,DT_1YL20842,주민등록인구(B),인구 천명당 사업체수(등록기반)(시도/시/군/구),2020,2023-10-12,Boseong-gun,보성군,명,101
행정구역별,39375.0,36560,A,,T002,DT_1YL20842,주민등록인구(B),인구 천명당 사업체수(등록기반)(시도/시/군/구),2021,2023-10-12,Boseong-gun,보성군,명,101
행정구역별,38471.0,36560,A,,T002,DT_1YL20842,주민등록인구(B),인구 천명당 사업체수(등록기반)(시도/시/군/구),2022,2024-02-05,Boseong-gun,보성군,명,101
행정구역별,37686.0,36560,A,,T002,DT_1YL20842,주민등록인구(B),인구 천명당 사업체수(등록기반)(시도/시/군/구),2023,2025-02-11,Boseong-gun,보성군,명,101
행정구역별,37045.0,36560,A,,T002,DT_1YL20842,주민등록인구(B),인구 천명당 사업체수(등록기반)(시도/시/군/구),2024,2026-02-13,Boseong-gun,보성군,명,101
행정구역별,124.3,36560,A,Each                          ,T10,DT_1YL20842,인구천명당 사업체수(A÷B×1000),인구 천명당 사업체수(등록기반)(시도/시/군/구),2020,2023-10-12,Boseong-gun,보성군,개,101
행정구역별,130.3,36560,A,Each                          ,T10,DT_1YL20842,인구천명당 사업체수(A÷B×1000),인구 천명당 사업체수(등록기반)(시도/시/군/구),2021,2023-10-12,Boseong-gun,보성군,개,101
행정구역별,132.3,36560,A,Each                          ,T10,DT_1YL20842,인구천명당 사업체수(A÷B×1000),인구 천명당 사업체수(등록기반)(시도/시/군/구),2022,2024-02-05,Boseong-gun,보성군,개,101
행정구역별,143.6,36560,A,Each                          ,T10,DT_1YL20842,인구천명당 사업체수(A÷B×1000),인구 천명당 사업체수(등록기반)(시도/시/군/구),2023,2025-02-11,Boseong-gun,보성군,개,101
행정구역별,152.4,36560,A,Each                          ,T10,DT_1YL20842,인구천명당 사업체수(A÷B×1000),인구 천명당 사업체수(등록기반)(시도/시/군/구),2024,2026-02-13,Boseong-gun,보성군,개,101
행정구역별,7395.0,36570,A,Each                          ,T001,DT_1YL20842,사업체수(A),인구 천명당 사업체수(등록기반)(시도/시/군/구),2020,2023-10-12,Hwasun-gun,화순군,개,101
행정구역별,7649.0,36570,A,Each                          ,T001,DT_1YL20842,사업체수(A),인구 천명당 사업체수(등록기반)(시도/시/군/구),2021,2023-10-12,Hwasun-gun,화순군,개,101
행정구역별,8008.0,36570,A,Each                          ,T001,DT_1YL20842,사업체수(A),인구 천명당 사업체수(등록기반)(시도/시/군/구),2022,2024-02-05,Hwasun-gun,화순군,개,101
행정구역별,8226.0,36570,A,Each                          ,T001,DT_1YL20842,사업체수(A),인구 천명당 사업체수(등록기반)(시도/시/군/구),2023,2025-02-11,Hwasun-gun,화순군,개,101
행정구역별,8419.0,36570,A,Each                          ,T001,DT_1YL20842,사업체수(A),인구 천명당 사업체수(등록기반)(시도/시/군/구),2024,2026-02-13,Hwasun-gun,화순군,개,101
행정구역별,62522.0,36570,A,,T002,DT_1YL20842,주민등록인구(B),인구 천명당 사업체수(등록기반)(시도/시/군/구),2020,2023-10-12,Hwasun-gun,화순군,명,101
행정구역별,62624.0,36570,A,,T002,DT_1YL20842,주민등록인구(B),인구 천명당 사업체수(등록기반)(시도/시/군/구),2021,2023-10-12,Hwasun-gun,화순군,명,101
행정구역별,62024.0,36570,A,,T002,DT_1YL20842,주민등록인구(B),인구 천명당 사업체수(등록기반)(시도/시/군/구),2022,2024-02-05,Hwasun-gun,화순군,명,101
행정구역별,61254.0,36570,A,,T002,DT_1YL20842,주민등록인구(B),인구 천명당 사업체수(등록기반)(시도/시/군/구),2023,2025-02-11,Hwasun-gun,화순군,명,101
행정구역별,60735.0,36570,A,,T002,DT_1YL20842,주민등록인구(B),인구 천명당 사업체수(등록기반)(시도/시/군/구),2024,2026-02-13,Hwasun-gun,화순군,명,101
행정구역별,118.3,36570,A,Each                          ,T10,DT_1YL20842,인구천명당 사업체수(A÷B×1000),인구 천명당 사업체수(등록기반)(시도/시/군/구),2020,2023-10-12,Hwasun-gun,화순군,개,101
행정구역별,122.1,36570,A,Each                          ,T10,DT_1YL20842,인구천명당 사업체수(A÷B×1000),인구 천명당 사업체수(등록기반)(시도/시/군/구),2021,2023-10-12,Hwasun-gun,화순군,개,101
행정구역별,129.1,36570,A,Each                          ,T10,DT_1YL20842,인구천명당 사업체수(A÷B×1000),인구 천명당 사업체수(등록기반)(시도/시/군/구),2022,2024-02-05,Hwasun-gun,화순군,개,101
행정구역별,134.3,36570,A,Each                          ,T10,DT_1YL20842,인구천명당 사업체수(A÷B×1000),인구 천명당 사업체수(등록기반)(시도/시/군/구),2023,2025-02-11,Hwasun-gun,화순군,개,101
행정구역별,138.6,36570,A,Each                          ,T10,DT_1YL20842,인구천명당 사업체수(A÷B×1000),인구 천명당 사업체수(등록기반)(시도/시/군/구),2024,2026-02-13,Hwasun-gun,화순군,개,101
행정구역별,4789.0,36580,A,Each                          ,T001,DT_1YL20842,사업체수(A),인구 천명당 사업체수(등록기반)(시도/시/군/구),2020,2023-10-12,Jangheung-gun,장흥군,개,101
행정구역별,4934.0,36580,A,Each                          ,T001,DT_1YL20842,사업체수(A),인구 천명당 사업체수(등록기반)(시도/시/군/구),2021,2023-10-12,Jangheung-gun,장흥군,개,101
행정구역별,5125.0,36580,A,Each                          ,T001,DT_1YL20842,사업체수(A),인구 천명당 사업체수(등록기반)(시도/시/군/구),2022,2024-02-05,Jangheung-gun,장흥군,개,101
행정구역별,5372.0,36580,A,Each                          ,T001,DT_1YL20842,사업체수(A),인구 천명당 사업체수(등록기반)(시도/시/군/구),2023,2025-02-11,Jangheung-gun,장흥군,개,101
행정구역별,5811.0,36580,A,Each                          ,T001,DT_1YL20842,사업체수(A),인구 천명당 사업체수(등록기반)(시도/시/군/구),2024,2026-02-13,Jangheung-gun,장흥군,개,101
행정구역별,37800.0,36580,A,,T002,DT_1YL20842,주민등록인구(B),인구 천명당 사업체수(등록기반)(시도/시/군/구),2020,2023-10-12,Jangheung-gun,장흥군,명,101
행정구역별,36547.0,36580,A,,T002,DT_1YL20842,주민등록인구(B),인구 천명당 사업체수(등록기반)(시도/시/군/구),2021,2023-10-12,Jangheung-gun,장흥군,명,101
행정구역별,35650.0,36580,A,,T002,DT_1YL20842,주민등록인구(B),인구 천명당 사업체수(등록기반)(시도/시/군/구),2022,2024-02-05,Jangheung-gun,장흥군,명,101
행정구역별,35046.0,36580,A,,T002,DT_1YL20842,주민등록인구(B),인구 천명당 사업체수(등록기반)(시도/시/군/구),2023,2025-02-11,Jangheung-gun,장흥군,명,101
행정구역별,34451.0,36580,A,,T002,DT_1YL20842,주민등록인구(B),인구 천명당 사업체수(등록기반)(시도/시/군/구),2024,2026-02-13,Jangheung-gun,장흥군,명,101
행정구역별,126.7,36580,A,Each                          ,T10,DT_1YL20842,인구천명당 사업체수(A÷B×1000),인구 천명당 사업체수(등록기반)(시도/시/군/구),2020,2023-10-12,Jangheung-gun,장흥군,개,101
행정구역별,135.0,36580,A,Each                          ,T10,DT_1YL20842,인구천명당 사업체수(A÷B×1000),인구 천명당 사업체수(등록기반)(시도/시/군/구),2021,2023-10-12,Jangheung-gun,장흥군,개,101
행정구역별,143.8,36580,A,Each                          ,T10,DT_1YL20842,인구천명당 사업체수(A÷B×1000),인구 천명당 사업체수(등록기반)(시도/시/군/구),2022,2024-02-05,Jangheung-gun,장흥군,개,101
행정구역별,153.3,36580,A,Each                          ,T10,DT_1YL20842,인구천명당 사업체수(A÷B×1000),인구 천명당 사업체수(등록기반)(시도/시/군/구),2023,2025-02-11,Jangheung-gun,장흥군,개,101
행정구역별,168.7,36580,A,Each                          ,T10,DT_1YL20842,인구천명당 사업체수(A÷B×1000),인구 천명당 사업체수(등록기반)(시도/시/군/구),2024,2026-02-13,Jangheung-gun,장흥군,개,101
행정구역별,5457.0,36590,A,Each                          ,T001,DT_1YL20842,사업체수(A),인구 천명당 사업체수(등록기반)(시도/시/군/구),2020,2023-10-12,Gangjin-gun,강진군,개,101
행정구역별,5615.0,36590,A,Each                          ,T001,DT_1YL20842,사업체수(A),인구 천명당 사업체수(등록기반)(시도/시/군/구),2021,2023-10-12,Gangjin-gun,강진군,개,101
행정구역별,5579.0,36590,A,Each                          ,T001,DT_1YL20842,사업체수(A),인구 천명당 사업체수(등록기반)(시도/시/군/구),2022,2024-02-05,Gangjin-gun,강진군,개,101
행정구역별,5876.0,36590,A,Each                          ,T001,DT_1YL20842,사업체수(A),인구 천명당 사업체수(등록기반)(시도/시/군/구),2023,2025-02-11,Gangjin-gun,강진군,개,101
행정구역별,6180.0,36590,A,Each                          ,T001,DT_1YL20842,사업체수(A),인구 천명당 사업체수(등록기반)(시도/시/군/구),2024,2026-02-13,Gangjin-gun,강진군,개,101
행정구역별,34597.0,36590,A,,T002,DT_1YL20842,주민등록인구(B),인구 천명당 사업체수(등록기반)(시도/시/군/구),2020,2023-10-12,Gangjin-gun,강진군,명,101
행정구역별,33753.0,36590,A,,T002,DT_1YL20842,주민등록인구(B),인구 천명당 사업체수(등록기반)(시도/시/군/구),2021,2023-10-12,Gangjin-gun,강진군,명,101
행정구역별,33177.0,36590,A,,T002,DT_1YL20842,주민등록인구(B),인구 천명당 사업체수(등록기반)(시도/시/군/구),2022,2024-02-05,Gangjin-gun,강진군,명,101
행정구역별,32722.0,36590,A,,T002,DT_1YL20842,주민등록인구(B),인구 천명당 사업체수(등록기반)(시도/시/군/구),2023,2025-02-11,Gangjin-gun,강진군,명,101
행정구역별,32189.0,36590,A,,T002,DT_1YL20842,주민등록인구(B),인구 천명당 사업체수(등록기반)(시도/시/군/구),2024,2026-02-13,Gangjin-gun,강진군,명,101
행정구역별,157.7,36590,A,Each                          ,T10,DT_1YL20842,인구천명당 사업체수(A÷B×1000),인구 천명당 사업체수(등록기반)(시도/시/군/구),2020,2023-10-12,Gangjin-gun,강진군,개,101
행정구역별,166.4,36590,A,Each                          ,T10,DT_1YL20842,인구천명당 사업체수(A÷B×1000),인구 천명당 사업체수(등록기반)(시도/시/군/구),2021,2023-10-12,Gangjin-gun,강진군,개,101
행정구역별,168.2,36590,A,Each                          ,T10,DT_1YL20842,인구천명당 사업체수(A÷B×1000),인구 천명당 사업체수(등록기반)(시도/시/군/구),2022,2024-02-05,Gangjin-gun,강진군,개,101
행정구역별,179.6,36590,A,Each                          ,T10,DT_1YL20842,인구천명당 사업체수(A÷B×1000),인구 천명당 사업체수(등록기반)(시도/시/군/구),2023,2025-02-11,Gangjin-gun,강진군,개,101
행정구역별,192.0,36590,A,Each                          ,T10,DT_1YL20842,인구천명당 사업체수(A÷B×1000),인구 천명당 사업체수(등록기반)(시도/시/군/구),2024,2026-02-13,Gangjin-gun,강진군,개,101
행정구역별,8903.0,36600,A,Each                          ,T001,DT_1YL20842,사업체수(A),인구 천명당 사업체수(등록기반)(시도/시/군/구),2020,2023-10-12,Haenam-gun,해남군,개,101
행정구역별,9246.0,36600,A,Each                          ,T001,DT_1YL20842,사업체수(A),인구 천명당 사업체수(등록기반)(시도/시/군/구),2021,2023-10-12,Haenam-gun,해남군,개,101
행정구역별,8971.0,36600,A,Each                          ,T001,DT_1YL20842,사업체수(A),인구 천명당 사업체수(등록기반)(시도/시/군/구),2022,2024-02-05,Haenam-gun,해남군,개,101
행정구역별,9423.0,36600,A,Each                          ,T001,DT_1YL20842,사업체수(A),인구 천명당 사업체수(등록기반)(시도/시/군/구),2023,2025-02-11,Haenam-gun,해남군,개,101
행정구역별,10432.0,36600,A,Each                          ,T001,DT_1YL20842,사업체수(A),인구 천명당 사업체수(등록기반)(시도/시/군/구),2024,2026-02-13,Haenam-gun,해남군,개,101
행정구역별,68806.0,36600,A,,T002,DT_1YL20842,주민등록인구(B),인구 천명당 사업체수(등록기반)(시도/시/군/구),2020,2023-10-12,Haenam-gun,해남군,명,101
행정구역별,67166.0,36600,A,,T002,DT_1YL20842,주민등록인구(B),인구 천명당 사업체수(등록기반)(시도/시/군/구),2021,2023-10-12,Haenam-gun,해남군,명,101
행정구역별,65831.0,36600,A,,T002,DT_1YL20842,주민등록인구(B),인구 천명당 사업체수(등록기반)(시도/시/군/구),2022,2024-02-05,Haenam-gun,해남군,명,101
행정구역별,64575.0,36600,A,,T002,DT_1YL20842,주민등록인구(B),인구 천명당 사업체수(등록기반)(시도/시/군/구),2023,2025-02-11,Haenam-gun,해남군,명,101
행정구역별,63120.0,36600,A,,T002,DT_1YL20842,주민등록인구(B),인구 천명당 사업체수(등록기반)(시도/시/군/구),2024,2026-02-13,Haenam-gun,해남군,명,101
행정구역별,129.4,36600,A,Each                          ,T10,DT_1YL20842,인구천명당 사업체수(A÷B×1000),인구 천명당 사업체수(등록기반)(시도/시/군/구),2020,2023-10-12,Haenam-gun,해남군,개,101
행정구역별,137.7,36600,A,Each                          ,T10,DT_1YL20842,인구천명당 사업체수(A÷B×1000),인구 천명당 사업체수(등록기반)(시도/시/군/구),2021,2023-10-12,Haenam-gun,해남군,개,101
행정구역별,136.3,36600,A,Each                          ,T10,DT_1YL20842,인구천명당 사업체수(A÷B×1000),인구 천명당 사업체수(등록기반)(시도/시/군/구),2022,2024-02-05,Haenam-gun,해남군,개,101
행정구역별,145.9,36600,A,Each                          ,T10,DT_1YL20842,인구천명당 사업체수(A÷B×1000),인구 천명당 사업체수(등록기반)(시도/시/군/구),2023,2025-02-11,Haenam-gun,해남군,개,101
행정구역별,165.3,36600,A,Each                          ,T10,DT_1YL20842,인구천명당 사업체수(A÷B×1000),인구 천명당 사업체수(등록기반)(시도/시/군/구),2024,2026-02-13,Haenam-gun,해남군,개,101
행정구역별,7769.0,36610,A,Each                          ,T001,DT_1YL20842,사업체수(A),인구 천명당 사업체수(등록기반)(시도/시/군/구),2020,2023-10-12,Yeongam-gun,영암군,개,101
행정구역별,8128.0,36610,A,Each                          ,T001,DT_1YL20842,사업체수(A),인구 천명당 사업체수(등록기반)(시도/시/군/구),2021,2023-10-12,Yeongam-gun,영암군,개,101
행정구역별,8164.0,36610,A,Each                          ,T001,DT_1YL20842,사업체수(A),인구 천명당 사업체수(등록기반)(시도/시/군/구),2022,2024-02-05,Yeongam-gun,영암군,개,101
행정구역별,8337.0,36610,A,Each                          ,T001,DT_1YL20842,사업체수(A),인구 천명당 사업체수(등록기반)(시도/시/군/구),2023,2025-02-11,Yeongam-gun,영암군,개,101
행정구역별,8891.0,36610,A,Each                          ,T001,DT_1YL20842,사업체수(A),인구 천명당 사업체수(등록기반)(시도/시/군/구),2024,2026-02-13,Yeongam-gun,영암군,개,101
행정구역별,53699.0,36610,A,,T002,DT_1YL20842,주민등록인구(B),인구 천명당 사업체수(등록기반)(시도/시/군/구),2020,2023-10-12,Yeongam-gun,영암군,명,101
행정구역별,52937.0,36610,A,,T002,DT_1YL20842,주민등록인구(B),인구 천명당 사업체수(등록기반)(시도/시/군/구),2021,2023-10-12,Yeongam-gun,영암군,명,101
행정구역별,52395.0,36610,A,,T002,DT_1YL20842,주민등록인구(B),인구 천명당 사업체수(등록기반)(시도/시/군/구),2022,2024-02-05,Yeongam-gun,영암군,명,101
행정구역별,52350.0,36610,A,,T002,DT_1YL20842,주민등록인구(B),인구 천명당 사업체수(등록기반)(시도/시/군/구),2023,2025-02-11,Yeongam-gun,영암군,명,101
행정구역별,51391.0,36610,A,,T002,DT_1YL20842,주민등록인구(B),인구 천명당 사업체수(등록기반)(시도/시/군/구),2024,2026-02-13,Yeongam-gun,영암군,명,101
행정구역별,144.7,36610,A,Each                          ,T10,DT_1YL20842,인구천명당 사업체수(A÷B×1000),인구 천명당 사업체수(등록기반)(시도/시/군/구),2020,2023-10-12,Yeongam-gun,영암군,개,101
행정구역별,153.5,36610,A,Each                          ,T10,DT_1YL20842,인구천명당 사업체수(A÷B×1000),인구 천명당 사업체수(등록기반)(시도/시/군/구),2021,2023-10-12,Yeongam-gun,영암군,개,101
행정구역별,155.8,36610,A,Each                          ,T10,DT_1YL20842,인구천명당 사업체수(A÷B×1000),인구 천명당 사업체수(등록기반)(시도/시/군/구),2022,2024-02-05,Yeongam-gun,영암군,개,101
행정구역별,159.3,36610,A,Each                          ,T10,DT_1YL20842,인구천명당 사업체수(A÷B×1000),인구 천명당 사업체수(등록기반)(시도/시/군/구),2023,2025-02-11,Yeongam-gun,영암군,개,101
행정구역별,173.0,36610,A,Each                          ,T10,DT_1YL20842,인구천명당 사업체수(A÷B×1000),인구 천명당 사업체수(등록기반)(시도/시/군/구),2024,2026-02-13,Yeongam-gun,영암군,개,101
행정구역별,9473.0,36620,A,Each                          ,T001,DT_1YL20842,사업체수(A),인구 천명당 사업체수(등록기반)(시도/시/군/구),2020,2023-10-12,Muan-gun,무안군,개,101
행정구역별,9738.0,36620,A,Each                          ,T001,DT_1YL20842,사업체수(A),인구 천명당 사업체수(등록기반)(시도/시/군/구),2021,2023-10-12,Muan-gun,무안군,개,101
행정구역별,9612.0,36620,A,Each                          ,T001,DT_1YL20842,사업체수(A),인구 천명당 사업체수(등록기반)(시도/시/군/구),2022,2024-02-05,Muan-gun,무안군,개,101
행정구역별,10313.0,36620,A,Each                          ,T001,DT_1YL20842,사업체수(A),인구 천명당 사업체수(등록기반)(시도/시/군/구),2023,2025-02-11,Muan-gun,무안군,개,101
행정구역별,10992.0,36620,A,Each                          ,T001,DT_1YL20842,사업체수(A),인구 천명당 사업체수(등록기반)(시도/시/군/구),2024,2026-02-13,Muan-gun,무안군,개,101
행정구역별,86132.0,36620,A,,T002,DT_1YL20842,주민등록인구(B),인구 천명당 사업체수(등록기반)(시도/시/군/구),2020,2023-10-12,Muan-gun,무안군,명,101
행정구역별,91107.0,36620,A,,T002,DT_1YL20842,주민등록인구(B),인구 천명당 사업체수(등록기반)(시도/시/군/구),2021,2023-10-12,Muan-gun,무안군,명,101
행정구역별,90608.0,36620,A,,T002,DT_1YL20842,주민등록인구(B),인구 천명당 사업체수(등록기반)(시도/시/군/구),2022,2024-02-05,Muan-gun,무안군,명,101
행정구역별,90296.0,36620,A,,T002,DT_1YL20842,주민등록인구(B),인구 천명당 사업체수(등록기반)(시도/시/군/구),2023,2025-02-11,Muan-gun,무안군,명,101
행정구역별,92687.0,36620,A,,T002,DT_1YL20842,주민등록인구(B),인구 천명당 사업체수(등록기반)(시도/시/군/구),2024,2026-02-13,Muan-gun,무안군,명,101
행정구역별,110.0,36620,A,Each                          ,T10,DT_1YL20842,인구천명당 사업체수(A÷B×1000),인구 천명당 사업체수(등록기반)(시도/시/군/구),2020,2023-10-12,Muan-gun,무안군,개,101
행정구역별,106.9,36620,A,Each                          ,T10,DT_1YL20842,인구천명당 사업체수(A÷B×1000),인구 천명당 사업체수(등록기반)(시도/시/군/구),2021,2023-10-12,Muan-gun,무안군,개,101
행정구역별,106.1,36620,A,Each                          ,T10,DT_1YL20842,인구천명당 사업체수(A÷B×1000),인구 천명당 사업체수(등록기반)(시도/시/군/구),2022,2024-02-05,Muan-gun,무안군,개,101
행정구역별,114.2,36620,A,Each                          ,T10,DT_1YL20842,인구천명당 사업체수(A÷B×1000),인구 천명당 사업체수(등록기반)(시도/시/군/구),2023,2025-02-11,Muan-gun,무안군,개,101
행정구역별,118.6,36620,A,Each                          ,T10,DT_1YL20842,인구천명당 사업체수(A÷B×1000),인구 천명당 사업체수(등록기반)(시도/시/군/구),2024,2026-02-13,Muan-gun,무안군,개,101
행정구역별,3858.0,36630,A,Each                          ,T001,DT_1YL20842,사업체수(A),인구 천명당 사업체수(등록기반)(시도/시/군/구),2020,2023-10-12,Hampyeong-gun,함평군,개,101
행정구역별,4083.0,36630,A,Each                          ,T001,DT_1YL20842,사업체수(A),인구 천명당 사업체수(등록기반)(시도/시/군/구),2021,2023-10-12,Hampyeong-gun,함평군,개,101
행정구역별,4269.0,36630,A,Each                          ,T001,DT_1YL20842,사업체수(A),인구 천명당 사업체수(등록기반)(시도/시/군/구),2022,2024-02-05,Hampyeong-gun,함평군,개,101
행정구역별,4502.0,36630,A,Each                          ,T001,DT_1YL20842,사업체수(A),인구 천명당 사업체수(등록기반)(시도/시/군/구),2023,2025-02-11,Hampyeong-gun,함평군,개,101
행정구역별,5114.0,36630,A,Each                          ,T001,DT_1YL20842,사업체수(A),인구 천명당 사업체수(등록기반)(시도/시/군/구),2024,2026-02-13,Hampyeong-gun,함평군,개,101
행정구역별,32050.0,36630,A,,T002,DT_1YL20842,주민등록인구(B),인구 천명당 사업체수(등록기반)(시도/시/군/구),2020,2023-10-12,Hampyeong-gun,함평군,명,101
행정구역별,31274.0,36630,A,,T002,DT_1YL20842,주민등록인구(B),인구 천명당 사업체수(등록기반)(시도/시/군/구),2021,2023-10-12,Hampyeong-gun,함평군,명,101
행정구역별,30784.0,36630,A,,T002,DT_1YL20842,주민등록인구(B),인구 천명당 사업체수(등록기반)(시도/시/군/구),2022,2024-02-05,Hampyeong-gun,함평군,명,101
행정구역별,30601.0,36630,A,,T002,DT_1YL20842,주민등록인구(B),인구 천명당 사업체수(등록기반)(시도/시/군/구),2023,2025-02-11,Hampyeong-gun,함평군,명,101
행정구역별,30010.0,36630,A,,T002,DT_1YL20842,주민등록인구(B),인구 천명당 사업체수(등록기반)(시도/시/군/구),2024,2026-02-13,Hampyeong-gun,함평군,명,101
행정구역별,120.4,36630,A,Each                          ,T10,DT_1YL20842,인구천명당 사업체수(A÷B×1000),인구 천명당 사업체수(등록기반)(시도/시/군/구),2020,2023-10-12,Hampyeong-gun,함평군,개,101
행정구역별,130.6,36630,A,Each                          ,T10,DT_1YL20842,인구천명당 사업체수(A÷B×1000),인구 천명당 사업체수(등록기반)(시도/시/군/구),2021,2023-10-12,Hampyeong-gun,함평군,개,101
행정구역별,138.7,36630,A,Each                          ,T10,DT_1YL20842,인구천명당 사업체수(A÷B×1000),인구 천명당 사업체수(등록기반)(시도/시/군/구),2022,2024-02-05,Hampyeong-gun,함평군,개,101
행정구역별,147.1,36630,A,Each                          ,T10,DT_1YL20842,인구천명당 사업체수(A÷B×1000),인구 천명당 사업체수(등록기반)(시도/시/군/구),2023,2025-02-11,Hampyeong-gun,함평군,개,101
행정구역별,170.4,36630,A,Each                          ,T10,DT_1YL20842,인구천명당 사업체수(A÷B×1000),인구 천명당 사업체수(등록기반)(시도/시/군/구),2024,2026-02-13,Hampyeong-gun,함평군,개,101
행정구역별,6675.0,36640,A,Each                          ,T001,DT_1YL20842,사업체수(A),인구 천명당 사업체수(등록기반)(시도/시/군/구),2020,2023-10-12,Yeonggwang-gun,영광군,개,101
행정구역별,6909.0,36640,A,Each                          ,T001,DT_1YL20842,사업체수(A),인구 천명당 사업체수(등록기반)(시도/시/군/구),2021,2023-10-12,Yeonggwang-gun,영광군,개,101
행정구역별,7071.0,36640,A,Each                          ,T001,DT_1YL20842,사업체수(A),인구 천명당 사업체수(등록기반)(시도/시/군/구),2022,2024-02-05,Yeonggwang-gun,영광군,개,101
행정구역별,7348.0,36640,A,Each                          ,T001,DT_1YL20842,사업체수(A),인구 천명당 사업체수(등록기반)(시도/시/군/구),2023,2025-02-11,Yeonggwang-gun,영광군,개,101
행정구역별,7736.0,36640,A,Each                          ,T001,DT_1YL20842,사업체수(A),인구 천명당 사업체수(등록기반)(시도/시/군/구),2024,2026-02-13,Yeonggwang-gun,영광군,개,101
행정구역별,53099.0,36640,A,,T002,DT_1YL20842,주민등록인구(B),인구 천명당 사업체수(등록기반)(시도/시/군/구),2020,2023-10-12,Yeonggwang-gun,영광군,명,101
행정구역별,51985.0,36640,A,,T002,DT_1YL20842,주민등록인구(B),인구 천명당 사업체수(등록기반)(시도/시/군/구),2021,2023-10-12,Yeonggwang-gun,영광군,명,101
행정구역별,52197.0,36640,A,,T002,DT_1YL20842,주민등록인구(B),인구 천명당 사업체수(등록기반)(시도/시/군/구),2022,2024-02-05,Yeonggwang-gun,영광군,명,101
행정구역별,51750.0,36640,A,,T002,DT_1YL20842,주민등록인구(B),인구 천명당 사업체수(등록기반)(시도/시/군/구),2023,2025-02-11,Yeonggwang-gun,영광군,명,101
행정구역별,52098.0,36640,A,,T002,DT_1YL20842,주민등록인구(B),인구 천명당 사업체수(등록기반)(시도/시/군/구),2024,2026-02-13,Yeonggwang-gun,영광군,명,101
행정구역별,125.7,36640,A,Each                          ,T10,DT_1YL20842,인구천명당 사업체수(A÷B×1000),인구 천명당 사업체수(등록기반)(시도/시/군/구),2020,2023-10-12,Yeonggwang-gun,영광군,개,101
행정구역별,132.9,36640,A,Each                          ,T10,DT_1YL20842,인구천명당 사업체수(A÷B×1000),인구 천명당 사업체수(등록기반)(시도/시/군/구),2021,2023-10-12,Yeonggwang-gun,영광군,개,101
행정구역별,135.5,36640,A,Each                          ,T10,DT_1YL20842,인구천명당 사업체수(A÷B×1000),인구 천명당 사업체수(등록기반)(시도/시/군/구),2022,2024-02-05,Yeonggwang-gun,영광군,개,101
행정구역별,142.0,36640,A,Each                          ,T10,DT_1YL20842,인구천명당 사업체수(A÷B×1000),인구 천명당 사업체수(등록기반)(시도/시/군/구),2023,2025-02-11,Yeonggwang-gun,영광군,개,101
행정구역별,148.5,36640,A,Each                          ,T10,DT_1YL20842,인구천명당 사업체수(A÷B×1000),인구 천명당 사업체수(등록기반)(시도/시/군/구),2024,2026-02-13,Yeonggwang-gun,영광군,개,101
행정구역별,6265.0,36650,A,Each                          ,T001,DT_1YL20842,사업체수(A),인구 천명당 사업체수(등록기반)(시도/시/군/구),2020,2023-10-12,Jangseong-gun,장성군,개,101
행정구역별,6518.0,36650,A,Each                          ,T001,DT_1YL20842,사업체수(A),인구 천명당 사업체수(등록기반)(시도/시/군/구),2021,2023-10-12,Jangseong-gun,장성군,개,101
행정구역별,6581.0,36650,A,Each                          ,T001,DT_1YL20842,사업체수(A),인구 천명당 사업체수(등록기반)(시도/시/군/구),2022,2024-02-05,Jangseong-gun,장성군,개,101
행정구역별,6732.0,36650,A,Each                          ,T001,DT_1YL20842,사업체수(A),인구 천명당 사업체수(등록기반)(시도/시/군/구),2023,2025-02-11,Jangseong-gun,장성군,개,101
행정구역별,7041.0,36650,A,Each                          ,T001,DT_1YL20842,사업체수(A),인구 천명당 사업체수(등록기반)(시도/시/군/구),2024,2026-02-13,Jangseong-gun,장성군,개,101
행정구역별,44464.0,36650,A,,T002,DT_1YL20842,주민등록인구(B),인구 천명당 사업체수(등록기반)(시도/시/군/구),2020,2023-10-12,Jangseong-gun,장성군,명,101
행정구역별,43365.0,36650,A,,T002,DT_1YL20842,주민등록인구(B),인구 천명당 사업체수(등록기반)(시도/시/군/구),2021,2023-10-12,Jangseong-gun,장성군,명,101
행정구역별,43146.0,36650,A,,T002,DT_1YL20842,주민등록인구(B),인구 천명당 사업체수(등록기반)(시도/시/군/구),2022,2024-02-05,Jangseong-gun,장성군,명,101
행정구역별,42543.0,36650,A,,T002,DT_1YL20842,주민등록인구(B),인구 천명당 사업체수(등록기반)(시도/시/군/구),2023,2025-02-11,Jangseong-gun,장성군,명,101
행정구역별,42026.0,36650,A,,T002,DT_1YL20842,주민등록인구(B),인구 천명당 사업체수(등록기반)(시도/시/군/구),2024,2026-02-13,Jangseong-gun,장성군,명,101
행정구역별,140.9,36650,A,Each                          ,T10,DT_1YL20842,인구천명당 사업체수(A÷B×1000),인구 천명당 사업체수(등록기반)(시도/시/군/구),2020,2023-10-12,Jangseong-gun,장성군,개,101
행정구역별,150.3,36650,A,Each                          ,T10,DT_1YL20842,인구천명당 사업체수(A÷B×1000),인구 천명당 사업체수(등록기반)(시도/시/군/구),2021,2023-10-12,Jangseong-gun,장성군,개,101
행정구역별,152.5,36650,A,Each                          ,T10,DT_1YL20842,인구천명당 사업체수(A÷B×1000),인구 천명당 사업체수(등록기반)(시도/시/군/구),2022,2024-02-05,Jangseong-gun,장성군,개,101
행정구역별,158.2,36650,A,Each                          ,T10,DT_1YL20842,인구천명당 사업체수(A÷B×1000),인구 천명당 사업체수(등록기반)(시도/시/군/구),2023,2025-02-11,Jangseong-gun,장성군,개,101
행정구역별,167.5,36650,A,Each                          ,T10,DT_1YL20842,인구천명당 사업체수(A÷B×1000),인구 천명당 사업체수(등록기반)(시도/시/군/구),2024,2026-02-13,Jangseong-gun,장성군,개,101
행정구역별,6342.0,36660,A,Each                          ,T001,DT_1YL20842,사업체수(A),인구 천명당 사업체수(등록기반)(시도/시/군/구),2020,2023-10-12,Wando-gun,완도군,개,101
행정구역별,6521.0,36660,A,Each                          ,T001,DT_1YL20842,사업체수(A),인구 천명당 사업체수(등록기반)(시도/시/군/구),2021,2023-10-12,Wando-gun,완도군,개,101
행정구역별,6582.0,36660,A,Each                          ,T001,DT_1YL20842,사업체수(A),인구 천명당 사업체수(등록기반)(시도/시/군/구),2022,2024-02-05,Wando-gun,완도군,개,101
행정구역별,6859.0,36660,A,Each                          ,T001,DT_1YL20842,사업체수(A),인구 천명당 사업체수(등록기반)(시도/시/군/구),2023,2025-02-11,Wando-gun,완도군,개,101
행정구역별,7195.0,36660,A,Each                          ,T001,DT_1YL20842,사업체수(A),인구 천명당 사업체수(등록기반)(시도/시/군/구),2024,2026-02-13,Wando-gun,완도군,개,101
행정구역별,49916.0,36660,A,,T002,DT_1YL20842,주민등록인구(B),인구 천명당 사업체수(등록기반)(시도/시/군/구),2020,2023-10-12,Wando-gun,완도군,명,101
행정구역별,48631.0,36660,A,,T002,DT_1YL20842,주민등록인구(B),인구 천명당 사업체수(등록기반)(시도/시/군/구),2021,2023-10-12,Wando-gun,완도군,명,101
행정구역별,47597.0,36660,A,,T002,DT_1YL20842,주민등록인구(B),인구 천명당 사업체수(등록기반)(시도/시/군/구),2022,2024-02-05,Wando-gun,완도군,명,101
행정구역별,46641.0,36660,A,,T002,DT_1YL20842,주민등록인구(B),인구 천명당 사업체수(등록기반)(시도/시/군/구),2023,2025-02-11,Wando-gun,완도군,명,101
행정구역별,45631.0,36660,A,,T002,DT_1YL20842,주민등록인구(B),인구 천명당 사업체수(등록기반)(시도/시/군/구),2024,2026-02-13,Wando-gun,완도군,명,101
행정구역별,127.1,36660,A,Each                          ,T10,DT_1YL20842,인구천명당 사업체수(A÷B×1000),인구 천명당 사업체수(등록기반)(시도/시/군/구),2020,2023-10-12,Wando-gun,완도군,개,101
행정구역별,134.1,36660,A,Each                          ,T10,DT_1YL20842,인구천명당 사업체수(A÷B×1000),인구 천명당 사업체수(등록기반)(시도/시/군/구),2021,2023-10-12,Wando-gun,완도군,개,101
행정구역별,138.3,36660,A,Each                          ,T10,DT_1YL20842,인구천명당 사업체수(A÷B×1000),인구 천명당 사업체수(등록기반)(시도/시/군/구),2022,2024-02-05,Wando-gun,완도군,개,101
행정구역별,147.1,36660,A,Each                          ,T10,DT_1YL20842,인구천명당 사업체수(A÷B×1000),인구 천명당 사업체수(등록기반)(시도/시/군/구),2023,2025-02-11,Wando-gun,완도군,개,101
행정구역별,157.7,36660,A,Each                          ,T10,DT_1YL20842,인구천명당 사업체수(A÷B×1000),인구 천명당 사업체수(등록기반)(시도/시/군/구),2024,2026-02-13,Wando-gun,완도군,개,101
행정구역별,3988.0,36670,A,Each                          ,T001,DT_1YL20842,사업체수(A),인구 천명당 사업체수(등록기반)(시도/시/군/구),2020,2023-10-12,Jindo-gun,진도군,개,101
행정구역별,4115.0,36670,A,Each                          ,T001,DT_1YL20842,사업체수(A),인구 천명당 사업체수(등록기반)(시도/시/군/구),2021,2023-10-12,Jindo-gun,진도군,개,101
행정구역별,4106.0,36670,A,Each                          ,T001,DT_1YL20842,사업체수(A),인구 천명당 사업체수(등록기반)(시도/시/군/구),2022,2024-02-05,Jindo-gun,진도군,개,101
행정구역별,4386.0,36670,A,Each                          ,T001,DT_1YL20842,사업체수(A),인구 천명당 사업체수(등록기반)(시도/시/군/구),2023,2025-02-11,Jindo-gun,진도군,개,101
행정구역별,4645.0,36670,A,Each                          ,T001,DT_1YL20842,사업체수(A),인구 천명당 사업체수(등록기반)(시도/시/군/구),2024,2026-02-13,Jindo-gun,진도군,개,101
행정구역별,31227.0,36670,A,,T002,DT_1YL20842,주민등록인구(B),인구 천명당 사업체수(등록기반)(시도/시/군/구),2020,2023-10-12,Jindo-gun,진도군,명,101
행정구역별,30066.0,36670,A,,T002,DT_1YL20842,주민등록인구(B),인구 천명당 사업체수(등록기반)(시도/시/군/구),2021,2023-10-12,Jindo-gun,진도군,명,101
행정구역별,29507.0,36670,A,,T002,DT_1YL20842,주민등록인구(B),인구 천명당 사업체수(등록기반)(시도/시/군/구),2022,2024-02-05,Jindo-gun,진도군,명,101
행정구역별,28979.0,36670,A,,T002,DT_1YL20842,주민등록인구(B),인구 천명당 사업체수(등록기반)(시도/시/군/구),2023,2025-02-11,Jindo-gun,진도군,명,101
행정구역별,28478.0,36670,A,,T002,DT_1YL20842,주민등록인구(B),인구 천명당 사업체수(등록기반)(시도/시/군/구),2024,2026-02-13,Jindo-gun,진도군,명,101
행정구역별,127.7,36670,A,Each                          ,T10,DT_1YL20842,인구천명당 사업체수(A÷B×1000),인구 천명당 사업체수(등록기반)(시도/시/군/구),2020,2023-10-12,Jindo-gun,진도군,개,101
행정구역별,136.9,36670,A,Each                          ,T10,DT_1YL20842,인구천명당 사업체수(A÷B×1000),인구 천명당 사업체수(등록기반)(시도/시/군/구),2021,2023-10-12,Jindo-gun,진도군,개,101
행정구역별,139.2,36670,A,Each                          ,T10,DT_1YL20842,인구천명당 사업체수(A÷B×1000),인구 천명당 사업체수(등록기반)(시도/시/군/구),2022,2024-02-05,Jindo-gun,진도군,개,101
행정구역별,151.4,36670,A,Each                          ,T10,DT_1YL20842,인구천명당 사업체수(A÷B×1000),인구 천명당 사업체수(등록기반)(시도/시/군/구),2023,2025-02-11,Jindo-gun,진도군,개,101
행정구역별,163.1,36670,A,Each                          ,T10,DT_1YL20842,인구천명당 사업체수(A÷B×1000),인구 천명당 사업체수(등록기반)(시도/시/군/구),2024,2026-02-13,Jindo-gun,진도군,개,101
행정구역별,4428.0,36680,A,Each                          ,T001,DT_1YL20842,사업체수(A),인구 천명당 사업체수(등록기반)(시도/시/군/구),2020,2023-10-12,Sinan-gun,신안군,개,101
행정구역별,4583.0,36680,A,Each                          ,T001,DT_1YL20842,사업체수(A),인구 천명당 사업체수(등록기반)(시도/시/군/구),2021,2023-10-12,Sinan-gun,신안군,개,101
행정구역별,4791.0,36680,A,Each                          ,T001,DT_1YL20842,사업체수(A),인구 천명당 사업체수(등록기반)(시도/시/군/구),2022,2024-02-05,Sinan-gun,신안군,개,101
행정구역별,4956.0,36680,A,Each                          ,T001,DT_1YL20842,사업체수(A),인구 천명당 사업체수(등록기반)(시도/시/군/구),2023,2025-02-11,Sinan-gun,신안군,개,101
행정구역별,5382.0,36680,A,Each                          ,T001,DT_1YL20842,사업체수(A),인구 천명당 사업체수(등록기반)(시도/시/군/구),2024,2026-02-13,Sinan-gun,신안군,개,101
행정구역별,38938.0,36680,A,,T002,DT_1YL20842,주민등록인구(B),인구 천명당 사업체수(등록기반)(시도/시/군/구),2020,2023-10-12,Sinan-gun,신안군,명,101
행정구역별,38217.0,36680,A,,T002,DT_1YL20842,주민등록인구(B),인구 천명당 사업체수(등록기반)(시도/시/군/구),2021,2023-10-12,Sinan-gun,신안군,명,101
행정구역별,37858.0,36680,A,,T002,DT_1YL20842,주민등록인구(B),인구 천명당 사업체수(등록기반)(시도/시/군/구),2022,2024-02-05,Sinan-gun,신안군,명,101
행정구역별,38037.0,36680,A,,T002,DT_1YL20842,주민등록인구(B),인구 천명당 사업체수(등록기반)(시도/시/군/구),2023,2025-02-11,Sinan-gun,신안군,명,101
행정구역별,38173.0,36680,A,,T002,DT_1YL20842,주민등록인구(B),인구 천명당 사업체수(등록기반)(시도/시/군/구),2024,2026-02-13,Sinan-gun,신안군,명,101
행정구역별,113.7,36680,A,Each                          ,T10,DT_1YL20842,인구천명당 사업체수(A÷B×1000),인구 천명당 사업체수(등록기반)(시도/시/군/구),2020,2023-10-12,Sinan-gun,신안군,개,101
행정구역별,119.9,36680,A,Each                          ,T10,DT_1YL20842,인구천명당 사업체수(A÷B×1000),인구 천명당 사업체수(등록기반)(시도/시/군/구),2021,2023-10-12,Sinan-gun,신안군,개,101
행정구역별,126.6,36680,A,Each                          ,T10,DT_1YL20842,인구천명당 사업체수(A÷B×1000),인구 천명당 사업체수(등록기반)(시도/시/군/구),2022,2024-02-05,Sinan-gun,신안군,개,101
행정구역별,130.3,36680,A,Each                          ,T10,DT_1YL20842,인구천명당 사업체수(A÷B×1000),인구 천명당 사업체수(등록기반)(시도/시/군/구),2023,2025-02-11,Sinan-gun,신안군,개,101
행정구역별,141.0,36680,A,Each                          ,T10,DT_1YL20842,인구천명당 사업체수(A÷B×1000),인구 천명당 사업체수(등록기반)(시도/시/군/구),2024,2026-02-13,Sinan-gun,신안군,개,101
행정구역별,321061.0,37,A,Each                          ,T001,DT_1YL20842,사업체수(A),인구 천명당 사업체수(등록기반)(시도/시/군/구),2020,2023-10-12,Gyeongsangbuk-do,경상북도,개,101
행정구역별,328657.0,37,A,Each                          ,T001,DT_1YL20842,사업체수(A),인구 천명당 사업체수(등록기반)(시도/시/군/구),2021,2023-10-12,Gyeongsangbuk-do,경상북도,개,101
행정구역별,333276.0,37,A,Each                          ,T001,DT_1YL20842,사업체수(A),인구 천명당 사업체수(등록기반)(시도/시/군/구),2022,2024-02-05,Gyeongsangbuk-do,경상북도,개,101
행정구역별,336555.0,37,A,Each                          ,T001,DT_1YL20842,사업체수(A),인구 천명당 사업체수(등록기반)(시도/시/군/구),2023,2025-02-11,Gyeongsangbuk-do,경상북도,개,101
행정구역별,344568.0,37,A,Each                          ,T001,DT_1YL20842,사업체수(A),인구 천명당 사업체수(등록기반)(시도/시/군/구),2024,2026-02-13,Gyeongsangbuk-do,경상북도,개,101
행정구역별,2639422.0,37,A,,T002,DT_1YL20842,주민등록인구(B),인구 천명당 사업체수(등록기반)(시도/시/군/구),2020,2023-10-12,Gyeongsangbuk-do,경상북도,명,101
행정구역별,2626609.0,37,A,,T002,DT_1YL20842,주민등록인구(B),인구 천명당 사업체수(등록기반)(시도/시/군/구),2021,2023-10-12,Gyeongsangbuk-do,경상북도,명,101
행정구역별,2600492.0,37,A,,T002,DT_1YL20842,주민등록인구(B),인구 천명당 사업체수(등록기반)(시도/시/군/구),2022,2024-02-05,Gyeongsangbuk-do,경상북도,명,101
행정구역별,2554324.0,37,A,,T002,DT_1YL20842,주민등록인구(B),인구 천명당 사업체수(등록기반)(시도/시/군/구),2023,2025-02-11,Gyeongsangbuk-do,경상북도,명,101
행정구역별,2531384.0,37,A,,T002,DT_1YL20842,주민등록인구(B),인구 천명당 사업체수(등록기반)(시도/시/군/구),2024,2026-02-13,Gyeongsangbuk-do,경상북도,명,101
행정구역별,121.6,37,A,Each                          ,T10,DT_1YL20842,인구천명당 사업체수(A÷B×1000),인구 천명당 사업체수(등록기반)(시도/시/군/구),2020,2023-10-12,Gyeongsangbuk-do,경상북도,개,101
행정구역별,125.1,37,A,Each                          ,T10,DT_1YL20842,인구천명당 사업체수(A÷B×1000),인구 천명당 사업체수(등록기반)(시도/시/군/구),2021,2023-10-12,Gyeongsangbuk-do,경상북도,개,101
행정구역별,128.2,37,A,Each                          ,T10,DT_1YL20842,인구천명당 사업체수(A÷B×1000),인구 천명당 사업체수(등록기반)(시도/시/군/구),2022,2024-02-05,Gyeongsangbuk-do,경상북도,개,101
행정구역별,131.8,37,A,Each                          ,T10,DT_1YL20842,인구천명당 사업체수(A÷B×1000),인구 천명당 사업체수(등록기반)(시도/시/군/구),2023,2025-02-11,Gyeongsangbuk-do,경상북도,개,101
행정구역별,136.1,37,A,Each                          ,T10,DT_1YL20842,인구천명당 사업체수(A÷B×1000),인구 천명당 사업체수(등록기반)(시도/시/군/구),2024,2026-02-13,Gyeongsangbuk-do,경상북도,개,101
행정구역별,58581.0,37010,A,Each                          ,T001,DT_1YL20842,사업체수(A),인구 천명당 사업체수(등록기반)(시도/시/군/구),2020,2023-10-12,Pohang-si,포항시,개,101
행정구역별,59457.0,37010,A,Each                          ,T001,DT_1YL20842,사업체수(A),인구 천명당 사업체수(등록기반)(시도/시/군/구),2021,2023-10-12,Pohang-si,포항시,개,101
행정구역별,59948.0,37010,A,Each                          ,T001,DT_1YL20842,사업체수(A),인구 천명당 사업체수(등록기반)(시도/시/군/구),2022,2024-02-05,Pohang-si,포항시,개,101
행정구역별,60730.0,37010,A,Each                          ,T001,DT_1YL20842,사업체수(A),인구 천명당 사업체수(등록기반)(시도/시/군/구),2023,2025-02-11,Pohang-si,포항시,개,101
행정구역별,61166.0,37010,A,Each                          ,T001,DT_1YL20842,사업체수(A),인구 천명당 사업체수(등록기반)(시도/시/군/구),2024,2026-02-13,Pohang-si,포항시,개,101
행정구역별,502916.0,37010,A,,T002,DT_1YL20842,주민등록인구(B),인구 천명당 사업체수(등록기반)(시도/시/군/구),2020,2023-10-12,Pohang-si,포항시,명,101
행정구역별,503852.0,37010,A,,T002,DT_1YL20842,주민등록인구(B),인구 천명당 사업체수(등록기반)(시도/시/군/구),2021,2023-10-12,Pohang-si,포항시,명,101
행정구역별,496650.0,37010,A,,T002,DT_1YL20842,주민등록인구(B),인구 천명당 사업체수(등록기반)(시도/시/군/구),2022,2024-02-05,Pohang-si,포항시,명,101
행정구역별,493033.0,37010,A,,T002,DT_1YL20842,주민등록인구(B),인구 천명당 사업체수(등록기반)(시도/시/군/구),2023,2025-02-11,Pohang-si,포항시,명,101
행정구역별,491581.0,37010,A,,T002,DT_1YL20842,주민등록인구(B),인구 천명당 사업체수(등록기반)(시도/시/군/구),2024,2026-02-13,Pohang-si,포항시,명,101
행정구역별,116.5,37010,A,Each                          ,T10,DT_1YL20842,인구천명당 사업체수(A÷B×1000),인구 천명당 사업체수(등록기반)(시도/시/군/구),2020,2023-10-12,Pohang-si,포항시,개,101
행정구역별,118.0,37010,A,Each                          ,T10,DT_1YL20842,인구천명당 사업체수(A÷B×1000),인구 천명당 사업체수(등록기반)(시도/시/군/구),2021,2023-10-12,Pohang-si,포항시,개,101
행정구역별,120.7,37010,A,Each                          ,T10,DT_1YL20842,인구천명당 사업체수(A÷B×1000),인구 천명당 사업체수(등록기반)(시도/시/군/구),2022,2024-02-05,Pohang-si,포항시,개,101
행정구역별,123.2,37010,A,Each                          ,T10,DT_1YL20842,인구천명당 사업체수(A÷B×1000),인구 천명당 사업체수(등록기반)(시도/시/군/구),2023,2025-02-11,Pohang-si,포항시,개,101
행정구역별,124.4,37010,A,Each                          ,T10,DT_1YL20842,인구천명당 사업체수(A÷B×1000),인구 천명당 사업체수(등록기반)(시도/시/군/구),2024,2026-02-13,Pohang-si,포항시,개,101
행정구역별,33233.0,37020,A,Each                          ,T001,DT_1YL20842,사업체수(A),인구 천명당 사업체수(등록기반)(시도/시/군/구),2020,2023-10-12,Gyeongju-si,경주시,개,101
행정구역별,33379.0,37020,A,Each                          ,T001,DT_1YL20842,사업체수(A),인구 천명당 사업체수(등록기반)(시도/시/군/구),2021,2023-10-12,Gyeongju-si,경주시,개,101
행정구역별,33870.0,37020,A,Each                          ,T001,DT_1YL20842,사업체수(A),인구 천명당 사업체수(등록기반)(시도/시/군/구),2022,2024-02-05,Gyeongju-si,경주시,개,101
행정구역별,34503.0,37020,A,Each                          ,T001,DT_1YL20842,사업체수(A),인구 천명당 사업체수(등록기반)(시도/시/군/구),2023,2025-02-11,Gyeongju-si,경주시,개,101
행정구역별,35539.0,37020,A,Each                          ,T001,DT_1YL20842,사업체수(A),인구 천명당 사업체수(등록기반)(시도/시/군/구),2024,2026-02-13,Gyeongju-si,경주시,개,101
행정구역별,253502.0,37020,A,,T002,DT_1YL20842,주민등록인구(B),인구 천명당 사업체수(등록기반)(시도/시/군/구),2020,2023-10-12,Gyeongju-si,경주시,명,101
행정구역별,251889.0,37020,A,,T002,DT_1YL20842,주민등록인구(B),인구 천명당 사업체수(등록기반)(시도/시/군/구),2021,2023-10-12,Gyeongju-si,경주시,명,101
행정구역별,249607.0,37020,A,,T002,DT_1YL20842,주민등록인구(B),인구 천명당 사업체수(등록기반)(시도/시/군/구),2022,2024-02-05,Gyeongju-si,경주시,명,101
행정구역별,247489.0,37020,A,,T002,DT_1YL20842,주민등록인구(B),인구 천명당 사업체수(등록기반)(시도/시/군/구),2023,2025-02-11,Gyeongju-si,경주시,명,101
행정구역별,244769.0,37020,A,,T002,DT_1YL20842,주민등록인구(B),인구 천명당 사업체수(등록기반)(시도/시/군/구),2024,2026-02-13,Gyeongju-si,경주시,명,101
행정구역별,131.1,37020,A,Each                          ,T10,DT_1YL20842,인구천명당 사업체수(A÷B×1000),인구 천명당 사업체수(등록기반)(시도/시/군/구),2020,2023-10-12,Gyeongju-si,경주시,개,101
행정구역별,132.5,37020,A,Each                          ,T10,DT_1YL20842,인구천명당 사업체수(A÷B×1000),인구 천명당 사업체수(등록기반)(시도/시/군/구),2021,2023-10-12,Gyeongju-si,경주시,개,101
행정구역별,135.7,37020,A,Each                          ,T10,DT_1YL20842,인구천명당 사업체수(A÷B×1000),인구 천명당 사업체수(등록기반)(시도/시/군/구),2022,2024-02-05,Gyeongju-si,경주시,개,101
행정구역별,139.4,37020,A,Each                          ,T10,DT_1YL20842,인구천명당 사업체수(A÷B×1000),인구 천명당 사업체수(등록기반)(시도/시/군/구),2023,2025-02-11,Gyeongju-si,경주시,개,101
행정구역별,145.2,37020,A,Each                          ,T10,DT_1YL20842,인구천명당 사업체수(A÷B×1000),인구 천명당 사업체수(등록기반)(시도/시/군/구),2024,2026-02-13,Gyeongju-si,경주시,개,101
행정구역별,14843.0,37030,A,Each                          ,T001,DT_1YL20842,사업체수(A),인구 천명당 사업체수(등록기반)(시도/시/군/구),2020,2023-10-12,Gimcheon-si,김천시,개,101
행정구역별,16101.0,37030,A,Each                          ,T001,DT_1YL20842,사업체수(A),인구 천명당 사업체수(등록기반)(시도/시/군/구),2021,2023-10-12,Gimcheon-si,김천시,개,101
행정구역별,16917.0,37030,A,Each                          ,T001,DT_1YL20842,사업체수(A),인구 천명당 사업체수(등록기반)(시도/시/군/구),2022,2024-02-05,Gimcheon-si,김천시,개,101
행정구역별,17481.0,37030,A,Each                          ,T001,DT_1YL20842,사업체수(A),인구 천명당 사업체수(등록기반)(시도/시/군/구),2023,2025-02-11,Gimcheon-si,김천시,개,101
행정구역별,17878.0,37030,A,Each                          ,T001,DT_1YL20842,사업체수(A),인구 천명당 사업체수(등록기반)(시도/시/군/구),2024,2026-02-13,Gimcheon-si,김천시,개,101
행정구역별,140548.0,37030,A,,T002,DT_1YL20842,주민등록인구(B),인구 천명당 사업체수(등록기반)(시도/시/군/구),2020,2023-10-12,Gimcheon-si,김천시,명,101
행정구역별,140239.0,37030,A,,T002,DT_1YL20842,주민등록인구(B),인구 천명당 사업체수(등록기반)(시도/시/군/구),2021,2023-10-12,Gimcheon-si,김천시,명,101
행정구역별,139324.0,37030,A,,T002,DT_1YL20842,주민등록인구(B),인구 천명당 사업체수(등록기반)(시도/시/군/구),2022,2024-02-05,Gimcheon-si,김천시,명,101
행정구역별,137515.0,37030,A,,T002,DT_1YL20842,주민등록인구(B),인구 천명당 사업체수(등록기반)(시도/시/군/구),2023,2025-02-11,Gimcheon-si,김천시,명,101
행정구역별,135446.0,37030,A,,T002,DT_1YL20842,주민등록인구(B),인구 천명당 사업체수(등록기반)(시도/시/군/구),2024,2026-02-13,Gimcheon-si,김천시,명,101
행정구역별,105.6,37030,A,Each                          ,T10,DT_1YL20842,인구천명당 사업체수(A÷B×1000),인구 천명당 사업체수(등록기반)(시도/시/군/구),2020,2023-10-12,Gimcheon-si,김천시,개,101
행정구역별,114.8,37030,A,Each                          ,T10,DT_1YL20842,인구천명당 사업체수(A÷B×1000),인구 천명당 사업체수(등록기반)(시도/시/군/구),2021,2023-10-12,Gimcheon-si,김천시,개,101
행정구역별,121.4,37030,A,Each                          ,T10,DT_1YL20842,인구천명당 사업체수(A÷B×1000),인구 천명당 사업체수(등록기반)(시도/시/군/구),2022,2024-02-05,Gimcheon-si,김천시,개,101
행정구역별,127.1,37030,A,Each                          ,T10,DT_1YL20842,인구천명당 사업체수(A÷B×1000),인구 천명당 사업체수(등록기반)(시도/시/군/구),2023,2025-02-11,Gimcheon-si,김천시,개,101
행정구역별,132.0,37030,A,Each                          ,T10,DT_1YL20842,인구천명당 사업체수(A÷B×1000),인구 천명당 사업체수(등록기반)(시도/시/군/구),2024,2026-02-13,Gimcheon-si,김천시,개,101
행정구역별,19976.0,37040,A,Each                          ,T001,DT_1YL20842,사업체수(A),인구 천명당 사업체수(등록기반)(시도/시/군/구),2020,2023-10-12,Andong-si,안동시,개,101
행정구역별,20093.0,37040,A,Each                          ,T001,DT_1YL20842,사업체수(A),인구 천명당 사업체수(등록기반)(시도/시/군/구),2021,2023-10-12,Andong-si,안동시,개,101
행정구역별,20089.0,37040,A,Each                          ,T001,DT_1YL20842,사업체수(A),인구 천명당 사업체수(등록기반)(시도/시/군/구),2022,2024-02-05,Andong-si,안동시,개,101
행정구역별,20992.0,37040,A,Each                          ,T001,DT_1YL20842,사업체수(A),인구 천명당 사업체수(등록기반)(시도/시/군/구),2023,2025-02-11,Andong-si,안동시,개,101
행정구역별,21872.0,37040,A,Each                          ,T001,DT_1YL20842,사업체수(A),인구 천명당 사업체수(등록기반)(시도/시/군/구),2024,2026-02-13,Andong-si,안동시,개,101
행정구역별,158907.0,37040,A,,T002,DT_1YL20842,주민등록인구(B),인구 천명당 사업체수(등록기반)(시도/시/군/구),2020,2023-10-12,Andong-si,안동시,명,101
행정구역별,156972.0,37040,A,,T002,DT_1YL20842,주민등록인구(B),인구 천명당 사업체수(등록기반)(시도/시/군/구),2021,2023-10-12,Andong-si,안동시,명,101
행정구역별,154610.0,37040,A,,T002,DT_1YL20842,주민등록인구(B),인구 천명당 사업체수(등록기반)(시도/시/군/구),2022,2024-02-05,Andong-si,안동시,명,101
행정구역별,152935.0,37040,A,,T002,DT_1YL20842,주민등록인구(B),인구 천명당 사업체수(등록기반)(시도/시/군/구),2023,2025-02-11,Andong-si,안동시,명,101
행정구역별,153159.0,37040,A,,T002,DT_1YL20842,주민등록인구(B),인구 천명당 사업체수(등록기반)(시도/시/군/구),2024,2026-02-13,Andong-si,안동시,명,101
행정구역별,125.7,37040,A,Each                          ,T10,DT_1YL20842,인구천명당 사업체수(A÷B×1000),인구 천명당 사업체수(등록기반)(시도/시/군/구),2020,2023-10-12,Andong-si,안동시,개,101
행정구역별,128.0,37040,A,Each                          ,T10,DT_1YL20842,인구천명당 사업체수(A÷B×1000),인구 천명당 사업체수(등록기반)(시도/시/군/구),2021,2023-10-12,Andong-si,안동시,개,101
행정구역별,129.9,37040,A,Each                          ,T10,DT_1YL20842,인구천명당 사업체수(A÷B×1000),인구 천명당 사업체수(등록기반)(시도/시/군/구),2022,2024-02-05,Andong-si,안동시,개,101
행정구역별,137.3,37040,A,Each                          ,T10,DT_1YL20842,인구천명당 사업체수(A÷B×1000),인구 천명당 사업체수(등록기반)(시도/시/군/구),2023,2025-02-11,Andong-si,안동시,개,101
행정구역별,142.8,37040,A,Each                          ,T10,DT_1YL20842,인구천명당 사업체수(A÷B×1000),인구 천명당 사업체수(등록기반)(시도/시/군/구),2024,2026-02-13,Andong-si,안동시,개,101
행정구역별,46784.0,37050,A,Each                          ,T001,DT_1YL20842,사업체수(A),인구 천명당 사업체수(등록기반)(시도/시/군/구),2020,2023-10-12,Gumi-si,구미시,개,101
행정구역별,46926.0,37050,A,Each                          ,T001,DT_1YL20842,사업체수(A),인구 천명당 사업체수(등록기반)(시도/시/군/구),2021,2023-10-12,Gumi-si,구미시,개,101
행정구역별,47547.0,37050,A,Each                          ,T001,DT_1YL20842,사업체수(A),인구 천명당 사업체수(등록기반)(시도/시/군/구),2022,2024-02-05,Gumi-si,구미시,개,101
행정구역별,47515.0,37050,A,Each                          ,T001,DT_1YL20842,사업체수(A),인구 천명당 사업체수(등록기반)(시도/시/군/구),2023,2025-02-11,Gumi-si,구미시,개,101
행정구역별,48081.0,37050,A,Each                          ,T001,DT_1YL20842,사업체수(A),인구 천명당 사업체수(등록기반)(시도/시/군/구),2024,2026-02-13,Gumi-si,구미시,개,101
행정구역별,416328.0,37050,A,,T002,DT_1YL20842,주민등록인구(B),인구 천명당 사업체수(등록기반)(시도/시/군/구),2020,2023-10-12,Gumi-si,구미시,명,101
행정구역별,412581.0,37050,A,,T002,DT_1YL20842,주민등록인구(B),인구 천명당 사업체수(등록기반)(시도/시/군/구),2021,2023-10-12,Gumi-si,구미시,명,101
행정구역별,408110.0,37050,A,,T002,DT_1YL20842,주민등록인구(B),인구 천명당 사업체수(등록기반)(시도/시/군/구),2022,2024-02-05,Gumi-si,구미시,명,101
행정구역별,405506.0,37050,A,,T002,DT_1YL20842,주민등록인구(B),인구 천명당 사업체수(등록기반)(시도/시/군/구),2023,2025-02-11,Gumi-si,구미시,명,101
행정구역별,404820.0,37050,A,,T002,DT_1YL20842,주민등록인구(B),인구 천명당 사업체수(등록기반)(시도/시/군/구),2024,2026-02-13,Gumi-si,구미시,명,101
행정구역별,112.4,37050,A,Each                          ,T10,DT_1YL20842,인구천명당 사업체수(A÷B×1000),인구 천명당 사업체수(등록기반)(시도/시/군/구),2020,2023-10-12,Gumi-si,구미시,개,101
행정구역별,113.7,37050,A,Each                          ,T10,DT_1YL20842,인구천명당 사업체수(A÷B×1000),인구 천명당 사업체수(등록기반)(시도/시/군/구),2021,2023-10-12,Gumi-si,구미시,개,101
행정구역별,116.5,37050,A,Each                          ,T10,DT_1YL20842,인구천명당 사업체수(A÷B×1000),인구 천명당 사업체수(등록기반)(시도/시/군/구),2022,2024-02-05,Gumi-si,구미시,개,101
행정구역별,117.2,37050,A,Each                          ,T10,DT_1YL20842,인구천명당 사업체수(A÷B×1000),인구 천명당 사업체수(등록기반)(시도/시/군/구),2023,2025-02-11,Gumi-si,구미시,개,101
행정구역별,118.8,37050,A,Each                          ,T10,DT_1YL20842,인구천명당 사업체수(A÷B×1000),인구 천명당 사업체수(등록기반)(시도/시/군/구),2024,2026-02-13,Gumi-si,구미시,개,101
행정구역별,13324.0,37060,A,Each                          ,T001,DT_1YL20842,사업체수(A),인구 천명당 사업체수(등록기반)(시도/시/군/구),2020,2023-10-12,Yeongju-si,영주시,개,101
행정구역별,13761.0,37060,A,Each                          ,T001,DT_1YL20842,사업체수(A),인구 천명당 사업체수(등록기반)(시도/시/군/구),2021,2023-10-12,Yeongju-si,영주시,개,101
행정구역별,13546.0,37060,A,Each                          ,T001,DT_1YL20842,사업체수(A),인구 천명당 사업체수(등록기반)(시도/시/군/구),2022,2024-02-05,Yeongju-si,영주시,개,101
행정구역별,14210.0,37060,A,Each                          ,T001,DT_1YL20842,사업체수(A),인구 천명당 사업체수(등록기반)(시도/시/군/구),2023,2025-02-11,Yeongju-si,영주시,개,101
행정구역별,15023.0,37060,A,Each                          ,T001,DT_1YL20842,사업체수(A),인구 천명당 사업체수(등록기반)(시도/시/군/구),2024,2026-02-13,Yeongju-si,영주시,개,101
행정구역별,103119.0,37060,A,,T002,DT_1YL20842,주민등록인구(B),인구 천명당 사업체수(등록기반)(시도/시/군/구),2020,2023-10-12,Yeongju-si,영주시,명,101
행정구역별,101942.0,37060,A,,T002,DT_1YL20842,주민등록인구(B),인구 천명당 사업체수(등록기반)(시도/시/군/구),2021,2023-10-12,Yeongju-si,영주시,명,101
행정구역별,100749.0,37060,A,,T002,DT_1YL20842,주민등록인구(B),인구 천명당 사업체수(등록기반)(시도/시/군/구),2022,2024-02-05,Yeongju-si,영주시,명,101
행정구역별,100199.0,37060,A,,T002,DT_1YL20842,주민등록인구(B),인구 천명당 사업체수(등록기반)(시도/시/군/구),2023,2025-02-11,Yeongju-si,영주시,명,101
행정구역별,98870.0,37060,A,,T002,DT_1YL20842,주민등록인구(B),인구 천명당 사업체수(등록기반)(시도/시/군/구),2024,2026-02-13,Yeongju-si,영주시,명,101
행정구역별,129.2,37060,A,Each                          ,T10,DT_1YL20842,인구천명당 사업체수(A÷B×1000),인구 천명당 사업체수(등록기반)(시도/시/군/구),2020,2023-10-12,Yeongju-si,영주시,개,101
행정구역별,135.0,37060,A,Each                          ,T10,DT_1YL20842,인구천명당 사업체수(A÷B×1000),인구 천명당 사업체수(등록기반)(시도/시/군/구),2021,2023-10-12,Yeongju-si,영주시,개,101
행정구역별,134.5,37060,A,Each                          ,T10,DT_1YL20842,인구천명당 사업체수(A÷B×1000),인구 천명당 사업체수(등록기반)(시도/시/군/구),2022,2024-02-05,Yeongju-si,영주시,개,101
행정구역별,141.8,37060,A,Each                          ,T10,DT_1YL20842,인구천명당 사업체수(A÷B×1000),인구 천명당 사업체수(등록기반)(시도/시/군/구),2023,2025-02-11,Yeongju-si,영주시,개,101
행정구역별,151.9,37060,A,Each                          ,T10,DT_1YL20842,인구천명당 사업체수(A÷B×1000),인구 천명당 사업체수(등록기반)(시도/시/군/구),2024,2026-02-13,Yeongju-si,영주시,개,101
행정구역별,13798.0,37070,A,Each                          ,T001,DT_1YL20842,사업체수(A),인구 천명당 사업체수(등록기반)(시도/시/군/구),2020,2023-10-12,Yeongcheon-si,영천시,개,101
행정구역별,14397.0,37070,A,Each                          ,T001,DT_1YL20842,사업체수(A),인구 천명당 사업체수(등록기반)(시도/시/군/구),2021,2023-10-12,Yeongcheon-si,영천시,개,101
행정구역별,14217.0,37070,A,Each                          ,T001,DT_1YL20842,사업체수(A),인구 천명당 사업체수(등록기반)(시도/시/군/구),2022,2024-02-05,Yeongcheon-si,영천시,개,101
행정구역별,14496.0,37070,A,Each                          ,T001,DT_1YL20842,사업체수(A),인구 천명당 사업체수(등록기반)(시도/시/군/구),2023,2025-02-11,Yeongcheon-si,영천시,개,101
행정구역별,14623.0,37070,A,Each                          ,T001,DT_1YL20842,사업체수(A),인구 천명당 사업체수(등록기반)(시도/시/군/구),2024,2026-02-13,Yeongcheon-si,영천시,개,101
행정구역별,102015.0,37070,A,,T002,DT_1YL20842,주민등록인구(B),인구 천명당 사업체수(등록기반)(시도/시/군/구),2020,2023-10-12,Yeongcheon-si,영천시,명,101
행정구역별,101888.0,37070,A,,T002,DT_1YL20842,주민등록인구(B),인구 천명당 사업체수(등록기반)(시도/시/군/구),2021,2023-10-12,Yeongcheon-si,영천시,명,101
행정구역별,101088.0,37070,A,,T002,DT_1YL20842,주민등록인구(B),인구 천명당 사업체수(등록기반)(시도/시/군/구),2022,2024-02-05,Yeongcheon-si,영천시,명,101
행정구역별,100212.0,37070,A,,T002,DT_1YL20842,주민등록인구(B),인구 천명당 사업체수(등록기반)(시도/시/군/구),2023,2025-02-11,Yeongcheon-si,영천시,명,101
행정구역별,98143.0,37070,A,,T002,DT_1YL20842,주민등록인구(B),인구 천명당 사업체수(등록기반)(시도/시/군/구),2024,2026-02-13,Yeongcheon-si,영천시,명,101
행정구역별,135.3,37070,A,Each                          ,T10,DT_1YL20842,인구천명당 사업체수(A÷B×1000),인구 천명당 사업체수(등록기반)(시도/시/군/구),2020,2023-10-12,Yeongcheon-si,영천시,개,101
행정구역별,141.3,37070,A,Each                          ,T10,DT_1YL20842,인구천명당 사업체수(A÷B×1000),인구 천명당 사업체수(등록기반)(시도/시/군/구),2021,2023-10-12,Yeongcheon-si,영천시,개,101
행정구역별,140.6,37070,A,Each                          ,T10,DT_1YL20842,인구천명당 사업체수(A÷B×1000),인구 천명당 사업체수(등록기반)(시도/시/군/구),2022,2024-02-05,Yeongcheon-si,영천시,개,101
행정구역별,144.7,37070,A,Each                          ,T10,DT_1YL20842,인구천명당 사업체수(A÷B×1000),인구 천명당 사업체수(등록기반)(시도/시/군/구),2023,2025-02-11,Yeongcheon-si,영천시,개,101
행정구역별,149.0,37070,A,Each                          ,T10,DT_1YL20842,인구천명당 사업체수(A÷B×1000),인구 천명당 사업체수(등록기반)(시도/시/군/구),2024,2026-02-13,Yeongcheon-si,영천시,개,101
행정구역별,12341.0,37080,A,Each                          ,T001,DT_1YL20842,사업체수(A),인구 천명당 사업체수(등록기반)(시도/시/군/구),2020,2023-10-12,Sangju-si,상주시,개,101
행정구역별,12883.0,37080,A,Each                          ,T001,DT_1YL20842,사업체수(A),인구 천명당 사업체수(등록기반)(시도/시/군/구),2021,2023-10-12,Sangju-si,상주시,개,101
행정구역별,13332.0,37080,A,Each                          ,T001,DT_1YL20842,사업체수(A),인구 천명당 사업체수(등록기반)(시도/시/군/구),2022,2024-02-05,Sangju-si,상주시,개,101
행정구역별,13909.0,37080,A,Each                          ,T001,DT_1YL20842,사업체수(A),인구 천명당 사업체수(등록기반)(시도/시/군/구),2023,2025-02-11,Sangju-si,상주시,개,101
행정구역별,14506.0,37080,A,Each                          ,T001,DT_1YL20842,사업체수(A),인구 천명당 사업체수(등록기반)(시도/시/군/구),2024,2026-02-13,Sangju-si,상주시,개,101
행정구역별,97228.0,37080,A,,T002,DT_1YL20842,주민등록인구(B),인구 천명당 사업체수(등록기반)(시도/시/군/구),2020,2023-10-12,Sangju-si,상주시,명,101
행정구역별,95566.0,37080,A,,T002,DT_1YL20842,주민등록인구(B),인구 천명당 사업체수(등록기반)(시도/시/군/구),2021,2023-10-12,Sangju-si,상주시,명,101
행정구역별,94823.0,37080,A,,T002,DT_1YL20842,주민등록인구(B),인구 천명당 사업체수(등록기반)(시도/시/군/구),2022,2024-02-05,Sangju-si,상주시,명,101
행정구역별,93858.0,37080,A,,T002,DT_1YL20842,주민등록인구(B),인구 천명당 사업체수(등록기반)(시도/시/군/구),2023,2025-02-11,Sangju-si,상주시,명,101
행정구역별,91850.0,37080,A,,T002,DT_1YL20842,주민등록인구(B),인구 천명당 사업체수(등록기반)(시도/시/군/구),2024,2026-02-13,Sangju-si,상주시,명,101
행정구역별,126.9,37080,A,Each                          ,T10,DT_1YL20842,인구천명당 사업체수(A÷B×1000),인구 천명당 사업체수(등록기반)(시도/시/군/구),2020,2023-10-12,Sangju-si,상주시,개,101
행정구역별,134.8,37080,A,Each                          ,T10,DT_1YL20842,인구천명당 사업체수(A÷B×1000),인구 천명당 사업체수(등록기반)(시도/시/군/구),2021,2023-10-12,Sangju-si,상주시,개,101
행정구역별,140.6,37080,A,Each                          ,T10,DT_1YL20842,인구천명당 사업체수(A÷B×1000),인구 천명당 사업체수(등록기반)(시도/시/군/구),2022,2024-02-05,Sangju-si,상주시,개,101
행정구역별,148.2,37080,A,Each                          ,T10,DT_1YL20842,인구천명당 사업체수(A÷B×1000),인구 천명당 사업체수(등록기반)(시도/시/군/구),2023,2025-02-11,Sangju-si,상주시,개,101
행정구역별,157.9,37080,A,Each                          ,T10,DT_1YL20842,인구천명당 사업체수(A÷B×1000),인구 천명당 사업체수(등록기반)(시도/시/군/구),2024,2026-02-13,Sangju-si,상주시,개,101
행정구역별,8318.0,37090,A,Each                          ,T001,DT_1YL20842,사업체수(A),인구 천명당 사업체수(등록기반)(시도/시/군/구),2020,2023-10-12,Mungyeong-si,문경시,개,101
행정구역별,8647.0,37090,A,Each                          ,T001,DT_1YL20842,사업체수(A),인구 천명당 사업체수(등록기반)(시도/시/군/구),2021,2023-10-12,Mungyeong-si,문경시,개,101
행정구역별,8600.0,37090,A,Each                          ,T001,DT_1YL20842,사업체수(A),인구 천명당 사업체수(등록기반)(시도/시/군/구),2022,2024-02-05,Mungyeong-si,문경시,개,101
행정구역별,8944.0,37090,A,Each                          ,T001,DT_1YL20842,사업체수(A),인구 천명당 사업체수(등록기반)(시도/시/군/구),2023,2025-02-11,Mungyeong-si,문경시,개,101
행정구역별,9345.0,37090,A,Each                          ,T001,DT_1YL20842,사업체수(A),인구 천명당 사업체수(등록기반)(시도/시/군/구),2024,2026-02-13,Mungyeong-si,문경시,개,101
행정구역별,71406.0,37090,A,,T002,DT_1YL20842,주민등록인구(B),인구 천명당 사업체수(등록기반)(시도/시/군/구),2020,2023-10-12,Mungyeong-si,문경시,명,101
행정구역별,71154.0,37090,A,,T002,DT_1YL20842,주민등록인구(B),인구 천명당 사업체수(등록기반)(시도/시/군/구),2021,2023-10-12,Mungyeong-si,문경시,명,101
행정구역별,70373.0,37090,A,,T002,DT_1YL20842,주민등록인구(B),인구 천명당 사업체수(등록기반)(시도/시/군/구),2022,2024-02-05,Mungyeong-si,문경시,명,101
행정구역별,68755.0,37090,A,,T002,DT_1YL20842,주민등록인구(B),인구 천명당 사업체수(등록기반)(시도/시/군/구),2023,2025-02-11,Mungyeong-si,문경시,명,101
행정구역별,67257.0,37090,A,,T002,DT_1YL20842,주민등록인구(B),인구 천명당 사업체수(등록기반)(시도/시/군/구),2024,2026-02-13,Mungyeong-si,문경시,명,101
행정구역별,116.5,37090,A,Each                          ,T10,DT_1YL20842,인구천명당 사업체수(A÷B×1000),인구 천명당 사업체수(등록기반)(시도/시/군/구),2020,2023-10-12,Mungyeong-si,문경시,개,101
행정구역별,121.5,37090,A,Each                          ,T10,DT_1YL20842,인구천명당 사업체수(A÷B×1000),인구 천명당 사업체수(등록기반)(시도/시/군/구),2021,2023-10-12,Mungyeong-si,문경시,개,101
행정구역별,122.2,37090,A,Each                          ,T10,DT_1YL20842,인구천명당 사업체수(A÷B×1000),인구 천명당 사업체수(등록기반)(시도/시/군/구),2022,2024-02-05,Mungyeong-si,문경시,개,101
행정구역별,130.1,37090,A,Each                          ,T10,DT_1YL20842,인구천명당 사업체수(A÷B×1000),인구 천명당 사업체수(등록기반)(시도/시/군/구),2023,2025-02-11,Mungyeong-si,문경시,개,101
행정구역별,138.9,37090,A,Each                          ,T10,DT_1YL20842,인구천명당 사업체수(A÷B×1000),인구 천명당 사업체수(등록기반)(시도/시/군/구),2024,2026-02-13,Mungyeong-si,문경시,개,101
행정구역별,29875.0,37100,A,Each                          ,T001,DT_1YL20842,사업체수(A),인구 천명당 사업체수(등록기반)(시도/시/군/구),2020,2023-10-12,Gyeongsan-si,경산시,개,101
행정구역별,30358.0,37100,A,Each                          ,T001,DT_1YL20842,사업체수(A),인구 천명당 사업체수(등록기반)(시도/시/군/구),2021,2023-10-12,Gyeongsan-si,경산시,개,101
행정구역별,30880.0,37100,A,Each                          ,T001,DT_1YL20842,사업체수(A),인구 천명당 사업체수(등록기반)(시도/시/군/구),2022,2024-02-05,Gyeongsan-si,경산시,개,101
행정구역별,31082.0,37100,A,Each                          ,T001,DT_1YL20842,사업체수(A),인구 천명당 사업체수(등록기반)(시도/시/군/구),2023,2025-02-11,Gyeongsan-si,경산시,개,101
행정구역별,31094.0,37100,A,Each                          ,T001,DT_1YL20842,사업체수(A),인구 천명당 사업체수(등록기반)(시도/시/군/구),2024,2026-02-13,Gyeongsan-si,경산시,개,101
행정구역별,263728.0,37100,A,,T002,DT_1YL20842,주민등록인구(B),인구 천명당 사업체수(등록기반)(시도/시/군/구),2020,2023-10-12,Gyeongsan-si,경산시,명,101
행정구역별,268369.0,37100,A,,T002,DT_1YL20842,주민등록인구(B),인구 천명당 사업체수(등록기반)(시도/시/군/구),2021,2023-10-12,Gyeongsan-si,경산시,명,101
행정구역별,267725.0,37100,A,,T002,DT_1YL20842,주민등록인구(B),인구 천명당 사업체수(등록기반)(시도/시/군/구),2022,2024-02-05,Gyeongsan-si,경산시,명,101
행정구역별,266205.0,37100,A,,T002,DT_1YL20842,주민등록인구(B),인구 천명당 사업체수(등록기반)(시도/시/군/구),2023,2025-02-11,Gyeongsan-si,경산시,명,101
행정구역별,266398.0,37100,A,,T002,DT_1YL20842,주민등록인구(B),인구 천명당 사업체수(등록기반)(시도/시/군/구),2024,2026-02-13,Gyeongsan-si,경산시,명,101
행정구역별,113.3,37100,A,Each                          ,T10,DT_1YL20842,인구천명당 사업체수(A÷B×1000),인구 천명당 사업체수(등록기반)(시도/시/군/구),2020,2023-10-12,Gyeongsan-si,경산시,개,101
행정구역별,113.1,37100,A,Each                          ,T10,DT_1YL20842,인구천명당 사업체수(A÷B×1000),인구 천명당 사업체수(등록기반)(시도/시/군/구),2021,2023-10-12,Gyeongsan-si,경산시,개,101
행정구역별,115.3,37100,A,Each                          ,T10,DT_1YL20842,인구천명당 사업체수(A÷B×1000),인구 천명당 사업체수(등록기반)(시도/시/군/구),2022,2024-02-05,Gyeongsan-si,경산시,개,101
행정구역별,116.8,37100,A,Each                          ,T10,DT_1YL20842,인구천명당 사업체수(A÷B×1000),인구 천명당 사업체수(등록기반)(시도/시/군/구),2023,2025-02-11,Gyeongsan-si,경산시,개,101
행정구역별,116.7,37100,A,Each                          ,T10,DT_1YL20842,인구천명당 사업체수(A÷B×1000),인구 천명당 사업체수(등록기반)(시도/시/군/구),2024,2026-02-13,Gyeongsan-si,경산시,개,101
행정구역별,3167.0,37310,A,Each                          ,T001,DT_1YL20842,사업체수(A),인구 천명당 사업체수(등록기반)(시도/시/군/구),2020,2023-10-12,Gunwi-gun,군위군,개,101
행정구역별,3321.0,37310,A,Each                          ,T001,DT_1YL20842,사업체수(A),인구 천명당 사업체수(등록기반)(시도/시/군/구),2021,2023-10-12,Gunwi-gun,군위군,개,101
행정구역별,3438.0,37310,A,Each                          ,T001,DT_1YL20842,사업체수(A),인구 천명당 사업체수(등록기반)(시도/시/군/구),2022,2024-02-05,Gunwi-gun,군위군,개,101
행정구역별,23256.0,37310,A,,T002,DT_1YL20842,주민등록인구(B),인구 천명당 사업체수(등록기반)(시도/시/군/구),2020,2023-10-12,Gunwi-gun,군위군,명,101
행정구역별,22945.0,37310,A,,T002,DT_1YL20842,주민등록인구(B),인구 천명당 사업체수(등록기반)(시도/시/군/구),2021,2023-10-12,Gunwi-gun,군위군,명,101
행정구역별,23340.0,37310,A,,T002,DT_1YL20842,주민등록인구(B),인구 천명당 사업체수(등록기반)(시도/시/군/구),2022,2024-02-05,Gunwi-gun,군위군,명,101
행정구역별,136.2,37310,A,Each                          ,T10,DT_1YL20842,인구천명당 사업체수(A÷B×1000),인구 천명당 사업체수(등록기반)(시도/시/군/구),2020,2023-10-12,Gunwi-gun,군위군,개,101
행정구역별,144.7,37310,A,Each                          ,T10,DT_1YL20842,인구천명당 사업체수(A÷B×1000),인구 천명당 사업체수(등록기반)(시도/시/군/구),2021,2023-10-12,Gunwi-gun,군위군,개,101
행정구역별,147.3,37310,A,Each                          ,T10,DT_1YL20842,인구천명당 사업체수(A÷B×1000),인구 천명당 사업체수(등록기반)(시도/시/군/구),2022,2024-02-05,Gunwi-gun,군위군,개,101
행정구역별,6072.0,37520,A,Each                          ,T001,DT_1YL20842,사업체수(A),인구 천명당 사업체수(등록기반)(시도/시/군/구),2020,2023-10-12,Uiseong-gun,의성군,개,101
행정구역별,6242.0,37520,A,Each                          ,T001,DT_1YL20842,사업체수(A),인구 천명당 사업체수(등록기반)(시도/시/군/구),2021,2023-10-12,Uiseong-gun,의성군,개,101
행정구역별,6278.0,37520,A,Each                          ,T001,DT_1YL20842,사업체수(A),인구 천명당 사업체수(등록기반)(시도/시/군/구),2022,2024-02-05,Uiseong-gun,의성군,개,101
행정구역별,6493.0,37520,A,Each                          ,T001,DT_1YL20842,사업체수(A),인구 천명당 사업체수(등록기반)(시도/시/군/구),2023,2025-02-11,Uiseong-gun,의성군,개,101
행정구역별,6863.0,37520,A,Each                          ,T001,DT_1YL20842,사업체수(A),인구 천명당 사업체수(등록기반)(시도/시/군/구),2024,2026-02-13,Uiseong-gun,의성군,개,101
행정구역별,51724.0,37520,A,,T002,DT_1YL20842,주민등록인구(B),인구 천명당 사업체수(등록기반)(시도/시/군/구),2020,2023-10-12,Uiseong-gun,의성군,명,101
행정구역별,50632.0,37520,A,,T002,DT_1YL20842,주민등록인구(B),인구 천명당 사업체수(등록기반)(시도/시/군/구),2021,2023-10-12,Uiseong-gun,의성군,명,101
행정구역별,50186.0,37520,A,,T002,DT_1YL20842,주민등록인구(B),인구 천명당 사업체수(등록기반)(시도/시/군/구),2022,2024-02-05,Uiseong-gun,의성군,명,101
행정구역별,50086.0,37520,A,,T002,DT_1YL20842,주민등록인구(B),인구 천명당 사업체수(등록기반)(시도/시/군/구),2023,2025-02-11,Uiseong-gun,의성군,명,101
행정구역별,48690.0,37520,A,,T002,DT_1YL20842,주민등록인구(B),인구 천명당 사업체수(등록기반)(시도/시/군/구),2024,2026-02-13,Uiseong-gun,의성군,명,101
행정구역별,117.4,37520,A,Each                          ,T10,DT_1YL20842,인구천명당 사업체수(A÷B×1000),인구 천명당 사업체수(등록기반)(시도/시/군/구),2020,2023-10-12,Uiseong-gun,의성군,개,101
행정구역별,123.3,37520,A,Each                          ,T10,DT_1YL20842,인구천명당 사업체수(A÷B×1000),인구 천명당 사업체수(등록기반)(시도/시/군/구),2021,2023-10-12,Uiseong-gun,의성군,개,101
행정구역별,125.1,37520,A,Each                          ,T10,DT_1YL20842,인구천명당 사업체수(A÷B×1000),인구 천명당 사업체수(등록기반)(시도/시/군/구),2022,2024-02-05,Uiseong-gun,의성군,개,101
행정구역별,129.6,37520,A,Each                          ,T10,DT_1YL20842,인구천명당 사업체수(A÷B×1000),인구 천명당 사업체수(등록기반)(시도/시/군/구),2023,2025-02-11,Uiseong-gun,의성군,개,101
행정구역별,141.0,37520,A,Each                          ,T10,DT_1YL20842,인구천명당 사업체수(A÷B×1000),인구 천명당 사업체수(등록기반)(시도/시/군/구),2024,2026-02-13,Uiseong-gun,의성군,개,101
행정구역별,2981.0,37530,A,Each                          ,T001,DT_1YL20842,사업체수(A),인구 천명당 사업체수(등록기반)(시도/시/군/구),2020,2023-10-12,Cheongsong-gun,청송군,개,101
행정구역별,3060.0,37530,A,Each                          ,T001,DT_1YL20842,사업체수(A),인구 천명당 사업체수(등록기반)(시도/시/군/구),2021,2023-10-12,Cheongsong-gun,청송군,개,101
행정구역별,3041.0,37530,A,Each                          ,T001,DT_1YL20842,사업체수(A),인구 천명당 사업체수(등록기반)(시도/시/군/구),2022,2024-02-05,Cheongsong-gun,청송군,개,101
행정구역별,3195.0,37530,A,Each                          ,T001,DT_1YL20842,사업체수(A),인구 천명당 사업체수(등록기반)(시도/시/군/구),2023,2025-02-11,Cheongsong-gun,청송군,개,101
행정구역별,3343.0,37530,A,Each                          ,T001,DT_1YL20842,사업체수(A),인구 천명당 사업체수(등록기반)(시도/시/군/구),2024,2026-02-13,Cheongsong-gun,청송군,개,101
행정구역별,25044.0,37530,A,,T002,DT_1YL20842,주민등록인구(B),인구 천명당 사업체수(등록기반)(시도/시/군/구),2020,2023-10-12,Cheongsong-gun,청송군,명,101
행정구역별,24539.0,37530,A,,T002,DT_1YL20842,주민등록인구(B),인구 천명당 사업체수(등록기반)(시도/시/군/구),2021,2023-10-12,Cheongsong-gun,청송군,명,101
행정구역별,24295.0,37530,A,,T002,DT_1YL20842,주민등록인구(B),인구 천명당 사업체수(등록기반)(시도/시/군/구),2022,2024-02-05,Cheongsong-gun,청송군,명,101
행정구역별,24019.0,37530,A,,T002,DT_1YL20842,주민등록인구(B),인구 천명당 사업체수(등록기반)(시도/시/군/구),2023,2025-02-11,Cheongsong-gun,청송군,명,101
행정구역별,23716.0,37530,A,,T002,DT_1YL20842,주민등록인구(B),인구 천명당 사업체수(등록기반)(시도/시/군/구),2024,2026-02-13,Cheongsong-gun,청송군,명,101
행정구역별,119.0,37530,A,Each                          ,T10,DT_1YL20842,인구천명당 사업체수(A÷B×1000),인구 천명당 사업체수(등록기반)(시도/시/군/구),2020,2023-10-12,Cheongsong-gun,청송군,개,101
행정구역별,124.7,37530,A,Each                          ,T10,DT_1YL20842,인구천명당 사업체수(A÷B×1000),인구 천명당 사업체수(등록기반)(시도/시/군/구),2021,2023-10-12,Cheongsong-gun,청송군,개,101
행정구역별,125.2,37530,A,Each                          ,T10,DT_1YL20842,인구천명당 사업체수(A÷B×1000),인구 천명당 사업체수(등록기반)(시도/시/군/구),2022,2024-02-05,Cheongsong-gun,청송군,개,101
행정구역별,133.0,37530,A,Each                          ,T10,DT_1YL20842,인구천명당 사업체수(A÷B×1000),인구 천명당 사업체수(등록기반)(시도/시/군/구),2023,2025-02-11,Cheongsong-gun,청송군,개,101
행정구역별,141.0,37530,A,Each                          ,T10,DT_1YL20842,인구천명당 사업체수(A÷B×1000),인구 천명당 사업체수(등록기반)(시도/시/군/구),2024,2026-02-13,Cheongsong-gun,청송군,개,101
행정구역별,1766.0,37540,A,Each                          ,T001,DT_1YL20842,사업체수(A),인구 천명당 사업체수(등록기반)(시도/시/군/구),2020,2023-10-12,Yeongyang-gun,영양군,개,101
행정구역별,1796.0,37540,A,Each                          ,T001,DT_1YL20842,사업체수(A),인구 천명당 사업체수(등록기반)(시도/시/군/구),2021,2023-10-12,Yeongyang-gun,영양군,개,101
행정구역별,1825.0,37540,A,Each                          ,T001,DT_1YL20842,사업체수(A),인구 천명당 사업체수(등록기반)(시도/시/군/구),2022,2024-02-05,Yeongyang-gun,영양군,개,101
행정구역별,1987.0,37540,A,Each                          ,T001,DT_1YL20842,사업체수(A),인구 천명당 사업체수(등록기반)(시도/시/군/구),2023,2025-02-11,Yeongyang-gun,영양군,개,101
행정구역별,2177.0,37540,A,Each                          ,T001,DT_1YL20842,사업체수(A),인구 천명당 사업체수(등록기반)(시도/시/군/구),2024,2026-02-13,Yeongyang-gun,영양군,개,101
행정구역별,16692.0,37540,A,,T002,DT_1YL20842,주민등록인구(B),인구 천명당 사업체수(등록기반)(시도/시/군/구),2020,2023-10-12,Yeongyang-gun,영양군,명,101
행정구역별,16320.0,37540,A,,T002,DT_1YL20842,주민등록인구(B),인구 천명당 사업체수(등록기반)(시도/시/군/구),2021,2023-10-12,Yeongyang-gun,영양군,명,101
행정구역별,16022.0,37540,A,,T002,DT_1YL20842,주민등록인구(B),인구 천명당 사업체수(등록기반)(시도/시/군/구),2022,2024-02-05,Yeongyang-gun,영양군,명,101
행정구역별,15661.0,37540,A,,T002,DT_1YL20842,주민등록인구(B),인구 천명당 사업체수(등록기반)(시도/시/군/구),2023,2025-02-11,Yeongyang-gun,영양군,명,101
행정구역별,15328.0,37540,A,,T002,DT_1YL20842,주민등록인구(B),인구 천명당 사업체수(등록기반)(시도/시/군/구),2024,2026-02-13,Yeongyang-gun,영양군,명,101
행정구역별,105.8,37540,A,Each                          ,T10,DT_1YL20842,인구천명당 사업체수(A÷B×1000),인구 천명당 사업체수(등록기반)(시도/시/군/구),2020,2023-10-12,Yeongyang-gun,영양군,개,101
행정구역별,110.0,37540,A,Each                          ,T10,DT_1YL20842,인구천명당 사업체수(A÷B×1000),인구 천명당 사업체수(등록기반)(시도/시/군/구),2021,2023-10-12,Yeongyang-gun,영양군,개,101
행정구역별,113.9,37540,A,Each                          ,T10,DT_1YL20842,인구천명당 사업체수(A÷B×1000),인구 천명당 사업체수(등록기반)(시도/시/군/구),2022,2024-02-05,Yeongyang-gun,영양군,개,101
행정구역별,126.9,37540,A,Each                          ,T10,DT_1YL20842,인구천명당 사업체수(A÷B×1000),인구 천명당 사업체수(등록기반)(시도/시/군/구),2023,2025-02-11,Yeongyang-gun,영양군,개,101
행정구역별,142.0,37540,A,Each                          ,T10,DT_1YL20842,인구천명당 사업체수(A÷B×1000),인구 천명당 사업체수(등록기반)(시도/시/군/구),2024,2026-02-13,Yeongyang-gun,영양군,개,101
행정구역별,5256.0,37550,A,Each                          ,T001,DT_1YL20842,사업체수(A),인구 천명당 사업체수(등록기반)(시도/시/군/구),2020,2023-10-12,Yeongdeok-gun,영덕군,개,101
행정구역별,5619.0,37550,A,Each                          ,T001,DT_1YL20842,사업체수(A),인구 천명당 사업체수(등록기반)(시도/시/군/구),2021,2023-10-12,Yeongdeok-gun,영덕군,개,101
행정구역별,5741.0,37550,A,Each                          ,T001,DT_1YL20842,사업체수(A),인구 천명당 사업체수(등록기반)(시도/시/군/구),2022,2024-02-05,Yeongdeok-gun,영덕군,개,101
행정구역별,5791.0,37550,A,Each                          ,T001,DT_1YL20842,사업체수(A),인구 천명당 사업체수(등록기반)(시도/시/군/구),2023,2025-02-11,Yeongdeok-gun,영덕군,개,101
행정구역별,6023.0,37550,A,Each                          ,T001,DT_1YL20842,사업체수(A),인구 천명당 사업체수(등록기반)(시도/시/군/구),2024,2026-02-13,Yeongdeok-gun,영덕군,개,101
행정구역별,36313.0,37550,A,,T002,DT_1YL20842,주민등록인구(B),인구 천명당 사업체수(등록기반)(시도/시/군/구),2020,2023-10-12,Yeongdeok-gun,영덕군,명,101
행정구역별,35314.0,37550,A,,T002,DT_1YL20842,주민등록인구(B),인구 천명당 사업체수(등록기반)(시도/시/군/구),2021,2023-10-12,Yeongdeok-gun,영덕군,명,101
행정구역별,34650.0,37550,A,,T002,DT_1YL20842,주민등록인구(B),인구 천명당 사업체수(등록기반)(시도/시/군/구),2022,2024-02-05,Yeongdeok-gun,영덕군,명,101
행정구역별,34055.0,37550,A,,T002,DT_1YL20842,주민등록인구(B),인구 천명당 사업체수(등록기반)(시도/시/군/구),2023,2025-02-11,Yeongdeok-gun,영덕군,명,101
행정구역별,33210.0,37550,A,,T002,DT_1YL20842,주민등록인구(B),인구 천명당 사업체수(등록기반)(시도/시/군/구),2024,2026-02-13,Yeongdeok-gun,영덕군,명,101
행정구역별,144.7,37550,A,Each                          ,T10,DT_1YL20842,인구천명당 사업체수(A÷B×1000),인구 천명당 사업체수(등록기반)(시도/시/군/구),2020,2023-10-12,Yeongdeok-gun,영덕군,개,101
행정구역별,159.1,37550,A,Each                          ,T10,DT_1YL20842,인구천명당 사업체수(A÷B×1000),인구 천명당 사업체수(등록기반)(시도/시/군/구),2021,2023-10-12,Yeongdeok-gun,영덕군,개,101
행정구역별,165.7,37550,A,Each                          ,T10,DT_1YL20842,인구천명당 사업체수(A÷B×1000),인구 천명당 사업체수(등록기반)(시도/시/군/구),2022,2024-02-05,Yeongdeok-gun,영덕군,개,101
행정구역별,170.0,37550,A,Each                          ,T10,DT_1YL20842,인구천명당 사업체수(A÷B×1000),인구 천명당 사업체수(등록기반)(시도/시/군/구),2023,2025-02-11,Yeongdeok-gun,영덕군,개,101
행정구역별,181.4,37550,A,Each                          ,T10,DT_1YL20842,인구천명당 사업체수(A÷B×1000),인구 천명당 사업체수(등록기반)(시도/시/군/구),2024,2026-02-13,Yeongdeok-gun,영덕군,개,101
행정구역별,5372.0,37560,A,Each                          ,T001,DT_1YL20842,사업체수(A),인구 천명당 사업체수(등록기반)(시도/시/군/구),2020,2023-10-12,Cheongdo-gun,청도군,개,101
행정구역별,5612.0,37560,A,Each                          ,T001,DT_1YL20842,사업체수(A),인구 천명당 사업체수(등록기반)(시도/시/군/구),2021,2023-10-12,Cheongdo-gun,청도군,개,101
행정구역별,5825.0,37560,A,Each                          ,T001,DT_1YL20842,사업체수(A),인구 천명당 사업체수(등록기반)(시도/시/군/구),2022,2024-02-05,Cheongdo-gun,청도군,개,101
행정구역별,6094.0,37560,A,Each                          ,T001,DT_1YL20842,사업체수(A),인구 천명당 사업체수(등록기반)(시도/시/군/구),2023,2025-02-11,Cheongdo-gun,청도군,개,101
행정구역별,6393.0,37560,A,Each                          ,T001,DT_1YL20842,사업체수(A),인구 천명당 사업체수(등록기반)(시도/시/군/구),2024,2026-02-13,Cheongdo-gun,청도군,개,101
행정구역별,42263.0,37560,A,,T002,DT_1YL20842,주민등록인구(B),인구 천명당 사업체수(등록기반)(시도/시/군/구),2020,2023-10-12,Cheongdo-gun,청도군,명,101
행정구역별,41891.0,37560,A,,T002,DT_1YL20842,주민등록인구(B),인구 천명당 사업체수(등록기반)(시도/시/군/구),2021,2023-10-12,Cheongdo-gun,청도군,명,101
행정구역별,41614.0,37560,A,,T002,DT_1YL20842,주민등록인구(B),인구 천명당 사업체수(등록기반)(시도/시/군/구),2022,2024-02-05,Cheongdo-gun,청도군,명,101
행정구역별,41316.0,37560,A,,T002,DT_1YL20842,주민등록인구(B),인구 천명당 사업체수(등록기반)(시도/시/군/구),2023,2025-02-11,Cheongdo-gun,청도군,명,101
행정구역별,40582.0,37560,A,,T002,DT_1YL20842,주민등록인구(B),인구 천명당 사업체수(등록기반)(시도/시/군/구),2024,2026-02-13,Cheongdo-gun,청도군,명,101
행정구역별,127.1,37560,A,Each                          ,T10,DT_1YL20842,인구천명당 사업체수(A÷B×1000),인구 천명당 사업체수(등록기반)(시도/시/군/구),2020,2023-10-12,Cheongdo-gun,청도군,개,101
행정구역별,134.0,37560,A,Each                          ,T10,DT_1YL20842,인구천명당 사업체수(A÷B×1000),인구 천명당 사업체수(등록기반)(시도/시/군/구),2021,2023-10-12,Cheongdo-gun,청도군,개,101
행정구역별,140.0,37560,A,Each                          ,T10,DT_1YL20842,인구천명당 사업체수(A÷B×1000),인구 천명당 사업체수(등록기반)(시도/시/군/구),2022,2024-02-05,Cheongdo-gun,청도군,개,101
행정구역별,147.5,37560,A,Each                          ,T10,DT_1YL20842,인구천명당 사업체수(A÷B×1000),인구 천명당 사업체수(등록기반)(시도/시/군/구),2023,2025-02-11,Cheongdo-gun,청도군,개,101
행정구역별,157.5,37560,A,Each                          ,T10,DT_1YL20842,인구천명당 사업체수(A÷B×1000),인구 천명당 사업체수(등록기반)(시도/시/군/구),2024,2026-02-13,Cheongdo-gun,청도군,개,101
행정구역별,5368.0,37570,A,Each                          ,T001,DT_1YL20842,사업체수(A),인구 천명당 사업체수(등록기반)(시도/시/군/구),2020,2023-10-12,Goryeong-gun,고령군,개,101
행정구역별,5610.0,37570,A,Each                          ,T001,DT_1YL20842,사업체수(A),인구 천명당 사업체수(등록기반)(시도/시/군/구),2021,2023-10-12,Goryeong-gun,고령군,개,101
행정구역별,5831.0,37570,A,Each                          ,T001,DT_1YL20842,사업체수(A),인구 천명당 사업체수(등록기반)(시도/시/군/구),2022,2024-02-05,Goryeong-gun,고령군,개,101
행정구역별,5936.0,37570,A,Each                          ,T001,DT_1YL20842,사업체수(A),인구 천명당 사업체수(등록기반)(시도/시/군/구),2023,2025-02-11,Goryeong-gun,고령군,개,101
행정구역별,6160.0,37570,A,Each                          ,T001,DT_1YL20842,사업체수(A),인구 천명당 사업체수(등록기반)(시도/시/군/구),2024,2026-02-13,Goryeong-gun,고령군,개,101
행정구역별,31361.0,37570,A,,T002,DT_1YL20842,주민등록인구(B),인구 천명당 사업체수(등록기반)(시도/시/군/구),2020,2023-10-12,Goryeong-gun,고령군,명,101
행정구역별,30626.0,37570,A,,T002,DT_1YL20842,주민등록인구(B),인구 천명당 사업체수(등록기반)(시도/시/군/구),2021,2023-10-12,Goryeong-gun,고령군,명,101
행정구역별,30353.0,37570,A,,T002,DT_1YL20842,주민등록인구(B),인구 천명당 사업체수(등록기반)(시도/시/군/구),2022,2024-02-05,Goryeong-gun,고령군,명,101
행정구역별,30139.0,37570,A,,T002,DT_1YL20842,주민등록인구(B),인구 천명당 사업체수(등록기반)(시도/시/군/구),2023,2025-02-11,Goryeong-gun,고령군,명,101
행정구역별,30062.0,37570,A,,T002,DT_1YL20842,주민등록인구(B),인구 천명당 사업체수(등록기반)(시도/시/군/구),2024,2026-02-13,Goryeong-gun,고령군,명,101
행정구역별,171.2,37570,A,Each                          ,T10,DT_1YL20842,인구천명당 사업체수(A÷B×1000),인구 천명당 사업체수(등록기반)(시도/시/군/구),2020,2023-10-12,Goryeong-gun,고령군,개,101
행정구역별,183.2,37570,A,Each                          ,T10,DT_1YL20842,인구천명당 사업체수(A÷B×1000),인구 천명당 사업체수(등록기반)(시도/시/군/구),2021,2023-10-12,Goryeong-gun,고령군,개,101
행정구역별,192.1,37570,A,Each                          ,T10,DT_1YL20842,인구천명당 사업체수(A÷B×1000),인구 천명당 사업체수(등록기반)(시도/시/군/구),2022,2024-02-05,Goryeong-gun,고령군,개,101
행정구역별,197.0,37570,A,Each                          ,T10,DT_1YL20842,인구천명당 사업체수(A÷B×1000),인구 천명당 사업체수(등록기반)(시도/시/군/구),2023,2025-02-11,Goryeong-gun,고령군,개,101
행정구역별,204.9,37570,A,Each                          ,T10,DT_1YL20842,인구천명당 사업체수(A÷B×1000),인구 천명당 사업체수(등록기반)(시도/시/군/구),2024,2026-02-13,Goryeong-gun,고령군,개,101
행정구역별,7235.0,37580,A,Each                          ,T001,DT_1YL20842,사업체수(A),인구 천명당 사업체수(등록기반)(시도/시/군/구),2020,2023-10-12,Seongju-gun,성주군,개,101
행정구역별,7485.0,37580,A,Each                          ,T001,DT_1YL20842,사업체수(A),인구 천명당 사업체수(등록기반)(시도/시/군/구),2021,2023-10-12,Seongju-gun,성주군,개,101
행정구역별,7567.0,37580,A,Each                          ,T001,DT_1YL20842,사업체수(A),인구 천명당 사업체수(등록기반)(시도/시/군/구),2022,2024-02-05,Seongju-gun,성주군,개,101
행정구역별,7750.0,37580,A,Each                          ,T001,DT_1YL20842,사업체수(A),인구 천명당 사업체수(등록기반)(시도/시/군/구),2023,2025-02-11,Seongju-gun,성주군,개,101
행정구역별,8156.0,37580,A,Each                          ,T001,DT_1YL20842,사업체수(A),인구 천명당 사업체수(등록기반)(시도/시/군/구),2024,2026-02-13,Seongju-gun,성주군,개,101
행정구역별,43414.0,37580,A,,T002,DT_1YL20842,주민등록인구(B),인구 천명당 사업체수(등록기반)(시도/시/군/구),2020,2023-10-12,Seongju-gun,성주군,명,101
행정구역별,42842.0,37580,A,,T002,DT_1YL20842,주민등록인구(B),인구 천명당 사업체수(등록기반)(시도/시/군/구),2021,2023-10-12,Seongju-gun,성주군,명,101
행정구역별,42566.0,37580,A,,T002,DT_1YL20842,주민등록인구(B),인구 천명당 사업체수(등록기반)(시도/시/군/구),2022,2024-02-05,Seongju-gun,성주군,명,101
행정구역별,42086.0,37580,A,,T002,DT_1YL20842,주민등록인구(B),인구 천명당 사업체수(등록기반)(시도/시/군/구),2023,2025-02-11,Seongju-gun,성주군,명,101
행정구역별,41452.0,37580,A,,T002,DT_1YL20842,주민등록인구(B),인구 천명당 사업체수(등록기반)(시도/시/군/구),2024,2026-02-13,Seongju-gun,성주군,명,101
행정구역별,166.7,37580,A,Each                          ,T10,DT_1YL20842,인구천명당 사업체수(A÷B×1000),인구 천명당 사업체수(등록기반)(시도/시/군/구),2020,2023-10-12,Seongju-gun,성주군,개,101
행정구역별,174.7,37580,A,Each                          ,T10,DT_1YL20842,인구천명당 사업체수(A÷B×1000),인구 천명당 사업체수(등록기반)(시도/시/군/구),2021,2023-10-12,Seongju-gun,성주군,개,101
행정구역별,177.8,37580,A,Each                          ,T10,DT_1YL20842,인구천명당 사업체수(A÷B×1000),인구 천명당 사업체수(등록기반)(시도/시/군/구),2022,2024-02-05,Seongju-gun,성주군,개,101
행정구역별,184.1,37580,A,Each                          ,T10,DT_1YL20842,인구천명당 사업체수(A÷B×1000),인구 천명당 사업체수(등록기반)(시도/시/군/구),2023,2025-02-11,Seongju-gun,성주군,개,101
행정구역별,196.8,37580,A,Each                          ,T10,DT_1YL20842,인구천명당 사업체수(A÷B×1000),인구 천명당 사업체수(등록기반)(시도/시/군/구),2024,2026-02-13,Seongju-gun,성주군,개,101
행정구역별,16997.0,37590,A,Each                          ,T001,DT_1YL20842,사업체수(A),인구 천명당 사업체수(등록기반)(시도/시/군/구),2020,2023-10-12,Chilgok-gun,칠곡군,개,101
행정구역별,17160.0,37590,A,Each                          ,T001,DT_1YL20842,사업체수(A),인구 천명당 사업체수(등록기반)(시도/시/군/구),2021,2023-10-12,Chilgok-gun,칠곡군,개,101
행정구역별,17752.0,37590,A,Each                          ,T001,DT_1YL20842,사업체수(A),인구 천명당 사업체수(등록기반)(시도/시/군/구),2022,2024-02-05,Chilgok-gun,칠곡군,개,101
행정구역별,17773.0,37590,A,Each                          ,T001,DT_1YL20842,사업체수(A),인구 천명당 사업체수(등록기반)(시도/시/군/구),2023,2025-02-11,Chilgok-gun,칠곡군,개,101
행정구역별,17461.0,37590,A,Each                          ,T001,DT_1YL20842,사업체수(A),인구 천명당 사업체수(등록기반)(시도/시/군/구),2024,2026-02-13,Chilgok-gun,칠곡군,개,101
행정구역별,114758.0,37590,A,,T002,DT_1YL20842,주민등록인구(B),인구 천명당 사업체수(등록기반)(시도/시/군/구),2020,2023-10-12,Chilgok-gun,칠곡군,명,101
행정구역별,113822.0,37590,A,,T002,DT_1YL20842,주민등록인구(B),인구 천명당 사업체수(등록기반)(시도/시/군/구),2021,2023-10-12,Chilgok-gun,칠곡군,명,101
행정구역별,112487.0,37590,A,,T002,DT_1YL20842,주민등록인구(B),인구 천명당 사업체수(등록기반)(시도/시/군/구),2022,2024-02-05,Chilgok-gun,칠곡군,명,101
행정구역별,110581.0,37590,A,,T002,DT_1YL20842,주민등록인구(B),인구 천명당 사업체수(등록기반)(시도/시/군/구),2023,2025-02-11,Chilgok-gun,칠곡군,명,101
행정구역별,107383.0,37590,A,,T002,DT_1YL20842,주민등록인구(B),인구 천명당 사업체수(등록기반)(시도/시/군/구),2024,2026-02-13,Chilgok-gun,칠곡군,명,101
행정구역별,148.1,37590,A,Each                          ,T10,DT_1YL20842,인구천명당 사업체수(A÷B×1000),인구 천명당 사업체수(등록기반)(시도/시/군/구),2020,2023-10-12,Chilgok-gun,칠곡군,개,101
행정구역별,150.8,37590,A,Each                          ,T10,DT_1YL20842,인구천명당 사업체수(A÷B×1000),인구 천명당 사업체수(등록기반)(시도/시/군/구),2021,2023-10-12,Chilgok-gun,칠곡군,개,101
행정구역별,157.8,37590,A,Each                          ,T10,DT_1YL20842,인구천명당 사업체수(A÷B×1000),인구 천명당 사업체수(등록기반)(시도/시/군/구),2022,2024-02-05,Chilgok-gun,칠곡군,개,101
행정구역별,160.7,37590,A,Each                          ,T10,DT_1YL20842,인구천명당 사업체수(A÷B×1000),인구 천명당 사업체수(등록기반)(시도/시/군/구),2023,2025-02-11,Chilgok-gun,칠곡군,개,101
행정구역별,162.6,37590,A,Each                          ,T10,DT_1YL20842,인구천명당 사업체수(A÷B×1000),인구 천명당 사업체수(등록기반)(시도/시/군/구),2024,2026-02-13,Chilgok-gun,칠곡군,개,101
행정구역별,5303.0,37600,A,Each                          ,T001,DT_1YL20842,사업체수(A),인구 천명당 사업체수(등록기반)(시도/시/군/구),2020,2023-10-12,Yecheon-gun,예천군,개,101
행정구역별,5825.0,37600,A,Each                          ,T001,DT_1YL20842,사업체수(A),인구 천명당 사업체수(등록기반)(시도/시/군/구),2021,2023-10-12,Yecheon-gun,예천군,개,101
행정구역별,5994.0,37600,A,Each                          ,T001,DT_1YL20842,사업체수(A),인구 천명당 사업체수(등록기반)(시도/시/군/구),2022,2024-02-05,Yecheon-gun,예천군,개,101
행정구역별,6156.0,37600,A,Each                          ,T001,DT_1YL20842,사업체수(A),인구 천명당 사업체수(등록기반)(시도/시/군/구),2023,2025-02-11,Yecheon-gun,예천군,개,101
행정구역별,6697.0,37600,A,Each                          ,T001,DT_1YL20842,사업체수(A),인구 천명당 사업체수(등록기반)(시도/시/군/구),2024,2026-02-13,Yecheon-gun,예천군,개,101
행정구역별,55613.0,37600,A,,T002,DT_1YL20842,주민등록인구(B),인구 천명당 사업체수(등록기반)(시도/시/군/구),2020,2023-10-12,Yecheon-gun,예천군,명,101
행정구역별,55739.0,37600,A,,T002,DT_1YL20842,주민등록인구(B),인구 천명당 사업체수(등록기반)(시도/시/군/구),2021,2023-10-12,Yecheon-gun,예천군,명,101
행정구역별,55755.0,37600,A,,T002,DT_1YL20842,주민등록인구(B),인구 천명당 사업체수(등록기반)(시도/시/군/구),2022,2024-02-05,Yecheon-gun,예천군,명,101
행정구역별,55325.0,37600,A,,T002,DT_1YL20842,주민등록인구(B),인구 천명당 사업체수(등록기반)(시도/시/군/구),2023,2025-02-11,Yecheon-gun,예천군,명,101
행정구역별,54609.0,37600,A,,T002,DT_1YL20842,주민등록인구(B),인구 천명당 사업체수(등록기반)(시도/시/군/구),2024,2026-02-13,Yecheon-gun,예천군,명,101
행정구역별,95.4,37600,A,Each                          ,T10,DT_1YL20842,인구천명당 사업체수(A÷B×1000),인구 천명당 사업체수(등록기반)(시도/시/군/구),2020,2023-10-12,Yecheon-gun,예천군,개,101
행정구역별,104.5,37600,A,Each                          ,T10,DT_1YL20842,인구천명당 사업체수(A÷B×1000),인구 천명당 사업체수(등록기반)(시도/시/군/구),2021,2023-10-12,Yecheon-gun,예천군,개,101
행정구역별,107.5,37600,A,Each                          ,T10,DT_1YL20842,인구천명당 사업체수(A÷B×1000),인구 천명당 사업체수(등록기반)(시도/시/군/구),2022,2024-02-05,Yecheon-gun,예천군,개,101
행정구역별,111.3,37600,A,Each                          ,T10,DT_1YL20842,인구천명당 사업체수(A÷B×1000),인구 천명당 사업체수(등록기반)(시도/시/군/구),2023,2025-02-11,Yecheon-gun,예천군,개,101
행정구역별,122.6,37600,A,Each                          ,T10,DT_1YL20842,인구천명당 사업체수(A÷B×1000),인구 천명당 사업체수(등록기반)(시도/시/군/구),2024,2026-02-13,Yecheon-gun,예천군,개,101
행정구역별,3330.0,37610,A,Each                          ,T001,DT_1YL20842,사업체수(A),인구 천명당 사업체수(등록기반)(시도/시/군/구),2020,2023-10-12,Bonghwa-gun,봉화군,개,101
행정구역별,3598.0,37610,A,Each                          ,T001,DT_1YL20842,사업체수(A),인구 천명당 사업체수(등록기반)(시도/시/군/구),2021,2023-10-12,Bonghwa-gun,봉화군,개,101
행정구역별,3508.0,37610,A,Each                          ,T001,DT_1YL20842,사업체수(A),인구 천명당 사업체수(등록기반)(시도/시/군/구),2022,2024-02-05,Bonghwa-gun,봉화군,개,101
행정구역별,3686.0,37610,A,Each                          ,T001,DT_1YL20842,사업체수(A),인구 천명당 사업체수(등록기반)(시도/시/군/구),2023,2025-02-11,Bonghwa-gun,봉화군,개,101
행정구역별,4017.0,37610,A,Each                          ,T001,DT_1YL20842,사업체수(A),인구 천명당 사업체수(등록기반)(시도/시/군/구),2024,2026-02-13,Bonghwa-gun,봉화군,개,101
행정구역별,31494.0,37610,A,,T002,DT_1YL20842,주민등록인구(B),인구 천명당 사업체수(등록기반)(시도/시/군/구),2020,2023-10-12,Bonghwa-gun,봉화군,명,101
행정구역별,30762.0,37610,A,,T002,DT_1YL20842,주민등록인구(B),인구 천명당 사업체수(등록기반)(시도/시/군/구),2021,2023-10-12,Bonghwa-gun,봉화군,명,101
행정구역별,30139.0,37610,A,,T002,DT_1YL20842,주민등록인구(B),인구 천명당 사업체수(등록기반)(시도/시/군/구),2022,2024-02-05,Bonghwa-gun,봉화군,명,101
행정구역별,29603.0,37610,A,,T002,DT_1YL20842,주민등록인구(B),인구 천명당 사업체수(등록기반)(시도/시/군/구),2023,2025-02-11,Bonghwa-gun,봉화군,명,101
행정구역별,28836.0,37610,A,,T002,DT_1YL20842,주민등록인구(B),인구 천명당 사업체수(등록기반)(시도/시/군/구),2024,2026-02-13,Bonghwa-gun,봉화군,명,101
행정구역별,105.7,37610,A,Each                          ,T10,DT_1YL20842,인구천명당 사업체수(A÷B×1000),인구 천명당 사업체수(등록기반)(시도/시/군/구),2020,2023-10-12,Bonghwa-gun,봉화군,개,101
행정구역별,117.0,37610,A,Each                          ,T10,DT_1YL20842,인구천명당 사업체수(A÷B×1000),인구 천명당 사업체수(등록기반)(시도/시/군/구),2021,2023-10-12,Bonghwa-gun,봉화군,개,101
행정구역별,116.4,37610,A,Each                          ,T10,DT_1YL20842,인구천명당 사업체수(A÷B×1000),인구 천명당 사업체수(등록기반)(시도/시/군/구),2022,2024-02-05,Bonghwa-gun,봉화군,개,101
행정구역별,124.5,37610,A,Each                          ,T10,DT_1YL20842,인구천명당 사업체수(A÷B×1000),인구 천명당 사업체수(등록기반)(시도/시/군/구),2023,2025-02-11,Bonghwa-gun,봉화군,개,101
행정구역별,139.3,37610,A,Each                          ,T10,DT_1YL20842,인구천명당 사업체수(A÷B×1000),인구 천명당 사업체수(등록기반)(시도/시/군/구),2024,2026-02-13,Bonghwa-gun,봉화군,개,101
행정구역별,5742.0,37620,A,Each                          ,T001,DT_1YL20842,사업체수(A),인구 천명당 사업체수(등록기반)(시도/시/군/구),2020,2023-10-12,Uljin-gun,울진군,개,101
행정구역별,5857.0,37620,A,Each                          ,T001,DT_1YL20842,사업체수(A),인구 천명당 사업체수(등록기반)(시도/시/군/구),2021,2023-10-12,Uljin-gun,울진군,개,101
행정구역별,5929.0,37620,A,Each                          ,T001,DT_1YL20842,사업체수(A),인구 천명당 사업체수(등록기반)(시도/시/군/구),2022,2024-02-05,Uljin-gun,울진군,개,101
행정구역별,6126.0,37620,A,Each                          ,T001,DT_1YL20842,사업체수(A),인구 천명당 사업체수(등록기반)(시도/시/군/구),2023,2025-02-11,Uljin-gun,울진군,개,101
행정구역별,6373.0,37620,A,Each                          ,T001,DT_1YL20842,사업체수(A),인구 천명당 사업체수(등록기반)(시도/시/군/구),2024,2026-02-13,Uljin-gun,울진군,개,101
행정구역별,48716.0,37620,A,,T002,DT_1YL20842,주민등록인구(B),인구 천명당 사업체수(등록기반)(시도/시/군/구),2020,2023-10-12,Uljin-gun,울진군,명,101
행정구역별,47858.0,37620,A,,T002,DT_1YL20842,주민등록인구(B),인구 천명당 사업체수(등록기반)(시도/시/군/구),2021,2023-10-12,Uljin-gun,울진군,명,101
행정구역별,47030.0,37620,A,,T002,DT_1YL20842,주민등록인구(B),인구 천명당 사업체수(등록기반)(시도/시/군/구),2022,2024-02-05,Uljin-gun,울진군,명,101
행정구역별,46669.0,37620,A,,T002,DT_1YL20842,주민등록인구(B),인구 천명당 사업체수(등록기반)(시도/시/군/구),2023,2025-02-11,Uljin-gun,울진군,명,101
행정구역별,46124.0,37620,A,,T002,DT_1YL20842,주민등록인구(B),인구 천명당 사업체수(등록기반)(시도/시/군/구),2024,2026-02-13,Uljin-gun,울진군,명,101
행정구역별,117.9,37620,A,Each                          ,T10,DT_1YL20842,인구천명당 사업체수(A÷B×1000),인구 천명당 사업체수(등록기반)(시도/시/군/구),2020,2023-10-12,Uljin-gun,울진군,개,101
행정구역별,122.4,37620,A,Each                          ,T10,DT_1YL20842,인구천명당 사업체수(A÷B×1000),인구 천명당 사업체수(등록기반)(시도/시/군/구),2021,2023-10-12,Uljin-gun,울진군,개,101
행정구역별,126.1,37620,A,Each                          ,T10,DT_1YL20842,인구천명당 사업체수(A÷B×1000),인구 천명당 사업체수(등록기반)(시도/시/군/구),2022,2024-02-05,Uljin-gun,울진군,개,101
행정구역별,131.3,37620,A,Each                          ,T10,DT_1YL20842,인구천명당 사업체수(A÷B×1000),인구 천명당 사업체수(등록기반)(시도/시/군/구),2023,2025-02-11,Uljin-gun,울진군,개,101
행정구역별,138.2,37620,A,Each                          ,T10,DT_1YL20842,인구천명당 사업체수(A÷B×1000),인구 천명당 사업체수(등록기반)(시도/시/군/구),2024,2026-02-13,Uljin-gun,울진군,개,101
행정구역별,1399.0,37630,A,Each                          ,T001,DT_1YL20842,사업체수(A),인구 천명당 사업체수(등록기반)(시도/시/군/구),2020,2023-10-12,Ulleung-gun,울릉군,개,101
행정구역별,1470.0,37630,A,Each                          ,T001,DT_1YL20842,사업체수(A),인구 천명당 사업체수(등록기반)(시도/시/군/구),2021,2023-10-12,Ulleung-gun,울릉군,개,101
행정구역별,1601.0,37630,A,Each                          ,T001,DT_1YL20842,사업체수(A),인구 천명당 사업체수(등록기반)(시도/시/군/구),2022,2024-02-05,Ulleung-gun,울릉군,개,101
행정구역별,1706.0,37630,A,Each                          ,T001,DT_1YL20842,사업체수(A),인구 천명당 사업체수(등록기반)(시도/시/군/구),2023,2025-02-11,Ulleung-gun,울릉군,개,101
행정구역별,1778.0,37630,A,Each                          ,T001,DT_1YL20842,사업체수(A),인구 천명당 사업체수(등록기반)(시도/시/군/구),2024,2026-02-13,Ulleung-gun,울릉군,개,101
행정구역별,9077.0,37630,A,,T002,DT_1YL20842,주민등록인구(B),인구 천명당 사업체수(등록기반)(시도/시/군/구),2020,2023-10-12,Ulleung-gun,울릉군,명,101
행정구역별,8867.0,37630,A,,T002,DT_1YL20842,주민등록인구(B),인구 천명당 사업체수(등록기반)(시도/시/군/구),2021,2023-10-12,Ulleung-gun,울릉군,명,101
행정구역별,8996.0,37630,A,,T002,DT_1YL20842,주민등록인구(B),인구 천명당 사업체수(등록기반)(시도/시/군/구),2022,2024-02-05,Ulleung-gun,울릉군,명,101
행정구역별,9077.0,37630,A,,T002,DT_1YL20842,주민등록인구(B),인구 천명당 사업체수(등록기반)(시도/시/군/구),2023,2025-02-11,Ulleung-gun,울릉군,명,101
행정구역별,9099.0,37630,A,,T002,DT_1YL20842,주민등록인구(B),인구 천명당 사업체수(등록기반)(시도/시/군/구),2024,2026-02-13,Ulleung-gun,울릉군,명,101
행정구역별,154.1,37630,A,Each                          ,T10,DT_1YL20842,인구천명당 사업체수(A÷B×1000),인구 천명당 사업체수(등록기반)(시도/시/군/구),2020,2023-10-12,Ulleung-gun,울릉군,개,101
행정구역별,165.8,37630,A,Each                          ,T10,DT_1YL20842,인구천명당 사업체수(A÷B×1000),인구 천명당 사업체수(등록기반)(시도/시/군/구),2021,2023-10-12,Ulleung-gun,울릉군,개,101
행정구역별,178.0,37630,A,Each                          ,T10,DT_1YL20842,인구천명당 사업체수(A÷B×1000),인구 천명당 사업체수(등록기반)(시도/시/군/구),2022,2024-02-05,Ulleung-gun,울릉군,개,101
행정구역별,187.9,37630,A,Each                          ,T10,DT_1YL20842,인구천명당 사업체수(A÷B×1000),인구 천명당 사업체수(등록기반)(시도/시/군/구),2023,2025-02-11,Ulleung-gun,울릉군,개,101
행정구역별,195.4,37630,A,Each                          ,T10,DT_1YL20842,인구천명당 사업체수(A÷B×1000),인구 천명당 사업체수(등록기반)(시도/시/군/구),2024,2026-02-13,Ulleung-gun,울릉군,개,101
행정구역별,387177.0,38,A,Each                          ,T001,DT_1YL20842,사업체수(A),인구 천명당 사업체수(등록기반)(시도/시/군/구),2020,2023-10-12,Gyeongsangnam-do,경상남도,개,101
행정구역별,392614.0,38,A,Each                          ,T001,DT_1YL20842,사업체수(A),인구 천명당 사업체수(등록기반)(시도/시/군/구),2021,2023-10-12,Gyeongsangnam-do,경상남도,개,101
행정구역별,397699.0,38,A,Each                          ,T001,DT_1YL20842,사업체수(A),인구 천명당 사업체수(등록기반)(시도/시/군/구),2022,2024-02-05,Gyeongsangnam-do,경상남도,개,101
행정구역별,399164.0,38,A,Each                          ,T001,DT_1YL20842,사업체수(A),인구 천명당 사업체수(등록기반)(시도/시/군/구),2023,2025-02-11,Gyeongsangnam-do,경상남도,개,101
행정구역별,403774.0,38,A,Each                          ,T001,DT_1YL20842,사업체수(A),인구 천명당 사업체수(등록기반)(시도/시/군/구),2024,2026-02-13,Gyeongsangnam-do,경상남도,개,101
행정구역별,3340216.0,38,A,,T002,DT_1YL20842,주민등록인구(B),인구 천명당 사업체수(등록기반)(시도/시/군/구),2020,2023-10-12,Gyeongsangnam-do,경상남도,명,101
행정구역별,3314183.0,38,A,,T002,DT_1YL20842,주민등록인구(B),인구 천명당 사업체수(등록기반)(시도/시/군/구),2021,2023-10-12,Gyeongsangnam-do,경상남도,명,101
행정구역별,3280493.0,38,A,,T002,DT_1YL20842,주민등록인구(B),인구 천명당 사업체수(등록기반)(시도/시/군/구),2022,2024-02-05,Gyeongsangnam-do,경상남도,명,101
행정구역별,3251158.0,38,A,,T002,DT_1YL20842,주민등록인구(B),인구 천명당 사업체수(등록기반)(시도/시/군/구),2023,2025-02-11,Gyeongsangnam-do,경상남도,명,101
행정구역별,3228380.0,38,A,,T002,DT_1YL20842,주민등록인구(B),인구 천명당 사업체수(등록기반)(시도/시/군/구),2024,2026-02-13,Gyeongsangnam-do,경상남도,명,101
행정구역별,115.9,38,A,Each                          ,T10,DT_1YL20842,인구천명당 사업체수(A÷B×1000),인구 천명당 사업체수(등록기반)(시도/시/군/구),2020,2023-10-12,Gyeongsangnam-do,경상남도,개,101
행정구역별,118.5,38,A,Each                          ,T10,DT_1YL20842,인구천명당 사업체수(A÷B×1000),인구 천명당 사업체수(등록기반)(시도/시/군/구),2021,2023-10-12,Gyeongsangnam-do,경상남도,개,101
행정구역별,121.2,38,A,Each                          ,T10,DT_1YL20842,인구천명당 사업체수(A÷B×1000),인구 천명당 사업체수(등록기반)(시도/시/군/구),2022,2024-02-05,Gyeongsangnam-do,경상남도,개,101
행정구역별,122.8,38,A,Each                          ,T10,DT_1YL20842,인구천명당 사업체수(A÷B×1000),인구 천명당 사업체수(등록기반)(시도/시/군/구),2023,2025-02-11,Gyeongsangnam-do,경상남도,개,101
행정구역별,125.1,38,A,Each                          ,T10,DT_1YL20842,인구천명당 사업체수(A÷B×1000),인구 천명당 사업체수(등록기반)(시도/시/군/구),2024,2026-02-13,Gyeongsangnam-do,경상남도,개,101
행정구역별,40850.0,38030,A,Each                          ,T001,DT_1YL20842,사업체수(A),인구 천명당 사업체수(등록기반)(시도/시/군/구),2020,2023-10-12,Jinju-si,진주시,개,101
행정구역별,41268.0,38030,A,Each                          ,T001,DT_1YL20842,사업체수(A),인구 천명당 사업체수(등록기반)(시도/시/군/구),2021,2023-10-12,Jinju-si,진주시,개,101
행정구역별,42511.0,38030,A,Each                          ,T001,DT_1YL20842,사업체수(A),인구 천명당 사업체수(등록기반)(시도/시/군/구),2022,2024-02-05,Jinju-si,진주시,개,101
행정구역별,42004.0,38030,A,Each                          ,T001,DT_1YL20842,사업체수(A),인구 천명당 사업체수(등록기반)(시도/시/군/구),2023,2025-02-11,Jinju-si,진주시,개,101
행정구역별,42798.0,38030,A,Each                          ,T001,DT_1YL20842,사업체수(A),인구 천명당 사업체수(등록기반)(시도/시/군/구),2024,2026-02-13,Jinju-si,진주시,개,101
행정구역별,348096.0,38030,A,,T002,DT_1YL20842,주민등록인구(B),인구 천명당 사업체수(등록기반)(시도/시/군/구),2020,2023-10-12,Jinju-si,진주시,명,101
행정구역별,347097.0,38030,A,,T002,DT_1YL20842,주민등록인구(B),인구 천명당 사업체수(등록기반)(시도/시/군/구),2021,2023-10-12,Jinju-si,진주시,명,101
행정구역별,343782.0,38030,A,,T002,DT_1YL20842,주민등록인구(B),인구 천명당 사업체수(등록기반)(시도/시/군/구),2022,2024-02-05,Jinju-si,진주시,명,101
행정구역별,341074.0,38030,A,,T002,DT_1YL20842,주민등록인구(B),인구 천명당 사업체수(등록기반)(시도/시/군/구),2023,2025-02-11,Jinju-si,진주시,명,101
행정구역별,338785.0,38030,A,,T002,DT_1YL20842,주민등록인구(B),인구 천명당 사업체수(등록기반)(시도/시/군/구),2024,2026-02-13,Jinju-si,진주시,명,101
행정구역별,117.4,38030,A,Each                          ,T10,DT_1YL20842,인구천명당 사업체수(A÷B×1000),인구 천명당 사업체수(등록기반)(시도/시/군/구),2020,2023-10-12,Jinju-si,진주시,개,101
행정구역별,118.9,38030,A,Each                          ,T10,DT_1YL20842,인구천명당 사업체수(A÷B×1000),인구 천명당 사업체수(등록기반)(시도/시/군/구),2021,2023-10-12,Jinju-si,진주시,개,101
행정구역별,123.7,38030,A,Each                          ,T10,DT_1YL20842,인구천명당 사업체수(A÷B×1000),인구 천명당 사업체수(등록기반)(시도/시/군/구),2022,2024-02-05,Jinju-si,진주시,개,101
행정구역별,123.2,38030,A,Each                          ,T10,DT_1YL20842,인구천명당 사업체수(A÷B×1000),인구 천명당 사업체수(등록기반)(시도/시/군/구),2023,2025-02-11,Jinju-si,진주시,개,101
행정구역별,126.3,38030,A,Each                          ,T10,DT_1YL20842,인구천명당 사업체수(A÷B×1000),인구 천명당 사업체수(등록기반)(시도/시/군/구),2024,2026-02-13,Jinju-si,진주시,개,101
행정구역별,14831.0,38050,A,Each                          ,T001,DT_1YL20842,사업체수(A),인구 천명당 사업체수(등록기반)(시도/시/군/구),2020,2023-10-12,Tongyeong-si,통영시,개,101
행정구역별,15052.0,38050,A,Each                          ,T001,DT_1YL20842,사업체수(A),인구 천명당 사업체수(등록기반)(시도/시/군/구),2021,2023-10-12,Tongyeong-si,통영시,개,101
행정구역별,15180.0,38050,A,Each                          ,T001,DT_1YL20842,사업체수(A),인구 천명당 사업체수(등록기반)(시도/시/군/구),2022,2024-02-05,Tongyeong-si,통영시,개,101
행정구역별,15263.0,38050,A,Each                          ,T001,DT_1YL20842,사업체수(A),인구 천명당 사업체수(등록기반)(시도/시/군/구),2023,2025-02-11,Tongyeong-si,통영시,개,101
행정구역별,15132.0,38050,A,Each                          ,T001,DT_1YL20842,사업체수(A),인구 천명당 사업체수(등록기반)(시도/시/군/구),2024,2026-02-13,Tongyeong-si,통영시,개,101
행정구역별,128293.0,38050,A,,T002,DT_1YL20842,주민등록인구(B),인구 천명당 사업체수(등록기반)(시도/시/군/구),2020,2023-10-12,Tongyeong-si,통영시,명,101
행정구역별,125383.0,38050,A,,T002,DT_1YL20842,주민등록인구(B),인구 천명당 사업체수(등록기반)(시도/시/군/구),2021,2023-10-12,Tongyeong-si,통영시,명,101
행정구역별,122681.0,38050,A,,T002,DT_1YL20842,주민등록인구(B),인구 천명당 사업체수(등록기반)(시도/시/군/구),2022,2024-02-05,Tongyeong-si,통영시,명,101
행정구역별,120551.0,38050,A,,T002,DT_1YL20842,주민등록인구(B),인구 천명당 사업체수(등록기반)(시도/시/군/구),2023,2025-02-11,Tongyeong-si,통영시,명,101
행정구역별,118481.0,38050,A,,T002,DT_1YL20842,주민등록인구(B),인구 천명당 사업체수(등록기반)(시도/시/군/구),2024,2026-02-13,Tongyeong-si,통영시,명,101
행정구역별,115.6,38050,A,Each                          ,T10,DT_1YL20842,인구천명당 사업체수(A÷B×1000),인구 천명당 사업체수(등록기반)(시도/시/군/구),2020,2023-10-12,Tongyeong-si,통영시,개,101
행정구역별,120.0,38050,A,Each                          ,T10,DT_1YL20842,인구천명당 사업체수(A÷B×1000),인구 천명당 사업체수(등록기반)(시도/시/군/구),2021,2023-10-12,Tongyeong-si,통영시,개,101
행정구역별,123.7,38050,A,Each                          ,T10,DT_1YL20842,인구천명당 사업체수(A÷B×1000),인구 천명당 사업체수(등록기반)(시도/시/군/구),2022,2024-02-05,Tongyeong-si,통영시,개,101
행정구역별,126.6,38050,A,Each                          ,T10,DT_1YL20842,인구천명당 사업체수(A÷B×1000),인구 천명당 사업체수(등록기반)(시도/시/군/구),2023,2025-02-11,Tongyeong-si,통영시,개,101
행정구역별,127.7,38050,A,Each                          ,T10,DT_1YL20842,인구천명당 사업체수(A÷B×1000),인구 천명당 사업체수(등록기반)(시도/시/군/구),2024,2026-02-13,Tongyeong-si,통영시,개,101
행정구역별,13146.0,38060,A,Each                          ,T001,DT_1YL20842,사업체수(A),인구 천명당 사업체수(등록기반)(시도/시/군/구),2020,2023-10-12,Sacheon-si,사천시,개,101
행정구역별,13520.0,38060,A,Each                          ,T001,DT_1YL20842,사업체수(A),인구 천명당 사업체수(등록기반)(시도/시/군/구),2021,2023-10-12,Sacheon-si,사천시,개,101
행정구역별,13679.0,38060,A,Each                          ,T001,DT_1YL20842,사업체수(A),인구 천명당 사업체수(등록기반)(시도/시/군/구),2022,2024-02-05,Sacheon-si,사천시,개,101
행정구역별,13954.0,38060,A,Each                          ,T001,DT_1YL20842,사업체수(A),인구 천명당 사업체수(등록기반)(시도/시/군/구),2023,2025-02-11,Sacheon-si,사천시,개,101
행정구역별,14250.0,38060,A,Each                          ,T001,DT_1YL20842,사업체수(A),인구 천명당 사업체수(등록기반)(시도/시/군/구),2024,2026-02-13,Sacheon-si,사천시,개,101
행정구역별,111105.0,38060,A,,T002,DT_1YL20842,주민등록인구(B),인구 천명당 사업체수(등록기반)(시도/시/군/구),2020,2023-10-12,Sacheon-si,사천시,명,101
행정구역별,109953.0,38060,A,,T002,DT_1YL20842,주민등록인구(B),인구 천명당 사업체수(등록기반)(시도/시/군/구),2021,2023-10-12,Sacheon-si,사천시,명,101
행정구역별,109369.0,38060,A,,T002,DT_1YL20842,주민등록인구(B),인구 천명당 사업체수(등록기반)(시도/시/군/구),2022,2024-02-05,Sacheon-si,사천시,명,101
행정구역별,109030.0,38060,A,,T002,DT_1YL20842,주민등록인구(B),인구 천명당 사업체수(등록기반)(시도/시/군/구),2023,2025-02-11,Sacheon-si,사천시,명,101
행정구역별,108504.0,38060,A,,T002,DT_1YL20842,주민등록인구(B),인구 천명당 사업체수(등록기반)(시도/시/군/구),2024,2026-02-13,Sacheon-si,사천시,명,101
행정구역별,118.3,38060,A,Each                          ,T10,DT_1YL20842,인구천명당 사업체수(A÷B×1000),인구 천명당 사업체수(등록기반)(시도/시/군/구),2020,2023-10-12,Sacheon-si,사천시,개,101
행정구역별,123.0,38060,A,Each                          ,T10,DT_1YL20842,인구천명당 사업체수(A÷B×1000),인구 천명당 사업체수(등록기반)(시도/시/군/구),2021,2023-10-12,Sacheon-si,사천시,개,101
행정구역별,125.1,38060,A,Each                          ,T10,DT_1YL20842,인구천명당 사업체수(A÷B×1000),인구 천명당 사업체수(등록기반)(시도/시/군/구),2022,2024-02-05,Sacheon-si,사천시,개,101
행정구역별,128.0,38060,A,Each                          ,T10,DT_1YL20842,인구천명당 사업체수(A÷B×1000),인구 천명당 사업체수(등록기반)(시도/시/군/구),2023,2025-02-11,Sacheon-si,사천시,개,101
행정구역별,131.3,38060,A,Each                          ,T10,DT_1YL20842,인구천명당 사업체수(A÷B×1000),인구 천명당 사업체수(등록기반)(시도/시/군/구),2024,2026-02-13,Sacheon-si,사천시,개,101
행정구역별,66649.0,38070,A,Each                          ,T001,DT_1YL20842,사업체수(A),인구 천명당 사업체수(등록기반)(시도/시/군/구),2020,2023-10-12,Gimhae-si,김해시,개,101
행정구역별,67905.0,38070,A,Each                          ,T001,DT_1YL20842,사업체수(A),인구 천명당 사업체수(등록기반)(시도/시/군/구),2021,2023-10-12,Gimhae-si,김해시,개,101
행정구역별,69770.0,38070,A,Each                          ,T001,DT_1YL20842,사업체수(A),인구 천명당 사업체수(등록기반)(시도/시/군/구),2022,2024-02-05,Gimhae-si,김해시,개,101
행정구역별,68717.0,38070,A,Each                          ,T001,DT_1YL20842,사업체수(A),인구 천명당 사업체수(등록기반)(시도/시/군/구),2023,2025-02-11,Gimhae-si,김해시,개,101
행정구역별,68561.0,38070,A,Each                          ,T001,DT_1YL20842,사업체수(A),인구 천명당 사업체수(등록기반)(시도/시/군/구),2024,2026-02-13,Gimhae-si,김해시,개,101
행정구역별,542338.0,38070,A,,T002,DT_1YL20842,주민등록인구(B),인구 천명당 사업체수(등록기반)(시도/시/군/구),2020,2023-10-12,Gimhae-si,김해시,명,101
행정구역별,537673.0,38070,A,,T002,DT_1YL20842,주민등록인구(B),인구 천명당 사업체수(등록기반)(시도/시/군/구),2021,2023-10-12,Gimhae-si,김해시,명,101
행정구역별,535129.0,38070,A,,T002,DT_1YL20842,주민등록인구(B),인구 천명당 사업체수(등록기반)(시도/시/군/구),2022,2024-02-05,Gimhae-si,김해시,명,101
행정구역별,533659.0,38070,A,,T002,DT_1YL20842,주민등록인구(B),인구 천명당 사업체수(등록기반)(시도/시/군/구),2023,2025-02-11,Gimhae-si,김해시,명,101
행정구역별,531676.0,38070,A,,T002,DT_1YL20842,주민등록인구(B),인구 천명당 사업체수(등록기반)(시도/시/군/구),2024,2026-02-13,Gimhae-si,김해시,명,101
행정구역별,122.9,38070,A,Each                          ,T10,DT_1YL20842,인구천명당 사업체수(A÷B×1000),인구 천명당 사업체수(등록기반)(시도/시/군/구),2020,2023-10-12,Gimhae-si,김해시,개,101
행정구역별,126.3,38070,A,Each                          ,T10,DT_1YL20842,인구천명당 사업체수(A÷B×1000),인구 천명당 사업체수(등록기반)(시도/시/군/구),2021,2023-10-12,Gimhae-si,김해시,개,101
행정구역별,130.4,38070,A,Each                          ,T10,DT_1YL20842,인구천명당 사업체수(A÷B×1000),인구 천명당 사업체수(등록기반)(시도/시/군/구),2022,2024-02-05,Gimhae-si,김해시,개,101
행정구역별,128.8,38070,A,Each                          ,T10,DT_1YL20842,인구천명당 사업체수(A÷B×1000),인구 천명당 사업체수(등록기반)(시도/시/군/구),2023,2025-02-11,Gimhae-si,김해시,개,101
행정구역별,129.0,38070,A,Each                          ,T10,DT_1YL20842,인구천명당 사업체수(A÷B×1000),인구 천명당 사업체수(등록기반)(시도/시/군/구),2024,2026-02-13,Gimhae-si,김해시,개,101
행정구역별,13462.0,38080,A,Each                          ,T001,DT_1YL20842,사업체수(A),인구 천명당 사업체수(등록기반)(시도/시/군/구),2020,2023-10-12,Miryang-si,밀양시,개,101
행정구역별,13979.0,38080,A,Each                          ,T001,DT_1YL20842,사업체수(A),인구 천명당 사업체수(등록기반)(시도/시/군/구),2021,2023-10-12,Miryang-si,밀양시,개,101
행정구역별,14422.0,38080,A,Each                          ,T001,DT_1YL20842,사업체수(A),인구 천명당 사업체수(등록기반)(시도/시/군/구),2022,2024-02-05,Miryang-si,밀양시,개,101
행정구역별,14694.0,38080,A,Each                          ,T001,DT_1YL20842,사업체수(A),인구 천명당 사업체수(등록기반)(시도/시/군/구),2023,2025-02-11,Miryang-si,밀양시,개,101
행정구역별,14883.0,38080,A,Each                          ,T001,DT_1YL20842,사업체수(A),인구 천명당 사업체수(등록기반)(시도/시/군/구),2024,2026-02-13,Miryang-si,밀양시,개,101
행정구역별,104831.0,38080,A,,T002,DT_1YL20842,주민등록인구(B),인구 천명당 사업체수(등록기반)(시도/시/군/구),2020,2023-10-12,Miryang-si,밀양시,명,101
행정구역별,103525.0,38080,A,,T002,DT_1YL20842,주민등록인구(B),인구 천명당 사업체수(등록기반)(시도/시/군/구),2021,2023-10-12,Miryang-si,밀양시,명,101
행정구역별,102945.0,38080,A,,T002,DT_1YL20842,주민등록인구(B),인구 천명당 사업체수(등록기반)(시도/시/군/구),2022,2024-02-05,Miryang-si,밀양시,명,101
행정구역별,102084.0,38080,A,,T002,DT_1YL20842,주민등록인구(B),인구 천명당 사업체수(등록기반)(시도/시/군/구),2023,2025-02-11,Miryang-si,밀양시,명,101
행정구역별,100691.0,38080,A,,T002,DT_1YL20842,주민등록인구(B),인구 천명당 사업체수(등록기반)(시도/시/군/구),2024,2026-02-13,Miryang-si,밀양시,명,101
행정구역별,128.4,38080,A,Each                          ,T10,DT_1YL20842,인구천명당 사업체수(A÷B×1000),인구 천명당 사업체수(등록기반)(시도/시/군/구),2020,2023-10-12,Miryang-si,밀양시,개,101
행정구역별,135.0,38080,A,Each                          ,T10,DT_1YL20842,인구천명당 사업체수(A÷B×1000),인구 천명당 사업체수(등록기반)(시도/시/군/구),2021,2023-10-12,Miryang-si,밀양시,개,101
행정구역별,140.1,38080,A,Each                          ,T10,DT_1YL20842,인구천명당 사업체수(A÷B×1000),인구 천명당 사업체수(등록기반)(시도/시/군/구),2022,2024-02-05,Miryang-si,밀양시,개,101
행정구역별,143.9,38080,A,Each                          ,T10,DT_1YL20842,인구천명당 사업체수(A÷B×1000),인구 천명당 사업체수(등록기반)(시도/시/군/구),2023,2025-02-11,Miryang-si,밀양시,개,101
행정구역별,147.8,38080,A,Each                          ,T10,DT_1YL20842,인구천명당 사업체수(A÷B×1000),인구 천명당 사업체수(등록기반)(시도/시/군/구),2024,2026-02-13,Miryang-si,밀양시,개,101
행정구역별,22180.0,38090,A,Each                          ,T001,DT_1YL20842,사업체수(A),인구 천명당 사업체수(등록기반)(시도/시/군/구),2020,2023-10-12,Geoje-si,거제시,개,101
행정구역별,21513.0,38090,A,Each                          ,T001,DT_1YL20842,사업체수(A),인구 천명당 사업체수(등록기반)(시도/시/군/구),2021,2023-10-12,Geoje-si,거제시,개,101
행정구역별,21635.0,38090,A,Each                          ,T001,DT_1YL20842,사업체수(A),인구 천명당 사업체수(등록기반)(시도/시/군/구),2022,2024-02-05,Geoje-si,거제시,개,101
행정구역별,21666.0,38090,A,Each                          ,T001,DT_1YL20842,사업체수(A),인구 천명당 사업체수(등록기반)(시도/시/군/구),2023,2025-02-11,Geoje-si,거제시,개,101
행정구역별,21990.0,38090,A,Each                          ,T001,DT_1YL20842,사업체수(A),인구 천명당 사업체수(등록기반)(시도/시/군/구),2024,2026-02-13,Geoje-si,거제시,개,101
행정구역별,245754.0,38090,A,,T002,DT_1YL20842,주민등록인구(B),인구 천명당 사업체수(등록기반)(시도/시/군/구),2020,2023-10-12,Geoje-si,거제시,명,101
행정구역별,241216.0,38090,A,,T002,DT_1YL20842,주민등록인구(B),인구 천명당 사업체수(등록기반)(시도/시/군/구),2021,2023-10-12,Geoje-si,거제시,명,101
행정구역별,236662.0,38090,A,,T002,DT_1YL20842,주민등록인구(B),인구 천명당 사업체수(등록기반)(시도/시/군/구),2022,2024-02-05,Geoje-si,거제시,명,101
행정구역별,234038.0,38090,A,,T002,DT_1YL20842,주민등록인구(B),인구 천명당 사업체수(등록기반)(시도/시/군/구),2023,2025-02-11,Geoje-si,거제시,명,101
행정구역별,232972.0,38090,A,,T002,DT_1YL20842,주민등록인구(B),인구 천명당 사업체수(등록기반)(시도/시/군/구),2024,2026-02-13,Geoje-si,거제시,명,101
행정구역별,90.3,38090,A,Each                          ,T10,DT_1YL20842,인구천명당 사업체수(A÷B×1000),인구 천명당 사업체수(등록기반)(시도/시/군/구),2020,2023-10-12,Geoje-si,거제시,개,101
행정구역별,89.2,38090,A,Each                          ,T10,DT_1YL20842,인구천명당 사업체수(A÷B×1000),인구 천명당 사업체수(등록기반)(시도/시/군/구),2021,2023-10-12,Geoje-si,거제시,개,101
행정구역별,91.4,38090,A,Each                          ,T10,DT_1YL20842,인구천명당 사업체수(A÷B×1000),인구 천명당 사업체수(등록기반)(시도/시/군/구),2022,2024-02-05,Geoje-si,거제시,개,101
행정구역별,92.6,38090,A,Each                          ,T10,DT_1YL20842,인구천명당 사업체수(A÷B×1000),인구 천명당 사업체수(등록기반)(시도/시/군/구),2023,2025-02-11,Geoje-si,거제시,개,101
행정구역별,94.4,38090,A,Each                          ,T10,DT_1YL20842,인구천명당 사업체수(A÷B×1000),인구 천명당 사업체수(등록기반)(시도/시/군/구),2024,2026-02-13,Geoje-si,거제시,개,101
행정구역별,41440.0,38100,A,Each                          ,T001,DT_1YL20842,사업체수(A),인구 천명당 사업체수(등록기반)(시도/시/군/구),2020,2023-10-12,Yangsan-si,양산시,개,101
행정구역별,41370.0,38100,A,Each                          ,T001,DT_1YL20842,사업체수(A),인구 천명당 사업체수(등록기반)(시도/시/군/구),2021,2023-10-12,Yangsan-si,양산시,개,101
행정구역별,42080.0,38100,A,Each                          ,T001,DT_1YL20842,사업체수(A),인구 천명당 사업체수(등록기반)(시도/시/군/구),2022,2024-02-05,Yangsan-si,양산시,개,101
행정구역별,42755.0,38100,A,Each                          ,T001,DT_1YL20842,사업체수(A),인구 천명당 사업체수(등록기반)(시도/시/군/구),2023,2025-02-11,Yangsan-si,양산시,개,101
행정구역별,43718.0,38100,A,Each                          ,T001,DT_1YL20842,사업체수(A),인구 천명당 사업체수(등록기반)(시도/시/군/구),2024,2026-02-13,Yangsan-si,양산시,개,101
행정구역별,352229.0,38100,A,,T002,DT_1YL20842,주민등록인구(B),인구 천명당 사업체수(등록기반)(시도/시/군/구),2020,2023-10-12,Yangsan-si,양산시,명,101
행정구역별,354726.0,38100,A,,T002,DT_1YL20842,주민등록인구(B),인구 천명당 사업체수(등록기반)(시도/시/군/구),2021,2023-10-12,Yangsan-si,양산시,명,101
행정구역별,353792.0,38100,A,,T002,DT_1YL20842,주민등록인구(B),인구 천명당 사업체수(등록기반)(시도/시/군/구),2022,2024-02-05,Yangsan-si,양산시,명,101
행정구역별,355122.0,38100,A,,T002,DT_1YL20842,주민등록인구(B),인구 천명당 사업체수(등록기반)(시도/시/군/구),2023,2025-02-11,Yangsan-si,양산시,명,101
행정구역별,359531.0,38100,A,,T002,DT_1YL20842,주민등록인구(B),인구 천명당 사업체수(등록기반)(시도/시/군/구),2024,2026-02-13,Yangsan-si,양산시,명,101
행정구역별,117.7,38100,A,Each                          ,T10,DT_1YL20842,인구천명당 사업체수(A÷B×1000),인구 천명당 사업체수(등록기반)(시도/시/군/구),2020,2023-10-12,Yangsan-si,양산시,개,101
행정구역별,116.6,38100,A,Each                          ,T10,DT_1YL20842,인구천명당 사업체수(A÷B×1000),인구 천명당 사업체수(등록기반)(시도/시/군/구),2021,2023-10-12,Yangsan-si,양산시,개,101
행정구역별,118.9,38100,A,Each                          ,T10,DT_1YL20842,인구천명당 사업체수(A÷B×1000),인구 천명당 사업체수(등록기반)(시도/시/군/구),2022,2024-02-05,Yangsan-si,양산시,개,101
행정구역별,120.4,38100,A,Each                          ,T10,DT_1YL20842,인구천명당 사업체수(A÷B×1000),인구 천명당 사업체수(등록기반)(시도/시/군/구),2023,2025-02-11,Yangsan-si,양산시,개,101
행정구역별,121.6,38100,A,Each                          ,T10,DT_1YL20842,인구천명당 사업체수(A÷B×1000),인구 천명당 사업체수(등록기반)(시도/시/군/구),2024,2026-02-13,Yangsan-si,양산시,개,101
행정구역별,114518.0,38110,A,Each                          ,T001,DT_1YL20842,사업체수(A),인구 천명당 사업체수(등록기반)(시도/시/군/구),2020,2023-10-12,Changwon-si,창원시,개,101
행정구역별,114965.0,38110,A,Each                          ,T001,DT_1YL20842,사업체수(A),인구 천명당 사업체수(등록기반)(시도/시/군/구),2021,2023-10-12,Changwon-si,창원시,개,101
행정구역별,114464.0,38110,A,Each                          ,T001,DT_1YL20842,사업체수(A),인구 천명당 사업체수(등록기반)(시도/시/군/구),2022,2024-02-05,Changwon-si,창원시,개,101
행정구역별,114490.0,38110,A,Each                          ,T001,DT_1YL20842,사업체수(A),인구 천명당 사업체수(등록기반)(시도/시/군/구),2023,2025-02-11,Changwon-si,창원시,개,101
행정구역별,114136.0,38110,A,Each                          ,T001,DT_1YL20842,사업체수(A),인구 천명당 사업체수(등록기반)(시도/시/군/구),2024,2026-02-13,Changwon-si,창원시,개,101
행정구역별,1036738.0,38110,A,,T002,DT_1YL20842,주민등록인구(B),인구 천명당 사업체수(등록기반)(시도/시/군/구),2020,2023-10-12,Changwon-si,창원시,명,101
행정구역별,1032741.0,38110,A,,T002,DT_1YL20842,주민등록인구(B),인구 천명당 사업체수(등록기반)(시도/시/군/구),2021,2023-10-12,Changwon-si,창원시,명,101
행정구역별,1021487.0,38110,A,,T002,DT_1YL20842,주민등록인구(B),인구 천명당 사업체수(등록기반)(시도/시/군/구),2022,2024-02-05,Changwon-si,창원시,명,101
행정구역별,1009038.0,38110,A,,T002,DT_1YL20842,주민등록인구(B),인구 천명당 사업체수(등록기반)(시도/시/군/구),2023,2025-02-11,Changwon-si,창원시,명,101
행정구역별,999858.0,38110,A,,T002,DT_1YL20842,주민등록인구(B),인구 천명당 사업체수(등록기반)(시도/시/군/구),2024,2026-02-13,Changwon-si,창원시,명,101
행정구역별,110.5,38110,A,Each                          ,T10,DT_1YL20842,인구천명당 사업체수(A÷B×1000),인구 천명당 사업체수(등록기반)(시도/시/군/구),2020,2023-10-12,Changwon-si,창원시,개,101
행정구역별,111.3,38110,A,Each                          ,T10,DT_1YL20842,인구천명당 사업체수(A÷B×1000),인구 천명당 사업체수(등록기반)(시도/시/군/구),2021,2023-10-12,Changwon-si,창원시,개,101
행정구역별,112.1,38110,A,Each                          ,T10,DT_1YL20842,인구천명당 사업체수(A÷B×1000),인구 천명당 사업체수(등록기반)(시도/시/군/구),2022,2024-02-05,Changwon-si,창원시,개,101
행정구역별,113.5,38110,A,Each                          ,T10,DT_1YL20842,인구천명당 사업체수(A÷B×1000),인구 천명당 사업체수(등록기반)(시도/시/군/구),2023,2025-02-11,Changwon-si,창원시,개,101
행정구역별,114.2,38110,A,Each                          ,T10,DT_1YL20842,인구천명당 사업체수(A÷B×1000),인구 천명당 사업체수(등록기반)(시도/시/군/구),2024,2026-02-13,Changwon-si,창원시,개,101
행정구역별,3051.0,38510,A,Each                          ,T001,DT_1YL20842,사업체수(A),인구 천명당 사업체수(등록기반)(시도/시/군/구),2020,2023-10-12,Uiryeong-gun,의령군,개,101
행정구역별,3138.0,38510,A,Each                          ,T001,DT_1YL20842,사업체수(A),인구 천명당 사업체수(등록기반)(시도/시/군/구),2021,2023-10-12,Uiryeong-gun,의령군,개,101
행정구역별,3096.0,38510,A,Each                          ,T001,DT_1YL20842,사업체수(A),인구 천명당 사업체수(등록기반)(시도/시/군/구),2022,2024-02-05,Uiryeong-gun,의령군,개,101
행정구역별,3198.0,38510,A,Each                          ,T001,DT_1YL20842,사업체수(A),인구 천명당 사업체수(등록기반)(시도/시/군/구),2023,2025-02-11,Uiryeong-gun,의령군,개,101
행정구역별,3444.0,38510,A,Each                          ,T001,DT_1YL20842,사업체수(A),인구 천명당 사업체수(등록기반)(시도/시/군/구),2024,2026-02-13,Uiryeong-gun,의령군,개,101
행정구역별,26800.0,38510,A,,T002,DT_1YL20842,주민등록인구(B),인구 천명당 사업체수(등록기반)(시도/시/군/구),2020,2023-10-12,Uiryeong-gun,의령군,명,101
행정구역별,26322.0,38510,A,,T002,DT_1YL20842,주민등록인구(B),인구 천명당 사업체수(등록기반)(시도/시/군/구),2021,2023-10-12,Uiryeong-gun,의령군,명,101
행정구역별,26061.0,38510,A,,T002,DT_1YL20842,주민등록인구(B),인구 천명당 사업체수(등록기반)(시도/시/군/구),2022,2024-02-05,Uiryeong-gun,의령군,명,101
행정구역별,25475.0,38510,A,,T002,DT_1YL20842,주민등록인구(B),인구 천명당 사업체수(등록기반)(시도/시/군/구),2023,2025-02-11,Uiryeong-gun,의령군,명,101
행정구역별,25150.0,38510,A,,T002,DT_1YL20842,주민등록인구(B),인구 천명당 사업체수(등록기반)(시도/시/군/구),2024,2026-02-13,Uiryeong-gun,의령군,명,101
행정구역별,113.8,38510,A,Each                          ,T10,DT_1YL20842,인구천명당 사업체수(A÷B×1000),인구 천명당 사업체수(등록기반)(시도/시/군/구),2020,2023-10-12,Uiryeong-gun,의령군,개,101
행정구역별,119.2,38510,A,Each                          ,T10,DT_1YL20842,인구천명당 사업체수(A÷B×1000),인구 천명당 사업체수(등록기반)(시도/시/군/구),2021,2023-10-12,Uiryeong-gun,의령군,개,101
행정구역별,118.8,38510,A,Each                          ,T10,DT_1YL20842,인구천명당 사업체수(A÷B×1000),인구 천명당 사업체수(등록기반)(시도/시/군/구),2022,2024-02-05,Uiryeong-gun,의령군,개,101
행정구역별,125.5,38510,A,Each                          ,T10,DT_1YL20842,인구천명당 사업체수(A÷B×1000),인구 천명당 사업체수(등록기반)(시도/시/군/구),2023,2025-02-11,Uiryeong-gun,의령군,개,101
행정구역별,136.9,38510,A,Each                          ,T10,DT_1YL20842,인구천명당 사업체수(A÷B×1000),인구 천명당 사업체수(등록기반)(시도/시/군/구),2024,2026-02-13,Uiryeong-gun,의령군,개,101
행정구역별,10977.0,38520,A,Each                          ,T001,DT_1YL20842,사업체수(A),인구 천명당 사업체수(등록기반)(시도/시/군/구),2020,2023-10-12,Haman-gun,함안군,개,101
행정구역별,11263.0,38520,A,Each                          ,T001,DT_1YL20842,사업체수(A),인구 천명당 사업체수(등록기반)(시도/시/군/구),2021,2023-10-12,Haman-gun,함안군,개,101
행정구역별,11447.0,38520,A,Each                          ,T001,DT_1YL20842,사업체수(A),인구 천명당 사업체수(등록기반)(시도/시/군/구),2022,2024-02-05,Haman-gun,함안군,개,101
행정구역별,11344.0,38520,A,Each                          ,T001,DT_1YL20842,사업체수(A),인구 천명당 사업체수(등록기반)(시도/시/군/구),2023,2025-02-11,Haman-gun,함안군,개,101
행정구역별,11399.0,38520,A,Each                          ,T001,DT_1YL20842,사업체수(A),인구 천명당 사업체수(등록기반)(시도/시/군/구),2024,2026-02-13,Haman-gun,함안군,개,101
행정구역별,64182.0,38520,A,,T002,DT_1YL20842,주민등록인구(B),인구 천명당 사업체수(등록기반)(시도/시/군/구),2020,2023-10-12,Haman-gun,함안군,명,101
행정구역별,62547.0,38520,A,,T002,DT_1YL20842,주민등록인구(B),인구 천명당 사업체수(등록기반)(시도/시/군/구),2021,2023-10-12,Haman-gun,함안군,명,101
행정구역별,61456.0,38520,A,,T002,DT_1YL20842,주민등록인구(B),인구 천명당 사업체수(등록기반)(시도/시/군/구),2022,2024-02-05,Haman-gun,함안군,명,101
행정구역별,60203.0,38520,A,,T002,DT_1YL20842,주민등록인구(B),인구 천명당 사업체수(등록기반)(시도/시/군/구),2023,2025-02-11,Haman-gun,함안군,명,101
행정구역별,58842.0,38520,A,,T002,DT_1YL20842,주민등록인구(B),인구 천명당 사업체수(등록기반)(시도/시/군/구),2024,2026-02-13,Haman-gun,함안군,명,101
행정구역별,171.0,38520,A,Each                          ,T10,DT_1YL20842,인구천명당 사업체수(A÷B×1000),인구 천명당 사업체수(등록기반)(시도/시/군/구),2020,2023-10-12,Haman-gun,함안군,개,101
행정구역별,180.1,38520,A,Each                          ,T10,DT_1YL20842,인구천명당 사업체수(A÷B×1000),인구 천명당 사업체수(등록기반)(시도/시/군/구),2021,2023-10-12,Haman-gun,함안군,개,101
행정구역별,186.3,38520,A,Each                          ,T10,DT_1YL20842,인구천명당 사업체수(A÷B×1000),인구 천명당 사업체수(등록기반)(시도/시/군/구),2022,2024-02-05,Haman-gun,함안군,개,101
행정구역별,188.4,38520,A,Each                          ,T10,DT_1YL20842,인구천명당 사업체수(A÷B×1000),인구 천명당 사업체수(등록기반)(시도/시/군/구),2023,2025-02-11,Haman-gun,함안군,개,101
행정구역별,193.7,38520,A,Each                          ,T10,DT_1YL20842,인구천명당 사업체수(A÷B×1000),인구 천명당 사업체수(등록기반)(시도/시/군/구),2024,2026-02-13,Haman-gun,함안군,개,101
행정구역별,6921.0,38530,A,Each                          ,T001,DT_1YL20842,사업체수(A),인구 천명당 사업체수(등록기반)(시도/시/군/구),2020,2023-10-12,Changnyeong-gun,창녕군,개,101
행정구역별,7186.0,38530,A,Each                          ,T001,DT_1YL20842,사업체수(A),인구 천명당 사업체수(등록기반)(시도/시/군/구),2021,2023-10-12,Changnyeong-gun,창녕군,개,101
행정구역별,7230.0,38530,A,Each                          ,T001,DT_1YL20842,사업체수(A),인구 천명당 사업체수(등록기반)(시도/시/군/구),2022,2024-02-05,Changnyeong-gun,창녕군,개,101
행정구역별,7344.0,38530,A,Each                          ,T001,DT_1YL20842,사업체수(A),인구 천명당 사업체수(등록기반)(시도/시/군/구),2023,2025-02-11,Changnyeong-gun,창녕군,개,101
행정구역별,7461.0,38530,A,Each                          ,T001,DT_1YL20842,사업체수(A),인구 천명당 사업체수(등록기반)(시도/시/군/구),2024,2026-02-13,Changnyeong-gun,창녕군,개,101
행정구역별,61301.0,38530,A,,T002,DT_1YL20842,주민등록인구(B),인구 천명당 사업체수(등록기반)(시도/시/군/구),2020,2023-10-12,Changnyeong-gun,창녕군,명,101
행정구역별,60129.0,38530,A,,T002,DT_1YL20842,주민등록인구(B),인구 천명당 사업체수(등록기반)(시도/시/군/구),2021,2023-10-12,Changnyeong-gun,창녕군,명,101
행정구역별,58372.0,38530,A,,T002,DT_1YL20842,주민등록인구(B),인구 천명당 사업체수(등록기반)(시도/시/군/구),2022,2024-02-05,Changnyeong-gun,창녕군,명,101
행정구역별,57083.0,38530,A,,T002,DT_1YL20842,주민등록인구(B),인구 천명당 사업체수(등록기반)(시도/시/군/구),2023,2025-02-11,Changnyeong-gun,창녕군,명,101
행정구역별,56085.0,38530,A,,T002,DT_1YL20842,주민등록인구(B),인구 천명당 사업체수(등록기반)(시도/시/군/구),2024,2026-02-13,Changnyeong-gun,창녕군,명,101
행정구역별,112.9,38530,A,Each                          ,T10,DT_1YL20842,인구천명당 사업체수(A÷B×1000),인구 천명당 사업체수(등록기반)(시도/시/군/구),2020,2023-10-12,Changnyeong-gun,창녕군,개,101
행정구역별,119.5,38530,A,Each                          ,T10,DT_1YL20842,인구천명당 사업체수(A÷B×1000),인구 천명당 사업체수(등록기반)(시도/시/군/구),2021,2023-10-12,Changnyeong-gun,창녕군,개,101
행정구역별,123.9,38530,A,Each                          ,T10,DT_1YL20842,인구천명당 사업체수(A÷B×1000),인구 천명당 사업체수(등록기반)(시도/시/군/구),2022,2024-02-05,Changnyeong-gun,창녕군,개,101
행정구역별,128.7,38530,A,Each                          ,T10,DT_1YL20842,인구천명당 사업체수(A÷B×1000),인구 천명당 사업체수(등록기반)(시도/시/군/구),2023,2025-02-11,Changnyeong-gun,창녕군,개,101
행정구역별,133.0,38530,A,Each                          ,T10,DT_1YL20842,인구천명당 사업체수(A÷B×1000),인구 천명당 사업체수(등록기반)(시도/시/군/구),2024,2026-02-13,Changnyeong-gun,창녕군,개,101
행정구역별,6093.0,38540,A,Each                          ,T001,DT_1YL20842,사업체수(A),인구 천명당 사업체수(등록기반)(시도/시/군/구),2020,2023-10-12,Goseong-gun,고성군,개,101
행정구역별,6276.0,38540,A,Each                          ,T001,DT_1YL20842,사업체수(A),인구 천명당 사업체수(등록기반)(시도/시/군/구),2021,2023-10-12,Goseong-gun,고성군,개,101
행정구역별,6380.0,38540,A,Each                          ,T001,DT_1YL20842,사업체수(A),인구 천명당 사업체수(등록기반)(시도/시/군/구),2022,2024-02-05,Goseong-gun,고성군,개,101
행정구역별,6570.0,38540,A,Each                          ,T001,DT_1YL20842,사업체수(A),인구 천명당 사업체수(등록기반)(시도/시/군/구),2023,2025-02-11,Goseong-gun,고성군,개,101
행정구역별,6726.0,38540,A,Each                          ,T001,DT_1YL20842,사업체수(A),인구 천명당 사업체수(등록기반)(시도/시/군/구),2024,2026-02-13,Goseong-gun,고성군,개,101
행정구역별,51361.0,38540,A,,T002,DT_1YL20842,주민등록인구(B),인구 천명당 사업체수(등록기반)(시도/시/군/구),2020,2023-10-12,Goseong-gun,고성군,명,101
행정구역별,50478.0,38540,A,,T002,DT_1YL20842,주민등록인구(B),인구 천명당 사업체수(등록기반)(시도/시/군/구),2021,2023-10-12,Goseong-gun,고성군,명,101
행정구역별,50448.0,38540,A,,T002,DT_1YL20842,주민등록인구(B),인구 천명당 사업체수(등록기반)(시도/시/군/구),2022,2024-02-05,Goseong-gun,고성군,명,101
행정구역별,49468.0,38540,A,,T002,DT_1YL20842,주민등록인구(B),인구 천명당 사업체수(등록기반)(시도/시/군/구),2023,2025-02-11,Goseong-gun,고성군,명,101
행정구역별,48005.0,38540,A,,T002,DT_1YL20842,주민등록인구(B),인구 천명당 사업체수(등록기반)(시도/시/군/구),2024,2026-02-13,Goseong-gun,고성군,명,101
행정구역별,118.6,38540,A,Each                          ,T10,DT_1YL20842,인구천명당 사업체수(A÷B×1000),인구 천명당 사업체수(등록기반)(시도/시/군/구),2020,2023-10-12,Goseong-gun,고성군,개,101
행정구역별,124.3,38540,A,Each                          ,T10,DT_1YL20842,인구천명당 사업체수(A÷B×1000),인구 천명당 사업체수(등록기반)(시도/시/군/구),2021,2023-10-12,Goseong-gun,고성군,개,101
행정구역별,126.5,38540,A,Each                          ,T10,DT_1YL20842,인구천명당 사업체수(A÷B×1000),인구 천명당 사업체수(등록기반)(시도/시/군/구),2022,2024-02-05,Goseong-gun,고성군,개,101
행정구역별,132.8,38540,A,Each                          ,T10,DT_1YL20842,인구천명당 사업체수(A÷B×1000),인구 천명당 사업체수(등록기반)(시도/시/군/구),2023,2025-02-11,Goseong-gun,고성군,개,101
행정구역별,140.1,38540,A,Each                          ,T10,DT_1YL20842,인구천명당 사업체수(A÷B×1000),인구 천명당 사업체수(등록기반)(시도/시/군/구),2024,2026-02-13,Goseong-gun,고성군,개,101
행정구역별,5538.0,38550,A,Each                          ,T001,DT_1YL20842,사업체수(A),인구 천명당 사업체수(등록기반)(시도/시/군/구),2020,2023-10-12,Namhae-gun,남해군,개,101
행정구역별,5909.0,38550,A,Each                          ,T001,DT_1YL20842,사업체수(A),인구 천명당 사업체수(등록기반)(시도/시/군/구),2021,2023-10-12,Namhae-gun,남해군,개,101
행정구역별,6239.0,38550,A,Each                          ,T001,DT_1YL20842,사업체수(A),인구 천명당 사업체수(등록기반)(시도/시/군/구),2022,2024-02-05,Namhae-gun,남해군,개,101
행정구역별,6446.0,38550,A,Each                          ,T001,DT_1YL20842,사업체수(A),인구 천명당 사업체수(등록기반)(시도/시/군/구),2023,2025-02-11,Namhae-gun,남해군,개,101
행정구역별,6858.0,38550,A,Each                          ,T001,DT_1YL20842,사업체수(A),인구 천명당 사업체수(등록기반)(시도/시/군/구),2024,2026-02-13,Namhae-gun,남해군,개,101
행정구역별,42958.0,38550,A,,T002,DT_1YL20842,주민등록인구(B),인구 천명당 사업체수(등록기반)(시도/시/군/구),2020,2023-10-12,Namhae-gun,남해군,명,101
행정구역별,42266.0,38550,A,,T002,DT_1YL20842,주민등록인구(B),인구 천명당 사업체수(등록기반)(시도/시/군/구),2021,2023-10-12,Namhae-gun,남해군,명,101
행정구역별,41579.0,38550,A,,T002,DT_1YL20842,주민등록인구(B),인구 천명당 사업체수(등록기반)(시도/시/군/구),2022,2024-02-05,Namhae-gun,남해군,명,101
행정구역별,40780.0,38550,A,,T002,DT_1YL20842,주민등록인구(B),인구 천명당 사업체수(등록기반)(시도/시/군/구),2023,2025-02-11,Namhae-gun,남해군,명,101
행정구역별,39832.0,38550,A,,T002,DT_1YL20842,주민등록인구(B),인구 천명당 사업체수(등록기반)(시도/시/군/구),2024,2026-02-13,Namhae-gun,남해군,명,101
행정구역별,128.9,38550,A,Each                          ,T10,DT_1YL20842,인구천명당 사업체수(A÷B×1000),인구 천명당 사업체수(등록기반)(시도/시/군/구),2020,2023-10-12,Namhae-gun,남해군,개,101
행정구역별,139.8,38550,A,Each                          ,T10,DT_1YL20842,인구천명당 사업체수(A÷B×1000),인구 천명당 사업체수(등록기반)(시도/시/군/구),2021,2023-10-12,Namhae-gun,남해군,개,101
행정구역별,150.1,38550,A,Each                          ,T10,DT_1YL20842,인구천명당 사업체수(A÷B×1000),인구 천명당 사업체수(등록기반)(시도/시/군/구),2022,2024-02-05,Namhae-gun,남해군,개,101
행정구역별,158.1,38550,A,Each                          ,T10,DT_1YL20842,인구천명당 사업체수(A÷B×1000),인구 천명당 사업체수(등록기반)(시도/시/군/구),2023,2025-02-11,Namhae-gun,남해군,개,101
행정구역별,172.2,38550,A,Each                          ,T10,DT_1YL20842,인구천명당 사업체수(A÷B×1000),인구 천명당 사업체수(등록기반)(시도/시/군/구),2024,2026-02-13,Namhae-gun,남해군,개,101
행정구역별,5832.0,38560,A,Each                          ,T001,DT_1YL20842,사업체수(A),인구 천명당 사업체수(등록기반)(시도/시/군/구),2020,2023-10-12,Hadong-gun,하동군,개,101
행정구역별,6270.0,38560,A,Each                          ,T001,DT_1YL20842,사업체수(A),인구 천명당 사업체수(등록기반)(시도/시/군/구),2021,2023-10-12,Hadong-gun,하동군,개,101
행정구역별,6345.0,38560,A,Each                          ,T001,DT_1YL20842,사업체수(A),인구 천명당 사업체수(등록기반)(시도/시/군/구),2022,2024-02-05,Hadong-gun,하동군,개,101
행정구역별,6536.0,38560,A,Each                          ,T001,DT_1YL20842,사업체수(A),인구 천명당 사업체수(등록기반)(시도/시/군/구),2023,2025-02-11,Hadong-gun,하동군,개,101
행정구역별,6910.0,38560,A,Each                          ,T001,DT_1YL20842,사업체수(A),인구 천명당 사업체수(등록기반)(시도/시/군/구),2024,2026-02-13,Hadong-gun,하동군,개,101
행정구역별,44785.0,38560,A,,T002,DT_1YL20842,주민등록인구(B),인구 천명당 사업체수(등록기반)(시도/시/군/구),2020,2023-10-12,Hadong-gun,하동군,명,101
행정구역별,43449.0,38560,A,,T002,DT_1YL20842,주민등록인구(B),인구 천명당 사업체수(등록기반)(시도/시/군/구),2021,2023-10-12,Hadong-gun,하동군,명,101
행정구역별,42465.0,38560,A,,T002,DT_1YL20842,주민등록인구(B),인구 천명당 사업체수(등록기반)(시도/시/군/구),2022,2024-02-05,Hadong-gun,하동군,명,101
행정구역별,41606.0,38560,A,,T002,DT_1YL20842,주민등록인구(B),인구 천명당 사업체수(등록기반)(시도/시/군/구),2023,2025-02-11,Hadong-gun,하동군,명,101
행정구역별,40765.0,38560,A,,T002,DT_1YL20842,주민등록인구(B),인구 천명당 사업체수(등록기반)(시도/시/군/구),2024,2026-02-13,Hadong-gun,하동군,명,101
행정구역별,130.2,38560,A,Each                          ,T10,DT_1YL20842,인구천명당 사업체수(A÷B×1000),인구 천명당 사업체수(등록기반)(시도/시/군/구),2020,2023-10-12,Hadong-gun,하동군,개,101
행정구역별,144.3,38560,A,Each                          ,T10,DT_1YL20842,인구천명당 사업체수(A÷B×1000),인구 천명당 사업체수(등록기반)(시도/시/군/구),2021,2023-10-12,Hadong-gun,하동군,개,101
행정구역별,149.4,38560,A,Each                          ,T10,DT_1YL20842,인구천명당 사업체수(A÷B×1000),인구 천명당 사업체수(등록기반)(시도/시/군/구),2022,2024-02-05,Hadong-gun,하동군,개,101
행정구역별,157.1,38560,A,Each                          ,T10,DT_1YL20842,인구천명당 사업체수(A÷B×1000),인구 천명당 사업체수(등록기반)(시도/시/군/구),2023,2025-02-11,Hadong-gun,하동군,개,101
행정구역별,169.5,38560,A,Each                          ,T10,DT_1YL20842,인구천명당 사업체수(A÷B×1000),인구 천명당 사업체수(등록기반)(시도/시/군/구),2024,2026-02-13,Hadong-gun,하동군,개,101
행정구역별,4743.0,38570,A,Each                          ,T001,DT_1YL20842,사업체수(A),인구 천명당 사업체수(등록기반)(시도/시/군/구),2020,2023-10-12,Sancheong-gun,산청군,개,101
행정구역별,5025.0,38570,A,Each                          ,T001,DT_1YL20842,사업체수(A),인구 천명당 사업체수(등록기반)(시도/시/군/구),2021,2023-10-12,Sancheong-gun,산청군,개,101
행정구역별,5088.0,38570,A,Each                          ,T001,DT_1YL20842,사업체수(A),인구 천명당 사업체수(등록기반)(시도/시/군/구),2022,2024-02-05,Sancheong-gun,산청군,개,101
행정구역별,5292.0,38570,A,Each                          ,T001,DT_1YL20842,사업체수(A),인구 천명당 사업체수(등록기반)(시도/시/군/구),2023,2025-02-11,Sancheong-gun,산청군,개,101
행정구역별,5542.0,38570,A,Each                          ,T001,DT_1YL20842,사업체수(A),인구 천명당 사업체수(등록기반)(시도/시/군/구),2024,2026-02-13,Sancheong-gun,산청군,개,101
행정구역별,34857.0,38570,A,,T002,DT_1YL20842,주민등록인구(B),인구 천명당 사업체수(등록기반)(시도/시/군/구),2020,2023-10-12,Sancheong-gun,산청군,명,101
행정구역별,34360.0,38570,A,,T002,DT_1YL20842,주민등록인구(B),인구 천명당 사업체수(등록기반)(시도/시/군/구),2021,2023-10-12,Sancheong-gun,산청군,명,101
행정구역별,34028.0,38570,A,,T002,DT_1YL20842,주민등록인구(B),인구 천명당 사업체수(등록기반)(시도/시/군/구),2022,2024-02-05,Sancheong-gun,산청군,명,101
행정구역별,33752.0,38570,A,,T002,DT_1YL20842,주민등록인구(B),인구 천명당 사업체수(등록기반)(시도/시/군/구),2023,2025-02-11,Sancheong-gun,산청군,명,101
행정구역별,33259.0,38570,A,,T002,DT_1YL20842,주민등록인구(B),인구 천명당 사업체수(등록기반)(시도/시/군/구),2024,2026-02-13,Sancheong-gun,산청군,명,101
행정구역별,136.1,38570,A,Each                          ,T10,DT_1YL20842,인구천명당 사업체수(A÷B×1000),인구 천명당 사업체수(등록기반)(시도/시/군/구),2020,2023-10-12,Sancheong-gun,산청군,개,101
행정구역별,146.2,38570,A,Each                          ,T10,DT_1YL20842,인구천명당 사업체수(A÷B×1000),인구 천명당 사업체수(등록기반)(시도/시/군/구),2021,2023-10-12,Sancheong-gun,산청군,개,101
행정구역별,149.5,38570,A,Each                          ,T10,DT_1YL20842,인구천명당 사업체수(A÷B×1000),인구 천명당 사업체수(등록기반)(시도/시/군/구),2022,2024-02-05,Sancheong-gun,산청군,개,101
행정구역별,156.8,38570,A,Each                          ,T10,DT_1YL20842,인구천명당 사업체수(A÷B×1000),인구 천명당 사업체수(등록기반)(시도/시/군/구),2023,2025-02-11,Sancheong-gun,산청군,개,101
행정구역별,166.6,38570,A,Each                          ,T10,DT_1YL20842,인구천명당 사업체수(A÷B×1000),인구 천명당 사업체수(등록기반)(시도/시/군/구),2024,2026-02-13,Sancheong-gun,산청군,개,101
행정구역별,4545.0,38580,A,Each                          ,T001,DT_1YL20842,사업체수(A),인구 천명당 사업체수(등록기반)(시도/시/군/구),2020,2023-10-12,Hamyang-gun,함양군,개,101
행정구역별,4838.0,38580,A,Each                          ,T001,DT_1YL20842,사업체수(A),인구 천명당 사업체수(등록기반)(시도/시/군/구),2021,2023-10-12,Hamyang-gun,함양군,개,101
행정구역별,4981.0,38580,A,Each                          ,T001,DT_1YL20842,사업체수(A),인구 천명당 사업체수(등록기반)(시도/시/군/구),2022,2024-02-05,Hamyang-gun,함양군,개,101
행정구역별,5185.0,38580,A,Each                          ,T001,DT_1YL20842,사업체수(A),인구 천명당 사업체수(등록기반)(시도/시/군/구),2023,2025-02-11,Hamyang-gun,함양군,개,101
행정구역별,5602.0,38580,A,Each                          ,T001,DT_1YL20842,사업체수(A),인구 천명당 사업체수(등록기반)(시도/시/군/구),2024,2026-02-13,Hamyang-gun,함양군,개,101
행정구역별,39080.0,38580,A,,T002,DT_1YL20842,주민등록인구(B),인구 천명당 사업체수(등록기반)(시도/시/군/구),2020,2023-10-12,Hamyang-gun,함양군,명,101
행정구역별,38310.0,38580,A,,T002,DT_1YL20842,주민등록인구(B),인구 천명당 사업체수(등록기반)(시도/시/군/구),2021,2023-10-12,Hamyang-gun,함양군,명,101
행정구역별,37708.0,38580,A,,T002,DT_1YL20842,주민등록인구(B),인구 천명당 사업체수(등록기반)(시도/시/군/구),2022,2024-02-05,Hamyang-gun,함양군,명,101
행정구역별,36945.0,38580,A,,T002,DT_1YL20842,주민등록인구(B),인구 천명당 사업체수(등록기반)(시도/시/군/구),2023,2025-02-11,Hamyang-gun,함양군,명,101
행정구역별,36131.0,38580,A,,T002,DT_1YL20842,주민등록인구(B),인구 천명당 사업체수(등록기반)(시도/시/군/구),2024,2026-02-13,Hamyang-gun,함양군,명,101
행정구역별,116.3,38580,A,Each                          ,T10,DT_1YL20842,인구천명당 사업체수(A÷B×1000),인구 천명당 사업체수(등록기반)(시도/시/군/구),2020,2023-10-12,Hamyang-gun,함양군,개,101
행정구역별,126.3,38580,A,Each                          ,T10,DT_1YL20842,인구천명당 사업체수(A÷B×1000),인구 천명당 사업체수(등록기반)(시도/시/군/구),2021,2023-10-12,Hamyang-gun,함양군,개,101
행정구역별,132.1,38580,A,Each                          ,T10,DT_1YL20842,인구천명당 사업체수(A÷B×1000),인구 천명당 사업체수(등록기반)(시도/시/군/구),2022,2024-02-05,Hamyang-gun,함양군,개,101
행정구역별,140.3,38580,A,Each                          ,T10,DT_1YL20842,인구천명당 사업체수(A÷B×1000),인구 천명당 사업체수(등록기반)(시도/시/군/구),2023,2025-02-11,Hamyang-gun,함양군,개,101
행정구역별,155.0,38580,A,Each                          ,T10,DT_1YL20842,인구천명당 사업체수(A÷B×1000),인구 천명당 사업체수(등록기반)(시도/시/군/구),2024,2026-02-13,Hamyang-gun,함양군,개,101
행정구역별,7358.0,38590,A,Each                          ,T001,DT_1YL20842,사업체수(A),인구 천명당 사업체수(등록기반)(시도/시/군/구),2020,2023-10-12,Geochang-gun,거창군,개,101
행정구역별,7666.0,38590,A,Each                          ,T001,DT_1YL20842,사업체수(A),인구 천명당 사업체수(등록기반)(시도/시/군/구),2021,2023-10-12,Geochang-gun,거창군,개,101
행정구역별,7579.0,38590,A,Each                          ,T001,DT_1YL20842,사업체수(A),인구 천명당 사업체수(등록기반)(시도/시/군/구),2022,2024-02-05,Geochang-gun,거창군,개,101
행정구역별,7977.0,38590,A,Each                          ,T001,DT_1YL20842,사업체수(A),인구 천명당 사업체수(등록기반)(시도/시/군/구),2023,2025-02-11,Geochang-gun,거창군,개,101
행정구역별,8376.0,38590,A,Each                          ,T001,DT_1YL20842,사업체수(A),인구 천명당 사업체수(등록기반)(시도/시/군/구),2024,2026-02-13,Geochang-gun,거창군,개,101
행정구역별,61502.0,38590,A,,T002,DT_1YL20842,주민등록인구(B),인구 천명당 사업체수(등록기반)(시도/시/군/구),2020,2023-10-12,Geochang-gun,거창군,명,101
행정구역별,61073.0,38590,A,,T002,DT_1YL20842,주민등록인구(B),인구 천명당 사업체수(등록기반)(시도/시/군/구),2021,2023-10-12,Geochang-gun,거창군,명,101
행정구역별,60387.0,38590,A,,T002,DT_1YL20842,주민등록인구(B),인구 천명당 사업체수(등록기반)(시도/시/군/구),2022,2024-02-05,Geochang-gun,거창군,명,101
행정구역별,60047.0,38590,A,,T002,DT_1YL20842,주민등록인구(B),인구 천명당 사업체수(등록기반)(시도/시/군/구),2023,2025-02-11,Geochang-gun,거창군,명,101
행정구역별,59588.0,38590,A,,T002,DT_1YL20842,주민등록인구(B),인구 천명당 사업체수(등록기반)(시도/시/군/구),2024,2026-02-13,Geochang-gun,거창군,명,101
행정구역별,119.6,38590,A,Each                          ,T10,DT_1YL20842,인구천명당 사업체수(A÷B×1000),인구 천명당 사업체수(등록기반)(시도/시/군/구),2020,2023-10-12,Geochang-gun,거창군,개,101
행정구역별,125.5,38590,A,Each                          ,T10,DT_1YL20842,인구천명당 사업체수(A÷B×1000),인구 천명당 사업체수(등록기반)(시도/시/군/구),2021,2023-10-12,Geochang-gun,거창군,개,101
행정구역별,125.5,38590,A,Each                          ,T10,DT_1YL20842,인구천명당 사업체수(A÷B×1000),인구 천명당 사업체수(등록기반)(시도/시/군/구),2022,2024-02-05,Geochang-gun,거창군,개,101
행정구역별,132.8,38590,A,Each                          ,T10,DT_1YL20842,인구천명당 사업체수(A÷B×1000),인구 천명당 사업체수(등록기반)(시도/시/군/구),2023,2025-02-11,Geochang-gun,거창군,개,101
행정구역별,140.6,38590,A,Each                          ,T10,DT_1YL20842,인구천명당 사업체수(A÷B×1000),인구 천명당 사업체수(등록기반)(시도/시/군/구),2024,2026-02-13,Geochang-gun,거창군,개,101
행정구역별,5043.0,38600,A,Each                          ,T001,DT_1YL20842,사업체수(A),인구 천명당 사업체수(등록기반)(시도/시/군/구),2020,2023-10-12,Hapcheon-gun,합천군,개,101
행정구역별,5471.0,38600,A,Each                          ,T001,DT_1YL20842,사업체수(A),인구 천명당 사업체수(등록기반)(시도/시/군/구),2021,2023-10-12,Hapcheon-gun,합천군,개,101
행정구역별,5573.0,38600,A,Each                          ,T001,DT_1YL20842,사업체수(A),인구 천명당 사업체수(등록기반)(시도/시/군/구),2022,2024-02-05,Hapcheon-gun,합천군,개,101
행정구역별,5729.0,38600,A,Each                          ,T001,DT_1YL20842,사업체수(A),인구 천명당 사업체수(등록기반)(시도/시/군/구),2023,2025-02-11,Hapcheon-gun,합천군,개,101
행정구역별,5988.0,38600,A,Each                          ,T001,DT_1YL20842,사업체수(A),인구 천명당 사업체수(등록기반)(시도/시/군/구),2024,2026-02-13,Hapcheon-gun,합천군,개,101
행정구역별,44006.0,38600,A,,T002,DT_1YL20842,주민등록인구(B),인구 천명당 사업체수(등록기반)(시도/시/군/구),2020,2023-10-12,Hapcheon-gun,합천군,명,101
행정구역별,42935.0,38600,A,,T002,DT_1YL20842,주민등록인구(B),인구 천명당 사업체수(등록기반)(시도/시/군/구),2021,2023-10-12,Hapcheon-gun,합천군,명,101
행정구역별,42142.0,38600,A,,T002,DT_1YL20842,주민등록인구(B),인구 천명당 사업체수(등록기반)(시도/시/군/구),2022,2024-02-05,Hapcheon-gun,합천군,명,101
행정구역별,41203.0,38600,A,,T002,DT_1YL20842,주민등록인구(B),인구 천명당 사업체수(등록기반)(시도/시/군/구),2023,2025-02-11,Hapcheon-gun,합천군,명,101
행정구역별,40225.0,38600,A,,T002,DT_1YL20842,주민등록인구(B),인구 천명당 사업체수(등록기반)(시도/시/군/구),2024,2026-02-13,Hapcheon-gun,합천군,명,101
행정구역별,114.6,38600,A,Each                          ,T10,DT_1YL20842,인구천명당 사업체수(A÷B×1000),인구 천명당 사업체수(등록기반)(시도/시/군/구),2020,2023-10-12,Hapcheon-gun,합천군,개,101
행정구역별,127.4,38600,A,Each                          ,T10,DT_1YL20842,인구천명당 사업체수(A÷B×1000),인구 천명당 사업체수(등록기반)(시도/시/군/구),2021,2023-10-12,Hapcheon-gun,합천군,개,101
행정구역별,132.2,38600,A,Each                          ,T10,DT_1YL20842,인구천명당 사업체수(A÷B×1000),인구 천명당 사업체수(등록기반)(시도/시/군/구),2022,2024-02-05,Hapcheon-gun,합천군,개,101
행정구역별,139.0,38600,A,Each                          ,T10,DT_1YL20842,인구천명당 사업체수(A÷B×1000),인구 천명당 사업체수(등록기반)(시도/시/군/구),2023,2025-02-11,Hapcheon-gun,합천군,개,101
행정구역별,148.9,38600,A,Each                          ,T10,DT_1YL20842,인구천명당 사업체수(A÷B×1000),인구 천명당 사업체수(등록기반)(시도/시/군/구),2024,2026-02-13,Hapcheon-gun,합천군,개,101
행정구역별,94001.0,39,A,Each                          ,T001,DT_1YL20842,사업체수(A),인구 천명당 사업체수(등록기반)(시도/시/군/구),2020,2023-10-12,Jeju,제주특별자치도,개,101
행정구역별,96131.0,39,A,Each                          ,T001,DT_1YL20842,사업체수(A),인구 천명당 사업체수(등록기반)(시도/시/군/구),2021,2023-10-12,Jeju,제주특별자치도,개,101
행정구역별,96334.0,39,A,Each                          ,T001,DT_1YL20842,사업체수(A),인구 천명당 사업체수(등록기반)(시도/시/군/구),2022,2024-02-05,Jeju,제주특별자치도,개,101
행정구역별,99122.0,39,A,Each                          ,T001,DT_1YL20842,사업체수(A),인구 천명당 사업체수(등록기반)(시도/시/군/구),2023,2025-02-11,Jeju,제주특별자치도,개,101
행정구역별,100168.0,39,A,Each                          ,T001,DT_1YL20842,사업체수(A),인구 천명당 사업체수(등록기반)(시도/시/군/구),2024,2026-02-13,Jeju,제주특별자치도,개,101
행정구역별,674635.0,39,A,,T002,DT_1YL20842,주민등록인구(B),인구 천명당 사업체수(등록기반)(시도/시/군/구),2020,2023-10-12,Jeju,제주특별자치도,명,101
행정구역별,676759.0,39,A,,T002,DT_1YL20842,주민등록인구(B),인구 천명당 사업체수(등록기반)(시도/시/군/구),2021,2023-10-12,Jeju,제주특별자치도,명,101
행정구역별,678159.0,39,A,,T002,DT_1YL20842,주민등록인구(B),인구 천명당 사업체수(등록기반)(시도/시/군/구),2022,2024-02-05,Jeju,제주특별자치도,명,101
행정구역별,675252.0,39,A,,T002,DT_1YL20842,주민등록인구(B),인구 천명당 사업체수(등록기반)(시도/시/군/구),2023,2025-02-11,Jeju,제주특별자치도,명,101
행정구역별,670368.0,39,A,,T002,DT_1YL20842,주민등록인구(B),인구 천명당 사업체수(등록기반)(시도/시/군/구),2024,2026-02-13,Jeju,제주특별자치도,명,101
행정구역별,139.3,39,A,Each                          ,T10,DT_1YL20842,인구천명당 사업체수(A÷B×1000),인구 천명당 사업체수(등록기반)(시도/시/군/구),2020,2023-10-12,Jeju,제주특별자치도,개,101
행정구역별,142.0,39,A,Each                          ,T10,DT_1YL20842,인구천명당 사업체수(A÷B×1000),인구 천명당 사업체수(등록기반)(시도/시/군/구),2021,2023-10-12,Jeju,제주특별자치도,개,101
행정구역별,142.1,39,A,Each                          ,T10,DT_1YL20842,인구천명당 사업체수(A÷B×1000),인구 천명당 사업체수(등록기반)(시도/시/군/구),2022,2024-02-05,Jeju,제주특별자치도,개,101
행정구역별,146.8,39,A,Each                          ,T10,DT_1YL20842,인구천명당 사업체수(A÷B×1000),인구 천명당 사업체수(등록기반)(시도/시/군/구),2023,2025-02-11,Jeju,제주특별자치도,개,101
행정구역별,149.4,39,A,Each                          ,T10,DT_1YL20842,인구천명당 사업체수(A÷B×1000),인구 천명당 사업체수(등록기반)(시도/시/군/구),2024,2026-02-13,Jeju,제주특별자치도,개,101
행정구역별,70039.0,39010,A,Each                          ,T001,DT_1YL20842,사업체수(A),인구 천명당 사업체수(등록기반)(시도/시/군/구),2020,2023-10-12,Jeju-si,제주시,개,101
행정구역별,71409.0,39010,A,Each                          ,T001,DT_1YL20842,사업체수(A),인구 천명당 사업체수(등록기반)(시도/시/군/구),2021,2023-10-12,Jeju-si,제주시,개,101
행정구역별,71455.0,39010,A,Each                          ,T001,DT_1YL20842,사업체수(A),인구 천명당 사업체수(등록기반)(시도/시/군/구),2022,2024-02-05,Jeju-si,제주시,개,101
행정구역별,73638.0,39010,A,Each                          ,T001,DT_1YL20842,사업체수(A),인구 천명당 사업체수(등록기반)(시도/시/군/구),2023,2025-02-11,Jeju-si,제주시,개,101
행정구역별,75175.0,39010,A,Each                          ,T001,DT_1YL20842,사업체수(A),인구 천명당 사업체수(등록기반)(시도/시/군/구),2024,2026-02-13,Jeju-si,제주시,개,101
행정구역별,492466.0,39010,A,,T002,DT_1YL20842,주민등록인구(B),인구 천명당 사업체수(등록기반)(시도/시/군/구),2020,2023-10-12,Jeju-si,제주시,명,101
행정구역별,493096.0,39010,A,,T002,DT_1YL20842,주민등록인구(B),인구 천명당 사업체수(등록기반)(시도/시/군/구),2021,2023-10-12,Jeju-si,제주시,명,101
행정구역별,493389.0,39010,A,,T002,DT_1YL20842,주민등록인구(B),인구 천명당 사업체수(등록기반)(시도/시/군/구),2022,2024-02-05,Jeju-si,제주시,명,101
행정구역별,491654.0,39010,A,,T002,DT_1YL20842,주민등록인구(B),인구 천명당 사업체수(등록기반)(시도/시/군/구),2023,2025-02-11,Jeju-si,제주시,명,101
행정구역별,488348.0,39010,A,,T002,DT_1YL20842,주민등록인구(B),인구 천명당 사업체수(등록기반)(시도/시/군/구),2024,2026-02-13,Jeju-si,제주시,명,101
행정구역별,142.2,39010,A,Each                          ,T10,DT_1YL20842,인구천명당 사업체수(A÷B×1000),인구 천명당 사업체수(등록기반)(시도/시/군/구),2020,2023-10-12,Jeju-si,제주시,개,101
행정구역별,144.8,39010,A,Each                          ,T10,DT_1YL20842,인구천명당 사업체수(A÷B×1000),인구 천명당 사업체수(등록기반)(시도/시/군/구),2021,2023-10-12,Jeju-si,제주시,개,101
행정구역별,144.8,39010,A,Each                          ,T10,DT_1YL20842,인구천명당 사업체수(A÷B×1000),인구 천명당 사업체수(등록기반)(시도/시/군/구),2022,2024-02-05,Jeju-si,제주시,개,101
행정구역별,149.8,39010,A,Each                          ,T10,DT_1YL20842,인구천명당 사업체수(A÷B×1000),인구 천명당 사업체수(등록기반)(시도/시/군/구),2023,2025-02-11,Jeju-si,제주시,개,101
행정구역별,153.9,39010,A,Each                          ,T10,DT_1YL20842,인구천명당 사업체수(A÷B×1000),인구 천명당 사업체수(등록기반)(시도/시/군/구),2024,2026-02-13,Jeju-si,제주시,개,101
행정구역별,23962.0,39020,A,Each                          ,T001,DT_1YL20842,사업체수(A),인구 천명당 사업체수(등록기반)(시도/시/군/구),2020,2023-10-12,Seogwipo-si,서귀포시,개,101
행정구역별,24722.0,39020,A,Each                          ,T001,DT_1YL20842,사업체수(A),인구 천명당 사업체수(등록기반)(시도/시/군/구),2021,2023-10-12,Seogwipo-si,서귀포시,개,101
행정구역별,24879.0,39020,A,Each                          ,T001,DT_1YL20842,사업체수(A),인구 천명당 사업체수(등록기반)(시도/시/군/구),2022,2024-02-05,Seogwipo-si,서귀포시,개,101
행정구역별,25484.0,39020,A,Each                          ,T001,DT_1YL20842,사업체수(A),인구 천명당 사업체수(등록기반)(시도/시/군/구),2023,2025-02-11,Seogwipo-si,서귀포시,개,101
행정구역별,24993.0,39020,A,Each                          ,T001,DT_1YL20842,사업체수(A),인구 천명당 사업체수(등록기반)(시도/시/군/구),2024,2026-02-13,Seogwipo-si,서귀포시,개,101
행정구역별,182169.0,39020,A,,T002,DT_1YL20842,주민등록인구(B),인구 천명당 사업체수(등록기반)(시도/시/군/구),2020,2023-10-12,Seogwipo-si,서귀포시,명,101
행정구역별,183663.0,39020,A,,T002,DT_1YL20842,주민등록인구(B),인구 천명당 사업체수(등록기반)(시도/시/군/구),2021,2023-10-12,Seogwipo-si,서귀포시,명,101
행정구역별,184770.0,39020,A,,T002,DT_1YL20842,주민등록인구(B),인구 천명당 사업체수(등록기반)(시도/시/군/구),2022,2024-02-05,Seogwipo-si,서귀포시,명,101
행정구역별,183598.0,39020,A,,T002,DT_1YL20842,주민등록인구(B),인구 천명당 사업체수(등록기반)(시도/시/군/구),2023,2025-02-11,Seogwipo-si,서귀포시,명,101
행정구역별,182020.0,39020,A,,T002,DT_1YL20842,주민등록인구(B),인구 천명당 사업체수(등록기반)(시도/시/군/구),2024,2026-02-13,Seogwipo-si,서귀포시,명,101
행정구역별,131.5,39020,A,Each                          ,T10,DT_1YL20842,인구천명당 사업체수(A÷B×1000),인구 천명당 사업체수(등록기반)(시도/시/군/구),2020,2023-10-12,Seogwipo-si,서귀포시,개,101
행정구역별,134.6,39020,A,Each                          ,T10,DT_1YL20842,인구천명당 사업체수(A÷B×1000),인구 천명당 사업체수(등록기반)(시도/시/군/구),2021,2023-10-12,Seogwipo-si,서귀포시,개,101
행정구역별,134.6,39020,A,Each                          ,T10,DT_1YL20842,인구천명당 사업체수(A÷B×1000),인구 천명당 사업체수(등록기반)(시도/시/군/구),2022,2024-02-05,Seogwipo-si,서귀포시,개,101
행정구역별,138.8,39020,A,Each                          ,T10,DT_1YL20842,인구천명당 사업체수(A÷B×1000),인구 천명당 사업체수(등록기반)(시도/시/군/구),2023,2025-02-11,Seogwipo-si,서귀포시,개,101
행정구역별,137.3,39020,A,Each                          ,T10,DT_1YL20842,인구천명당 사업체수(A÷B×1000),인구 천명당 사업체수(등록기반)(시도/시/군/구),2024,2026-02-13,Seogwipo-si,서귀포시,개,101
